001_(darling_in_the_franxx),4,111,
00_gundam,4,154,
00_qan[t],4,136,
00_raiser,4,79,
12.7cm_twin_gun_mount,4,30,
12f_(arknights),4,32,
18-volt,4,54,
2003_server,4,40,
210_(reverse:1999),4,48,
25-ji_kaito,4,82,
25-ji_len,4,78,
25-ji_luka,4,62,
25-ji_meiko,4,51,
25-ji_miku,4,490,
25-ji_rin,4,110,
2b_(nier:automata),4,9696,
2k-tan,4,725,
2p_(nier:automata),4,238,
3.1-tan,4,522,
35p_(sakura_miko),4,800,
37_(naisnow)_(reverse:1999),4,29,
37_(reverse:1999),4,478,
45_(mdf_an),4,36,
5-volt,4,90,
5pb_(neptunia),4,49,
61cm_quadruple_(oxygen)_torpedo_mount,4,54,
61cm_quadruple_torpedo_mount,4,92,
61cm_triple_torpedo_mount,4,31,
621_(armored_core_6),4,117,
66_(roro),4,36,
6_(reverse:1999),4,158,
6p62_(girls'_frontline),4,60,
7-tan,4,116,
8-foot_joe,4,45,
88_(vashperado),4,30,
88_flak_(ash_arms),4,53,
9-volt,4,66,
95-tan,4,356,
96neko,4,54,
98-tan,4,329,
98se-tan,4,257,
9a-91_(bullets_cafe)_(girls'_frontline),4,60,
9a-91_(girls'_frontline),4,719,
9s_(nier:automata),4,2102,
<key>_(blue_archive),4,584,
<key>_(robot)_(blue_archive),4,428,
a'gen_(the_legend_of_luoxiaohei),4,43,
a-37,4,33,
a-545_(girls'_frontline),4,44,
a-91_(girls'_frontline),4,49,
a-chan_(1st_costume)_(hololive),4,53,
a-chan_(2nd_costume)_(hololive),4,87,
a-chan_(hololive),4,808,
a-chan_senpai,4,89,
a-cing_(zenless_zone_zero),4,19,
a-ya_(shuuen_no_shiori),4,33,
a-yuet_(zenless_zone_zero),4,19,
a.b.a,4,363,
a.j._(pokemon),4,31,
a.k.i._(street_fighter),4,201,
a106,4,61,
a2_(nier:automata),4,1190,
a_(kyousougiga),4,40,
a_(naraka),4,60,
a_(naruto),4,59,
a_(shiei_no_sona-nyl),4,39,
a_(show_by_rock!!),4,54,
a_(xenoblade),4,137,
a_knight_(reverse:1999),4,66,
aa-12_(girls'_frontline),4,502,
aa-12_(smokeless_lollipop)_(girls'_frontline),4,63,
aa-12_(the_sun_never_rises)_(girls'_frontline),4,42,
aa-2153,4,36,
aachin_(splatoon),4,48,
aak_(arknights),4,376,
aalto_(wuthering_waves),4,38,
aang,4,195,
aardwolf_(kemono_friends),4,335,
aaron_(pokemon),4,90,
aaron_gruber_(o_natsuo88),4,61,
aaron_huton_(cyphers),4,89,
aaron_wei,4,159,
aarontsay,4,42,
aatrox,4,112,
aayla_secura,4,38,
abaddon_(demon)_(haunted_hotel),4,13,
abaddon_(haunted_hotel),4,269,
abara_hanbee,4,41,
abarai_ichika,4,60,
abarai_renji,4,229,
abbey_(pui_pui_molcar),4,39,
abby_(toshizou),4,59,
abby_(wuthering_waves),4,58,
abby_(za1f0n),4,49,
abe_nana,4,1364,
abe_no_seimei_(fate),4,41,
abe_no_seimei_(onmyoji),4,70,
abe_takakazu,4,260,
abe_takaya,4,30,
abekawa_kinako,4,39,
abel_(hazbin_hotel),4,17,
abel_(street_fighter),4,52,
abel_nightroad,4,35,
abelia_(ogami_kazuki),4,192,
abella_(fear_&_hunger),4,80,
abeno-shakuji-maya,4,37,
abercrombie_(azur_lane),4,78,
abigail_(final_fight),4,39,
abigail_(stardew_valley),4,57,
abigail_williams_(animejapan_2018)_(fate),4,65,
abigail_williams_(emerald_float)_(fate),4,397,
abigail_williams_(fate),4,11123,
abigail_williams_(festival_outfit)_(fate),4,346,
abigail_williams_(second_ascension)_(fate),4,547,
abigail_williams_(swimsuit_foreigner)_(fate),4,1572,
abigail_williams_(swimsuit_foreigner)_(first_ascension)_(fate),4,414,
abigail_williams_(swimsuit_foreigner)_(second_ascension)_(fate),4,241,
abigail_williams_(swimsuit_foreigner)_(third_ascension)_(fate),4,864,
abigail_williams_(third_ascension)_(fate),4,854,
abigail_williams_(traveling_outfit)_(fate),4,1062,
abomasnow,4,141,
abra,4,186,
absinthe_(arknights),4,275,
absol,4,1002,
abukuma_(azur_lane),4,33,
abukuma_(kancolle),4,2258,
abukuma_kai_ni_(kancolle),4,474,
aburame_shino,4,101,
abuto,4,31,
abyss_(sound_horizon),4,34,
abyss_lector_(genshin_impact),4,30,
abyss_mage_(genshin_impact),4,152,
abyss_watcher,4,96,
abyssal_admiral_(kancolle),4,534,
abyssal_chishima_princess,4,36,
abyssal_crane_princess,4,130,
abyssal_jellyfish_princess,4,76,
abyssal_nimbus_princess,4,45,
abyssal_pacific_princess,4,36,
abyssal_sun_princess,4,35,
abyssal_twin_princess_(black),4,84,
abyssal_twin_princess_(white),4,86,
acacia_(snowbreak),4,38,
academy_ahri,4,82,
academy_d.va,4,83,
acasta_(azur_lane),4,33,
accelerator_(toaru_majutsu_no_index),4,2640,
accelgor,4,110,
accord_sensei,4,34,
ace_(arknights),4,51,
ace_(fft-0),4,49,
ace_trainer_(pokemon),4,397,
ace_trappola,4,198,
acerola_(fall_2020)_(pokemon),4,77,
acerola_(pokemon),4,1030,
acerola_(summer_2024)_(pokemon),4,39,
acfun_girl,4,93,
acguy,4,99,
ach,4,45,
achakura,4,114,
acheron_(boundless_choreo)_(honkai:_star_rail),4,57,
acheron_(honkai:_star_rail),4,4649,
achi_cirno,4,90,
achikita_chinami,4,91,
achilles_(fate),4,874,
achilles_(fearless_diver)_(fate),4,110,
aciddrop_(arknights),4,111,
acolyte_(ragnarok_online),4,459,
acr_(girls'_frontline),4,46,
acura_(gunvolt),4,50,
ad-6-0001a,4,60,
ada_vessalius,4,42,
ada_wong,4,707,
adachi_koichi,4,53,
adachi_masahiro,4,32,
adachi_rei,4,3418,
adachi_sakura,4,379,
adachi_taeko,4,37,
adachi_tenka,4,74,
adachi_tooru,4,645,
adagaki_aki,4,180,
adagumo_no_saragimaru,4,252,
adagumo_no_yaorochi,4,199,
adam_(evangelion),4,33,
adam_(hazbin_hotel),4,62,
adam_(honkai_impact),4,174,
adam_(lord_of_the_mysteries),4,43,
adam_(nier:automata),4,60,
adam_kapowski,4,30,
adam_moonlit,4,31,
adam_parrish,4,56,
adam_smasher,4,73,
adam_taurus,4,92,
adaman_(pokemon),4,781,
adaman_(special_costume)_(pokemon),4,44,
add_(elsword),4,285,
add_(fate),4,129,
addam_origo,4,48,
ade_(nikke),4,76,
adela_(path_to_nowhere),4,42,
adelaide_grand_marnier,4,44,
adelbert_(madoka_magica),4,43,
adelbert_steiner,4,197,
adele_(fate),4,87,
adele_(maplestory),4,44,
adele_balfetto,4,81,
adeleine,4,447,
adelheid_bernstein,4,31,
adelie_(space_dandy),4,35,
adelie_penguin_(kemono_friends),4,65,
adelina_blue,4,16,
adelinde_(genshin_impact),4,33,
adeline_(girls'_frontline),4,101,
adell_(disgaea),4,143,
adella_the_nun,4,34,
adeltrud_walter,4,32,
adepta_sororitas,4,415,
adeptus_astartes,4,711,
adeptus_custodes,4,40,
adeptus_mechanicus,4,95,
adette_kistler,4,39,
adiane,4,284,
adilisia_lenn_mathers,4,55,
adjutant_(agent_aika),4,35,
adlet_myer,4,32,
admi_(nikke),4,61,
admiral_(kancolle),4,37769,
admiral_(warship_girls_r),4,222,
admiral_arisugawa,4,103,
admiral_bobbery,4,33,
admiral_graf_spee_(a_novel_anniversary)_(azur_lane),4,45,
admiral_graf_spee_(azur_lane),4,840,
admiral_graf_spee_(girl's_sunday)_(azur_lane),4,141,
admiral_graf_spee_(peaceful_daily_life)_(azur_lane),4,139,
admiral_graf_spee_(world's_cutest)_(azur_lane),4,37,
admiral_hipper_(azur_lane),4,610,
admiral_hipper_(muse)_(azur_lane),4,42,
admiral_minami_kazusa,4,42,
admiral_nakhimov_(azur_lane),4,85,
admiral_nakhimov_(cheerleading_mechanic?)_(azur_lane),4,45,
admiral_shinonome_harutora,4,97,
admiral_shiro_(shino),4,160,
admiral_suwabe,4,247,
admiral_yurika,4,89,
admire_vega's_twin_sister_(umamusume),4,59,
admire_vega_(casual)_(umamusume),4,331,
admire_vega_(precious_moments)_(umamusume),4,11,
admire_vega_(umamusume),4,2348,
adnachiel_(arknights),4,101,
adol_christin,4,234,
adolf_hitler,4,150,
adolfine_galland,4,49,
adon_(street_fighter),4,71,
adora_(she-ra),4,135,
adrian_andrews,4,31,
adriana_visconti,4,35,
adrien_agreste,4,307,
adult_neptune,4,685,
adult_neptune_(gen_unit),4,11,
adventure_(azur_lane),4,19,
adventurer_(ff11),4,2195,
adventurer_(ff14),4,866,
ae-3803,4,371,
aechmea_(houseki_no_kuni),4,32,
aedus_(purpleninfy),4,18,
aegaeon_(xenoblade),4,41,
aegir_(azur_lane),4,1035,
aegir_(golden_dragon_among_auspicious_clouds)_(azur_lane),4,149,
aegir_(housamo),4,502,
aegir_(iron_blood's_dragon_maid)_(azur_lane),4,133,
aegir_(swimsuit)_(housamo),4,87,
aegis_(persona),4,2246,
aegis_(takunomi),4,131,
aegis_gundam,4,31,
aegislash,4,432,
aeiou_(yoako),4,128,
aek-999_(babe_driver)_(girls'_frontline),4,44,
aek-999_(girls'_frontline),4,172,
aeon_(skullgirls),4,30,
aeos_(dragon_ball),4,43,
aeri_(closers),4,68,
aerith_gainsborough,4,6931,
aerith_gainsborough_(bahamut_robe),4,35,
aerith_gainsborough_(citric_dress),4,47,
aerith_gainsborough_(fairy_of_snowfall),4,56,
aerith_gainsborough_(floral_delight),4,46,
aerith_gainsborough_(garnet's_gown),4,53,
aerith_gainsborough_(guardian_corps_uniform),4,17,
aerith_gainsborough_(pink_mermaid),4,108,
aerith_gainsborough_(prism_dress),4,71,
aerith_gainsborough_(red_dress),4,288,
aerith_gainsborough_(sunny_robe),4,68,
aerith_gainsborough_(white_floral_dress),4,65,
aero_(mega_man),4,74,
aerodactyl,4,242,
aerosmith_(stand),4,112,
aeru_(simoun),4,210,
aesc_(9th_anniversary)_(fate),4,47,
aesc_(fate),4,228,
aesc_(rain_witch)_(fate),4,105,
aesc_(savior)_(fate),4,52,
aesop_carl,4,99,
aesop_carl_(gatto),4,17,
aestivalis,4,32,
aether_(genshin_impact),4,9296,
aether_(hot_springs)_(genshin_impact),4,32,
aether_foundation_employee,4,645,
aether_sage_(elsword),4,127,
aeval_(genshin_impact),4,34,
affogato_cookie,4,31,
african_elephant_(kemono_friends),4,70,
african_penguin_(kemono_friends),4,436,
african_rock_python_(kemono_friends),4,171,
african_wild_dog_(kemono_friends),4,688,
afuganisu-tan,4,38,
afuro_terumi,4,662,
agame-san_(agamemega),4,73,
agano_(azur_lane),4,45,
agano_(kancolle),4,1686,
agasa_hiroshi,4,40,
agata_katsuhira,4,30,
agate_crosner,4,82,
agatha_(pokemon),4,106,
agatsuma_kaede,4,150,
agatsuma_sora,4,40,
agatsuma_zenitsu,4,913,
ageha_(ray-k),4,41,
ageha_mia,4,30,
agemaki_wako,4,76,
agent_(girls'_frontline),4,465,
agent_3_(splatoon),4,745,
agent_3_(splatoon_3),4,221,
agent_416_(girls'_frontline),4,72,
agent_416_(shield_of_manhattan)_(girls'_frontline),4,36,
agent_47,4,53,
agent_4_(splatoon),4,250,
agent_8_(splatoon),4,1033,
agent_legend,4,47,
aggron,4,265,
agielba,4,73,
agil,4,102,
agitha,4,75,
agito_(nanoha),4,148,
aglovale_(granblue_fantasy),4,59,
agnea_bristarni,4,39,
agnes_(gegege_no_kitarou_6),4,34,
agnes_boulange,4,35,
agnes_claudel,4,362,
agnes_demille,4,24,
agnes_digital_(full-color_fangirling)_(umamusume),4,416,
agnes_digital_(lovely_jiangshi)_(umamusume),4,138,
agnes_digital_(umamusume),4,1839,
agnes_giebenrath,4,65,
agnes_joubert,4,76,
agnes_oblige,4,164,
agnes_tachyon_(lunatic_lab)_(umamusume),4,353,
agnes_tachyon_(sigma_experiment)_(umamusume),4,46,
agnes_tachyon_(tach-nology)_(umamusume),4,4999,
agnes_tachyon_(umamusume),4,6105,
agnese_sanctis,4,89,
agni_(fire_punch),4,45,
agnimon,4,50,
agoshi_sakina,4,99,
agrat_bat_mahlat_(megami_tensei),4,35,
agravain_(fate),4,165,
agria_(tales),4,103,
agrias_oaks,4,795,
agro_(shadow_of_the_colossus),4,64,
ags-30_(girls'_frontline),4,43,
aguila,4,42,
agumon,4,489,
agumon_(digimon_savers),4,33,
agyo_(housamo),4,36,
ah-kun,4,85,
ahab_(project_moon),4,39,
ahagon_umiko,4,136,
aharen_reina,4,69,
ahat_(ragnarok_online),4,92,
ahim_de_famille,4,51,
ahiru_(duck)_(princess_tutu),4,96,
ahiru_(princess_tutu),4,318,
aho_no_sakata,4,71,
ahri_(league_of_legends),4,3943,
ahsoka_tano,4,378,
ahyra,4,31,
ai-chan's_mother_(tawawa),4,32,
ai-chan's_sister_(tawawa),4,88,
ai-chan_(chrono_navi)_(honkai_impact),4,79,
ai-chan_(dokidoki!_precure),4,104,
ai-chan_(honkai_impact),4,247,
ai-chan_(madoka_magica),4,35,
ai-chan_(playstation),4,32,
ai-chan_(tawawa),4,578,
ai-kun,4,92,
ai.mi_(omega_strikers),4,36,
ai_(girls_band_cry),4,40,
ai_(popotan),4,37,
ai_(re:lief),4,36,
ai_(yu-gi-oh!),4,40,
aia_amare,4,167,
aia_amare_(1st_costume),4,43,
aiba_(ai_the_somnium_files),4,59,
aiba_ami,4,63,
aiba_asagi,4,124,
aiba_ibuki,4,157,
aiba_ruri,4,46,
aiba_uiha,4,210,
aiba_uiha_(1st_costume),4,39,
aiba_yumi,4,688,
aibo_(gorgeous_mushroom),4,104,
aida_kensuke,4,276,
aida_mana,4,2163,
aida_rayhunton,4,223,
aida_rikako,4,98,
aida_riko,4,60,
aida_rion,4,81,
aida_taketo,4,138,
aife_(zana),4,117,
aigami_himeka,4,34,
aigami_kaon,4,37,
aigami_shion,4,51,
aihara_ai,4,31,
aihara_enju,4,181,
aihara_mai,4,131,
aihara_mei,4,303,
aihara_nana,4,103,
aihara_yukino,4,67,
aihara_yuzu,4,307,
aijima_cecil,4,47,
aijou_karen,4,546,
aijou_rentarou,4,58,
aika_(eternal_arcadia),4,61,
aika_granzchesta,4,571,
aika_himena,4,138,
aikawa_(dorohedoro),4,342,
aikawa_aika,4,96,
aikawa_akane,4,38,
aikawa_ayumu,4,76,
aikawa_chiho,4,137,
aikawa_chinatsu,4,169,
aikawa_fuuri,4,43,
aikawa_jun,4,40,
aikawa_kizuna,4,40,
aikawa_megumi,4,149,
aikawa_ren,4,93,
aiko_(less),4,82,
aiko_(renkin_san-kyuu_magical_pokaan),4,155,
aila_jyrkiainen,4,356,
ailac_coega,4,61,
ailane_(show_by_rock!!),4,63,
aile-kun,4,108,
aile_(mega_man_zx),4,1190,
aile_strike_gundam,4,49,
ailu,4,36,
aima_(reverse:1999),4,76,
aimaina,4,258,
aimi_(sky-freedom),4,48,
aimoto_rinku,4,44,
aina_(mao_lian),4,387,
aina_ardebit,4,177,
aina_rive,4,156,
aina_saharin,4,68,
ainchase_ishmael,4,143,
aino_ai,4,139,
aino_heart,4,149,
aino_megumi,4,931,
aino_minako,4,2049,
aino_mito,4,42,
aino_nagisa,4,90,
aino_pekonen,4,39,
ainz_ooal_gown,4,310,
aioi_yuuko,4,626,
aion_(chrono_crusade),4,98,
aion_(show_by_rock!!),4,35,
aipom,4,348,
air_defense_cruiser_princess,4,32,
air_defense_princess,4,201,
air_groove_(quercus_civilis)_(umamusume),4,46,
air_groove_(umamusume),4,1628,
air_man,4,104,
air_messiah_(inherited_hope)_(umamusume),4,33,
air_messiah_(umamusume),4,57,
air_shakur_(belphegor's_prime)_(umamusume),4,40,
air_shakur_(casual)_(umamusume),4,40,
air_shakur_(umamusume),4,1182,
aira_(dq7),4,37,
aira_blanc_neige_galdinius,4,40,
aira_kanae,4,60,
airalin_(mark_folks),4,36,
airani_iofifteen,4,657,
airani_iofifteen_(1st_costume),4,308,
aircraft_carrier_oni,4,532,
aircraft_carrier_princess,4,495,
aircraft_carrier_summer_princess,4,49,
aircraft_carrier_water_oni,4,400,
airfield_princess,4,974,
airi_(alice_or_alice),4,41,
airi_(band)_(blue_archive),4,422,
airi_(blue_archive),4,1038,
airi_(ogami_kazuki),4,117,
airi_(queen's_blade),4,501,
airi_(queen's_blade_unlimited),4,42,
airi_(quilt),4,55,
airi_(satosi),4,95,
airi_(the_infernal_temptress),4,423,
airi_kanna,4,159,
airis_(shironeko_project),4,37,
airomed,4,48,
airship_assassin_wraith,4,33,
airy_(bravely_default),4,113,
aisaka_koko,4,63,
aisaka_sayo,4,107,
aisaka_taiga,4,3117,
aisaki_emiru,4,364,
aisha_(ash),4,30,
aisha_(saga),4,49,
aisha_(sennen_sensou_aigis),4,37,
aisha_(shironeko_project),4,34,
aisha_clanclan,4,154,
aisha_greyrat,4,110,
aisha_landar,4,1009,
aisia,4,83,
aislinn_wishart,4,124,
aisu_mint,4,30,
aitsuki_nakuru,4,44,
aiz_wallenstein,4,245,
aizawa_asahi_(unbalance),4,41,
aizawa_azusa,4,102,
aizawa_chizuru,4,110,
aizawa_eiko,4,176,
aizawa_ema,4,546,
aizawa_ema_(1st_costume),4,84,
aizawa_ema_(2nd_costume),4,33,
aizawa_ema_(3rd_costume),4,32,
aizawa_hikaru,4,146,
aizawa_inori,4,94,
aizawa_kazuha,4,350,
aizawa_mint,4,141,
aizawa_natsumi,4,30,
aizawa_sakuya,4,248,
aizawa_takeru,4,62,
aizawa_tomo,4,217,
aizawa_tomomi,4,77,
aizawa_yasumi,4,48,
aizawa_yuuichi,4,225,
aizen_(housamo),4,86,
aizen_kunitoshi,4,273,
aizen_sousuke,4,196,
aizome_kento,4,34,
aizono_manami,4,127,
aizono_manami_(1st_costume),4,34,
ajaw_(genshin_impact),4,221,
ajax_(azur_lane),4,238,
ajax_(retrofit)_(azur_lane),4,67,
ajimu_kaede,4,73,
ajimu_najimi,4,97,
ajiro_shinpei,4,155,
ajna_(indivisible),4,126,
ak-12_(age_of_slushies)_(girls'_frontline),4,74,
ak-12_(girls'_frontline),4,2051,
ak-12_(lucia)_(girls'_frontline),4,113,
ak-12_(quiet_azure)_(girls'_frontline),4,181,
ak-15_(erwin)_(girls'_frontline),4,79,
ak-15_(girls'_frontline),4,691,
ak-47_(girls'_frontline),4,107,
ak-74u_(girls'_frontline),4,38,
ak-alfa_(girls'_frontline),4,148,
ak74m_(girls'_frontline),4,114,
akaashi_keiji,4,351,
akaba_chizuru,4,71,
akabane_iori,4,32,
akabane_karma,4,110,
akabane_koume,4,44,
akabane_kureha,4,31,
akabane_youko,4,182,
akabane_youko_(1st_costume),4,48,
akaboshi_koume,4,881,
akachouchin,4,45,
akado_harue,4,58,
akafuyu_(arknights),4,86,
akage-chan_(white-stew),4,36,
akagi-chan_(azur_lane),4,404,
akagi_(azur_lane),4,2401,
akagi_(dawn_phoenix's_summons)_(azur_lane),4,36,
akagi_(deep_crimson_poppy)_(azur_lane),4,40,
akagi_(kancolle),4,12589,
akagi_(mod)_(warship_girls_r),4,35,
akagi_(muse)_(azur_lane),4,31,
akagi_(paradise_amaryllis)_(azur_lane),4,165,
akagi_(plum_and_snow)_(azur_lane),4,87,
akagi_(ruby-laced_beauty)_(azur_lane),4,73,
akagi_(warship_girls_r),4,219,
akagi_anna,4,68,
akagi_haruko,4,50,
akagi_kai_ni_(kancolle),4,146,
akagi_kouhei,4,49,
akagi_masafumi,4,50,
akagi_miria,4,2320,
akagi_ritsuko,4,469,
akagi_sena,4,44,
akagi_shigeru,4,681,
akagi_takenori,4,122,
akagi_towa,4,488,
akagi_wen,4,41,
akahito_(genshin_impact),4,41,
akai_haato,4,2594,
akai_haato_(1st_costume),4,702,
akai_haato_(casual),4,85,
akai_haato_(gothic_lolita),4,473,
akai_haato_(hololive_summer_2019),4,163,
akai_homura,4,60,
akai_maho,4,65,
akai_meganee,4,76,
akai_miho,4,37,
akai_ringo_(ookami-san),4,133,
akai_shuuichi,4,200,
akai_suzaku,4,135,
akaito,4,65,
akali,4,1377,
akali_(legacy),4,220,
akamaru_(naruto),4,84,
akamatsu_(etra-chan_wa_mita!),4,40,
akamatsu_kaede,4,3407,
akamatsu_yui,4,81,
akame_(akame_ga_kill!),4,149,
akami_karubi,4,137,
akamine_ten,4,33,
akamine_yuuna,4,42,
akana_rui,4,98,
akane_(3yo4yo5yo),4,31,
akane_(blue_archive),4,1484,
akane_(bunny)_(blue_archive),4,977,
akane_(cookie),4,45,
akane_(etra-chan_wa_mita!),4,35,
akane_(sky-freedom),4,31,
akane_canna,4,114,
akane_canna_(1st_costume),4,46,
akane_keiko,4,37,
akane_lize,4,154,
akane_soir,4,76,
akane_yumiko,4,33,
akane_yutaka,4,94,
akanegasaki_sora,4,35,
akanejima_ranga,4,68,
akaneko_(idaten93),4,47,
akanishi_erika,4,98,
akaooni,4,100,
akaori_umeka,4,58,
akari_(angel)_(princess_connect!),4,32,
akari_(baffu),4,42,
akari_(blue_archive),4,420,
akari_(bokujou_monogatari),4,40,
akari_(new_year)_(blue_archive),4,83,
akari_(pokemon),4,3021,
akari_(princess_connect!),4,189,
akari_(raigou),4,264,
akari_(shichigatsu),4,39,
akari_acura,4,62,
akasaka_mamoru,4,128,
akasaka_ryuunosuke,4,30,
akasha_(syakoba),4,69,
akashi_(azur_lane),4,924,
akashi_(kancolle),4,5184,
akashi_(live_a_hero),4,443,
akashi_(sorobochi),4,64,
akashi_(water_bullet)_(live_a_hero),4,40,
akashi_(welcome_to_sofmap!)_(azur_lane),4,30,
akashi_(yojouhan),4,84,
akashi_kaoru,4,196,
akashi_kuniyuki,4,181,
akashi_maho,4,64,
akashi_manaka,4,78,
akashi_seijuurou,4,189,
akashi_senju,4,72,
akashi_yuuna,4,141,
akashiya_moka,4,315,
akatsuki_(akatsuki_blitzkampf),4,48,
akatsuki_(azur_lane),4,57,
akatsuki_(kancolle),4,10294,
akatsuki_(log_horizon),4,275,
akatsuki_francesca,4,45,
akatsuki_kai_ni_(kancolle),4,393,
akatsuki_kirika,4,2021,
akatsuki_kojou,4,77,
akatsuki_makoto,4,30,
akatsuki_miho,4,184,
akatsuki_nagisa,4,43,
akatsuki_reina,4,35,
akatsuki_uni,4,349,
akatsuki_urara,4,33,
akaza_(kimetsu_no_yaiba),4,160,
akaza_akane,4,180,
akaza_akari,4,2078,
akaza_chacha,4,47,
akazaki_kokoro,4,69,
akazawa_izumi,4,160,
akazukin_(otogi-juushi_akazukin),4,48,
akazutsumi_momoko,4,354,
akebi_kao,4,30,
akebi_komichi,4,306,
akebono_(halloween)_(kancolle),4,19,
akebono_(kancolle),4,6547,
akebono_kai_(kancolle),4,95,
akebono_kai_ni_(kancolle),4,265,
akechi_gorou,4,716,
akechi_hideki,4,62,
akechi_kokoro,4,180,
akechi_mitsuhide_(fate),4,49,
akechi_mitsuhide_(oda_nobuna_no_yabou),4,41,
akechi_mitsuhide_(sengoku_basara),4,42,
akeha_(nier_reincarnation),4,38,
akehime_saki,4,31,
akehoshi_subaru,4,138,
akekuri_(arknights),4,109,
akemi_(blue_archive),4,95,
akemi_homura,4,25854,
akemi_homura_(black_dress),4,518,
akemi_homura_(magical_girl),4,329,
akemi_homura_(swimsuit_ver.),4,42,
akershus_fortress_(oshiro_project),4,304,
aketa_mikoto,4,717,
akeuchi_yuu,4,85,
aki-chan_(dismaiden),4,33,
aki_(girls_und_panzer),4,976,
aki_(rerrere),4,45,
aki_(snale),4,46,
aki_(suterii),4,36,
aki_(tabao),4,68,
aki_mabayu,4,71,
aki_masuzu,4,11,
aki_minoriko,4,5522,
aki_rosenthal,4,1170,
aki_rosenthal_(1st_costume),4,301,
aki_rosenthal_(2nd_costume),4,64,
aki_rosenthal_(gaming_casual),4,73,
aki_rosenthal_(gothic_lolita),4,36,
aki_shizuha,4,4914,
aki_tomoya,4,77,
akiba_rika,4,84,
akichi_mashiro,4,59,
akigumo_(kancolle),4,3202,
akigumo_kai_ni_(kancolle),4,241,
akiha_gongen_(housamo),4,159,
akiha_rumiho,4,352,
akihara_haruto,4,87,
akihime_sumomo,4,198,
akihiro_altland,4,201,
akikawa_yayoi's_cat,4,310,
akikawa_yayoi_(umamusume),4,321,
akikaze_rui,4,37,
akimichi_chouchou,4,90,
akimichi_chouji,4,129,
akimitsu-dono,4,76,
akimoto_katherine_reiko,4,80,
akimoto_komachi,4,603,
akina-chan_(umezawa_itte),4,45,
akino_(christmas)_(princess_connect!),4,35,
akino_(princess_connect!),4,137,
akino_kaede,4,158,
akino_komugi,4,58,
akino_momiji,4,93,
akino_sayuri,4,66,
akira_(blue_archive),4,803,
akira_(cookie),4,62,
akira_(miria)_(blue_archive),4,96,
akira_(orenchi_no_maidosan),4,109,
akira_(otokuyou),4,60,
akira_(togainu_no_chi),4,66,
akira_(viper),4,125,
akira_agarkar_yamada,4,50,
akira_ferrari,4,282,
akira_howard,4,47,
akira_ray,4,48,
akirara_(ishiyumi),4,45,
akisato_konoha,4,76,
akise_aru,4,72,
akishimo_(kancolle),4,329,
akita_(akitaland_gothic),4,43,
akita_masamichi,4,14,
akita_momoko,4,34,
akita_neru,4,911,
akita_toushirou,4,414,
akitaru_oubi,4,127,
akitsu_maru_(kancolle),4,2563,
akitsu_maru_kai_(kancolle),4,928,
akitsushima_(kancolle),4,1039,
akiyama_hayato,4,200,
akiyama_jungorou,4,38,
akiyama_mio,4,10182,
akiyama_mizuki,4,1669,
akiyama_otome,4,70,
akiyama_rinko,4,356,
akiyama_shun,4,32,
akiyama_tokino_(2006),4,14,
akiyama_yoshiko,4,166,
akiyama_yukari,4,4936,
akizuki_(kancolle),4,2338,
akizuki_(saury_festival)_(kancolle),4,22,
akizuki_kanna,4,208,
akizuki_kouyou,4,48,
akizuki_maria,4,35,
akizuki_nagi,4,52,
akizuki_ritsuko,4,2772,
akizuki_ryo,4,1316,
akkord_(arknights),4,10,
akky_(idolmaster),4,41,
ako_(blue_archive),4,4432,
ako_(dress)_(blue_archive),4,1280,
ako_(track)_(blue_archive),4,117,
ako_ko_(yaguo),4,36,
akoya_matama,4,122,
aku_(samurai_jack),4,33,
akugaki_koa,4,47,
akuma_(street_fighter),4,533,
akuma_gaoru,4,43,
akuma_homura,4,2343,
akuma_nihmune,4,227,
akuma_nihmune_(1st_costume),4,45,
akuma_nihmune_(2nd_costume),4,35,
akumi_(yoclesh),4,266,
akuno_hideo,4,163,
akura_(arc_the_lad),4,34,
akuru-chan_(ado),4,49,
akuta_hinako,4,145,
akutabe,4,81,
akutagawa_ryuunosuke_(bungou_stray_dogs),4,82,
akutare_(disgaea),4,74,
akuukan_koneru,4,53,
al_azif,4,356,
alabama_(azur_lane),4,174,
aladdin_(character),4,77,
aladdin_(magi),4,360,
aladdin_(sinoalice),4,84,
alain_(pokemon),4,109,
alain_(unicorn_overlord),4,90,
alakazam,4,316,
alan_stuart,4,34,
alastor_(hazbin_hotel),4,339,
alastor_(shakugan_no_shana),4,869,
alatreon,4,60,
alba_(senyuu),4,132,
albacore_(azur_lane),4,225,
albacore_(warship_girls_r),4,63,
alban_knox,4,309,
alban_knox_(1st_costume),4,83,
albaz_(yu-gi-oh!),4,141,
albedo_(genshin_impact),4,2236,
albedo_(overlord),4,1191,
albedo_(sweets_paradise)_(genshin_impact),4,41,
albel_nox,4,135,
albert_(shingeki_no_bahamut),4,52,
albert_chamomille,4,53,
albert_maverick,4,52,
albert_wesker,4,235,
alberta_(fire_emblem),4,14,
albion_(azur_lane),4,110,
albion_(silvermoon_faerie_princess)_(azur_lane),4,31,
albus_dumbledore,4,34,
albus_severus_potter,4,47,
alca_(wakatanka4),4,495,
alca_the_lion,4,88,
alchemist_(girls'_frontline),4,200,
alchemist_(ragnarok_online),4,413,
alchemist_(sekaiju),4,108,
alchemist_2_(sekaiju),4,46,
alchemist_cookie,4,35,
alcina_dimitrescu,4,545,
alcremie,4,870,
alcremie_(berry_sweet),4,68,
alcremie_(love_sweet),4,55,
alcremie_(mint_cream),4,43,
alcremie_(ribbon_sweet),4,35,
alcremie_(ruby_cream),4,33,
alcremie_(ruby_swirl),4,40,
alcremie_(salted_cream),4,38,
alcremie_(strawberry_sweet),4,416,
alcremie_(vanilla_cream),4,197,
alcryst_(fire_emblem),4,332,
aldebaran_(escalation_heroines),4,21,
aldegon_(rariatto),4,47,
alder_(pokemon),4,228,
aldo_(another_eden),4,30,
aldra_(queen's_blade),4,202,
aldrich_devourer_of_gods,4,87,
alear_(female)_(divine_attire)_(fire_emblem),4,91,
alear_(female)_(fire_emblem),4,1335,
alear_(female)_(seaside_dragon)_(fire_emblem),4,154,
alear_(fire_emblem),4,1789,
alear_(male)_(fire_emblem),4,539,
alec_(arc_the_lad),4,71,
aleister_(yu-gi-oh!),4,30,
aleister_crowley_(toaru_majutsu_no_index),4,40,
aleksander_nikolaevich_her,4,37,
aleksandra_i._pokryshkin,4,310,
alena_(dq4),4,762,
alenya_hirani_(dave_cheung),4,19,
aleph_(megami_tensei),4,47,
alessa_gillespie,4,43,
alessandra_susu,4,259,
alessi,4,44,
aletta,4,49,
alex_(aestheticc-meme),4,93,
alex_(minecraft),4,230,
alex_(stardew_valley),4,105,
alex_(street_fighter),4,197,
alex_(totally_spies),4,68,
alex_benedetto,4,34,
alex_louis_armstrong,4,107,
alex_mercer,4,83,
alexa_(pokemon),4,44,
alexander_(fate),4,377,
alexander_(final_fantasy),4,32,
alexander_(fma),4,42,
alexander_(veil),4,32,
alexander_anderson,4,72,
alexander_lloyds,4,32,
alexandra_viktorovna_dashkova,4,50,
alexandria_(xenoblade),4,59,
alexandrina_sebastiane,4,492,
alexandrite_(houseki_no_kuni),4,101,
alexei_dinoia,4,35,
alexia_lynn_elesius,4,65,
alexia_midgar,4,38,
alexis_(zkstxxx),4,45,
alexis_kerib,4,104,
alexstrasza,4,97,
alfimi,4,89,
alfin,4,49,
alfin_reise_arnor,4,63,
alfonse_(fire_emblem),4,356,
alfonse_(spring)_(fire_emblem),4,44,
alfonso_(project_moon),4,84,
alfonso_san_valiante,4,30,
alfred_(bloodborne),4,55,
alfred_(fire_emblem),4,264,
alfred_(kounoike_tsuyoshi),4,51,
alfred_izuruha,4,46,
alfyn_greengrass,4,115,
alger_wilson,4,66,
algerie_(azur_lane),4,257,
algerie_(white_sand_paradise)_(azur_lane),4,118,
algernon_(housamo),4,76,
algomon,4,38,
alhaitham_(genshin_impact),4,2654,
alheitrakzoth,4,63,
ali_al-saachez,4,36,
ali_baba_saluja,4,347,
alia_(mega_man),4,220,
alias_anono_(1st_costume),4,19,
aliasse,4,44,
alice_(alice_in_wonderland),4,3034,
alice_(as109),4,76,
alice_(baalbuddy),4,40,
alice_(bishoujo_mangekyou),4,69,
alice_(black_souls),4,80,
alice_(criminal_girls),4,32,
alice_(fate),4,66,
alice_(grimlight),4,63,
alice_(grimms_notes),4,35,
alice_(megami_tensei),4,195,
alice_(mobile_legends),4,12,
alice_(moon_viewing_live)_(tales),4,11,
alice_(nikke),4,663,
alice_(odin_sphere),4,32,
alice_(pandora_hearts),4,137,
alice_(queen's_gate),4,103,
alice_(ragnarok_online),4,73,
alice_(rune_factory),4,31,
alice_(sinoalice),4,236,
alice_(tales),4,133,
alice_(wonderland_bunny)_(nikke),4,137,
alice_blanche,4,30,
alice_carroll,4,637,
alice_cartelet,4,687,
alice_claudia,4,79,
alice_elliot,4,99,
alice_garnet_nakata,4,43,
alice_l._malvin,4,95,
alice_lendrott,4,84,
alice_liddell_(american_mcgee's_alice),4,396,
alice_liddell_(heart_no_kuni_no_alice),4,100,
alice_mana,4,66,
alice_margatroid,4,34711,
alice_margatroid_(pc-98),4,1483,
alice_third_macy,4,51,
alice_wishheart,4,108,
alice_zuberg,4,996,
alicetaria_february,4,40,
aliceteru_resuderu,4,37,
alicia_(granblue_fantasy),4,350,
alicia_(kagawa_yuusaku),4,37,
alicia_(pop'n_music),4,30,
alicia_(queen's_blade),4,36,
alicia_(valkyrie_profile_2),4,73,
alicia_charlotte,4,54,
alicia_florence,4,540,
alicia_melchiott,4,207,
alicia_priss,4,36,
alicia_renato_(yashiro_sousaku),4,255,
alicia_rue,4,46,
alicia_testarossa,4,172,
aliese_martini,4,57,
aligula,4,32,
alina_(arknights),4,240,
alina_(girls'_frontline),4,62,
alina_(girls_und_panzer),4,162,
alina_gray,4,1174,
alina_gray_(halloween_ver.),4,58,
alina_gray_(swimsuit_costume),4,38,
alipheese_fateburn_xvi,4,321,
alisa:_echo_(punishing:_gray_raven),4,52,
alisa_(girls_und_panzer),4,928,
alisa_(punishing:_gray_raven),4,83,
alisa_boskonovich,4,183,
alisa_ilinichina_amiella,4,1330,
alisa_landeel,4,30,
alisa_mikhailovna_kujou,4,744,
alisa_reinford,4,368,
alisa_southerncross,4,416,
alisaie_leveilleur,4,433,
alisha_diphda,4,259,
alisia_heart,4,34,
alissa_(dekoboko_majo_no_oyako_jijou),4,38,
alistar_(league_of_legends),4,79,
alita,4,245,
aliya_mahvash,4,92,
aliza_(granblue_fantasy),4,375,
aliza_(ragnarok_online),4,30,
alkaid_(.hack//),4,107,
alkaid_mcgrath,4,216,
alkaid_mcgrath_(everyday_outfit),4,10,
alkaid_mcgrath_(morning_mist),4,13,
all-around_helper,4,40,
all_for_one_(boku_no_hero_academia),4,32,
all_might,4,636,
allegretto,4,37,
allelujah_haptism,4,457,
allen_avadonia,4,416,
allen_m._sumner_(azur_lane),4,74,
allen_walker,4,323,
allenby_beardsley,4,190,
alleyne_(queen's_blade),4,307,
allial_(coefont),4,109,
allister_(fall_2022)_(pokemon),4,37,
allister_(pokemon),4,1021,
allmind_(armored_core_6),4,124,
alluka_zoldyck,4,258,
ally_(puyopuyo),4,42,
alm_(fire_emblem),4,258,
alma_armas,4,212,
alma_beoulve,4,79,
alma_elma,4,118,
almace_(phantom_of_the_kill),4,37,
almaz_von_almadine_adamant,4,54,
almeida_(granblue_fantasy),4,120,
almiria_bauduin,4,39,
almond_(arknights),4,31,
almond_cookie,4,55,
aloe_(ishuzoku_reviewers),4,69,
aloe_(quiz_magic_academy),4,270,
alois_rangeld,4,74,
alois_trancy,4,89,
alolan_diglett,4,46,
alolan_dugtrio,4,46,
alolan_exeggutor,4,393,
alolan_marowak,4,131,
alolan_meowth,4,181,
alolan_muk,4,65,
alolan_ninetales,4,199,
alolan_persian,4,66,
alolan_raichu,4,469,
alolan_raticate,4,35,
alolan_rattata,4,36,
alolan_sandshrew,4,52,
alolan_sandslash,4,78,
alolan_vulpix,4,988,
alomomola,4,79,
alouette_(la_pucelle),4,42,
alouette_(mega_man),4,58,
aloupeep_(enna_alouette),4,116,
aloy_(horizon),4,106,
alpaca_huacaya_(kemono_friends),4,61,
alpaca_suri_(kemono_friends),4,1310,
alph_(pikmin),4,194,
alpha-01,4,90,
alpha_(acerailgun),4,64,
alpha_(dream_hunter_rem),4,43,
alpha_(ff14),4,46,
alpha_(inazuma_eleven),4,96,
alpha_(kage_no_jitsuryokusha_ni_naritakute!),4,89,
alpha_(kagejitsu),4,201,
alpha_(punishing:_gray_raven),4,479,
alpha_omega,4,40,
alpha_omega_nova,4,100,
alphamon,4,118,
alphard_(canaan),4,193,
alphen_(tales),4,176,
alphinaud_leveilleur,4,302,
alphonse_(av-98_ingram),4,50,
alphonse_elric,4,1074,
alphys,4,268,
alpine_marmot_(kemono_friends),4,55,
alraune_(p&d),4,54,
alriune,4,46,
alsace_(azur_lane),4,358,
alsace_(heat_beating_summer_sacrament)_(azur_lane),4,140,
alsace_(tipsy_oni_on_a_sacred_night)_(azur_lane),4,23,
alstede_brand,4,39,
altair_(re:creators),4,259,
altair_floone,4,70,
altair_ibn_la-ahad,4,177,
altaria,4,1022,
alteisen,4,91,
altena_(fire_emblem),4,70,
alter_(apex_legends),4,66,
alter_ego_(danganronpa),4,68,
alter_ego_malevolent_(granblue_fantasy),4,89,
altera_(fate),4,1346,
altera_moontail,4,121,
altera_the_santa_(fate),4,266,
altessa_(futagohime),4,64,
alti_(simoun),4,40,
altina_(fire_emblem),4,108,
altina_(shining_blade),4,32,
altina_orion,4,470,
altines,4,84,
alto_clef,4,57,
alto_travers,4,67,
altrene,4,94,
altventurer_(regis_altare),4,43,
aluber_(yu-gi-oh!),4,39,
alucard_(castlevania),4,212,
alucard_(hellsing),4,526,
alune_(league_of_legends),4,53,
alvida_(one_piece),4,72,
alvida_(peach88),4,110,
alvin_(tales),4,494,
alvis_(last_origin),4,89,
alvis_(xenoblade),4,70,
alvis_hamilton,4,58,
alvitr_(azur_lane),4,78,
alvitr_(muspel's_torrid_secrets)_(azur_lane),4,44,
alyce_(dohna_dohna),4,41,
alyn_(fairy_fencer_f),4,53,
alyssa_(specktech),4,79,
alyx_vance,4,30,
am_(star_wars),4,37,
amada_ken,4,483,
amae_koromo,4,443,
amagai_kosame,4,37,
amagami_asahi,4,78,
amagami_yae,4,78,
amagami_yuna,4,68,
amagasaki_mikoto,4,31,
amagase_muyu,4,37,
amagase_touma,4,327,
amagi-chan_(azur_lane),4,542,
amagi_(azur_lane),4,1153,
amagi_(cv)_(azur_lane),4,75,
amagi_(cv)_(moonlit_blossom_on_placid_seas)_(azur_lane),4,11,
amagi_(cv)_(throne_of_fallen_petals)_(azur_lane),4,34,
amagi_(kancolle),4,982,
amagi_(wending_waters_serene_lotus)_(azur_lane),4,158,
amagi_hiiro,4,280,
amagi_kai_(kancolle),4,226,
amagi_rinne,4,266,
amagi_yukiko,4,2163,
amagiri_(kancolle),4,371,
amagiri_yune,4,59,
amaha_masane,4,366,
amaha_miu,4,88,
amaha_rihoko,4,72,
amaha_tsubasa,4,36,
amahane_madoka,4,202,
amahara_aoi,4,42,
amai_hiyo,4,59,
amai_shirou,4,38,
amai_shuga,4,38,
amaimon,4,52,
amajiki_tamaki,4,155,
amakase_miharu,4,67,
amakasu_barley_tenji,4,66,
amakawa_hano,4,59,
amakura_kei,4,32,
amakura_mayu,4,190,
amakura_mio,4,201,
amakusa_juuza,4,287,
amakusa_kotone,4,39,
amakusa_shino,4,92,
amakusa_shirou_(fate),4,576,
amakusa_shirou_(third_ascension)_(fate),4,80,
amalia_sheran_sharm,4,106,
amami_haruka,4,5064,
amami_rantaro,4,1344,
amamine_shu,4,86,
amamine_yurika_(nanahime),4,15,
amamiya_aki,4,74,
amamiya_elena,4,333,
amamiya_gorou,4,42,
amamiya_hibiya,4,521,
amamiya_kanade,4,30,
amamiya_kokoro,4,962,
amamiya_kokoro_(1st_costume),4,126,
amamiya_kokoro_(7th_costume),4,52,
amamiya_manami,4,112,
amamiya_mei,4,79,
amamiya_momona,4,30,
amamiya_natsumi,4,100,
amamiya_ren,4,3310,
amamiya_rindou,4,43,
amamiya_rizumu,4,92,
amamiya_sakura,4,74,
amamiya_shizuku_(hizuki_yayoi),4,205,
amamiya_sophia_seren,4,60,
amamiya_sora,4,37,
amamiya_tsubaki,4,41,
amamiya_yuri,4,32,
amamiya_yuuko,4,137,
amanai_riko,4,59,
amanda_gaddis,4,22,
amanda_o'neill,4,351,
amanda_werner,4,46,
amane_(dream_c_club),4,190,
amane_(honey_come_chatka!!),4,73,
amane_(senran_kagura),4,35,
amane_kanata,4,5453,
amane_kanata_(1st_costume),4,1288,
amane_kanata_(another_world),4,153,
amane_kanata_(cutesy_punk),4,258,
amane_kanata_(new_year),4,82,
amane_kanata_(nurse),4,403,
amane_kanata_(punk_rock),4,173,
amane_kanata_(summer),4,54,
amane_kanata_(work),4,926,
amane_misa,4,470,
amane_nishiki,4,69,
amane_rosylily,4,78,
amane_suzuha,4,544,
amane_tsukasa,4,91,
amane_tsukuyo,4,95,
amane_yuki,4,36,
amano_ai,4,33,
amano_akari,4,63,
amano_hina_(tenki_no_ko),4,301,
amano_kazumi,4,87,
amano_keita,4,274,
amano_madoka,4,37,
amano_maya,4,205,
amano_megumi,4,125,
amano_misao_(battle_programmer_shirase),4,37,
amano_mishio,4,102,
amano_miu,4,68,
amano_nene_(1st_costume)_(vtuber),4,37,
amano_nene_(digimon_xros_wars),4,108,
amano_nene_(goddess)_(vtuber),4,10,
amano_nene_(nun)_(vtuber),4,34,
amano_nene_(tenshi)_(vtuber),4,29,
amano_nene_(vtuber),4,180,
amano_nene_(vtuber)_(1st_costume),4,37,
amano_nene_(vtuber)_(2nd_costume),4,33,
amano_onsa,4,71,
amano_otoha,4,52,
amano_pikamee,4,575,
amano_pikamee_(1st_costume),4,228,
amano_pikamee_(dinosaur_hoodie),4,68,
amano_pikamee_(isekai),4,20,
amano_pikamee_(voms_black),4,14,
amano_ririsa,4,98,
amano_seiya,4,12,
amano_soraha,4,222,
amano_suzune,4,43,
amano_tooko,4,70,
amano_tora,4,107,
amano_yuika,4,10,
amano_yukiko_(youkai_watch),4,49,
amano_yukiteru,4,129,
amanogawa_kirara,4,1282,
amanogawa_shiina,4,91,
amanogawa_shiina_(crab),4,52,
amanogawa_shiina_(shiinana),4,10,
amanogi_akira,4,255,
amanogi_kaede,4,27,
amanokawa_hiro,4,43,
amanomiya_jun,4,128,
amanomori_shou,4,109,
amanozako_(megami_tensei),4,47,
amaori_renako,4,92,
amaretto_(girls_und_panzer),4,135,
amarys_(pokemon),4,148,
amasaki_ryouko,4,40,
amasawa_chigusa,4,93,
amasawa_ichika,4,30,
amasawa_yuuko,4,580,
amata_(kanazawa_shinnosuke),4,48,
amata_sora,4,77,
amatani_mutsu,4,60,
amaterasu_(fate),4,39,
amaterasu_(mythology),4,40,
amaterasu_(ookami),4,617,
amaterasu_(p&d),4,66,
amatori_chika,4,224,
amatsuka_eru_(1st_costume),4,16,
amatsuka_fubuki,4,56,
amatsuka_haruka,4,47,
amatsuka_hikaru,4,43,
amatsuka_hotaru,4,40,
amatsuka_mao,4,166,
amatsuka_megumi_(gj-bu),4,165,
amatsuka_poi,4,52,
amatsuka_rikka,4,53,
amatsuka_seika,4,51,
amatsuka_tsurara,4,89,
amatsuka_urara,4,73,
amatsuka_uto,4,273,
amatsuka_watayuki,4,36,
amatsuka_yui,4,31,
amatsuka_yuuna,4,35,
amatsukaze_(kancolle),4,7287,
amatsukaze_kai_ni_(kancolle),4,122,
amatsumara_(housamo),4,42,
amatsume_akira,4,87,
amaui,4,88,
amaura,4,73,
amauri_miruki,4,155,
amauri_miruki_(primagista),4,53,
amawashi_miku,4,37,
amaya_haruko,4,115,
amayado_rei,4,36,
amayadori_machi,4,390,
amayui_moka_(1st_costume),4,45,
amayui_moka_(2nd_costume),4,10,
amazon_(azur_lane),4,78,
amazon_(dragon's_crown),4,683,
amazon_tree_boa_(kemono_friends),4,32,
amber_(100%_outrider)_(genshin_impact),4,75,
amber_(darker_than_black),4,102,
amber_(fire_emblem),4,56,
amber_(genshin_impact),4,2932,
amber_(pizza_hut)_(genshin_impact),4,31,
ambertwo_(pokemon),4,34,
ambessa_(league_of_legends),4,19,
ambipom,4,103,
ambitious_elf_jinx,4,31,
ambriel_(arknights),4,192,
ambriel_(holiday)_(arknights),4,31,
ame-chan_(needy_girl_overdose),4,1725,
ame_(ookami_kodomo),4,35,
ameli_(girls'_frontline),4,63,
amelia_(fire_emblem),4,76,
amelia_lee,4,36,
amelia_wil_tesla_seyruun,4,250,
ameliance_leveilleur,4,38,
amelie-san_(nogi_takayoshi),4,47,
amelie_mcgregor,4,30,
amelie_planchard,4,139,
amemiya_nazuna,4,290,
amemiya_nazuna_(1st_costume),4,186,
amemiya_sayaka,4,86,
amemiya_sekira,4,149,
amemiya_taiyou,4,162,
amemori_sayo,4,270,
amemura_ramuda,4,197,
ameno_hitsuka,4,102,
ameno_sagiri_(yuragisou_no_yuuna-san),4,35,
ameonna_(youkai_watch),4,32,
america_(hetalia),4,1177,
american_beaver_(kemono_friends),4,522,
american_oppai-san,4,65,
ameth_(princess_connect!),4,205,
amethio_(pokemon),4,226,
amethyst_(houseki_no_kuni),4,102,
amethyst_(steven_universe),4,68,
ametsuchi_akino,4,31,
ametsukana_yago,4,164,
ami_(orenchi_no_maidosan),4,105,
ami_(personal_ami),4,31,
ami_(seikyouiku_series),4,55,
ami_dixie,4,55,
ami_ria,4,36,
amicia_michella,4,65,
amico,4,73,
amida_arca,4,36,
amidamaru,4,43,
amifumi_inko,4,112,
amiguchi_shuu,4,38,
amillion_(zenless_zone_zero),4,385,
amir_(chaos_zero_nightmare),4,13,
amira,4,59,
amira_(shingeki_no_bahamut),4,104,
amistr_(ragnarok_online),4,34,
amitie_(puyopuyo),4,379,
amitie_florian,4,101,
amity_blight,4,406,
amiya_(act_2)_(arknights),4,38,
amiya_(arknights),4,7150,
amiya_(fresh_fastener)_(arknights),4,68,
amiya_(guard)_(arknights),4,254,
amiya_(guard)_(touch_the_stars)_(arknights),4,92,
amiya_(medic)_(arknights),4,40,
amiya_(newsgirl)_(arknights),4,169,
amiya_(planter)_(arknights),4,61,
amiya_aranha,4,151,
amiya_aranha_(1st_costume),4,49,
ammon_lead,4,34,
amnesia_(majo_no_tabitabi),4,42,
amo_(youtian),4,31,
amon_(lord_of_the_mysteries),4,154,
amon_koutarou,4,30,
amoonguss,4,80,
amou_june,4,49,
amou_kanade,4,282,
ampharos,4,626,
amu_(doubutsu_sentai_zyuohger),4,42,
amulet_clover,4,44,
amulet_heart,4,165,
amulet_spade,4,47,
amumu,4,110,
amunero_(kyouka_jinrui_amunero),4,58,
amuro_ray,4,673,
amuro_tooru,4,677,
amy_(bakuretsu_tenshi),4,36,
amy_(madoka_magica),4,87,
amy_(suisei_no_gargantia),4,248,
amy_kiriwo,4,17,
amy_limiette,4,79,
amy_razor,4,37,
amy_rose,4,2001,
amy_rose_(journalist),4,81,
amy_sorel,4,128,
amygdala,4,61,
an-94_(antje)_(girls'_frontline),4,89,
an-94_(girls'_frontline),4,1678,
an-94_(mod3)_(girls'_frontline),4,30,
an-94_(silent_rouge)_(girls'_frontline),4,152,
an-94_(the_diving_bell_and_the_doll)_(girls'_frontline),4,32,
an-an_lee,4,149,
an_shan_(azur_lane),4,58,
ana_(mother),4,131,
ana_(overwatch),4,478,
ana_(warioware),4,94,
ana_coppola,4,459,
ana_medaiyu,4,35,
anabel_(pokemon),4,334,
anabuki_tomoko,4,293,
anakaris,4,87,
anakin_skywalker,4,285,
anankos,4,33,
anastacia_of_astora,4,30,
anastasia_(fate),4,2224,
anastasia_(idolmaster),4,3277,
anastasia_(shadow_hearts),4,31,
anastasia_(shvibzik_snow)_(fate),4,36,
anastasia_(swimsuit_archer)_(fate),4,333,
anastasia_(swimsuit_archer)_(first_ascension)_(fate),4,83,
anastasia_(swimsuit_archer)_(second_ascension)_(fate),4,98,
anastasia_(swimsuit_archer)_(third_ascension)_(fate),4,135,
anastasia_hoshin,4,100,
anastasia_valeria,4,99,
anastella_(zenless_zone_zero),4,140,
anavel_gato,4,37,
anaxa_(alternate_spacetime)_(honkai:_star_rail),4,16,
anaxa_(chimerric_park)_(honkai:_star_rail),4,13,
anaxa_(whatsamatta)_(honkai:_star_rail),4,61,
anby_demara,4,764,
anceril_sacred,4,347,
anchor_(nikke),4,48,
anchorage_(azur_lane),4,380,
anchorage_(dolphins_and_swim_lessons)_(azur_lane),4,97,
anchorage_oni,4,132,
anchorage_princess,4,120,
anchorage_water_oni,4,258,
anchovy_(girls_und_panzer),4,5305,
ancient_destroyer_oni,4,201,
ancient_destroyer_princess,4,45,
ancient_killers_(phantom_of_the_kill),4,87,
ancient_princess_menace,4,357,
and_uge,4,130,
ander_(at2.),4,93,
andersdotter_(genshin_impact),4,33,
andira_(granblue_fantasy),4,881,
andira_(summer)_(granblue_fantasy),4,110,
ando_ruruka,4,149,
andoain_(arknights),4,53,
andoris_(midnight_whisper)_(girls'_frontline_2),4,20,
andou_(girls_und_panzer),4,1897,
andou_aiko,4,42,
andou_inari,4,91,
andou_mahoro,4,360,
andou_minawa,4,50,
andou_natsuki,4,33,
andou_nene,4,50,
andou_ringo,4,253,
andou_saki,4,34,
andou_tazusa,4,277,
andou_tsubaki,4,49,
andranof_pepesha,4,37,
andre_grandier,4,60,
andrea_(knights_of_guinevere),4,37,
andrea_davenport,4,34,
andrea_doria_(warship_girls_r),4,90,
andrea_vaeyl,4,54,
andreana_(arknights),4,205,
andreana_(silent_arrow)_(arknights),4,30,
andrew_graves,4,348,
andrew_hanbridge,4,103,
andrew_kreiss,4,105,
andriana_averill,4,33,
android_(blue_archive),4,82,
android_16,4,93,
android_17,4,274,
android_18,4,2386,
android_21,4,1563,
android_girl_(itou),4,97,
android_girl_aki,4,80,
android_girl_kotomi,4,41,
android_girl_sui,4,16,
andromeda_(fate),4,145,
andromeda_(first_ascension)_(fate),4,97,
andromeda_(p&d),4,37,
andromeda_(second_ascension)_(fate),4,44,
andromeda_shun,4,54,
andromedako,4,71,
andvari_(housamo),4,31,
andvari_(last_origin),4,84,
andy_(undead_unluck),4,61,
andy_bogard,4,141,
anegasaki_nene,4,838,
anelace_elfead,4,39,
anemachi,4,94,
anemo_nemo,4,92,
anemone_(2l),4,31,
anemone_(eureka_seven),4,488,
anemone_(flower_knight_girl),4,92,
anemos_(elsword),4,31,
anessa_(dqb2),4,40,
anesthesia_(rumble_roses),4,35,
anetai_toyone,4,135,
anette_(pso2),4,45,
anew_returner,4,152,
anezaki_mamori,4,133,
anfang_(chihuri),4,53,
ange_(princess_principal),4,613,
ange_katrina,4,1842,
ange_katrina_(1st_costume),4,620,
ange_katrina_(2nd_costume),4,153,
ange_katrina_(3rd_costume),4,30,
ange_katrina_(4th_costume),4,71,
ange_katrina_(5th_costume),4,108,
ange_katrina_(7th_costume),4,64,
ange_serena,4,77,
angeal_hewley,4,107,
angel_(drag-on_dragoon),4,87,
angel_(in),4,27,
angel_(kof),4,1422,
angel_(za1f0n),4,31,
angel_daisy,4,33,
angel_devil_(chainsaw_man),4,785,
angel_dust,4,138,
angel_girl_(shimmer),4,381,
angel_lily,4,35,
angel_of_light_nanael,4,195,
angel_salvia,4,30,
angel_tear,4,148,
angela_(project_moon),4,1139,
angela_(seiken_densetsu_3),4,403,
angela_balzac,4,862,
angela_salas_larrazabal,4,68,
angelan,4,67,
angelene,4,63,
angelia_(girls'_frontline),4,285,
angelia_avallone,4,55,
angelic_buster,4,112,
angelica_(brown_dust),4,33,
angelica_(epic_seven),4,35,
angelica_(gunslinger_girl),4,49,
angelica_(project_moon),4,445,
angelica_ainsworth,4,39,
angelica_rafa_redgrave,4,138,
angelina_(arknights),4,2175,
angelina_(distinguished_visitor)_(arknights),4,302,
angelina_(endfield)_(arknights),4,92,
angelina_(summer_flower)_(arknights),4,307,
angelina_kudou_shields,4,88,
angelina_nanatsu_sewell,4,58,
angelina_rocca,4,30,
angeling,4,110,
angelise_ikaruga_misurugi,4,123,
angelise_reiter,4,161,
angell_(path_to_nowhere),4,54,
angello_vaalmonica,4,39,
angelo_(ff8),4,58,
angelo_sauper,4,39,
angelous_lazward,4,33,
angemon,4,94,
angewomon,4,750,
angkor_(elsword),4,69,
angol_mois,4,337,
angoramon,4,32,
angra_mainyu_(fate),4,446,
angron,4,40,
angry_adelie_(blue_archive),4,31,
angry_german_kid,4,32,
anhath-ra_(roresu),4,17,
anice_farm,4,95,
aniece_(modeseven),4,80,
anila_(granblue_fantasy),4,1394,
anila_(summer)_(granblue_fantasy),4,254,
animal_(nanashi_mumei),4,49,
anipoko,4,35,
anis_(nikke),4,1560,
anis_(sparkling_summer)_(nikke),4,626,
anise_azeat,4,64,
anise_tatlin,4,482,
anisphia_wynn_palettia,4,813,
anita_(vampire),4,83,
anita_king,4,124,
anivia,4,65,
anja_(madoka_magica),4,43,
anjanath,4,34,
anjo_nala,4,46,
anjo_nala_(forbidden_fruit),4,85,
anjou_(yancha_gal),4,59,
anjou_naruko,4,935,
anju,4,76,
anju_(utawarerumono),4,47,
anju_emma,4,52,
ankh_(ooo),4,92,
ankha_(animal_crossing),4,534,
ankimo_(tokino_sora),4,278,
anko_(gochiusa),4,562,
anko_(himukai_yuuji),4,45,
ankokuboshi_kurome,4,102,
ankomon,4,37,
ankou_(shuuen_no_virche),4,50,
anlucea,4,74,
ann_(krt_girls),4,37,
ann_blyth,4,55,
anna_(fire_emblem),4,587,
anna_(frozen),4,984,
anna_(gekkou_no_carnevale),4,54,
anna_(girls'_frontline),4,56,
anna_(granblue_fantasy),4,77,
anna_(ikeuchi_tanuma),4,262,
anna_(omoide_no_marnie),4,64,
anna_(pokemon),4,35,
anna_(princess_connect!),4,85,
anna_(sennen_sensou_aigis),4,181,
anna_(watamote),4,79,
anna_ayasaki,4,364,
anna_graem,4,51,
anna_lindhurst,4,33,
anna_mcbein,4,40,
anna_mel,4,58,
anna_nishikinomiya,4,153,
anna_schneider,4,40,
anna_sehnsucht,4,10,
anna_williams,4,149,
annaka_haruna,4,96,
anne_(bravely_second),4,71,
anne_(path_to_nowhere),4,31,
anne_(shingeki_no_bahamut),4,231,
anne_(wixoss),4,43,
anne_bonny_(fate),4,336,
anne_bonny_(swimsuit_archer)_(fate),4,130,
anne_bonny_(swimsuit_archer)_(first_ascension)_(fate),4,90,
anne_boonchuy,4,283,
anne_lester,4,31,
anne_petriceani,4,36,
anne_shirley,4,88,
anneliese,4,118,
annelise_(mochizuki_shiina),4,39,
annelise_flagellum_(niboshi),4,26,
annelotte_(queen's_blade),4,123,
annerose_redrum,4,41,
annerose_vajra,4,54,
annes_(g_(genesis1556)),4,73,
annette_(spy_kyoushitsu),4,45,
annette_fantine_dominic,4,725,
annie_(arknights),4,18,
annie_(destiny_child),4,41,
annie_(league_of_legends),4,510,
annie_(saga_frontier),4,30,
annie_(saibou_shinkyoku),4,57,
annie_(skullgirls),4,157,
annie_(splatoon),4,75,
annie_barrs,4,48,
annie_berton,4,32,
annie_leonhart,4,1042,
annie_mei,4,113,
annika_(salvika),4,33,
annin_miru,4,37,
annoying_dog,4,146,
annytf,4,229,
annyui_(cookie),4,40,
ano_fuji,4,55,
anonymous_(4chan),4,90,
anorith,4,92,
anosillus_ii,4,186,
another_blood,4,55,
another_code_(elsword),4,42,
anpanman_(character),4,124,
anput_(nsfwolf),4,57,
anrakutei_kukuru,4,73,
anre_(granblue_fantasy),4,56,
anri_anriette,4,33,
anrietta_rochefort,4,47,
ansel_(arknights),4,353,
ansel_(casual_vacation)_(arknights),4,67,
ansem_seeker_of_darkness,4,83,
ansha_(pokemon),4,426,
anshinzawa_sasami,4,71,
answer_(guilty_gear),4,34,
ant-man,4,41,
antal_(arknights),4,25,
antarcticite,4,350,
anthony_(madoka_magica),4,208,
anthuria,4,284,
anti-aqua,4,35,
anti-aqua_(kingdom_hearts),4,48,
anti_(ssss.gridman),4,181,
antica_(bigrbear),4,65,
antispiral,4,98,
antispiral_nia,4,259,
anto_mel,4,36,
anton_ivanov,4,148,
antonina_(neural_cloud),4,109,
antonio_(gyee),4,36,
antonio_leon_mars_(skcd_loen),4,26,
antonio_lopez,4,494,
antonio_salieri_(fate),4,465,
antonio_salieri_(first_ascension)_(fate),4,69,
antonio_salieri_(second_ascension)_(fate),4,308,
anuberus_(xxl),4,20,
anubis_(houtengeki),4,127,
anubis_(monster_girl_encyclopedia),4,207,
anubis_(mythology),4,296,
anubis_(stand),4,48,
anubis_(surio),4,106,
anubis_(z.o.e.),4,33,
anubituf_(simoun),4,41,
anvil_(shadow_slave),4,32,
anya_(archapxl),4,10,
anya_(spy_x_family),4,4889,
anya_alstreim,4,592,
anya_cocolova,4,49,
anya_dostoyevskaya,4,34,
anya_melfissa,4,707,
anya_melfissa_(1st_costume),4,297,
anya_melfissa_(2nd_costume),4,41,
anya_melfissa_(steampunk),4,35,
anya_nyabyss,4,23,
anya_pandaria,4,32,
anyoji_hime,4,1547,
anyoji_hime's_fellow_toon_paint_fan,4,10,
anzai_miyako,4,112,
anzai_romi,4,278,
anzelotte,4,32,
anzio_princess,4,56,
anzu_(ensemble_stars!),4,305,
anzu_(hanamaru_youchien),4,48,
anzu_(sumisaki_yuzuna),4,46,
anzu_(yume_no_owari),4,100,
ao-chan_(ninomae_ina'nis),4,670,
ao_isami,4,1788,
aoandon,4,125,
aoba_(azur_lane),4,37,
aoba_(kancolle),4,2992,
aoba_(mom's_touch)_(blue_archive),4,65,
aoba_anoa,4,53,
aoba_chika,4,54,
aoba_chise,4,38,
aoba_kokona,4,317,
aoba_kozue,4,110,
aoba_misaki,4,124,
aoba_miu,4,75,
aoba_moca,4,894,
aoba_rena,4,33,
aoba_rinka,4,61,
aoba_shigeru,4,48,
aoba_tsugumi,4,238,
aoba_tsumugi,4,159,
aoe_nagi,4,30,
aogami_pierce,4,73,
aohitsugi_nemu_(tdd_era),4,15,
aohitsugi_samatoki,4,79,
aoi_(amazu),4,86,
aoi_(blue_archive),4,496,
aoi_(gegege_no_kitarou),4,72,
aoi_(houkago_no_pleiades),4,76,
aoi_(ittla),4,84,
aoi_(lightsource),4,32,
aoi_(princess_connect!),4,150,
aoi_(transfer_student)_(princess_connect!),4,30,
aoi_akira,4,30,
aoi_anna,4,55,
aoi_erika,4,117,
aoi_hinata,4,138,
aoi_itsuki,4,45,
aoi_karin,4,40,
aoi_kimi,4,202,
aoi_kyosuke,4,175,
aoi_kyouka,4,42,
aoi_minamo,4,88,
aoi_miyabi,4,33,
aoi_nabi,4,91,
aoi_nagisa,4,274,
aoi_ren,4,32,
aoi_saki,4,39,
aoi_saki_(senpai_wa_otokonoko),4,40,
aoi_sena,4,39,
aoi_senoh,4,40,
aoi_sora_(pairan),4,157,
aoi_toori,4,86,
aoi_yusuke,4,183,
aoi_yuta,4,130,
aojiru_(yume_2kki),4,53,
aoki_clair,4,35,
aoki_daisuke,4,37,
aoki_kaede,4,58,
aoki_kei,4,110,
aoki_lapis,4,163,
aoki_mei,4,39,
aoki_rei,4,36,
aoki_reika,4,2516,
aoki_ruri,4,127,
aoki_sei,4,66,
aoki_yuriko,4,85,
aokumo_rin,4,34,
aomi_isara,4,32,
aomi_kanon,4,31,
aomi_maika,4,64,
aomine_daiki,4,362,
aomiya_yozuri,4,46,
aone_ioru,4,38,
aono_miki,4,726,
aono_tsukune,4,62,
aonuma_neiru,4,56,
aosta_(arknights),4,55,
aoto_(ar_tonelico),4,40,
aotsuki_ushio,4,55,
aoyagi_touya,4,966,
aoyagi_tsubaki,4,36,
aoyagi_youkou_(yagidon),4,48,
aoyama-kun_(penguin_highway),4,30,
aoyama_blue_mountain,4,245,
aoyama_kotoha_(mitsuboshi_colors),4,95,
aoyama_mio,4,59,
aoyama_motoko,4,193,
aoyama_nanami,4,85,
aoyama_shunsuke,4,45,
aoyama_sumika,4,318,
aoyama_yoshino,4,40,
aoyama_yuuga,4,82,
aozaki_aoko,4,1269,
aozaki_touko,4,400,
aozora_hayato,4,30,
aozora_himari,4,88,
aozora_kyoka,4,96,
apc556_(girls'_frontline),4,54,
aperture_science_weighted_companion_cube,4,105,
aphelios,4,193,
aphilia_(kiyomin),4,74,
aphmau,4,60,
aphrodite_(fate),4,68,
aphrodite_(hades),4,92,
aphrodite_(shuumatsu_no_valkyrie),4,39,
aphrodite_(suite_precure),4,37,
apis_(ousama_ranking),4,42,
apocalypse_bird,4,35,
apollo_(fate),4,83,
apollo_(persona_2),4,36,
apollo_justice,4,701,
apollousa_bow_of_the_goddess,4,41,
aponia_(honkai_impact),4,707,
apophis_(monster_girl_encyclopedia),4,74,
apple_(reverse:1999),4,323,
apple_(suikoden),4,32,
apple_bloom,4,70,
apple_magician_girl,4,37,
apple_poison,4,34,
applejack,4,364,
applejack_(equestria_girls),4,42,
appletun,4,138,
applin,4,472,
apricot_(d-floe),4,89,
apricot_(yamai),4,71,
apricot_sakuraba,4,205,
apricot_the_lich,4,362,
apricot_the_lich_(1st_costume),4,94,
apricot_the_lich_(8th_costume),4,35,
apricot_the_lich_(froot_2.0),4,31,
april_(arknights),4,151,
april_(coyote_ragtime_show),4,68,
april_(guilty_gear),4,32,
april_o'neil,4,162,
apsara_(elsword),4,61,
aqua_(kingdom_hearts),4,640,
aqua_(konosuba),4,5019,
aqua_centolm,4,57,
aquarius_camus,4,71,
aquila_(a_sip_of_sardegnian_elegance)_(azur_lane),4,118,
aquila_(azur_lane),4,168,
aquila_(kancolle),4,941,
aquila_marin,4,51,
aquila_yuna,4,122,
ar-18_(girls'_frontline),4,51,
ar-57_(girls'_frontline),4,103,
ar_ru_(ar_tonelico),4,33,
ara_haan,4,821,
ara_haan_(celestial_fox),4,80,
arabian_oryx_(kemono_friends),4,216,
arad_molders,4,34,
aradama_(toji_no_miko),4,83,
aradia_megido,4,36,
aradia_ravencroft,4,88,
arado_balanga,4,38,
arafune_tetsuji,4,44,
araga_kiwi,4,363,
aragaki_ayase,4,937,
aragaki_shinjirou,4,873,
aragami_oga,4,383,
arahashi_tabi,4,76,
arai_chie,4,48,
araiguma-san,4,279,
araime_yasuri,4,42,
araka_luto,4,36,
araki_hina,4,387,
araki_nonoka_(karaage_bou),4,228,
araki_rena,4,75,
arakune,4,312,
arama_(genshin_impact),4,139,
aramaki_daisuke,4,32,
aramaki_scaltinof,4,62,
aranara_(genshin_impact),4,1034,
arancia,4,190,
arancino_family_contact_(blue_archive),4,12,
aranea_highwind,4,136,
araquanid,4,78,
arara_cocoa,4,59,
arara_milk,4,52,
araragi_karen,4,1050,
araragi_koyomi,4,1431,
araragi_tsukihi,4,939,
arare_(kancolle),4,882,
arare_kai_ni_(kancolle),4,115,
ararycan_(genshin_impact),4,61,
arash_(fate),4,280,
arashi_(kancolle),4,1362,
arashi_chisato,4,890,
arashio_(azur_lane),4,33,
arashio_(kancolle),4,1767,
arashio_kai_ni_(kancolle),4,591,
arashiyama_hotori,4,96,
arashiyama_jun,4,43,
arashiyama_sayoko,4,39,
arata_(blue_archive),4,31,
arataki_itto,4,1195,
arato_hisako,4,112,
aratsugu_yorino,4,40,
araya_souren,4,61,
arbok,4,505,
arboliva,4,44,
arc_(arc_the_lad),4,102,
arc_(housamo),4,30,
arca_(summon_night),4,33,
arcade_ahri,4,56,
arcade_miss_fortune,4,41,
arcade_sona,4,164,
arcana_(paradise_regained)_(reverse:1999),4,60,
arcana_(reverse:1999),4,110,
arcana_(swd3e2),4,33,
arcana_trust,4,42,
arcane_caitlyn,4,268,
arcane_jayce,4,30,
arcane_jinx,4,601,
arcane_vi,4,418,
arcane_viktor,4,49,
arcanine,4,746,
arcee,4,458,
arceus,4,500,
arch_bishop_(ragnarok_online),4,1835,
arch_mage_(ragnarok_online),4,35,
archangel_(helltaker),4,70,
archangel_(p&d),4,32,
archangel_metatron_(p&d),4,90,
arche_klein,4,263,
archen,4,111,
archeops,4,173,
archer_(cool_and_wild)_(fate),4,77,
archer_(disgaea),4,152,
archer_(dragon_nest),4,46,
archer_(fate),4,5313,
archer_(fate/samurai_remnant),4,255,
archer_(fft),4,71,
archer_(pokemon),4,180,
archer_(ragnarok_online),4,197,
archer_(summer_casual)_(fate),4,107,
archer_alter_(fate),4,60,
archerfish_(azur_lane),4,37,
archerfish_(warship_girls_r),4,53,
archerko_(himura_kiseki),4,116,
archetto_(arknights),4,369,
archetto_(publicity_strategy)_(arknights),4,91,
archetype_earth,4,468,
archie_(pokemon),4,451,
architect_(frame_arms_girl),4,42,
architect_(girls'_frontline),4,438,
architect_(nvw_model)_(girls'_frontline),4,69,
archnemon,4,32,
arciela_v_adoulin,4,33,
arctic_fox_(kemono_friends),4,246,
arctic_hare_(kemono_friends),4,133,
arctic_wolf_(kemono_friends),4,77,
arctozolt,4,40,
arcueid_brunestud,4,2988,
ardbert_hylfyst,4,400,
arde_(len'en),4,75,
ardelia_(arknights),4,214,
arden_(fire_emblem),4,34,
ardi_(zelda),4,12,
ardyn_izunia,4,46,
areia_(alchemy_stars),4,42,
arene_(arknights),4,169,
ares_(fire_emblem),4,66,
arezu_(pokemon),4,743,
arf,4,342,
argalia_(project_moon),4,398,
argentea_(darling_in_the_franxx),4,65,
argenti_(honkai:_star_rail),4,281,
argilla,4,33,
argo_the_rat,4,117,
argos_(ff14),4,90,
argus_(azur_lane),4,56,
argus_(reverse:1999),4,57,
ari_(shichigatsu),4,65,
aria_(seiken_no_blacksmith),4,40,
aria_(sister_princess),4,138,
aria_(vampeerz),4,35,
aria_pokoteng,4,549,
aria_tenetorisu,4,56,
aria_vancleef,4,31,
aria_wintermint,4,160,
ariadoa_(kono_yuusha_ga_ore_tueee_kuse_ni_shinchou_sugiru),4,34,
ariados,4,159,
ariake_(azur_lane),4,30,
ariake_(kancolle),4,267,
ariana_(pokemon),4,86,
ariana_grande,4,43,
ariane_cevaille,4,31,
ariane_glenys_maple,4,55,
ariane_yeong,4,414,
arianna_caledonia,4,44,
arianna_the_labrynth_servant,4,122,
arianne_the_labrynth_servant,4,132,
ariaria_(netsuki),4,65,
arias_the_labrynth_butler,4,60,
arichi_masaomi,4,52,
ariduka_anto,4,60,
ariduka_formica,4,64,
ariel_(disney),4,361,
ariel_(kumo_desu_ga_nani_ka?),4,62,
ariel_(mecha),4,36,
ariel_(oukoku_no_shugo_tenshi),4,287,
ariel_(yu-gi-oh!),4,80,
ariel_org,4,41,
aries_muu,4,74,
aries_shion,4,49,
arietta_(tales),4,110,
arigato_usagi,4,55,
arihara_nanami,4,415,
arihara_satoru,4,65,
arihara_tsubasa,4,238,
arihara_yuuna_(hanauna),4,81,
arika_yumemiya,4,402,
arikawa_hime,4,93,
arima_haruka,4,38,
arima_kana,4,2895,
arima_kanae,4,36,
arima_keisuke,4,48,
arima_kishou,4,48,
arima_kousei,4,93,
arima_miyako,4,223,
arima_nana,4,87,
arima_senka,4,170,
arima_senne,4,532,
arima_souichirou,4,33,
arimura_hinae,4,39,
arimura_mao,4,364,
arimura_shion,4,42,
arin,4,465,
aris_(blue_archive),4,6344,
aris_(maid)_(blue_archive),4,1174,
arisa_(g_(genesis1556)),4,36,
arisa_(shadowverse),4,232,
arisa_(yuki_touko),4,44,
arisa_bannings,4,494,
arisa_crain_femiluna,4,34,
arisa_glennorth,4,46,
arisa_gunhale,4,40,
arisaka_hatsune,4,48,
arisaka_kazuki,4,35,
arisaka_mashiro,4,201,
arisawa_tatsuki,4,131,
arisegawa_arle,4,60,
arisen_(dragon's_dogma),4,176,
arishima_alice,4,87,
arisia_hellioxenes,4,126,
arisu_reiji,4,42,
arisugawa_dice,4,100,
arisugawa_himari,4,297,
arisugawa_juri,4,110,
arisugawa_natsuha,4,1337,
arisugawa_otome,4,200,
arisugawa_reiko,4,41,
arita_haruyuki,4,189,
arithmetician_(fft),4,30,
ariura_kanna,4,85,
arizona_(azur_lane),4,62,
arizuki_shiina,4,42,
arjuna_(fate),4,1269,
arjuna_(rokkotsu),4,96,
arjuna_(versus)_(fate),4,57,
arjuna_alter_(fate),4,372,
ark_royal_(azur_lane),4,399,
ark_royal_(coast_watcher)_(azur_lane),4,32,
ark_royal_(kancolle),4,1450,
arkhangelsk_(azur_lane),4,43,
arlan_(honkai:_star_rail),4,73,
arle_nadja,4,1118,
arlecchino_(cinder_of_two_worlds'_flames)_(genshin_impact),4,87,
arlecchino_(genshin_fes_2026)_(genshin_impact),4,16,
arlecchino_(genshin_impact),4,3570,
arlong,4,42,
armadimon,4,35,
armaldo,4,106,
armarouge,4,118,
armd,4,38,
armin_arlert,4,1287,
armored_aircraft_carrier_oni,4,136,
armored_aircraft_carrier_princess,4,147,
armored_titan,4,136,
army-san,4,31,
arnas_(yoru_no_nai_kuni),4,69,
arnaud_g._vasquez,4,40,
arnold_(jojo),4,88,
arnold_schwarzenegger,4,86,
arnval,4,205,
arnval_mk2,4,73,
arnval_mk2_tempesta,4,46,
aroma_(go!_princess_precure),4,81,
aromatisse,4,37,
aron,4,188,
arona_(blue_archive),4,4752,
arriet_(shingeki_no_bahamut),4,41,
arrietty,4,144,
arrodes_(lord_of_the_mysteries),4,35,
arrokuda,4,69,
ars_almal,4,582,
ars_almal_(1st_costume),4,230,
ars_almal_(2nd_costume),4,50,
ars_almal_(4th_costume),4,34,
arsalan_(housamo),4,293,
arsene,4,53,
arsene_(persona_5),4,156,
arsene_lupin_iii,4,484,
arshes_nei,4,42,
arshtat_falenas,4,36,
arslan,4,65,
arsloid,4,31,
art556_(girls'_frontline),4,95,
arte_(evillious_nendaiki),4,40,
artem_wing_(tears_of_themis),4,360,
artemi_lunavorsa,4,45,
artemis_(fate),4,275,
artemis_(hades),4,45,
artemis_(junketsu_no_maria),4,34,
artemis_(p&d),4,42,
artemis_(phantom_of_the_kill),4,31,
artemis_(sailor_moon),4,298,
artemis_(third_ascension)_(fate),4,30,
artemis_of_the_blue,4,208,
artemisia,4,56,
artemy_burakh,4,45,
artesia_som_deikun,4,31,
arthas_menethil,4,49,
arthur_(code_geass),4,89,
arthur_(fire_emblem:_genealogy_of_the_holy_war),4,63,
arthur_(fire_emblem_fates),4,49,
arthur_(granblue_fantasy),4,37,
arthur_fleck,4,48,
arthur_morgan,4,44,
arthur_pendragon_(fate),4,1017,
arthur_pendragon_(white_rose)_(fate),4,74,
arthur_pendragon_alter_(fate),4,56,
artia,4,51,
articuno,4,331,
artier's_character,4,65,
artificer_(rain_world),4,35,
artillery_imp,4,45,
artin_(boogbogex),4,51,
artina_(disgaea),4,33,
artist_kirby,4,32,
artoria_caster_(fate),4,2789,
artoria_caster_(first_ascension)_(fate),4,336,
artoria_caster_(second_ascension)_(fate),4,966,
artoria_caster_(swimsuit)_(fate),4,606,
artoria_caster_(swimsuit)_(first_ascension)_(fate),4,369,
artoria_caster_(swimsuit)_(second_ascension)_(fate),4,179,
artoria_caster_(swimsuit)_(third_ascension)_(fate),4,81,
artoria_caster_(third_ascension)_(fate),4,336,
artoria_pendragon_(alter_swimsuit_rider)_(fate),4,1616,
artoria_pendragon_(alter_swimsuit_rider)_(first_ascension)_(fate),4,189,
artoria_pendragon_(alter_swimsuit_rider)_(second_ascension)_(fate),4,1196,
artoria_pendragon_(alter_swimsuit_rider)_(third_ascension)_(fate),4,135,
artoria_pendragon_(fate),4,37549,
artoria_pendragon_(lancer)_(fate),4,3092,
artoria_pendragon_(lancer_alter)_(fate),4,1842,
artoria_pendragon_(lancer_alter)_(royal_icing)_(fate),4,469,
artoria_pendragon_(swimsuit_archer)_(fate),4,487,
artoria_pendragon_(swimsuit_archer)_(first_ascension)_(fate),4,290,
artoria_pendragon_(swimsuit_archer)_(second_ascension)_(fate),4,49,
artoria_pendragon_(swimsuit_archer)_(third_ascension)_(fate),4,71,
artoria_pendragon_(swimsuit_ruler)_(fate),4,1688,
artoria_pendragon_(swimsuit_ruler)_(second_ascension)_(fate),4,119,
artorias_the_abysswalker,4,317,
artur_(fire_emblem),4,37,
aru_(blue_archive),4,4798,
aru_(dress)_(blue_archive),4,725,
aru_(new_year)_(blue_archive),4,200,
aru_(sinsekai),4,46,
aru_(young)_(blue_archive),4,70,
arue_(konosuba),4,45,
arukanu,4,42,
aruko_okara,4,41,
arulumaya,4,267,
aruma_(shinrabanshou),4,53,
arumat_p._thanatos,4,36,
aruna_reaver,4,64,
arung_samudra_(cessa),4,309,
arunira,4,139,
arurandeisu,4,304,
arurandeisu_(old_design),4,30,
aruruu,4,412,
arusu_maria,4,32,
aruvina_(gu_luco),4,65,
arval_(fire_emblem),4,84,
arven_(pokemon),4,1153,
arvis_(fire_emblem),4,40,
arx-7_arbalest,4,47,
arx-8_laevatein,4,31,
arya_stark,4,31,
aryll,4,75,
arzuros,4,34,
as_nodt,4,46,
as_val_(girls'_frontline),4,67,
asaba_yuuta,4,35,
asada_aoi,4,82,
asada_shino,4,315,
asagami_fujino,4,362,
asagao_(kunoichi_tsubaki_no_mune_no_uchi),4,32,
asagi_(bombergirl),4,72,
asagi_marin,4,98,
asagi_shigure,4,33,
asagi_toshikazu,4,40,
asagi_tsukasa_(greatmosu),4,10,
asagiri_asagi,4,158,
asagiri_aya,4,39,
asagiri_gen,4,71,
asagiri_mai,4,85,
asagiri_miona_(ikachan_(norach57)),4,16,
asagiri_shiori,4,132,
asagiri_youko,4,199,
asagumo_(kancolle),4,1356,
asahi_(kancolle),4,145,
asahi_nayuta,4,31,
asahi_rokka,4,135,
asahi_sas_brutus,4,44,
asahikawa_yuuma,4,33,
asahina_akane_(casual)_(nijisanji),4,25,
asahina_akane_(nijisanji),4,97,
asahina_aoi,4,764,
asahina_arumi,4,108,
asahina_hiyori,4,315,
asahina_iroha,4,49,
asahina_kokomi,4,30,
asahina_mafuyu,4,1893,
asahina_mafuyu's_mother,4,93,
asahina_mikuru,4,4193,
asahina_mikuru_(adult),4,116,
asahina_mirai,4,1027,
asahina_mitsuru,4,154,
asahina_momoko,4,117,
asahina_natsuki,4,73,
asahina_nono,4,40,
asahina_samidare,4,47,
asahina_suzuka,4,31,
asahina_yui,4,59,
asahina_yuni,4,93,
asahina_yurina,4,86,
asahina_yuta,4,37,
asai_miki,4,104,
asai_mugi,4,30,
asaka_hiroshi,4,22,
asaka_kaori,4,112,
asaka_karin,4,1285,
asaka_karin_(kujibikido_swimsuit),4,37,
asakaze_(kancolle),4,910,
asakaze_risa,4,40,
asaki_yukiko,4,48,
asakura_(ishida_to_asakura),4,54,
asakura_ageha,4,41,
asakura_hao,4,46,
asakura_karen_(heaven_burns_red),4,206,
asakura_kazumi,4,109,
asakura_maina,4,37,
asakura_mao,4,54,
asakura_mihono,4,39,
asakura_nanao,4,38,
asakura_nemu,4,165,
asakura_otome,4,165,
asakura_rikako,4,318,
asakura_ryou,4,83,
asakura_ryouko,4,2473,
asakura_toru,4,2519,
asakura_yoh,4,145,
asakura_yume,4,160,
asakura_yuuna,4,38,
asakusa_midori,4,347,
asama_(azur_lane),4,43,
asama_(blooming_upon_bewitching_night)_(azur_lane),4,15,
asama_miya,4,47,
asama_tomo,4,278,
asami_kei,4,115,
asami_lilith,4,62,
asami_sato,4,376,
asami_yume,4,38,
asamiya_athena,4,691,
asamiya_mariko,4,44,
asamura_yuuta,4,42,
asanagi_(azur_lane),4,63,
asanagi_yori,4,212,
asanaka_yomogi,4,221,
asano_ayaka,4,20,
asano_fuka,4,117,
asano_ruri,4,33,
asari_nanami,4,493,
asashimo_(kancolle),4,1793,
asashimo_(yukata)_(kancolle),4,15,
asashimo_kai_ni_(kancolle),4,173,
asashio_(azur_lane),4,91,
asashio_(kancolle),4,5738,
asashio_(the_transfer_student_underneath_the_dancing_petals)_(azur_lane),4,37,
asashio_kai_ni_(kancolle),4,1865,
asatsuki_(cookie),4,117,
asatsuyu_sayoko,4,32,
asbel_lhant,4,711,
asbestos_(arknights),4,162,
ascalon_(arknights),4,113,
ascari_megane_(aurahack),4,46,
asch_(tales),4,249,
aschen_brodel,4,42,
asclepius_(fate),4,268,
asclepius_(nanoha),4,62,
ascoeur,4,37,
ascot_(rayearth),4,41,
asellus_(saga_frontier),4,143,
asemu_asuno,4,50,
asena_(speedl00ver),4,13,
asgar_(youtian),4,37,
asgore_dreemurr,4,149,
ash-greninja,4,82,
ash_(borrowed_power)_(fire_emblem),4,11,
ash_(closers),4,30,
ash_(fire_emblem),4,129,
ash_(phantom_brave),4,82,
ash_(rainbow_six_siege),4,87,
ash_(ranger)_(rainbow_six_siege),4,36,
ash_(titanfall_2),4,409,
ash_blossom_&_joyous_spring,4,125,
ash_carbide,4,33,
ash_crimson,4,234,
ash_ketchum,4,4947,
ash_lynx,4,91,
ash_sarai,4,37,
asha_(fate),4,32,
asha_(monster_world),4,43,
ashe_(league_of_legends),4,417,
ashe_(mega_man),4,169,
ashe_(overwatch),4,235,
ashe_(under_the_moon),4,83,
ashe_bradley,4,59,
ashe_ubert,4,283,
ashei,4,35,
ashelia_b'nargin_dalmasca,4,345,
ashen_one_(dark_souls_3),4,194,
ashera_(xenoblade),4,31,
ashida_machi,4,57,
ashido_mina,4,1525,
ashigaki_reina_(hinosaki),4,34,
ashigara_(aoki_hagane_no_arpeggio),4,54,
ashigara_(azur_lane),4,35,
ashigara_(housamo),4,62,
ashigara_(kancolle),4,2842,
ashigara_kai_ni_(kancolle),4,388,
ashihara_chihiro,4,32,
ashiharatsumori_koito,4,92,
ashikaga_chachamaru,4,134,
ashimine_arumi,4,31,
ashina_genichirou,4,66,
ashina_isshin,4,38,
ashitaka,4,218,
ashiya_(senran_kagura),4,39,
ashiya_douman_(fate),4,1990,
ashiya_douman_(second_ascension)_(fate),4,181,
ashiya_douman_(third_ascension)_(fate),4,202,
ashiya_shirou,4,77,
ashleigh_reid,4,194,
ashley_(pokemon),4,87,
ashley_(pokemon_bw098),4,38,
ashley_(warioware),4,731,
ashley_graham,4,722,
ashley_graham_(mouse),4,37,
ashley_graves,4,428,
ashley_graydon,4,33,
ashley_mizuki_robbins,4,81,
ashley_rosemarry,4,39,
ashley_taylor,4,85,
ashley_winchester,4,129,
ashlock_(arknights),4,179,
ashlock_(elite_ii)_(arknights),4,35,
ashru_(genshin_impact),4,92,
ashton_anchors,4,161,
ashtoreth_illacrimo,4,33,
ashu_yuuta,4,32,
ashwatthama_(fate),4,317,
asia_(trickcal),4,18,
asia_argento,4,542,
asimov_(spindle_(aidenr0)),4,68,
asirpa,4,783,
aska_(anakoluth),4,42,
askeladd,4,128,
askr_(fire_emblem),4,47,
aslaug_(fate),4,44,
asmis_hara,4,46,
asmodeus_(megido72),4,47,
asmodeus_(shinrabanshou),4,106,
asmodeus_(the_seven_deadly_sins),4,34,
asmodeus_(umineko),4,307,
asmodeus_alice,4,84,
asou_asuna,4,30,
asou_kasumi,4,45,
asou_misaki,4,103,
asou_natsumi,4,51,
asou_yui,4,33,
asou_yuma,4,53,
asou_yuuko,4,158,
asougi_rin,4,43,
asparagus_(girls_und_panzer),4,88,
asriel_dreemurr,4,371,
assal_(sennen_sensou_aigis),4,58,
assam_(girls_und_panzer),4,1321,
assassin_(fate/zero),4,990,
assassin_(granblue_fantasy),4,46,
assassin_(ragnarok_online),4,345,
assassin_cross_(ragnarok_online),4,737,
asselin_bb_ii,4,107,
asseylum_vers_allusia,4,574,
asshimar,4,69,
assistant_waddle_dee,4,67,
asta_(asicah),4,41,
asta_(black_clover),4,277,
asta_(honkai:_star_rail),4,377,
asta_rindo,4,73,
astarion,4,370,
astaroth_(p&d),4,82,
astaroth_(shinrabanshou),4,488,
astaroth_(uchihime),4,20,
astarotte_ygvar,4,196,
astarte_(strike_the_blood),4,40,
asteion,4,159,
astel_leda,4,464,
aster_(bat)_(nu_carnival),4,29,
aster_(granblue_fantasy),4,103,
aster_(nu_carnival),4,72,
aster_(scarlet_finesse)_(nu_carnival),4,12,
aster_arcadia,4,144,
asteria_of_the_white_woods,4,38,
asterion_(shadow_slave),4,27,
asterios_(fate),4,307,
asterius_(housamo),4,30,
astesia_(arknights),4,672,
astesia_(frlibe_on_the_palace)_(arknights),4,89,
astesia_(starseeker)_(arknights),4,115,
astgenne_(arknights),4,196,
astgenne_the_lightchaser_(arknights),4,36,
astolfo_(fate),4,6346,
astolfo_(memories_at_trifas)_(fate),4,539,
astolfo_(saber)_(fate),4,771,
astolfo_(saber)_(third_ascension)_(fate),4,236,
astolfo_(sailor_paladin)_(fate),4,1099,
astolfo_(sparkling_frills)_(fate),4,93,
astolfo_(sugar_vacation)_(fate),4,37,
aston_machan_(casual)_(umamusume),4,168,
aston_machan_(umamusume),4,909,
astoria_(azur_lane),4,47,
astra_militarum,4,296,
astraea_(fate),4,104,
astraea_(sora_no_otoshimono),4,175,
astral_(yu-gi-oh!),4,41,
astrid_(fire_emblem),4,63,
astrid_(pokemon),4,40,
astrid_hofferson,4,78,
astrologian_(final_fantasy),4,147,
astromech_droid,4,57,
asu_(sinsekai),4,53,
asugano_subaru,4,30,
asugi_(fire_emblem),4,64,
asui_tsuyu,4,2067,
asuka_(busou_shinki),4,34,
asuka_(senran_kagura),4,805,
asuka_(viper),4,38,
asuka_hina,4,116,
asuka_minato,4,79,
asuka_mirai_(aikatsu_friends!),4,47,
asuka_momoko,4,182,
asuka_r._kreutz,4,113,
asuka_ruu,4,35,
asuka_ryou,4,159,
asukagawa_chise,4,178,
asumi_alice_(mugetsu2501),4,10,
asumi_kana,4,73,
asumi_sena,4,180,
asuna_(blue_archive),4,11039,
asuna_(bunny)_(blue_archive),4,5399,
asuna_(sao),4,5173,
asuna_(sao-alo),4,650,
asuna_(stacia),4,200,
asura_(asura's_wrath),4,34,
asura_(elsword),4,77,
asura_(onmyoji),4,97,
asutora-chan,4,294,
asya_shubina,4,117,
atac,4,35,
atago_(azur_lane),4,4464,
atago_(hallmarks_of_winter)_(azur_lane),4,94,
atago_(kancolle),4,6800,
atago_(lily-white_vow)_(azur_lane),4,74,
atago_(school_traumerei)_(azur_lane),4,286,
atago_(space_atago)_(greyeth)_(azur_lane),4,69,
atago_(stunning_speedster)_(azur_lane),4,896,
atago_(summer_march)_(azur_lane),4,637,
atago_hiroe,4,123,
atago_kinue,4,110,
atalanta_(fate),4,1396,
atalanta_alter_(fate),4,400,
atalanta_alter_(first_ascension)_(fate),4,66,
atarashi_ako,4,388,
ataraxia_(hwangabi),4,10,
atem,4,262,
athanasia_de_alger_obelia,4,35,
athena_(ff14),4,56,
athena_(fire_emblem),4,35,
athena_(granblue_fantasy),4,130,
athena_(mythology),4,30,
athena_(p&d),4,140,
athena_(saint_seiya),4,101,
athena_cykes,4,388,
athena_glory,4,266,
athrun_zala,4,752,
atlanta_(azur_lane),4,37,
atlanta_(kancolle),4,2855,
atlanta_(warship_girls_r),4,64,
atlantic_puffin_(kemono_friends),4,212,
atlas_(mega_man),4,48,
atlas_(titanfall),4,32,
atlurkabuterimon,4,51,
atobe_keigo,4,31,
atoli_(.hack//),4,95,
atom_(tetsuwan_atom),4,158,
atom_eve,4,40,
atopi_(op_na_yarou),4,16,
atori_(aiyoku_shimai_lolita),4,170,
atou_haruki,4,1843,
atra_mixta,4,217,
atre,4,43,
atri,4,225,
atsuko_(blue_archive),4,1321,
atsuko_(minami-ke),4,35,
atsuko_(swimsuit)_(blue_archive),4,216,
atsushi_(osomatsu-san),4,63,
atsushi_kenzaki,4,49,
atsushi_toushirou,4,430,
attenborough_cortitch,4,68,
atticus_(pokemon),4,90,
attilio_regolo_(azur_lane),4,52,
atum_(stand),4,31,
atuy,4,35,
aty_(summon_night),4,419,
aubrey_(faraway)_(omori),4,1166,
aubrey_(headspace)_(omori),4,856,
aubrey_(neal_d._anderson),4,77,
aubrey_(omori),4,1958,
audie_(animal_crossing),4,117,
audino,4,341,
audrey_burne,4,243,
audrey_hall,4,167,
aug_(girls'_frontline),4,181,
aug_para_(girls'_frontline),4,46,
august_(coyote_ragtime_show),4,39,
august_von_parseval_(azur_lane),4,590,
august_von_parseval_(the_conquered_unhulde)_(azur_lane),4,206,
augusta_(granblue_fantasy),4,66,
augustine_sycamore,4,311,
augustus_(luca_kaneshiro),4,51,
aulbath,4,94,
aura_(.hack//),4,36,
aura_(sousou_no_frieren),4,733,
aura_bella_fiora,4,152,
aurea_juniper,4,213,
aurelia_le_guin,4,40,
aurelion_sol_(league_of_legends),4,30,
aurica_nestmile,4,153,
auro_of_the_nine,4,15,
aurochs_(kemono_friends),4,343,
auron,4,108,
aurora_(arknights),4,714,
aurora_(azur_lane),4,101,
aurora_(disney),4,106,
aurora_(elite_ii)_(arknights),4,104,
aurora_(fate),4,50,
aurora_(kagejitsu),4,28,
aurora_(kanachirou),4,71,
aurora_(last_origin),4,40,
aurora_(league_of_legends),4,108,
aurora_(warship_girls_r),4,37,
aurora_e._juutilainen,4,135,
aurora_sya_lis_kaymin,4,300,
aurore_(takatou_sora),4,30,
aurorus,4,119,
auruo_bossard,4,125,
aussa_(yu-gi-oh!),4,128,
aussa_the_earth_charmer,4,106,
australian_devil_(kemono_friends),4,290,
austria_(hetalia),4,173,
auto_(mega_man),4,38,
av-98_ingram,4,155,
ava_(a-soul),4,44,
ava_(orc_massage),4,31,
avalastia,4,46,
avalatia_aqua,4,25,
avalatia_ignis,4,36,
avalatia_luna,4,18,
avalo_pizarro,4,46,
avalugg,4,48,
avan_geiserford,4,36,
avant_garde_(blue_archive),4,58,
avaritia_(isekai_maou_gokko),4,15,
avatar_(project_sekai),4,41,
avenger_(dungeon_and_fighter),4,67,
aventurine_(anan)_(honkai:_star_rail),4,119,
aventurine_(final_victor)_(honkai:_star_rail),4,37,
aventurine_(honey_dice)_(honkai:_star_rail),4,11,
aventurine_(honkai:_star_rail),4,2862,
aversa_(fire_emblem),4,98,
avery_(pokemon),4,186,
avery_(skullgirls),4,65,
averythemayo,4,109,
avgust_(reverse:1999),4,67,
avicebron_(fate),4,194,
avidius_(wuthering_waves),4,29,
avril_vent_fleur,4,89,
avrora_(azur_lane),4,138,
awa_subaru,4,1385,
awakened_miki,4,290,
awakusu_akane,4,73,
awane_kokoro,4,70,
awashima_seri,4,65,
awatsuki_maaya,4,71,
awful_queen_(vtuber),4,84,
awilda_(p&d),4,35,
awoofy,4,54,
awp_(girls'_frontline)_(nekoya_(liu)),4,99,
axehorn_(ssambatea),4,30,
axel_(kingdom_hearts),4,387,
axel_almer,4,56,
axel_syrios,4,397,
axelotl_(axel_syrios),4,52,
axew,4,281,
axia_krone,4,119,
axia_krone_(1st_costume),4,42,
axis_deer_(kemono_friends),4,60,
axl_(mega_man),4,208,
axl_low,4,152,
axolotl_(minecraft),4,68,
aya_(jonsun),4,57,
aya_(oneechanbara),4,62,
aya_brea,4,237,
aya_drevis,4,116,
aya_hiyama_(misaki_nonaka),4,36,
aya_kobayashi,4,69,
ayabe_kihachirou,4,64,
ayabe_lilyna,4,32,
ayachi_nene,4,392,
ayaginu_temari,4,143,
ayakakashi,4,43,
ayako_(slam_dunk),4,44,
ayako_(twrlare),4,32,
ayame_(gundam_build_divers),4,214,
ayame_(senran_kagura),4,46,
ayame_(tenchuu),4,100,
ayame_kotoko,4,33,
ayamine_kei,4,109,
ayamy_(vtuber),4,42,
ayanami_(azur_lane),4,3167,
ayanami_(demon's_finest_dress)_(azur_lane),4,67,
ayanami_(grade_a_sailor_uniform)_(azur_lane),4,37,
ayanami_(kancolle),4,1719,
ayanami_(low-key_idol_@confused)_(azur_lane),4,72,
ayanami_(lunar_demon)_(azur_lane),4,65,
ayanami_(niconico)_(azur_lane),4,140,
ayanami_(nightfall_raiment)_(azur_lane),4,76,
ayanami_(pulse_of_the_new_year)_(azur_lane),4,54,
ayanami_(retrofit)_(azur_lane),4,759,
ayanami_(rock_'n'_demon)_(azur_lane),4,78,
ayanami_(warship_girls_r),4,46,
ayanami_kai_ni_(kancolle),4,275,
ayanami_rei,4,8587,
ayane-san,4,72,
ayane_(blue_archive),4,1028,
ayane_(doa),4,868,
ayane_(nagasarete_airantou),4,45,
ayane_(princess_connect!),4,84,
ayane_(swimsuit)_(blue_archive),4,291,
ayane_ichijou,4,61,
ayano_aishi,4,104,
ayano_mariangela,4,62,
ayano_rika,4,112,
ayanokouji_kiyotaka,4,117,
ayanokouji_pai,4,35,
ayanokouji_rem,4,213,
ayasaki_hayate,4,379,
ayasaki_remi,4,45,
ayasaki_wakana,4,34,
ayasaki_yuu,4,56,
ayase_arisa,4,368,
ayase_asagi,4,61,
ayase_chihaya,4,90,
ayase_eli,4,6690,
ayase_ena,4,125,
ayase_fuuka,4,342,
ayase_honoka,4,296,
ayase_mayoi,4,181,
ayase_miya,4,83,
ayase_momo,4,489,
ayase_momo_(gyaru_combat_style),4,90,
ayase_naru,4,162,
ayase_saki,4,89,
ayase_sakimi,4,34,
ayase_sayuki,4,71,
ayase_seiko,4,87,
ayase_yue,4,392,
ayase_yuka,4,54,
ayase_yuu_(1st_costume),4,37,
ayase_yuu_(2nd_costume),4,16,
ayasegawa_yumichika,4,46,
ayato_utae,4,72,
ayatsuji_tsukasa,4,746,
ayatsuki_nora,4,30,
ayatsuno_yuni,4,101,
ayazuki_mei,4,36,
aye-aye_(kemono_friends),4,84,
ayer,4,71,
ayerscarpe_(arknights),4,123,
ayesha_altugle,4,177,
ayin_(project_moon),4,273,
ayla:_brilliance_(punishing:_gray_raven),4,38,
ayla:_kaleido_(punishing:_gray_raven),4,59,
ayla_(chrono_trigger),4,321,
ayla_(punishing:_gray_raven),4,153,
aylwin_(azur_lane),4,53,
aymeric_de_borel,4,94,
ayn_alwyn,4,195,
ayn_alwyn_(corridor_of_fate),4,10,
ayn_alwyn_(dreamland_wonder),4,13,
ayn_alwyn_(mist_city),4,22,
ayra_(fire_emblem),4,244,
ayre_(armored_core_6),4,147,
ayuhara_natsu,4,100,
ayukawa_madoka,4,200,
ayukawa_miyuki,4,63,
ayukawa_tenri,4,89,
ayumi_(princess_connect!),4,35,
ayumi_(x-blades),4,38,
ayumu_(blue_archive),4,117,
ayumu_(zenkou),4,86,
ayunda_risu,4,780,
ayunda_risu_(1st_costume),4,304,
ayunda_risu_(3rd_costume),4,51,
ayuzawa_misaki,4,69,
az_sainklaus,4,30,
aza_choubei,4,56,
aza_touma,4,43,
azai_nagamasa_(sengoku_basara),4,41,
azalie_cait_sith,4,31,
azama_(fire_emblem),4,99,
azami_(kagerou_project),4,168,
azami_(xenoblade),4,37,
azato_jk_(yugaa),4,33,
azaz_(last_origin),4,50,
azazel_(azazel-san),4,91,
azazel_(helltaker),4,689,
azazel_(last_origin),4,52,
azazel_(shingeki_no_bahamut),4,32,
azazel_ameri,4,99,
azelf,4,204,
azelle_(fire_emblem),4,46,
azem_(ff14),4,56,
azer,4,39,
azeyma,4,57,
azhdaha_(genshin_impact),4,220,
azik_eggers,4,53,
azir,4,63,
aziraphale_(good_omens),4,176,
azki_(1st_costume)_(hololive),4,34,
azki_(2nd_costume)_(hololive),4,60,
azki_(3rd_costume)_(hololive),4,180,
azki_(4th_costume)_(hololive),4,381,
azki_(hololive),4,1373,
azki_(prima_diva)_(hololive),4,34,
azmaria_hendric,4,147,
azrael_(blazblue),4,52,
azrael_(grand_assassin)_(fate),4,167,
azriel_(no_game_no_life),4,33,
azucena_milagros_ortiz_castillo,4,31,
azuchi_momo,4,81,
azuki_(nekopara),4,234,
azuki_azusa,4,285,
azuki_miho,4,31,
azuki_nagamitsu_(touken_ranbu),4,54,
azul_ashengrotto,4,481,
azula,4,286,
azuma_(azur_lane),4,399,
azuma_(lily-white_longing)_(azur_lane),4,44,
azuma_(soft_voice_of_spring)_(azur_lane),4,111,
azuma_chitose,4,46,
azuma_fubuki,4,68,
azuma_hatsumi,4,101,
azuma_hazuki,4,137,
azuma_kaisen,4,84,
azuma_lim,4,136,
azuma_satori,4,76,
azuma_tokaku,4,126,
azuma_tooru,4,31,
azumane_asahi,4,53,
azumarill,4,452,
azumaya_haruka,4,103,
azumaya_koyuki,4,127,
azumi_(girls_und_panzer),4,344,
azumi_hagumu,4,74,
azumi_risa,4,84,
azura_(fire_emblem),4,1267,
azura_(hatari)_(fire_emblem),4,30,
azura_(new_year)_(fire_emblem),4,41,
azura_(performing_arts)_(fire_emblem),4,75,
azura_(young)_(fire_emblem),4,71,
azura_cecillia,4,130,
azurda_(xenoblade),4,83,
azure_(alchemy_stars),4,86,
azure_kite,4,38,
azurill,4,245,
azusa_(blue_archive),4,2302,
azusa_(cookie),4,238,
azusa_(granblue_fantasy),4,80,
azusa_(swimsuit)_(blue_archive),4,495,
azusa_mifuyu,4,250,
azusagawa_kaede,4,95,
azusagawa_sakuta,4,124,
azusagawa_tsukino,4,162,
azusawa_kohane,4,805,
a~chan,4,109,
b-ko_(shuuen_no_shiori),4,33,
b.va_(overwatch),4,30,
b_(sekiya_asami),4,30,
baal_(shiomachi),4,63,
baba_konomi,4,602,
baba_lamune,4,36,
babe_(fate),4,51,
baby_(dragon_ball),4,39,
baby_5,4,149,
baby_be'el,4,42,
baby_blue,4,38,
baby_face_(stand),4,42,
baby_luigi,4,60,
baby_mario,4,84,
bacharu_(vtuber),4,38,
bache_(azur_lane),4,697,
bache_(gorgeous_speed-star)_(azur_lane),4,40,
bache_(showy_sports_star)_(azur_lane),4,104,
bachira_meguru,4,239,
bachou,4,65,
bachou_mouki,4,85,
backbeako,4,1208,
backbeako_(torotei),4,201,
backbeard,4,1322,
bactrian_camel_(kemono_friends),4,43,
bad_end_beauty,4,81,
bad_end_happy,4,128,
bad_end_march,4,80,
bad_end_peace,4,98,
bad_end_sunny,4,68,
bad_girl,4,47,
bad_girl_(no_more_heroes),4,48,
bad_haro,4,98,
bad_piggies_(angry_birds),4,15,
badboyhalo,4,72,
baddap_sleed,4,87,
badeline,4,56,
bado_(kotoba_noriaki),4,42,
badou_nails,4,36,
badtz-maru,4,73,
bae_minah_(chaesu),4,570,
baek_ae-young,4,62,
baek_changpo,4,56,
baekto_(last_origin),4,64,
bagon,4,116,
bagpipe_(arknights),4,880,
bagpipe_(queen_no._1)_(arknights),4,234,
bah_(dragon_ball),4,30,
bahamut_(final_fantasy),4,136,
bahamut_(nikke),4,85,
bahamut_tifa,4,40,
bai_(granblue_fantasy),4,257,
bai_ling_(touqi_guaitan),4,251,
bai_liu,4,59,
bai_qi_(love_and_producer),4,49,
bai_winchester,4,149,
bai_xiao,4,38,
bai_yi_(path_to_nowhere),4,58,
bai_yuxiu,4,31,
baigaoji,4,49,
baiguio_(zhu_xian),4,211,
baiheng_(honkai:_star_rail),4,108,
baiken,4,1257,
baikinman,4,34,
bailey_(azur_lane),4,39,
bailu_(honkai:_star_rail),4,401,
baizhi_(wuthering_waves),4,185,
baizhu_(genshin_impact),4,389,
baji_keisuke,4,174,
bake-danuki_(genshin_impact),4,54,
bakebake_(touhou),4,105,
bakedanuki_(touhou),4,42,
bakeneko_(mononoke),4,21,
baker_nemo_(fate),4,118,
baku_(onegai_my_melody),4,38,
bakugou_katsuki,4,3868,
bakugou_masaru,4,30,
bakugou_mitsuki,4,239,
bakura_ryou,4,148,
balalaika_(black_lagoon),4,373,
balam_shichiro,4,64,
bald_eagle_(kemono_friends),4,307,
ball_(gundam),4,76,
ball_guy,4,87,
ballista_(sekaiju),4,58,
ballista_2_(sekaiju),4,33,
balloon_party,4,77,
balloon_vine_(flower_knight_girl),4,38,
balor_(housamo),4,71,
balrog_(doukutsu_monogatari),4,58,
balrog_(street_fighter),4,162,
balrog_(tolkien),4,35,
balsa,4,51,
baltan_seijin,4,36,
balthier,4,129,
balthus_von_albrecht,4,80,
baltimore_(after-school_ace)_(azur_lane),4,318,
baltimore_(azur_lane),4,1610,
baltimore_(black_ace)_(azur_lane),4,192,
baltimore_(evening_breeze_minuet)_(azur_lane),4,71,
baltimore_(finish_line_flagbearer)_(azur_lane),4,295,
baltimore_(muse)_(azur_lane),4,113,
baltoy,4,69,
bambietta_basterbine,4,266,
bambinata:_vitrum_(punishing:_gray_raven),4,62,
bambinata_(punishing:_gray_raven),4,176,
bamboo_memory_(ambition_of_the_black_iron)_(umamusume),4,42,
bamboo_memory_(ultra_marine)_(umamusume),4,39,
bamboo_memory_(umamusume),4,276,
bamiko_(nanju_bami),4,32,
ban_(inui_toko),4,49,
ban_(nanatsu_no_taizai),4,101,
ban_airi,4,45,
ban_hada,4,149,
ban_hada_(1st_costume),4,35,
banagher_links,4,247,
banana_(girls'_frontline),4,339,
banba_mahiru,4,106,
banba_shin'ya,4,53,
bandai_daisaku,4,32,
bandana_waddle_dee,4,553,
bandit_(tales_of_destiny_2),4,40,
bandou_marimo,4,53,
bandou_mikuru,4,90,
bane,4,34,
banette,4,567,
bang_(one-punch_man),4,57,
bangalore_(apex_legends),4,179,
bangboo_(zenless_zone_zero),4,727,
banica_conchita,4,133,
banjiao_qingniu,4,44,
banjo_(banjo-kazooie),4,142,
banpen_(todoroki_hajime),4,55,
banshee_(last_origin),4,35,
banshee_sister_(mechanical_buddy_universe),4,37,
banshouya_ena,4,125,
banyue_(zenless_zone_zero),4,364,
banzoin_hakka,4,372,
banzoin_hakka_(1st_costume),4,82,
bao_(kof),4,37,
bao_(vtuber),4,344,
bao_(vtuber)_(1st_costume),4,87,
bao_(vtuber)_(5th_costume),4,52,
bao_the_whale,4,633,
bao_the_whale_(1st_costume),4,95,
bao_the_whale_(citrus_love),4,55,
bao_the_whale_(rock_star),4,12,
bao_the_whale_(spring),4,27,
bao_the_whale_(winter),4,21,
baobhan_sith_(chaldea_satellite_station)_(fate),4,36,
baobhan_sith_(exhibition_attire)_(fate),4,40,
baobhan_sith_(fate),4,3646,
baobhan_sith_(fgo_fes._2024)_(fate),4,48,
baobhan_sith_(first_ascension)_(fate),4,1039,
baobhan_sith_(second_ascension)_(fate),4,291,
baobhan_sith_(swimsuit_pretender)_(fate),4,734,
baobhan_sith_(swimsuit_pretender)_(first_ascension)_(fate),4,402,
baobhan_sith_(swimsuit_pretender)_(second_ascension)_(fate),4,186,
baobhan_sith_(swimsuit_pretender)_(third_ascension)_(fate),4,151,
baobhan_sith_(third_ascension)_(fate),4,116,
baobhan_sith_(valentine_witches)_(fate),4,41,
baofu,4,32,
baphomet_(fate),4,41,
baphomet_(grizz),4,120,
baphomet_(monster_girl_encyclopedia),4,124,
baphomet_(niking),4,38,
baphomet_(ragnarok_online),4,37,
baphomet_jr,4,37,
baptiste_(overwatch),4,45,
bar_guy_(no_i'm_not_a_human),4,22,
barack_obama,4,68,
baral_(project_moon),4,35,
barara_peol,4,35,
barasuishou,4,552,
barawa,4,151,
barb-tan,4,36,
barbara_(dq6),4,249,
barbara_(genshin_impact),4,3599,
barbara_(summertime_sparkle)_(genshin_impact),4,574,
barbara_gordon,4,167,
barbara_lowell_(buttslayer),4,10,
barbara_parker,4,166,
barbaracle,4,48,
barbariana_(last_origin),4,68,
barbariccia,4,154,
barbary_lion_(kemono_friends),4,54,
barbata,4,43,
barbatos_(genshin_impact),4,197,
barbie_(character),4,211,
barbie_(shadows_house),4,45,
barboach,4,85,
barcarola_(asteroid_allegro)_(reverse:1999),4,15,
bard_(asgard),4,16,
bard_(final_fantasy),4,152,
bard_(league_of_legends),4,31,
bard_(ragnarok_online),4,49,
bard_(sekaiju),4,88,
bard_2_(sekaiju),4,56,
bardiche,4,1844,
bardiche_(assault_form),4,212,
bardiche_(axe_form),4,125,
bardiche_(bullova_form),4,49,
bardiche_(device_form),4,65,
bardiche_(haken_form),4,70,
bardiche_(nanoha),4,68,
bardiche_(riot_zanber_stinger),4,92,
bardiche_(scythe_form),4,88,
bardiche_(standby_form),4,147,
bardiche_(zanber_form),4,222,
bardock,4,378,
bare_legs_girl_(kamizaki_hibana),4,88,
barghest_(fate),4,1750,
barghest_(first_ascension)_(fate),4,126,
barghest_(ice_warrior)_(fate),4,74,
barghest_(like_a_lady)_(fate),4,69,
barghest_(second_ascension)_(fate),4,330,
barghest_(swimsuit_archer)_(fate),4,297,
barghest_(swimsuit_archer)_(final_ascension)_(fate),4,86,
barghest_(swimsuit_archer)_(first_ascension)_(fate),4,100,
barghest_(swimsuit_archer)_(second_ascension)_(fate),4,97,
bari_(destiny_child),4,41,
barinbo,4,70,
barioth,4,56,
barnabas_tharmr,4,40,
barnaby_brooks_jr.,4,3335,
barok_van_zieks,4,223,
barometz_(dungeon_meshi),4,13,
baron_bunny_(genshin_impact),4,647,
baron_of_hell,4,43,
barong_(trickcal),4,10,
barou_shouei,4,43,
barraskewda,4,33,
barrel_(live_a_hero),4,79,
barret_wallace,4,587,
barry_(pokemon),4,789,
bart_simpson,4,65,
bartholomew_fatima,4,68,
bartholomew_kuma,4,135,
bartholomew_roberts_(fate),4,139,
bartolomeo,4,61,
bartolomeus_(fire_emblem),4,11,
barton_(alchemy_stars),4,53,
bartre_(fire_emblem),4,47,
bartz_klauser,4,806,
barzam,4,35,
basch_fon_ronsenburg,4,80,
basculegion,4,115,
basculin,4,74,
basculin_(blue),4,39,
basculin_(red),4,46,
baselard,4,138,
bashame_meme,4,63,
bashcat_(greekceltic),4,13,
bashou_(senran_kagura),4,72,
basil_(faraway)_(omori),4,1694,
basil_(headspace)_(omori),4,1228,
basil_(hospital_gown)_(omori),4,84,
basil_(omori),4,2881,
basil_hawkins,4,71,
basilisk_(dungeon_meshi),4,21,
bass.exe_(mega_man),4,109,
bass_(mega_man),4,200,
bassist_(phantasm),4,10,
bastet_(houtengeki),4,143,
bastet_(mythology),4,83,
bastet_(p&d),4,276,
bastiodon,4,61,
bastion_(overwatch),4,110,
bat-eared_fox_(kemono_friends),4,125,
bat_(hokuto_no_ken),4,33,
bataan_(azur_lane),4,128,
batai,4,33,
batgirl,4,243,
bathym_(housamo),4,33,
batman,4,787,
batou_(gits),4,168,
batsubyou,4,414,
battle_academia_lux,4,32,
battle_bunny_miss_fortune,4,35,
battle_bunny_riven,4,243,
battle_girl_(pokemon),4,64,
battle_mage_(dungeon_and_fighter),4,71,
battle_magician_(elsword),4,56,
battleship_princess,4,2063,
battleship_summer_princess,4,140,
battleship_water_oni,4,408,
baund_doc,4,37,
baxcalibur,4,72,
baxter_(hazbin_hotel),4,13,
bay_(nikke),4,288,
bayleef,4,203,
baymax,4,235,
bayonetta,4,1584,
bazelgeuse,4,54,
bazett_fraga_mcremitz,4,808,
bazo_(vestia_zeta),4,59,
bb-28,4,75,
bb-8,4,71,
bb_(bb_shot!)_(fate),4,185,
bb_(fate),4,4977,
bb_(fate/extra),4,2272,
bb_(swimsuit_mooncancer)_(fate),4,2237,
bb_(swimsuit_mooncancer)_(first_ascension)_(fate),4,436,
bb_(swimsuit_mooncancer)_(second_ascension)_(fate),4,923,
bb_(swimsuit_mooncancer)_(third_ascension)_(fate),4,767,
bb_cosmo_(fate),4,82,
bb_dubai_(fate),4,345,
bea_(palentine's_2022)_(pokemon),4,38,
bea_(pokemon),4,3025,
beach_boy_(stand),4,42,
beagle_(arknights),4,119,
beak_(girls'_frontline),4,68,
beam_(chainsaw_man),4,138,
beam_kirby,4,52,
bean_bandit,4,49,
beanstalk_(arknights),4,314,
beanstalk_(elite_ii)_(arknights),4,30,
beanstalk_(gift_uncompleted)_(arknights),4,129,
bear_tsukasa,4,72,
bear_yutaka,4,32,
bearded_seal_(kemono_friends),4,48,
bearer_of_the_curse,4,102,
beargguy_iii,4,66,
beartic,4,101,
beast_(disney),4,45,
beast_(x-men),4,52,
beast_boy_(dc),4,215,
beast_king_(sekaiju),4,51,
beast_of_darkness_(berserk),4,34,
beast_titan,4,42,
beastling_(hollow_knight),4,25,
beastmaster_(final_fantasy),4,62,
beastmaster_(shadow_slave),4,10,
beat_(dragon_ball),4,58,
beat_(jsr),4,66,
beat_(mega_man),4,77,
beat_(trusty_bell),4,38,
beatrice_(blue_archive),4,72,
beatrice_(princess_principal),4,247,
beatrice_(re:zero),4,886,
beatrice_(umineko),4,2829,
beatrice_(wild_arms),4,88,
beatrix_(ff9),4,256,
beatrix_(granblue_fantasy),4,853,
beatrix_(halloween)_(granblue_fantasy),4,64,
beatrix_(kagejitsu),4,15,
beatrix_(summer)_(granblue_fantasy),4,32,
beatrix_amerhauser,4,52,
beatrix_bremer,4,66,
beatrix_kiddo,4,47,
beatrixa_(stella_sora),4,80,
beau_(animal_crossing),4,47,
beaubeanie_(honkai:_nexus_anima),4,10,
beautifly,4,257,
beauty_(bobobo-bo_bo-bobo),4,116,
beauty_(pokemon),4,101,
beauty_(zoza),4,42,
bebe-tan,4,111,
bebe_stevens,4,40,
bebinn,4,147,
beck_(mighty_no._9),4,53,
becky_blackbell,4,522,
bede_(champion)_(pokemon),4,35,
bede_(pokemon),4,1309,
bedivere_(fate),4,612,
bedman,4,66,
bedman?,4,36,
bee_(bee_and_puppycat),4,37,
beedrill,4,267,
beef_(dispatch),4,22,
beehunter_(arknights),4,53,
beelstarmon,4,200,
beelzebub_(azazel-san),4,100,
beelzebub_(beelzebub-jou),4,36,
beelzebub_(granblue_fantasy),4,62,
beelzebub_(helltaker),4,482,
beelzebub_(helluva_boss),4,32,
beelzebub_(sand_land),4,44,
beelzebub_(umineko),4,286,
beelzebumon,4,139,
beelzebumon_blast_mode,4,41,
beenic,4,198,
beerko,4,58,
beerus,4,178,
beeswax_(arknights),4,480,
beeswax_(weisser_sand)_(arknights),4,97,
beheeyem,4,76,
behemoth_(final_fantasy),4,39,
behind_prayers_(infinity_nikki),4,25,
behoimi,4,129,
beidou_(genshin_impact),4,1877,
bel'veth,4,36,
bel_(cyancapsule),4,58,
bela_dimitrescu,4,74,
belafu,4,48,
belafu_(human),4,83,
belarus_(hetalia),4,562,
beldum,4,208,
belfast_(azur_lane),4,3912,
belfast_(blissful_service)_(azur_lane),4,82,
belfast_(iridescent_rosa)_(azur_lane),4,154,
belfast_(piping-hot_perfection)_(azur_lane),4,95,
belfast_(shopping_with_the_head_maid)_(azur_lane),4,455,
belfast_(the_noble_attendant)_(azur_lane),4,105,
belfast_(the_pledge_of_claddagh)_(azur_lane),4,61,
belfraw_martini,4,101,
belgium_(hetalia),4,272,
belial_(granblue_fantasy),4,361,
believe_(purity)_(umamusume),4,55,
believe_(umamusume),4,34,
belinda_(unlight),4,31,
belka,4,44,
belka_(little_busters!),4,45,
bell_(spoiledmuffin),4,29,
bell_beast_(hollow_knight),4,64,
bell_cranel,4,372,
bell_mccamp_(warship_girls_r),4,47,
bell_zephyr,4,94,
bella_(a-soul),4,74,
bella_(honkai_impact),4,43,
bella_(sennen_sensou_aigis),4,41,
bellabot,4,38,
belladonna_(seiken_densetsu_3),4,51,
belldandy,4,759,
belle_(disney),4,136,
belle_(girls_und_panzer),4,47,
belle_(katahane),4,44,
belle_(kunnuscumnus),4,11,
belle_(ryuu_to_sobakasu_no_hime),4,34,
belle_(zenless_zone_zero),4,1280,
bellelba_(pokemon),4,70,
bellemere,4,71,
bellezza_felutia,4,254,
bellibolt,4,524,
bellona_(armed_to_clean)_(azur_lane),4,45,
bellona_(azur_lane),4,109,
bellona_(epic_seven),4,40,
bellossom,4,244,
bellows_(suisei_no_gargantia),4,192,
bellri_zenam,4,77,
bellringer_angel,4,55,
bellsprout,4,205,
belmond_banderas,4,258,
belo_betty,4,72,
belorta_(nikke),4,42,
belphegor_(reborn),4,197,
belphegor_(umineko),4,280,
belphemon,4,32,
belt-san,4,30,
beltorchika_irma,4,40,
bemelle,4,154,
ben_(rollingstonex6),4,34,
ben_bigger,4,230,
ben_freeling,4,15,
ben_jackson,4,35,
ben_tennyson,4,256,
benares_(honkai_impact),4,45,
benawi,4,46,
bendy,4,35,
benedikta_harman,4,35,
benevolent_leanne,4,38,
beni-chan_(beijuu),4,75,
beni_(pokemon),4,70,
benibara_nadeshiko,4,34,
benichidori,4,35,
benienma_(fate),4,634,
benienma_(third_ascension)_(fate),4,30,
benienma_alter_(fate),4,41,
benikurage_(cookie),4,640,
benisumomo,4,67,
benitoite_(houseki_no_kuni),4,40,
benjamin_(project_moon),4,86,
benn_beckman,4,109,
bennett_(genshin_impact),4,769,
benno_(honzuki_no_gekokujou),4,33,
benny_(fire_emblem),4,52,
benny_(len'en),4,38,
benson_(azur_lane),4,43,
benson_moretti,4,66,
benten_(housamo),4,30,
benten_(urusei_yatsura),4,105,
beom_liben,4,37,
beowulf_(fate),4,364,
beowulf_(skullgirls),4,102,
bepo,4,198,
beppo_(granblue_fantasy),4,80,
bercouli_(sao),4,35,
berdly_(deltarune),4,46,
berengaria_(unicorn_overlord),4,40,
beretta_model_38_(girls'_frontline),4,38,
berezovich_kryuger_(girls'_frontline),4,102,
bergamond_(crave_saga),4,57,
bergman's_bear_(kemono_friends),4,170,
bergmite,4,62,
beri_(zankuro),4,41,
berich_(7th_dragon),4,33,
berit_(eisu),4,45,
berkut_(fire_emblem),4,65,
berlinetta_(pixiv_fantasia),4,51,
bernadetta_von_varley,4,1206,
bernadetta_von_varley_(summer),4,44,
bernadetta_von_varley_(winter),4,41,
bernadette_gustav,4,30,
bernard_wiseman,4,57,
berno_light_(umamusume),4,39,
berserk_ryuuko,4,33,
berserker_(fate/zero),4,1096,
berserker_(final_fantasy),4,62,
berserker_(granblue_fantasy),4,141,
berserker_(tera_online),4,30,
bertha_(pokemon),4,55,
bertille_althusser,4,43,
bertolt_hoover,4,711,
beruche_(sailor_moon),4,37,
beruka_(fire_emblem),4,125,
beryl_(chaos_zero_nightmare),4,17,
beryl_(junkpuyo),4,89,
beryl_(shinrabanshou),4,37,
beryl_benito,4,74,
beryl_bouanich,4,229,
beryl_gut,4,57,
bessho_emma,4,42,
best_jeanist,4,67,
beta_(dream_hunter_rem),4,44,
beta_(inazuma_eleven),4,214,
beta_(kage_no_jitsuryokusha_ni_naritakute!),4,61,
beta_(kagejitsu),4,152,
beta_(muv-luv),4,60,
betamon,4,30,
bete_noire,4,64,
beth_(modern_mogal),4,40,
bethel_(alchemy_stars),4,38,
bethlehem_(alchemy_stars),4,65,
betilla_(rayman),4,44,
betoko,4,84,
bettel_2_(gavis_bettel),4,44,
bettelion_(gavis_bettel),4,32,
bettie_(pokemon),4,173,
betty_(neural_cloud),4,38,
betty_boop,4,44,
beverly_(nortuet),4,37,
bewear,4,324,
bewitching_elise,4,30,
beyond_the_pendulum,4,34,
bhima_(fate),4,166,
bhima_(second_ascension)_(fate),4,32,
bi-han,4,35,
bi_ting_(xia_lan),4,37,
bianca:_stigmata_(punishing:_gray_raven),4,67,
bianca:_veritas_(punishing:_gray_raven),4,39,
bianca_(agent_aika),4,34,
bianca_(black_survival),4,55,
bianca_(champion)_(pokemon),4,53,
bianca_(dq5),4,991,
bianca_(pokemon),4,1614,
bianca_(pokemon_heroes),4,152,
bianca_(punishing:_gray_raven),4,281,
bianka_durandal_ataegina,4,837,
bianka_durandal_ataegina_(bright_knight:_excelsis),4,106,
bianka_durandal_ataegina_(dea_anchora),4,75,
bianka_durandal_ataegina_(palatinus_equinox),4,139,
bianka_durandal_ataegina_(valkyrie_gloria),4,133,
bibarel,4,106,
bibcoon_(infinity_nikki),4,24,
bibeak_(arknights),4,36,
bibi_(splatoon),4,44,
bibi_(tokoyami_towa),4,1666,
bibi_biscuit,4,59,
biburi_(precure),4,86,
bicute_bunnies_miku,4,181,
bidiu_(the_legend_of_luoxiaohei),4,41,
bidoof,4,254,
big_al,4,54,
big_and_will_be_bad_wolf,4,43,
big_bad_wolf,4,580,
big_band,4,40,
big_bird_(project_moon),4,135,
big_bob_(arknights),4,79,
big_boss,4,375,
big_brother_(blue_archive),4,55,
big_daddy_(bioshock),4,59,
big_man_(splatoon),4,467,
big_o_(mecha),4,106,
big_shot_(splatoon),4,42,
big_sister_(navigavi),4,119,
big_the_cat,4,103,
big_yellow_cat_(omori),4,84,
big_zam,4,49,
bigdog,4,34,
biggs_(ff7),4,52,
biker_gang_boss_(blue_archive),4,21,
biker_peach,4,109,
biker_rosalina,4,62,
bikini_(dragon_ball),4,40,
bikko,4,152,
biko_pegasus_(gale_pegasus_type_zero)_(umamusume),4,65,
biko_pegasus_(umamusume),4,158,
bilbo_baggins,4,39,
bili_girl_22,4,348,
bili_girl_33,4,362,
bill_(black_souls),4,30,
bill_(left_4_dead),4,35,
bill_(pokemon),4,72,
bill_cipher,4,174,
billbine,4,44,
billy_(deadlock),4,11,
billy_(grim_adventures),4,32,
billy_(gyee),4,34,
billy_(peach88),4,86,
billy_coen,4,46,
billy_herrington,4,141,
billy_kane,4,153,
billy_katagiri,4,68,
billy_kid,4,399,
billy_lee_black,4,38,
billy_russell_(dickfish),4,206,
billy_the_kid_(fate),4,198,
biloxi_(azur_lane),4,35,
binah_(blue_archive),4,119,
binah_(project_moon),4,416,
binchou-tan_(character),4,75,
bing_hayu,4,37,
binturong_(kemono_friends),4,35,
biollante,4,31,
birch_(pokemon),4,104,
birdie_(street_fighter),4,74,
birdo,4,43,
birdramon,4,43,
birdy_cephon_altera,4,233,
biriri_(spacezin),4,52,
birmingham_(azur_lane),4,42,
bis_(jsr),4,48,
biscuit_(omori),4,36,
biscuit_griffon,4,37,
biscuit_krueger,4,112,
bishamon,4,77,
bishamonten,4,54,
bishamonten_(noragami),4,35,
bisharp,4,362,
bismarck_(azur_lane),4,919,
bismarck_(beacon_of_the_iron_blood)_(azur_lane),4,127,
bismarck_(iron_black_elysium)_(azur_lane),4,40,
bismarck_(kancolle),4,5225,
bismarck_(warship_girls_r),4,179,
bismarck_drei_(kancolle),4,83,
bismarck_kai_(kancolle),4,86,
bismarck_zwei_(azur_lane),4,134,
bismarck_zwei_(crystal-clear_holiday)_(azur_lane),4,58,
bison_(arknights),4,239,
bisuke-tan,4,97,
bitey_(arknights),4,129,
bitou_daisukenojou,4,55,
bitou_raimu,4,57,
bitter_glasse_(umamusume),4,88,
biwa_hayahide_(casual)_(umamusume),4,45,
biwa_hayahide_(noel_rouge_carol)_(umamusume),4,51,
biwa_hayahide_(umamusume),4,1301,
biyoo_(omniscient_reader's_viewpoint),4,33,
bj_(juusan_kihei_bouei_ken),4,39,
bjorn_(vinland_saga),4,41,
bkornblume,4,85,
bkub_duck,4,47,
blacephalon,4,101,
black-backed_jackal_(kemono_friends),4,35,
black-haired_boy_(iwzry),4,34,
black-haired_demon_girl_(shimmer),4,488,
black-headed_ibis_(kemono_friends),4,131,
black-tailed_gull_(kemono_friends),4,90,
black-tailed_prairie_dog_(kemono_friends),4,506,
black_(among_us),4,67,
black_battler,4,104,
black_canary,4,54,
black_cat_(marvel),4,245,
black_cat_d.va,4,216,
black_cellien_(kemono_friends),4,135,
black_dahlia,4,33,
black_delmo,4,281,
black_delmo_leader,4,72,
black_dragon_(kemono_friends),4,90,
black_dragon_girl_(distr),4,32,
black_egrets,4,61,
black_fox_girl_(yuuhagi_(amaretto-no-natsu)),4,15,
black_frost,4,75,
black_general,4,351,
black_getter,4,69,
black_gold_saw,4,308,
black_hair-chan_(ramchi),4,57,
black_hanekawa,4,741,
black_hayate,4,80,
black_heart_(neptunia),4,738,
black_jack_(character),4,366,
black_jaguar_(kemono_friends),4,268,
black_killers_(phantom_of_the_kill),4,52,
black_knife_assassin,4,48,
black_knife_tiche,4,38,
black_knight_(dark_souls),4,43,
black_knight_(fire_emblem),4,84,
black_knight_(granblue_fantasy),4,118,
black_kyurem,4,50,
black_lady,4,336,
black_lemon-chan,4,47,
black_leopard_(kemono_friends),4,147,
black_lilith_(last_origin),4,124,
black_lobelia,4,40,
black_lotus_(accel_world),4,35,
black_mage,4,516,
black_mage_(fft),4,70,
black_mage_(final_fantasy),4,65,
black_mamba_(kemono_friends),4,59,
black_maria_(one_piece),4,60,
black_panther_(marvel),4,57,
black_pearl_cookie,4,45,
black_pepper_(precure),4,49,
black_prince_(azur_lane),4,90,
black_reaper,4,54,
black_rhinoceros_(kemono_friends),4,75,
black_rock_shooter_(character),4,3921,
black_rose_(.hack//),4,86,
black_rose_dragon,4,104,
black_serval_(kemono_friends),4,57,
black_sig,4,44,
black_sister,4,164,
black_sister_(next-gen_cradle),4,89,
black_star,4,145,
black_suit_(blue_archive),4,141,
black_swan_(boundless_choreo)_(honkai:_star_rail),4,48,
black_swan_(honkai:_star_rail),4,2082,
black_tri-stars,4,40,
black_widow,4,221,
black_wyrm_(last_origin),4,78,
blackarachnia,4,70,
blackberry-chan,4,35,
blackberry_baelz,4,51,
blackberry_cookie,4,57,
blackbuck_(kemono_friends),4,238,
blackfire,4,95,
blackhole-chan,4,95,
blackmore,4,50,
blacknight_(arknights),4,92,
blacknight_(summer_flower)_(arknights),4,42,
blacksmith_(ragnarok_online),4,227,
blacktailmon,4,52,
blackwargreymon,4,45,
blackwatch_genji,4,43,
blade_(honkai:_star_rail),4,1906,
blade_(idol_apprentice)_(nu_carnival),4,11,
blade_(lovable_enforcer)_(nu_carnival),4,16,
blade_(nu_carnival),4,80,
blade_(sesame_cake)_(honkai:_star_rail),4,118,
blade_master_(elsword),4,83,
blaidd_the_half-wolf,4,296,
blaine_(pokemon),4,90,
blair_(soul_eater),4,227,
blair_dame,4,49,
blake_belladonna,4,2079,
blanc_(ameto_yuki),4,30,
blanc_(fortune_express)_(nikke),4,277,
blanc_(neptunia),4,1370,
blanc_(nikke),4,420,
blanc_(white_rabbit)_(nikke),4,53,
blanc_neige,4,88,
blanca_(fate),4,150,
blanche_(pokemon),4,133,
blanche_neige_(svet_yomi),4,75,
blank_(ff9),4,50,
blanka,4,287,
blanka-chan,4,68,
blastoise,4,641,
blathers_(animal_crossing),4,39,
blathine_(genshin_impact),4,56,
blaze_(arknights),4,1198,
blaze_(burst_feline)_(arknights),4,50,
blaze_(minecraft),4,40,
blaze_fielding,4,76,
blaze_the_cat,4,1579,
blazermate,4,49,
blaziken,4,692,
blazing_cartesia_the_virtuous,4,88,
blazing_heart_(elsword),4,74,
blemishine_(arknights),4,877,
blemishine_(moon_catastrborn)_(arknights),4,73,
blind_girl's_dog_(popopoka),4,76,
blind_girl_(popopoka),4,307,
blind_prince,4,46,
blinky_(hunter_x_hunter),4,86,
blinky_(pac-man),4,66,
blipper,4,59,
bliss_barson,4,77,
bliss_zero_(mega_man),4,48,
blissey,4,170,
blitz_(rainbow_six_siege),4,43,
blitzcrank,4,105,
blitzen,4,129,
blitzle,4,129,
blitzo_(helluva_boss),4,52,
blitzwing,4,38,
blonde_blazer,4,252,
blonde_catgirl_(ohta_yuichi),4,42,
blonde_dog_girl_(ri-net),4,210,
blonde_girl_(cloba),4,90,
blonde_girl_(itou),4,97,
blonde_girl_(okpriko),4,77,
blonde_girl_(popopoka),4,176,
blonde_hair-chan_(ramchi),4,83,
blonde_haired_nun_(nagioka),4,44,
blonde_ponytail_girl_(mdf_an),4,58,
blonde_shrine_maiden_from_a_future_era_(touhou),4,53,
blonney,4,188,
blood_devil_(chainsaw_man),4,60,
blood_moon_akali,4,39,
blood_stalk,4,30,
bloodbath_(project_moon),4,31,
bloodberry,4,65,
bloodhound_(apex_legends),4,427,
bloody_crow_of_cainhurst,4,50,
bloody_marie_(skullgirls),4,337,
bloody_queen_(elsword),4,64,
bloody_wolf_(elden_ring),4,258,
bloom_(irys),4,179,
bloom_(winx_club),4,42,
bloom_up_(nikki),4,29,
bloop_(gawr_gura),4,1774,
blooper_(mario),4,173,
blooregard_q_kazoo,4,91,
blossom_(pokemon),4,31,
blossom_(ppg),4,432,
blouson_chiemi,4,34,
blu_engineer_(tf2),4,37,
blu_pyro_(tf2),4,146,
blu_scout_(tf2),4,38,
blu_soldier_(tf2),4,37,
blu_spy_(tf2),4,61,
blubberbeast_(genshin_impact),4,78,
blue-eyed_girl_(hayabusa),4,37,
blue-eyes_white_dragon,4,243,
blue-haired_boy_(how_to_draw_manga),4,53,
blue_(among_us),4,88,
blue_(happinesscharge_precure!),4,62,
blue_(konkichi),4,43,
blue_(nanostar),4,38,
blue_(saga_frontier),4,33,
blue_angel,4,123,
blue_badger,4,64,
blue_bird_(akitsu_taira),4,44,
blue_cat_(precure),4,110,
blue_delmo,4,123,
blue_destiny_01,4,53,
blue_dragon_(kemono_friends),4,70,
blue_hair-chan_(ramchi),4,34,
blue_little_pig_(sinoalice),4,34,
blue_mage,4,100,
blue_mary,4,425,
blue_oak,4,2592,
blue_oak_(arc_suit),4,17,
blue_oak_(champion),4,39,
blue_oak_(sygna_suit),4,59,
blue_pikmin,4,657,
blue_poison_(arknights),4,1691,
blue_poison_(elite_ii)_(arknights),4,125,
blue_poison_(shoal_beat)_(arknights),4,800,
blue_rose_(tiger_&_bunny),4,497,
blue_sapphire_(rainbow_bubblegem),4,15,
blue_star,4,40,
blue_tamamo_nine_member_(fate),4,12,
blue_tears_(infinite_stratos),4,40,
blue_toad_(mario),4,90,
blue_whale_(kemono_friends),4,187,
blue_wildebeest_(kemono_friends),4,39,
bluebell,4,35,
bluecher_(azur_lane),4,100,
blueno,4,37,
bluesona_(bluethebone),4,104,
blushbunny_(infinity_nikki),4,58,
blyskawica_(flandre5carlet),4,19,
bmo,4,118,
boa_hancock,4,1368,
boa_sandersonia,4,37,
bob-omb,4,218,
bob_(animal_crossing),4,33,
bob_(overwatch),4,34,
bob_ross,4,46,
boba_fett,4,61,
bobble-chan_(splatoon),4,32,
bobby_fulbright,4,36,
bobcat_(kemono_friends),4,40,
bobobo-bo_bo-bobo_(character),4,64,
bocchan_(shinigami_bocchan_to_kuro_maid),4,35,
boco,4,53,
boey_(fire_emblem),4,66,
boingo,4,90,
boise_(azur_lane),4,115,
boise_(sheepish_sapphire)_(azur_lane),4,39,
bojji,4,192,
boko_(girls_und_panzer),4,2836,
bokoblin,4,165,
bokukawauso,4,660,
bokuto_koutarou,4,454,
boldore,4,50,
bolin,4,144,
bolo_(shantae),4,46,
boltund,4,95,
bomb_(final_fantasy),4,89,
bomb_devil_(chainsaw_man),4,192,
bomb_kirby,4,30,
bomb_man,4,56,
bon_(vtuber),4,85,
bon_bonne_(mega_man),4,31,
bon_clay,4,74,
bon_homme_richard_(azur_lane),4,46,
bonanus_(genshin_impact),4,122,
bonbori,4,35,
bond_(spy_x_family),4,666,
bondrewd,4,427,
boney,4,152,
bongo_cat,4,198,
bongy_(project_moon),4,62,
bonjin_(pageratta),4,61,
bonnibelle_amai,4,48,
bonnie_(bunny_gif),4,73,
bonnie_(fnaf),4,59,
bonnie_(pokemon),4,399,
bonobono_(character),4,46,
bonolenov_ndongo,4,30,
bonsly,4,87,
bonta-kun,4,95,
boo_(mario),4,1419,
boo_tao_(genshin_impact),4,4964,
boogeyman_(housamo),4,130,
boogiepop_(character),4,60,
book_of_fuxi,4,65,
book_of_the_azure_sky,4,101,
booker_dewitt,4,38,
boomei_(nanashi_mumei),4,71,
boomina,4,40,
boomslang_(kemono_friends),4,34,
boota_(ttgl),4,705,
boothill_(honkai:_star_rail),4,662,
bootlegger_loba,4,30,
borg_(alien_nine),4,76,
boris_airay,4,51,
boris_jinneman,4,35,
born_flawless_(infinity_nikki),4,40,
borongo,4,123,
boros_(ouro_kronii),4,380,
borr,4,75,
borsalino_(kizaru),4,208,
bort,4,409,
boryeon_(last_origin),4,248,
bos_brunnen,4,65,
bosacius_(genshin_impact),4,82,
bosako_(haguhagu),4,92,
bosch_1/64,4,45,
boss_(gindoro),4,33,
boss_(shisei),4,12,
botamon,4,72,
botan_(clannad),4,168,
botan_(yu_yu_hakusho),4,247,
bottle_miku,4,669,
bou_(sen_to_chihiro_no_kamikakushi),4,56,
boucheron_(fire_emblem),4,63,
boudica_(fate),4,1359,
boudica_(third_ascension)_(fate),4,104,
bouffalant,4,68,
bouhatei_tetora,4,76,
boukou-chan_(tokiwata_soul),4,74,
bouncy_(kirby),4,32,
bounsweet,4,364,
bouquet_(blue_dragon),4,41,
bow_(paper_mario),4,119,
bow_kid,4,31,
bowman_jean,4,44,
bowser,4,1601,
bowser_jr.,4,293,
bowsette,4,3799,
bowsette_jr.,4,75,
bowtruckle,4,37,
boyakki,4,44,
boyd_(fire_emblem),4,83,
boyfriend_(friday_night_funkin'),4,113,
boyfriend_(houkago_play),4,38,
boyfriend_(yoru_mac),4,55,
br'er_fox_(disney),4,47,
bra_(dragon_ball),4,261,
bracelet_girls,4,179,
brachydios,4,51,
brad_evans,4,35,
bradamante_(fate),4,948,
bradamante_(first_ascension)_(fate),4,277,
bradamante_(second_ascension)_(fate),4,64,
bradamante_(third_ascension)_(fate),4,252,
bradamante_(welcome_bunny)_(fate),4,37,
brady_(fire_emblem),4,43,
braid_girl_(enmu's_recruits),4,34,
braided_ponytail_lamia_(dungeon_meshi),4,42,
brain_drain_(skullgirls),4,32,
braixen,4,1331,
brand_(league_of_legends),4,36,
brandish_mu,4,34,
brandon_(pokemon),4,33,
branwen_(queen's_blade),4,62,
brass_(medarot),4,44,
brassius_(pokemon),4,145,
braum_(league_of_legends),4,82,
brave_princess_(ishiyumi),4,36,
braveman,4,218,
bravern,4,365,
braviary,4,156,
brawly_(pokemon),4,67,
brazilian_miku,4,1118,
breeze_(arknights),4,39,
breloom,4,244,
bremen_(ergot),4,19,
bremerton_(azur_lane),4,4713,
bremerton_(day-off_date)_(azur_lane),4,199,
bremerton_(kung_fu_cruiser)_(azur_lane),4,422,
bremerton_(pillowed_counseling)_(azur_lane),4,59,
bremerton_(relaxation_consultation)_(azur_lane),4,167,
bremerton_(scorching-hot_training)_(azur_lane),4,1642,
bren_(girls'_frontline),4,34,
bren_ten_(girls'_frontline),4,33,
brendan_(pokemon),4,2251,
brendan_(sygna_suit)_(pokemon),4,32,
brennus_(azur_lane),4,43,
brera_sterne,4,127,
brest_(azur_lane),4,118,
brest_(marine_muse)_(azur_lane),4,37,
brewster_(animal_crossing),4,35,
brey,4,88,
brian_griffin,4,44,
briar_(league_of_legends),4,391,
briar_(pokemon),4,82,
briar_rose_(sinoalice),4,156,
briareos_hecatonchires,4,39,
brid_(nikke),4,242,
brid_(silent_track)_(nikke),4,162,
bridget_(guilty_gear),4,3378,
bridget_evans,4,50,
brief_(psg),4,335,
brigette_(pokemon),4,40,
brighid_(xenoblade),4,454,
bright_noa,4,125,
brigid_(fire_emblem),4,169,
brigid_(pirate)_(fire_emblem),4,36,
brigitte_(overwatch),4,344,
brigitte_stark,4,41,
brimstone_(valorant),4,37,
bring_stabity,4,58,
brioche_d'arquien,4,55,
brionne,4,224,
bristle,4,41,
british_admiral_(y.ssanoha),4,75,
britomart_(fate),4,137,
britomart_(second_ascension)_(fate),4,41,
brittany_(pikmin),4,123,
broca_(arknights),4,84,
broccoli_(ohasi),4,78,
brock_(pokemon),4,625,
broken_sword_(shadow_slave),4,12,
broken_vessel_(hollow_knight),4,46,
broly_(dragon_ball_super),4,616,
broly_(dragon_ball_z),4,447,
bronto_burt,4,127,
bronya_rand,4,922,
bronya_zaychik,4,3558,
bronya_zaychik_(black_nucleus),4,109,
bronya_zaychik_(drive_kometa),4,46,
bronya_zaychik_(haxxor_bunny),4,252,
bronya_zaychik_(herrscher_of_reason),4,387,
bronya_zaychik_(herrscher_of_truth),4,334,
bronya_zaychik_(outstanding_attitude),4,82,
bronya_zaychik_(silverwing:_n-ex),4,1100,
bronya_zaychik_(snowy_sniper),4,87,
bronya_zaychik_(valkyrie_chariot),4,109,
bronya_zaychik_(wolf's_dawn),4,162,
bronya_zaychik_(yamabuki_armor),4,102,
bronzong,4,131,
bronzor,4,74,
brook_(one_piece),4,683,
brooke_(mleth),4,263,
brooklyn_(azur_lane),4,68,
brooklyn_(kancolle),4,153,
broom_hatter,4,37,
brown-haired_cat_girl_(kevbot),4,49,
brown_(among_us),4,52,
brown_bear_(kemono_friends),4,881,
brown_hair-chan_(ramchi),4,51,
brown_hair_girl_(nagioka),4,72,
brown_haired_glasses_elf_(houtengeki),4,109,
brown_kemomimi-chan_(krr),4,107,
brown_long-eared_bat_(kemono_friends),4,767,
brown_thoroughbred_(kemono_friends),4,171,
brown_twintails_girl_(mdf_an),4,55,
brownie_(last_origin),4,84,
bruce_banner,4,129,
bruce_lee,4,40,
bruce_wayne,4,372,
brucie_(infighter821),4,70,
bruenhilde_(azur_lane),4,87,
brume_(reverse:1999),4,167,
brunnya_(fire_emblem),4,41,
bruno_(pokemon),4,132,
bruno_(yu-gi-oh!),4,196,
bruno_bucciarati,4,1505,
brushbug,4,35,
bruxish,4,41,
bryan_fury,4,74,
bryce_callahan,4,44,
brycen_(pokemon),4,98,
brynhildr_(cheer_for_master)_(fate),4,76,
brynhildr_(fate),4,843,
brynhildr_(swimsuit_berserker)_(fate),4,103,
brynhildr_(swimsuit_berserker)_(first_ascension)_(fate),4,72,
bryony_(pokemon),4,33,
bt-7274,4,68,
bubba_(watson_amelia),4,784,
bubble_(arknights),4,50,
bubble_(the_amazing_digital_circus),4,34,
bubble_girl_(boku_no_hero_academia),4,56,
bubble_gum_fellow_(popping!)_(umamusume),4,57,
bubble_gum_fellow_(umamusume),4,32,
bubble_head_nurse,4,121,
bubble_man,4,70,
bubble_slime,4,41,
bubbles_(ppg),4,407,
bubi_(ironmouse),4,77,
bucephalus_(fate),4,50,
buchou,4,33,
buchou_(houkago_play),4,58,
buck_(pokemon),4,34,
bucky_(chainsaw_man),4,74,
buddha,4,231,
buddha's_temptation_(the_tale_of_food),4,66,
buddha_(saint_onii-san),4,55,
budew,4,411,
buena_vista_(casual)_(umamusume),4,77,
buena_vista_(heroina_inocente)_(umamusume),4,220,
buena_vista_(umamusume),4,215,
buffalo_bell,4,70,
buffpup_(vtuber),4,57,
buffson,4,39,
bug_catcher_(pokemon),4,52,
bug_miku_(project_voltage),4,151,
buggy_the_clown,4,291,
bugs_bunny,4,91,
bugsy_(pokemon),4,219,
build_burning_gundam,4,37,
buizel,4,234,
bulbasaur,4,1924,
bulbmin,4,55,
bulborb,4,150,
bulkhead,4,50,
bull_sprite_(pokemon),4,64,
bullet_(blazblue),4,329,
bullet_bill,4,142,
bulleta,4,357,
bulma,4,1979,
bulma_(future),4,44,
bumblebee_(transformers),4,383,
bun_(kirby),4,38,
bunbee_(yes!_precure_5),4,41,
bundou_seika,4,45,
buneary,4,600,
bunet_(fire_emblem),4,59,
bungaku_shoujo_(danshi_koukousei),4,60,
bungo_yayoi,4,47,
bunker_hill_(azur_lane),4,62,
bunnelby,4,102,
bunnie_rabbot,4,36,
bunny_(d-rex),4,62,
bunny_(trickster),4,77,
bunny_ayumi,4,92,
bunny_girl_(dduck_kong),4,39,
bunny_girl_(yuuhagi_(amaretto-no-natsu)),4,166,
bunny_girl_guard_(sr)_(blue_archive),4,35,
bunny_mint,4,35,
bunny_nun_(diva),4,154,
bunyip_(monster_girl_encyclopedia),4,37,
burabura,4,57,
buranko_(marchen),4,35,
buratei_marii,4,172,
burent,4,40,
burgerberg_q-taro,4,31,
burgerpants,4,50,
burgh_(pokemon),4,147,
burgundy_(pokemon),4,45,
burmy,4,82,
burmy_(plant),4,58,
burnet_(pokemon),4,98,
burnice_white,4,608,
burnin_(boku_no_hero_academia),4,90,
burning_arisa,4,52,
burning_blaze,4,68,
buro_(muse_dash),4,110,
buront,4,594,
burter,4,55,
bushidou_(sekaiju),4,255,
bushidou_2_(sekaiju),4,161,
bushidou_4_(sekaiju),4,76,
buster_machine_7,4,83,
busujima_kiyoko_(narisokonai),4,20,
busujima_mason_rio,4,77,
busujima_rio_mason,4,40,
busujima_saeko,4,559,
butch_(pokemon),4,67,
butler_(zenless_zone_zero),4,63,
butter_(trickcal),4,50,
buttercup_(ppg),4,496,
butterfree,4,509,
butters_stotch,4,128,
buzhichun_(xinyue_tongxing),4,17,
buzz_lightyear,4,39,
buzzwole,4,149,
bwanga,4,38,
bx-02_blodia,4,32,
byakko_(kemono_friends),4,113,
byakudan_kagome,4,64,
byakuya_(under_night_in-birth),4,30,
byerley_turk_(umamusume),4,106,
byleth_(female)_(fire_emblem),4,5338,
byleth_(female)_(frosty_professor)_(fire_emblem),4,50,
byleth_(female)_(summer)_(fire_emblem),4,638,
byleth_(fire_emblem),4,6915,
byleth_(male)_(fire_emblem),4,1949,
byleth_(male)_(halloween)_(fire_emblem),4,36,
byron_(pokemon),4,75,
byunei,4,33,
c-3po,4,57,
c-93_(girls'_frontline),4,30,
c-ms_(girls'_frontline),4,237,
c-ms_(the_wonderful_adventures_of_goose)_(girls'_frontline),4,40,
c-sha,4,65,
c-ta,4,34,
c.c.,4,5415,
c.c._lemon_(character),4,286,
c.i.e.l_(fate),4,101,
c.q._cumber_(splatoon),4,44,
c14_(girls'_frontline),4,32,
c2-chan,4,74,
c96_(girls'_frontline),4,70,
caam_serenity_of_gusto,4,83,
cabba,4,153,
cabernet_(path_to_nowhere),4,58,
cable_(marvel),4,43,
cacao_(lamune),4,46,
cacnea,4,181,
cacodemon,4,120,
cacturne,4,125,
cacucu_(genshin_impact),4,166,
cadie,4,52,
caeda_(bridal)_(fire_emblem),4,42,
caeda_(fire_emblem),4,534,
caeda_(summer)_(fire_emblem),4,46,
cael_anselm,4,208,
cael_anselm_(everyday_outfit),4,25,
caeldori_(fire_emblem),4,76,
caelus_(honkai:_star_rail),4,3000,
caenis_(fate),4,1404,
caenis_(swimsuit_rider)_(fate),4,198,
caenis_(swimsuit_rider)_(first_ascension)_(fate),4,138,
caesar_(girls_und_panzer),4,608,
caesar_anthonio_zeppeli,4,5112,
caesar_clown,4,54,
caesar_king_(zenless_zone_zero),4,592,
cafe_(cafe-chan_to_break_time),4,242,
cafe_cuties_gwen,4,75,
cafe_cuties_soraka,4,52,
cafe_no_zombi-ko,4,62,
cafe_no_zombi-ko_(1st_costume),4,30,
cagalli_yula_athha,4,897,
cagliostro_(granblue_fantasy),4,1403,
cagliostro_(halloween)_(granblue_fantasy),4,67,
cagliostro_(summer)_(granblue_fantasy),4,44,
cagliostro_(symphogear),4,86,
cagliostro_(youthful_uniform)_(granblue_fantasy),4,38,
cagnazzo,4,32,
cahara_(fear_&_hunger),4,43,
cai_(fire_emblem),4,25,
cai_lin_(doupo_cangqiong),4,216,
cailleach_bheur_(last_origin),4,35,
caim_(drag-on_dragoon),4,109,
caiman_(dorohedoro),4,245,
caimu_(simoun),4,40,
cain_(granblue_fantasy),4,51,
caine_(the_amazing_digital_circus),4,115,
cairngorm_(houseki_no_kuni),4,242,
cait_sith_(ff7),4,290,
cait_sith_(final_fantasy),4,75,
caitlin_(fall_2021)_(pokemon),4,79,
caitlin_(pokemon),4,531,
caitlyn_(league_of_legends),4,1057,
caius_qualls,4,47,
cake_(adventure_time),4,47,
cake_hound,4,38,
cal_devens,4,43,
cal_ruslan,4,31,
cala,4,81,
cala_maria_(cuphead),4,50,
calamity_jane_(fate),4,185,
calamity_mary,4,37,
calamo_(zelda),4,11,
calcharo_(wuthering_waves),4,57,
calcifer,4,98,
caleen_keemosn,4,69,
calem_(champion)_(pokemon),4,55,
calem_(pokemon),4,1349,
calen_(time_bokan),4,76,
calenda_(kemono_friends),4,134,
caliburn_(sonic),4,39,
california_(azur_lane),4,64,
california_sea_lion_(kemono_friends),4,79,
californian_sea_otter_(kemono_friends),4,53,
caligula_(fate),4,157,
calimero_(honey_come_chatka!!),4,138,
call_(mighty_no._9),4,198,
call_e,4,64,
call_f,4,54,
called_by_the_grave,4,62,
callie_(splatoon),4,3323,
callisto_(greyeth),4,66,
calne_ca,4,192,
calstone_light_o_(casual)_(umamusume),4,42,
calstone_light_o_(one_true_path)_(umamusume),4,201,
calstone_light_o_(umamusume),4,281,
caltina_(pepekekeko),4,77,
calum_(existence),4,49,
calvados_(jinguu),4,36,
calvina_coulange,4,30,
calyrex,4,224,
camazotz_(fate),4,117,
camellya_(wuthering_waves),4,242,
camera_waddle_dee,4,66,
camerupt,4,149,
camie_(one_piece),4,48,
camieux,4,260,
camila_(cami_2.0)_(vtuber),4,22,
camila_(cami_3.0)_(vtuber),4,28,
camila_(vtuber),4,49,
camilla_(fire_emblem),4,2055,
camilla_(hostile_springs)_(fire_emblem),4,46,
camilla_(light_of_nohr)_(fire_emblem),4,63,
camilla_(new_year)_(fire_emblem),4,37,
camilla_(ninja)_(fire_emblem),4,44,
camilla_(spring)_(fire_emblem),4,121,
camilla_(summer)_(fire_emblem),4,128,
camilla_regina,4,30,
camille_(league_of_legends),4,55,
camille_rhodes_(yan_kodiac),4,38,
camio_(randal's_friends),4,16,
cammy_white,4,4615,
campo_flicker_(kemono_friends),4,171,
camu_(punishing:_gray_raven),4,34,
camus_(dq11),4,428,
camus_(fire_emblem),4,50,
camus_(uta_no_prince-sama),4,52,
camyu,4,192,
can_(honkai_impact),4,186,
cana_alberona,4,69,
canaan_(character),4,268,
canada_(hetalia),4,269,
canal_vorfeed,4,233,
canari_(pokemon),4,2386,
canas_(fire_emblem),4,30,
cancer_death_mask,4,44,
candace_(genshin_impact),4,612,
candela_(pokemon),4,147,
candeloro,4,107,
candeloro's_familiars,4,31,
candice_(pokemon),4,395,
candice_catnipp,4,86,
candy_(smile_precure!),4,466,
candy_cane_(rumble_roses),4,50,
candy_snail_(porforever),4,34,
canna_(granblue_fantasy),4,46,
canon_memphis,4,60,
canopus_wolph,4,37,
cantabile_(arknights),4,66,
canti,4,188,
canute,4,49,
canyne,4,139,
cao_cao,4,47,
cap'n_cuttlefish,4,173,
caper_(arknights),4,91,
capiller_(kirby),4,30,
capitano_(genshin_impact),4,227,
capone_gang_bege,4,31,
cappy_(kirby),4,49,
cappy_(mario),4,131,
capricorn_shura,4,40,
captain_(chaos_zero_nightmare),4,28,
captain_(hellsing),4,41,
captain_(honkai_impact),4,518,
captain_(kemono_friends),4,1176,
captain_(master_of_eternity),4,263,
captain_amari,4,196,
captain_america,4,648,
captain_commando_(character),4,38,
captain_falcon,4,406,
captain_ginyu,4,59,
captain_hannah,4,61,
captain_liliana,4,117,
captain_marvel,4,80,
captain_marvelous,4,42,
captain_mizuki,4,105,
captain_nemo_(fate),4,604,
captain_nobu,4,27,
captain_of_the_royal_guard_elina,4,173,
captain_pikachu,4,56,
captain_price,4,183,
captain_rex,4,30,
captain_spaceboy,4,174,
captain_syrup,4,139,
captain_ugo,4,29,
capybara-san,4,135,
capybara_(kemono_friends),4,171,
car_mouth,4,47,
caracal_(kemono_friends),4,946,
caramel_arrow_cookie,4,35,
carbink,4,99,
carbuncle_(final_fantasy),4,220,
carbuncle_(puyopuyo),4,567,
carbuncle_(reverse:1999),4,94,
carcano_m1891_(girls'_frontline),4,148,
carcano_m91/38_(girls'_frontline),4,141,
card_crusher,4,32,
cardboard_box_gundam,4,174,
cardia_beckford,4,36,
cardigan_(arknights),4,297,
cardigan_(sunny_day)_(arknights),4,45,
cardinal_(ragnarok_online),4,103,
cardinal_armand,4,52,
caren_(mermaid_melody_pichi_pichi_pitch),4,45,
caren_hortensia,4,1355,
caren_hortensia_(amor_caren),4,477,
caren_hortensia_(amor_caren)_(first_ascension),4,69,
caren_hortensia_(amor_caren)_(second_ascension),4,241,
caren_hortensia_(amor_caren)_(third_ascension),4,112,
caretaker_(die_of_death),4,11,
carim_gracia,4,121,
carina_(fire_emblem),4,21,
carina_verritti,4,46,
carl_clover,4,134,
carla_carmilla_(rariatto),4,33,
carla_j._luksic,4,77,
carla_yeager,4,56,
carleen_(alchemy_stars),4,150,
carlnes_(aenaluck),4,32,
carlo_(lies_of_p),4,19,
carlos_marlon,4,40,
carlos_oliveira,4,132,
carly_nagisa,4,196,
carmelina_(granblue_fantasy),4,124,
carmen_(persona_5),4,46,
carmen_(project_moon),4,303,
carmilla_(fate),4,814,
carmilla_(modern_mogal),4,49,
carmilla_(re:zero),4,45,
carmilla_(summertime_mistress)_(fate),4,73,
carmilla_(swimsuit_rider)_(fate),4,189,
carmilla_(swimsuit_rider)_(first_ascension)_(fate),4,45,
carmilla_(swimsuit_rider)_(third_ascension)_(fate),4,121,
carmine_(pokemon),4,1636,
carnage_(marvel),4,48,
carnelian_(arknights),4,485,
carnelian_(hohenlohe_chillysand)_(arknights),4,33,
carnelian_(shimmering_dew)_(arknights),4,116,
carnivine,4,115,
caro_ru_lushe,4,615,
carol_(clover_theater),4,64,
carol_(skullgirls),4,128,
carol_anderson,4,46,
carol_danvers,4,106,
carol_malus_dienheim,4,496,
carol_olston,4,64,
carole_peppers,4,131,
carole_stanley,4,46,
caroline_(persona_5),4,175,
caron_(higyaku_no_noel),4,36,
caron_(rall),4,96,
carpaccio_(girls_und_panzer),4,1166,
carpaccio_luo-yang,4,33,
carracosta,4,69,
carren_(granblue_fantasy),4,34,
carrera,4,87,
carrie-chan,4,14,
carrie_fernandez,4,51,
carro_(watarui),4,35,
carro_pino,4,264,
carron_(pretty_series),4,38,
carron_(waccha_primagi!),4,52,
carrot_(one_piece),4,347,
carrot_glace,4,43,
cart_titan,4,32,
carta_issue,4,35,
cartier_(kasugai_(de-tteiu)),4,53,
carvanha,4,99,
casablanca_(azur_lane),4,69,
casablanca_(cheer_squad_on_break)_(azur_lane),4,52,
casca_(berserk),4,339,
cascoon,4,66,
casey_(pokemon),4,39,
cashier_girl_(no_i'm_not_a_human),4,21,
caspar_von_bergliez,4,279,
casper_(deathsmiles),4,70,
cass_hamada,4,39,
cassandra_alexandra,4,441,
cassandra_cain,4,114,
cassandra_dimitrescu,4,62,
cassandra_vole,4,60,
casshern,4,165,
cassidy_(overwatch),4,519,
cassidy_(pokemon),4,69,
cassie_(acerailgun),4,93,
cassie_(shadow_slave),4,176,
cassin_(azur_lane),4,74,
cassini_m_bisuko,4,45,
cassiopeia_(league_of_legends),4,117,
cassius_(granblue_fantasy),4,43,
castanic,4,100,
castform,4,194,
castform_(normal),4,114,
castform_(rainy),4,54,
castform_(snowy),4,36,
castform_(sunny),4,52,
castiel,4,120,
castille_(phantom_brave),4,42,
castle-3_(arknights),4,38,
castor_(fate),4,181,
castorice_(alternate_spacetime)_(honkai:_star_rail),4,13,
casval_rem_deikun,4,40,
cat_(dilnyan03),4,49,
cat_(ghost_trick),4,48,
cat_(kemono_friends),4,84,
cat_(masterwork_apocalypse),4,34,
cat_(no_i'm_not_a_human),4,15,
cat_(trickster),4,77,
cat_baguette_(popopoka),4,67,
cat_eyes_(alice_girls),4,32,
cat_girl_(saraki),4,33,
cat_lady_(no_i'm_not_a_human),4,15,
cat_luigi,4,38,
cat_mario,4,59,
cat_peach,4,61,
cat_rosalina,4,36,
cat_sidhe_nekoko,4,32,
catalyst_(apex_legends),4,110,
catapult_(arknights),4,65,
catcher_(arknights),4,17,
catchouli_(hazuki_ruu),4,74,
cater_diamond,4,108,
caterpie,4,337,
caterpillar_(alice_in_wonderland),4,99,
cath_(fire_emblem),4,71,
catharine_blitzen,4,42,
catherine,4,208,
catherine_(aurahack),4,40,
catherine_(fire_emblem),4,176,
catherine_(granblue_fantasy),4,56,
catherine_(project_moon),4,190,
catherine_(rakurakutei_ramen),4,46,
catherine_kyoubashi,4,48,
cathy_(yu-gi-oh!),4,30,
cathy_graham,4,79,
cathyl,4,101,
catiua_powell,4,76,
catoblepas_(housamo),4,37,
catra,4,165,
catria_(fire_emblem),4,435,
catria_(spring)_(fire_emblem),4,63,
cattleya_(flower_knight_girl),4,76,
cattleya_(houtengeki),4,44,
cattleya_(lord_of_the_mysteries),4,38,
cattleya_(queen's_blade),4,411,
cattleya_baudelaire,4,30,
cattleya_yvette_la_baume_le_blanc_de_la_fontaine,4,54,
catura_(granblue_fantasy),4,549,
catwoman,4,225,
cauchemar_(p&d),4,48,
caules_forvedge_yggdmillennia,4,33,
caulifla,4,451,
caustic_(apex_legends),4,221,
cavall_the_2nd,4,120,
cave_(neptunia),4,48,
cave_spider,4,32,
cavendish,4,50,
caws_(girls'_frontline),4,46,
cayna_(leadale_no_daichi_nite),4,40,
cdawgva,4,32,
ce-tan,4,53,
cecelia_(arknights),4,73,
cecil_damon,4,185,
cecil_harvey,4,484,
cecile_(porforever),4,54,
cecile_croomy,4,140,
cecilia_(acerailgun),4,58,
cecilia_(fire_emblem),4,170,
cecilia_(pangya),4,86,
cecilia_(shiro_seijo_to_kuro_bokushi),4,308,
cecilia_alcott,4,868,
cecilia_glinda_miles,4,43,
cecilia_helmold,4,47,
cecilia_immergold,4,24,
cecilia_immergold_bot,4,11,
cecilia_immergreen,4,584,
cecilia_immerred,4,17,
cecilia_lynne_adelhyde,4,244,
cecilia_schariac,4,186,
cecily_(konosuba),4,36,
cecily_cambell,4,139,
cecily_fairchild,4,43,
cecily_rhodes,4,12,
ced_(fire_emblem),4,58,
cei_(sohin),4,35,
celebi,4,788,
celeritas_lumen,4,80,
celes_chere,4,914,
celeste_(animal_crossing),4,51,
celesteela,4,128,
celestia_(my_little_pony),4,131,
celestia_ludenberg,4,1422,
celestial_(suzumiya_haruhi),4,36,
celestine_lucullus,4,100,
celia_(reverse:1999),4,17,
celia_alde,4,36,
celia_claire,4,50,
celia_hasselberg,4,11,
celia_kumani_entory,4,153,
celica_(fire_emblem),4,736,
celica_(warrior_princess)_(fire_emblem),4,40,
celica_(xenoblade_x),4,42,
celica_a._mercury,4,210,
celine_(fire_emblem),4,614,
celine_(sen_no_kiseki),4,66,
celine_(to_love-ru),4,36,
celine_jules,4,124,
celis_ortesia,4,33,
celistia_ralgris,4,31,
cell_(dragon_ball),4,351,
cell_max,4,38,
cellien_(kemono_friends),4,626,
cello_(little_princess),4,35,
cellval,4,154,
celsius_(tales),4,46,
celty_sturluson,4,386,
cement_(arknights),4,41,
cen_boyao,4,41,
cenco,4,74,
cendrillmon,4,54,
censored_(project_moon),4,35,
centaur_(azur_lane),4,71,
centaureissi_(neural_cloud),4,50,
center_(majisuka_gakuen),4,47,
centi_(nikke),4,69,
centi_(nimu),4,72,
centiskorch,4,176,
centorea_shianus,4,516,
central_princess,4,73,
centur-ion_primera,4,34,
centurii-chan,4,122,
centurion_(reverse:1999),4,36,
ceobe_(arknights),4,1228,
ceobe_(summer_flowers)_(arknights),4,102,
ceobe_(unfettered)_(arknights),4,172,
ceras_yanagida_lilienfeld_(winter_loungewear),4,31,
ceras_yanagida_lilienfeld_(winter_training_wear),4,16,
cerberus_(hades),4,31,
cerberus_(helltaker),4,1011,
cerberus_(houtengeki),4,61,
cerberus_(kemono_friends),4,177,
cerberus_(last_origin),4,121,
cerberus_(megami_tensei),4,40,
cerberus_(shingeki_no_bahamut),4,257,
cerebella_(skullgirls),4,453,
cerecere_(sailor_moon),4,78,
cerejeira_elron,4,61,
ceres_(shuuen_no_virche),4,51,
ceres_fauna,4,4067,
ceres_fauna_(1st_costume),4,737,
ceres_fauna_(goth),4,328,
ceres_fauna_(jirai_kei),4,233,
ceres_fauna_(new_year),4,59,
cerestia_of_life,4,249,
cerevisiae-tan,4,32,
cereza,4,44,
cerise_(pokemon),4,63,
cermia_(epic_seven),4,37,
cernunnos_(fate),4,635,
ceruledge,4,269,
cerulily_(clover_theater),4,31,
cesara_(project_moon),4,39,
cesario_(casual)_(umamusume),4,27,
cesario_(future_weaver)_(umamusume),4,137,
cesario_(umamusume),4,407,
cetitan,4,84,
cetoddle,4,194,
ceylon_(arknights),4,369,
ceylon_(holiday)_(arknights),4,34,
ch'en_(after_storm)_(arknights),4,39,
ch'en_(ageless_afterglow)_(arknights),4,448,
ch'en_(arknights),4,3597,
ch'en_the_holungday_(arknights),4,482,
ch'en_the_holungday_(elite_ii)_(arknights),4,146,
ch'en_the_holungday_(ten_thousand_mountains)_(arknights),4,51,
cha_(kancolle),4,76,
cha_hae-in,4,30,
cha_yeo-reum,4,10,
chabashira_sae,4,70,
chabashira_tenko,4,922,
chacha_(akazukin_chacha),4,83,
chacha_(fate),4,350,
chachazero,4,50,
chae_ara,4,38,
chae_na-ra,4,31,
chai_(vtuber),4,39,
chai_xianghua,4,146,
chaika_bogdan,4,110,
chaika_trabant,4,324,
chain_chomp,4,327,
chain_sumeragi,4,77,
chained_sarkaz_girl,4,65,
chained_sarkaz_girl_(arknights),4,59,
chainsaw_devil,4,176,
chakapi,4,146,
cham-p,4,215,
cham_cham,4,449,
cham_fau,4,98,
chamber_(suisei_no_gargantia),4,72,
chamber_dragonmaid,4,162,
chameleos,4,37,
chamoro,4,31,
champa_(dragon_ball),4,37,
champagne_(azur_lane),4,104,
champion_(ragnarok_online),4,152,
champuru,4,74,
chandelure,4,942,
chando_(ado),4,1372,
chandra_nalaar,4,33,
chane_laforet,4,132,
chang'e,4,60,
chang_chun_(azur_lane),4,104,
chang_koehan,4,61,
chang_wufei,4,81,
changchun_(warship_girls_r),4,76,
changli_(wuthering_waves),4,1447,
changsheng_(genshin_impact),4,281,
changyu_(punishing:_gray_raven),4,36,
channee_(cluseller),4,35,
chanohata_tamami,4,36,
chansey,4,335,
chantez_arpinion,4,32,
chao_(sonic),4,348,
chao_ho_(azur_lane),4,80,
chao_lingshen,4,111,
chaos_(dungeon_and_fighter),4,46,
chaos_(g_ieep),4,33,
chaos_(sonic),4,33,
chaos_aurora_(grimms_notes),4,50,
chaos_marie_(grimms_notes),4,259,
chaos_ruler_(granblue_fantasy),4,32,
chaos_space_marine,4,130,
chaos_witch_quelaag,4,54,
chaozu,4,107,
chapayev_(azur_lane),4,447,
chapayev_(the_captive_cavalier)_(azur_lane),4,79,
chapayev_(white_cavalier's_respite)_(azur_lane),4,46,
chapman's_zebra_(kemono_friends),4,89,
char-les_(atomic_heart),4,33,
char_(angel_beats!),4,31,
char_aznable,4,913,
chara_(facing_demons),4,13,
chara_(undertale),4,1165,
chara_soon,4,52,
character_pria,4,52,
charcadet,4,68,
chariot_(black_rock_shooter),4,246,
charizard,4,2484,
charjabug,4,83,
charle_(fairy_tail),4,72,
charlemagne_(fate),4,310,
charles-henri_sanson_(fate),4,226,
charles_ausburne_(azur_lane),4,43,
charles_babbage_(fate),4,126,
charles_xavier,4,34,
charles_zi_britannia,4,104,
charlie_(pikmin),4,75,
charlie_(reverse:1999),4,38,
charlie_brown,4,66,
charlie_dompler,4,47,
charlie_morningstar,4,559,
charlie_nash,4,101,
charlie_su,4,71,
charlott_camile_herlingum,4,30,
charlotta_(granblue_fantasy),4,618,
charlotta_skopovskaya,4,36,
charlotte_(dilan_griz),4,16,
charlotte_(fire_emblem),4,194,
charlotte_(genshin_impact),4,597,
charlotte_(last_origin),4,74,
charlotte_(madoka_magica),4,2823,
charlotte_(seiken_densetsu_3),4,122,
charlotte_(shironeko_project),4,61,
charlotte_(succuboos),4,98,
charlotte_aulin,4,299,
charlotte_christine_de_colde,4,66,
charlotte_corday_(fate),4,444,
charlotte_corday_(swimsuit_caster)_(fate),4,115,
charlotte_corday_(swimsuit_caster)_(first_ascension)_(fate),4,73,
charlotte_corday_(third_ascension)_(fate),4,133,
charlotte_cracker,4,39,
charlotte_dunois,4,1401,
charlotte_e._yeager,4,2121,
charlotte_francia,4,40,
charlotte_hazellink,4,148,
charlotte_izoard,4,121,
charlotte_katakuri,4,213,
charlotte_linlin,4,104,
charlotte_pudding,4,269,
charlotte_roselei,4,30,
charlotte_shalzen,4,53,
charlotte_smoothie,4,38,
charlotte_wiltshire,4,69,
charlotte_wiltshire_(q84),4,33,
charmander,4,1404,
charmeleon,4,290,
charmy_(uchihime),4,12,
charmy_bee,4,85,
charolic_(girls'_frontline_2),4,68,
charon_(alchemy_stars),4,34,
charon_(project_moon),4,151,
charu_(saru_getchu),4,34,
charybdis_(azur_lane),4,178,
charybdis_(red_chamber_of_healing)_(azur_lane),4,58,
chasca_(genshin_impact),4,43,
chase_(dispatch),4,16,
chase_(kamen_rider_drive),4,39,
chase_(pokemon),4,149,
chaser_(warship_girls_r),4,48,
chat_(tales),4,90,
chat_noir,4,190,
chat_noir_(granblue_fantasy),4,31,
chatan_nakiri_(tenka_hyakken),4,39,
chatan_nakiri_(touken_ranbu),4,38,
chatot,4,207,
chattino_(raora_panthera),4,280,
chaucer_(some1else45),4,40,
cheburashka,4,34,
cheelai,4,406,
cheemsburger_(doge),4,52,
cheep_cheep,4,98,
cheer-chan_(tawawa),4,44,
cheery_pink,4,56,
cheese-kun,4,450,
cheese_(sonic),4,208,
cheetah_(kemono_friends),4,178,
cheeze_(akizone),4,71,
chef_kawasaki,4,114,
chel_(the_road_to_el_dorado),4,384,
chell,4,121,
chelsea_(7th_dragon),4,72,
chelsea_(akame_ga_kill!),4,93,
chelsea_arcot,4,35,
chelsea_childe,4,22,
chemist_(fft),4,87,
chen,4,18000,
chen_(cat),4,702,
chen_gong_(fate),4,77,
chen_hai_(azur_lane),4,297,
chen_hai_(retrofit)_(azur_lane),4,64,
chen_hai_(vestibule_of_wonders)_(azur_lane),4,142,
chen_lio,4,32,
chen_qianyu_(arknights),4,47,
cheng_xiaoshi,4,149,
cheng_xiaoshi_(bridon),4,67,
cheon_inho,4,92,
cheona_(last_origin),4,49,
chequita,4,32,
cherche_(fire_emblem),4,179,
cheren_(champion)_(pokemon),4,48,
cheren_(pokemon),4,1162,
cheria_barnes,4,703,
cheria_barnes_(innocent_maiden),4,39,
cheria_barnes_(little_imp),4,53,
cherie_espoir,4,63,
cherino_(blue_archive),4,435,
cherino_(hot_spring)_(blue_archive),4,123,
cherino_(qipao)_(blue_archive),4,55,
cherno_alpha,4,122,
cherno_kegaard,4,31,
chernobog_(housamo),4,47,
cherrim,4,201,
cherrim_(overcast),4,41,
cherrim_(sunshine),4,172,
cherry_(lucky_star),4,46,
cherry_(saber_j),4,91,
cherry_(urusei_yatsura),4,46,
cherry_blossom_(sk8),4,118,
cherry_blossom_cookie,4,42,
cherubi,4,226,
cheryl_(arc_the_lad),4,75,
cheryl_(pokemon),4,161,
chesed_(blue_archive),4,30,
chesed_(project_moon),4,350,
cheshire_(azur_lane),4,1225,
cheshire_(cait_sith_crooner)_(azur_lane),4,90,
cheshire_(ragnarok_online),4,45,
cheshire_(summery_date!)_(azur_lane),4,178,
cheshire_(the_cat_and_the_white_steed)_(azur_lane),4,39,
cheshire_(the_cat_in_the_magic_hat)_(azur_lane),4,70,
cheshire_cat_(alice_in_wonderland),4,681,
cheshire_cat_(monster_girl_encyclopedia),4,165,
chesnaught,4,100,
chespin,4,519,
chester_burklight,4,110,
chestnut_(arknights),4,33,
chestnut_thoroughbred_(kemono_friends),4,73,
cheval_grand_(boc'z)_(umamusume),4,38,
cheval_grand_(casual)_(umamusume),4,206,
cheval_grand_(grand_itineraire)_(umamusume),4,673,
cheval_grand_(umamusume),4,1591,
chevalier_d'eon_(fate),4,450,
chevalier_d'eon_(maid_knight)_(fate),4,118,
chevreuse_(genshin_impact),4,365,
chevrotain_(kemono_friends),4,37,
chewbacca,4,54,
chewtle,4,84,
cheyanne_(girls'_frontline_2),4,118,
cheyanne_(maiden_debut)_(girls'_frontline_2),4,20,
chi-chan_(yuya_(yuya_illust)),4,45,
chi-chi_(dragon_ball),4,1459,
chi-class_torpedo_cruiser,4,631,
chi-yu_(pokemon),4,60,
chi_an_(azur_lane),4,45,
chi_lian_(qinshi_mingyue),4,160,
chi_meng_(hua_jianghu_zhi_bei_mo_ting),4,42,
chi_xiaoyu_(shining_nikki),4,20,
chiaki_(blue_archive),4,78,
chiaki_(shigofumi),4,59,
chiaki_kurihara,4,123,
chiaki_riko,4,90,
chiaki_shin'ichi,4,35,
chiave_(arknights),4,56,
chiba_erika,4,39,
chiba_kirino,4,170,
chiba_mamoru,4,281,
chiba_nagisa,4,38,
chiba_saori,4,84,
chiba_sayaka,4,42,
chiba_yuzuki_(yukimoto_shuuji_(gurigura)),4,45,
chibana_sumika,4,33,
chibi-moth,4,80,
chibi_chibi,4,98,
chibi_miku,4,862,
chibi_miku_(mayo_riyo),4,111,
chibi_totoro,4,125,
chibi_tyrant_(stella_sora),4,36,
chibi_usa,4,1711,
chibi_yami,4,64,
chibikko_(morihito),4,192,
chibimi,4,48,
chibimon,4,73,
chibita,4,255,
chibitalia_(hetalia),4,58,
chibiterasu,4,85,
chica,4,81,
chichiri,4,77,
chick_girl_(yukimoto_shuuji_(gurigura)),4,65,
chicken_(kemono_friends),4,44,
chicken_(minecraft),4,42,
chicobo,4,32,
chidejika,4,52,
chidori_hina_(vtuber),4,31,
chidori_kaname,4,393,
chidorigafuchi_aine,4,77,
chidouin_sara,4,139,
chie's_mom_(ishikei),4,50,
chie_(ishikei),4,133,
chie_(lcddem),4,40,
chie_hallard,4,60,
chie_rumiko,4,59,
chief_(path_to_nowhere),4,708,
chief_nuna_(zcune),4,31,
chiem_(vtuber),4,37,
chiemon_(fate),4,52,
chien-pao,4,89,
chieru_(princess_connect!),4,471,
chieru_(school_festival)_(princess_connect!),4,101,
chiester00,4,198,
chiester410,4,327,
chiester45,4,300,
chiester556,4,127,
chiffon_(fresh_precure!),4,53,
chiganemaru_(tenka_hyakken),4,30,
chigiri_hyoma,4,189,
chigusa_asuha,4,198,
chigusa_hana,4,50,
chigusa_kasumi,4,71,
chigusa_nana,4,32,
chihara_minori,4,44,
chihaya_(roshin),4,56,
chihaya_anon,4,3028,
chihaya_gunzou,4,77,
chihaya_megumi,4,34,
chihiro_(blue_archive),4,693,
chihiro_(camp)_(blue_archive),4,72,
chihyaa,4,50,
chii,4,515,
chii_aruel,4,126,
chiikawa_(character),4,99,
chiitan,4,44,
chijou_noko,4,121,
chika_(princess_connect!),4,95,
chikafuji_lisa,4,39,
chikage_(sister_princess),4,205,
chikorita,4,1151,
chikujouin_magane,4,113,
chikuma_(azur_lane),4,121,
chikuma_(kancolle),4,1193,
chikuma_kai_ni_(kancolle),4,341,
chikura_shizuru,4,32,
chikuwa_(yurucamp),4,160,
chilchuck's_wife,4,34,
chilchuck_tims,4,1385,
chilchuck_tims_(tallman),4,32,
child_assassin_(fate/zero),4,85,
child_gf_(orenji),4,56,
child_gilgamesh_(fate),4,462,
childhood_friend's_mother_(pen_nee_(pensis)),4,27,
childhood_friend-chan_(pen_nee_(pensis)),4,39,
childhood_friend-chan_(ramchi),4,162,
childhood_friend_(childhood_friend_series),4,62,
childhood_friend_(fuku_(fuku12290574)),4,15,
childhood_friend_(kz_oji),4,56,
childhood_friend_(ominaeshi),4,142,
chili_(pokemon),4,120,
chiliarch_(elsword),4,68,
chillet,4,38,
chilly_(kirby),4,82,
chimchar,4,545,
chime_(nikke),4,43,
chimecho,4,310,
chimera_(chuu2koi),4,49,
chimera_(wuthering_waves),4,170,
chimimo_(character),4,59,
chimumu,4,61,
chimumu_(hamster),4,33,
china_(hetalia),4,584,
china_moeka,4,82,
chinatsu_(blue_archive),4,637,
chinatsu_(hot_spring)_(blue_archive),4,212,
chinatsu_(kuroonehalf),4,39,
chinatsu_(suzutsuki_kurara),4,74,
chinatsu_(uriens),4,13,
chinchilla_(kemono_friends),4,36,
chinchou,4,365,
chinese_water_dragon_(kemono_friends),4,45,
chinese_white_dolphin_(kemono_friends),4,163,
chingling,4,172,
chinkyuu,4,34,
chinkyuu_koudai,4,45,
chino_(valis),4,32,
chiori_(genshin_impact),4,968,
chiot_(god_eater),4,55,
chip_(disney),4,30,
chip_(kirby),4,45,
chip_(sonic),4,35,
chipie_(gnosia),4,34,
chipp_zanuff,4,169,
chirico_cuvie,4,99,
chiriko_(atlanta),4,106,
chiriri,4,33,
chirithy,4,44,
chiron_(fate),4,288,
chis-a,4,85,
chisa_(tori_(eherotori)),4,30,
chisaka_airi,4,89,
chisato_madison,4,65,
chise_(blue_archive),4,795,
chise_(ichiri),4,56,
chise_(saishuu_heiki_kanojo),4,63,
chise_(swimsuit)_(blue_archive),4,457,
chisuzu_mei,4,36,
chitanda_eru,4,2641,
chito_(shoujo_shuumatsu_ryokou),4,941,
chitose_(azur_lane),4,73,
chitose_(kancolle),4,1215,
chitose_kumi_(hitotose),4,51,
chitose_sana,4,278,
chitose_yuma,4,194,
chitrine_(7th_dragon),4,30,
chixia_(wuthering_waves),4,137,
chiya_(urara_meirochou),4,282,
chiyo_(ane_naru_mono),4,172,
chiyo_(genshin_impact),4,52,
chiyo_(hanazora_satsuki),4,16,
chiyoda_(azur_lane),4,47,
chiyoda_(kancolle),4,906,
chiyoda_momo,4,1965,
chiyoda_momoka,4,34,
chiyoganemaru_(tenka_hyakken),4,30,
chiyoganemaru_(touken_ranbu),4,66,
chiyokawa_rin,4,31,
chizu_ranka,4,50,
chizuru_(chaos_zero_nightmare),4,54,
chkalov_(azur_lane),4,46,
chloe_(elsword),4,35,
chloe_(enkyo_yuuichirou),4,33,
chloe_(fire_emblem),4,407,
chloe_(granblue_fantasy),4,46,
chloe_(melkor_mancin),4,33,
chloe_(noir),4,33,
chloe_(pokemon),4,412,
chloe_(princess_connect!),4,733,
chloe_(real)_(princess_connect!),4,32,
chloe_(school_festival)_(princess_connect!),4,180,
chloe_(sciamano240),4,70,
chloe_(srgrafo),4,52,
chloe_(unicorn_overlord),4,39,
chloe_ardenne,4,32,
chloe_fleurage,4,96,
chloe_lemaire,4,177,
chloe_lilith_stella,4,45,
chloe_price,4,73,
chloe_taylor,4,13,
chloe_valens,4,129,
chloe_von_einzbern,4,3523,
chloe_von_einzbern_(beast_style),4,152,
chloe_von_einzbern_(swimsuit_avenger),4,131,
chloe_von_einzbern_(swimsuit_avenger)_(first_ascension),4,59,
chloe_von_einzbern_(swimsuit_avenger)_(second_ascension),4,66,
chloe_withers,4,45,
chlorella_observation_club_member_(blue_archive),4,85,
chlorophytum,4,47,
cho'gath,4,50,
cho_marisa,4,75,
chobi_(akchu),4,181,
choco-chan,4,116,
choco_(rune_(dualhart)),4,51,
choco_(shigure_ui_(vtuber)),4,59,
chocobo,4,1089,
chocola_(nekopara),4,729,
chocolat_(noucome),4,41,
chocolat_meilleure,4,101,
chocolate_cosmos_(flower_knight_girl),4,35,
chocolate_misu,4,130,
chohakkai_(kemono_friends),4,18,
choi_bounge,4,42,
choi_jinseon_(spoiledmuffin),4,47,
choi_mochimazzui,4,125,
choiark,4,34,
choko_(arc_the_lad),4,111,
choko_(chokotto_sister),4,45,
choko_(last_period),4,43,
chomusuke,4,801,
chong_yue_(alighting)_(arknights),4,80,
chong_yue_(arknights),4,1371,
chongqing_(warship_girls_r),4,46,
chongyun_(genshin_impact),4,1585,
chongyun_(gigo)_(genshin_impact),4,31,
chonkers_(takanashi_kiara),4,38,
chono_maika,4,37,
choppy,4,40,
choroko_(osomatsu-san),4,71,
chosen_undead,4,222,
choso_(jujutsu_kaisen),4,394,
chosokabe_motochika_(sengoku_musou),4,14,
chou-10cm-hou-chan,4,474,
chou-10cm-hou-chan_(fuyutsuki's),4,40,
chou-10cm-hou-chan_(hatsuzuki's),4,245,
chou-10cm-hou-chan_(suzutsuki's),4,166,
chou-10cm-hou-chan_(teruzuki's),4,243,
chou_chou,4,61,
chou_chou_egotistical,4,33,
chougei_(halloween)_(kancolle),4,21,
chougei_(kancolle),4,516,
chouginga_gurren-lagann,4,35,
chougoukin_kurobikari,4,31,
chouhi,4,96,
chouhi_ekitoku,4,64,
choujo_(kakitama),4,36,
choukai_(azur_lane),4,157,
choukai_(kancolle),4,1940,
choukai_kai_ni_(kancolle),4,441,
choumai_sui,4,58,
chouno_ami,4,240,
chousokabe_motochika_(sengoku_basara),4,291,
chouun,4,122,
chouun_shiryuu,4,192,
chouzetsusaikawa_tenshi-chan,4,2894,
chouzetsusaikawa_tenshi-chan_(dark_angel),4,71,
choya_hanabi_(1st_costume),4,41,
choya_hanabi_(2nd_costume),4,21,
chris_(ginseng),4,43,
chris_(kof),4,87,
chris_(konosuba),4,286,
chris_esse_eisbert,4,14,
chris_lightfellow,4,114,
chris_redfield,4,1270,
chrissy_(animal_crossing),4,69,
christiane_barkhorn,4,64,
christiane_friedrich,4,80,
christie_(doa),4,178,
christie_monteiro,4,104,
christina_(princess_connect!),4,238,
christina_(real)_(princess_connect!),4,49,
christina_(tanaka_the_wizard),4,39,
christina_brecht,4,32,
christina_mackenzie,4,103,
christina_sierra,4,196,
christine_(arknights),4,111,
christine_(kuro_(kuronell)),4,57,
christine_(master_of_eternity),4,33,
christine_garland,4,66,
christmas_elf,4,48,
christoph_aurel_arland,4,53,
christophe_giacometti,4,152,
christopher_bingbong_(eddsworld),4,10,
christopher_columbus_(fate),4,115,
chroah_vatel,4,63,
chroche_latel_pastalie,4,144,
chrollo_lucilfer,4,495,
chrom_(fire_emblem),4,970,
chrom_(spring)_(fire_emblem),4,46,
chrome_(mon-musu_quest!),4,131,
chrome_(punishing:_gray_raven),4,63,
chrome_dokuro,4,525,
chromia,4,36,
chronica,4,32,
chroniko,4,41,
chrono_(chiruto),4,91,
chrono_(chrono_crusade),4,45,
chrono_genesis_(casual)_(umamusume),4,87,
chrono_genesis_(prismatic_curator)_(umamusume),4,191,
chrono_harlaown,4,216,
chronoa,4,120,
chtholly_nota_seniorious,4,123,
chu_chu_(shoujo_kakumei_utena),4,44,
chu_chu_(xenogears),4,40,
chu_wanning,4,45,
chu_yujun,4,36,
chua_churam,4,41,
chuatury_panlunch,4,431,
chuchu_(kirby),4,119,
chuchu_(pokemon),4,103,
chuchu_(show_by_rock!!),4,158,
chuchu_(zelda),4,48,
chuchumy,4,31,
chuck_(pokemon),4,64,
chuck_(psg),4,302,
chuck_preston,4,31,
chucky,4,55,
chudjak,4,36,
chulsoo_kim_(closers),4,41,
chum_(splatoon),4,93,
chumu_(teuthidan),4,63,
chun-li,4,6891,
chun-li_juno,4,10,
chun_meiyui,4,61,
chung_(ugwa),4,32,
chung_seiker,4,294,
chungmyung,4,47,
chuntarou_(kimetsu_no_yaiba),4,59,
chupacabra_(idolmaster),4,50,
churio,4,39,
churuya,4,243,
chuu_totoro,4,122,
chuugoku_usagi,4,131,
chuunosuke_(ace_attorney),4,34,
chuushuu_meigetsu_miku,4,70,
chuyi_(xinyue_tongxing),4,10,
chypre_(heartcatch_precure!),4,264,
ci_flower,4,45,
cia_(hyrule_warriors),4,105,
cibo,4,223,
cicin_(genshin_impact),4,39,
cicin_mage_(genshin_impact),4,214,
cid_highwind,4,259,
cid_nan_garlond,4,69,
cidolfus_orlandeau,4,31,
cidolfus_telamon,4,79,
ciel_(bird/binary),4,60,
ciel_(elsword),4,158,
ciel_(kamitsubaki_studio),4,41,
ciel_(mega_man),4,470,
ciel_(tensei_shitara_slime_datta_ken),4,44,
ciel_(toosaka_asagi),4,53,
ciel_(tsukihime),4,1497,
ciel_alencon,4,165,
ciel_phantomhive,4,565,
ciel_phantomhive_(robin_dress),4,102,
ciel_sacred,4,139,
ciela_(yuuhagi_(amaretto-no-natsu)),4,119,
ciela_lapana,4,40,
cierra_(riviera),4,51,
cikapasi,4,49,
cilan_(pokemon),4,376,
cili_(cookie),4,35,
cima_garahau,4,85,
cinccino,4,159,
cinder_(norasuko),4,53,
cinder_fall,4,302,
cinderace,4,1047,
cinderella_(disney),4,105,
cinderella_(grimm),4,79,
cinderella_(nikke),4,88,
cinderella_(queen's_blade_grimoire),4,74,
cinderella_(sinoalice),4,122,
cindy_aurum,4,259,
cindy_campbell,4,40,
cindy_moon,4,93,
cine_hamal,4,224,
cinia_pacifica,4,139,
cinna_(ff9),4,36,
cinnabar_(houseki_no_kuni),4,519,
cinnabar_(path_to_nowhere),4,53,
cinnamiku,4,709,
cinnamon_(mega_man),4,75,
cinnamon_(nekopara),4,248,
cinnamoroll,4,1222,
cinque_(fft-0),4,32,
cinque_(nanoha),4,278,
cinque_izumi,4,109,
cioccolata,4,155,
cipher_(ace_combat),4,38,
circe_(fate),4,597,
circe_(last_origin),4,47,
ciri,4,196,
cirina_mol,4,32,
cirno,4,34522,
cirno-nee,4,199,
cirno_(cookie),4,53,
cirucci_sanderwicci,4,59,
cis_(tiger_&_bunny),4,163,
cisqua,4,41,
cissnei,4,80,
citan_uzuki,4,43,
cithis,4,230,
citlali_(genshin_impact),4,254,
citlali_(parallels_meet_school)_(genshin_impact),4,21,
citrinne_(fire_emblem),4,346,
citti_(show_by_rock!!),4,69,
civia,4,50,
claes,4,61,
clair_(fire_emblem),4,83,
clair_(pokemon),4,439,
clair_lasbard,4,110,
clair_vaux_bernardus,4,163,
claire_(bokujou_monogatari),4,34,
claire_(konosuba),4,30,
claire_(treasure_hunter_claire),4,10,
claire_d'lune,4,38,
claire_elford,4,93,
claire_francois,4,198,
claire_harvey,4,123,
claire_redfield,4,450,
claire_rieveldt,4,69,
claire_rouge,4,48,
claire_stanfield,4,122,
claire_victorious,4,34,
clala,4,72,
clalaclan_philias,4,79,
clamperl,4,112,
clanne_(fire_emblem),4,118,
clara_(girls_und_panzer),4,639,
clara_(honkai:_star_rail),4,461,
clara_dolls_(madoka_magica),4,144,
clare_(claymore),4,213,
clarence_clayden,4,178,
clarence_clayden_(everyday_outfit),4,16,
clarence_clayden_(mist_city),4,16,
clarice_(idolmaster),4,225,
clarice_de_avril,4,12,
clarice_di_lanza,4,49,
clarice_garfield,4,14,
clarine_(fire_emblem),4,142,
clarion,4,87,
clariskrays,4,46,
clarissa_arwin,4,89,
clarisse_(fire_emblem),4,49,
clarisse_(granblue_fantasy),4,1043,
clarisse_(soleil_blanc)_(granblue_fantasy),4,32,
clarisse_(valentine)_(granblue_fantasy),4,46,
clarisse_de_cagliostro,4,50,
clarith,4,30,
clark_kent,4,419,
clark_still,4,128,
class_president_(monomono),4,39,
classic_revenant,4,240,
classy-black-haired_girl_(hayabusa),4,108,
claude_(housamo),4,103,
claude_faustus,4,39,
claude_frollo,4,107,
claude_kenni,4,179,
claude_von_riegan,4,1198,
claudette_(queen's_blade),4,130,
claudette_lord_of_thundercloud,4,94,
claudia_(granblue_fantasy),4,45,
claudia_(saga),4,56,
claudia_bruford,4,30,
claudia_emma_cross,4,38,
claudia_enfield,4,40,
claudia_hortensia,4,107,
claudia_lasalle,4,33,
claudia_madobe,4,41,
clauncher,4,43,
claus_(mother_3),4,215,
claus_lester,4,59,
claus_valca,4,35,
clause_(len'en),4,200,
clauvio_(vtuber),4,45,
clavat,4,39,
clavell_(pokemon),4,111,
clawitzer,4,49,
clawroline,4,36,
clay_(nikke),4,111,
clay_(pokemon),4,98,
clay_terran,4,31,
claydol,4,110,
cleanrot_knight_finlay,4,32,
clear_(djmax),4,96,
clear_(dramatical_murder),4,92,
clefable,4,235,
clefairy,4,835,
clefairy_sprite_(pokemon),4,69,
cleffa,4,267,
clemenceau_(azur_lane),4,79,
clementine_(overlord),4,88,
clementine_(the_walking_dead),4,32,
clemont_(pokemon),4,396,
cleo_(dragalia_lost),4,110,
cleo_(suikoden),4,47,
cleo_everlastin,4,176,
cleopatra_(fate),4,363,
cleopatra_(third_ascension)_(fate),4,43,
cleophee,4,30,
cleric_(asgard),4,16,
cleric_beast,4,41,
clerk_nagato,4,31,
clervie_(genshin_impact),4,142,
clevelad_(azur_lane),4,52,
cleveland_(azur_lane),4,940,
cleveland_(gentry_knight)_(azur_lane),4,58,
cleveland_(muse)_(azur_lane),4,30,
cleveland_(reaper_fever)_(azur_lane),4,32,
cliana_rimskaya,4,45,
click_(arknights),4,140,
cliff_(pokemon),4,31,
cliff_fittir,4,50,
cliffheart_(arknights),4,415,
cliffjumper,4,121,
clift,4,176,
clint_barton,4,144,
clive_rosfield,4,807,
clive_winslett,4,40,
clobbopus,4,64,
clockie_(honkai:_star_rail),4,143,
clockworker's_doll,4,42,
clodsire,4,515,
clorinde_(genshin_impact),4,1979,
closure_(arknights),4,326,
clotho_(neural_cloud),4,33,
cloud_of_darkness,4,98,
cloud_retainer_(genshin_impact),4,731,
cloud_strife,4,8935,
cloud_strife_(alphreid_costume),4,39,
cloud_strife_(bahamut_garb),4,114,
cloud_strife_(blue_dress),4,31,
cloud_strife_(maritime_sailor),4,74,
cloud_strife_(murasame),4,59,
cloud_strife_(ocean_chocobo),4,42,
cloud_strife_(official_festive_garb),4,35,
cloud_strife_(urban_wolf),4,66,
cloud_strife_(wild_surf),4,53,
cloud_strife_(zidane's_outfit),4,32,
clover_(totally_spies),4,64,
clown_(ragnarok_online),4,86,
clownpiece,4,5956,
cloyster,4,175,
clukay_(neural_cloud),4,79,
clumsy_nun_(diva),4,1157,
clyde_(pac-man),4,42,
clyde_donovan,4,66,
cnoc_na_riabh_(fate),4,108,
cnoc_na_riabh_(swimsuit_foreigner)_(fate),4,46,
coalossal,4,52,
coat_guy_(no_i'm_not_a_human),4,55,
cobalion,4,59,
cobra_(space_adventure_cobra),4,99,
cobushii_(arms),4,30,
coco_(eogks),4,136,
coco_(mermaid_melody_pichi_pichi_pitch),4,33,
coco_(tongari_boushi_no_atelier),4,68,
coco_(yes!_precure_5),4,151,
coco_adel,4,133,
coco_bandicoot,4,190,
coco_jumbo,4,102,
coco_kaine,4,48,
coco_mercury,4,32,
cocoa_(cafe-chan_to_break_time),4,35,
cocoa_(nikke),4,66,
cocoa_cookie,4,57,
cocolia_rand,4,62,
cocona_vatel,4,79,
coconut_(nekopara),4,266,
cocytus_(overlord),4,44,
code:_battle_seraph_(elsword),4,122,
code:_electra_(elsword),4,45,
code:_empress_(elsword),4,154,
code:_nemesis_(elsword),4,171,
code:_sariel_(elsword),4,48,
code:_ultimate_(elsword),4,44,
cody_(dross),4,52,
cody_travers,4,137,
coelacanth_(kemono_friends),4,83,
cofagrigus,4,197,
coffret_(heartcatch_precure!),4,317,
cogfly_(hollow_knight),4,25,
cogita_(pokemon),4,228,
cogwork_dancers_(hollow_knight),4,13,
cohock_(splatoon),4,44,
cohozuna_(splatoon),4,35,
coin_(pokemon),4,44,
coin_bug_(dungeon_meshi),4,28,
coko_(cevio),4,61,
cola_miku,4,34,
coldshot_(arknights),4,40,
colette_(kono_bijutsubu_niwa_mondai_ga_aru!),4,51,
colette_(z/x),4,11,
colette_belrose,4,30,
colette_brunel,4,506,
colin_jones_(skcd_loen),4,12,
collared_peccary_(kemono_friends),4,36,
collei_(genshin_impact),4,1253,
collin_(pikmin),4,106,
colo_mag-chan,4,92,
cologne_(heartcatch_precure!),4,85,
cologne_(ranma_1/2),4,38,
colon_(stpri),4,44,
colonel_olcott_(fate),4,117,
colonel_sanders,4,281,
colorado_(azur_lane),4,186,
colorado_(kancolle),4,1442,
colossal_titan,4,267,
colossus_(granblue_fantasy),4,43,
colossus_(x-men),4,34,
colphne_(girls'_frontline_2),4,48,
colress_(pokemon),4,152,
colt_(monster_farm),4,38,
colt_revolver_(girls'_frontline),4,112,
colt_walker_(girls'_frontline),4,51,
columbia_(azur_lane),4,88,
columbina_(genshin_fes_2026)_(genshin_impact),4,30,
columbina_(genshin_impact),4,580,
comandante_cappellini_(kancolle),4,99,
combat_medic_ziegler,4,110,
combattler_v_(robot),4,71,
combee,4,189,
combusken,4,145,
comet-kun,4,41,
comet_(azur_lane),4,62,
comet_(comet-san),4,44,
comet_(gnosia),4,37,
comfey,4,271,
command_grab_(nuclear_wasabi),4,52,
commandant_(punishing:_gray_raven),4,250,
commandant_teste_(kancolle),4,978,
commander_(16personalities),4,31,
commander_(azur_lane),4,3778,
commander_(forever_7th_capital),4,46,
commander_(girls'_frontline),4,1702,
commander_(girls'_frontline)_(madcore),4,152,
commander_(girls'_frontline)_(xiujia_yihuizi),4,102,
commander_(girls_garden),4,10,
commander_(last_origin),4,278,
commander_(nier:automata),4,194,
commander_(nikke),4,636,
commander_shepard,4,200,
commander_shepard_(female),4,161,
commander_shepard_(male),4,39,
commissar,4,69,
commissar_(warhammer_40k),4,95,
common_bottlenose_dolphin_(kemono_friends),4,307,
common_chimpanzee_(kemono_friends),4,48,
common_dolphin_(kemono_friends),4,573,
common_gull_(kemono_friends),4,35,
common_raccoon_(kemono_friends),4,3182,
common_vampire_bat_(kemono_friends),4,198,
comomo_(tk),4,38,
compa,4,204,
company_captain_yorshka,4,63,
computer_club_president_(suzumiya_haruhi),4,38,
con_(fate),4,35,
cona_ember_(kkamja),4,64,
concord_(azur_lane),4,54,
conduit_(apex_legends),4,98,
coni_confetti,4,40,
conkeldurr,4,61,
connie_maheswaran,4,55,
connie_springer,4,312,
conno-san_(love_live!),4,15,
connolly_(alchemy_stars),4,33,
connor_(detroit),4,92,
connor_kenway,4,96,
conqueror_of_the_eternals,4,50,
conrad_(berserk),4,32,
constance_(honkai:_star_rail),4,42,
constance_von_nuvelle,4,341,
constantia_cantacuzino,4,48,
constantia_harvey,4,97,
constantia_s2,4,71,
constantine_xi_(fate),4,378,
constanze_amalie_von_braunschbank-albrechtsberger,4,232,
constellation_(azur_lane),4,39,
constellation_(warship_girls_r),4,33,
conte_di_cavour_(kancolle),4,735,
conte_di_cavour_nuovo_(kancolle),4,227,
contender_(flowerful_maid)_(girls'_frontline),4,41,
contender_(girls'_frontline),4,173,
control_freak_(dc),4,34,
coo_(kirby),4,139,
cookie_monster,4,35,
cool-senpai_(izure),4,10,
cool_(gundam_suisei_no_majo),4,130,
cooler_(dragon_ball),4,82,
coomer_(meme),4,139,
coopa,4,69,
cooper_(azur_lane),4,84,
copano_rickey_(umamusume),4,1027,
coppelia_(reverse:1999),4,35,
copperajah,4,47,
copy_x_(mega_man),4,125,
coquelic_(path_to_nowhere),4,165,
coquelicot_(sakura_taisen),4,145,
coqui_saporana,4,58,
cor_leonis,4,63,
coral_(pokemon),4,177,
coral_(summon_night),4,43,
coralie_(honkai_impact),4,106,
coraline_(black_survival),4,40,
cordelia_(bridal)_(fire_emblem),4,37,
cordelia_(fire_emblem),4,484,
cordelia_(fuyuki),4,12,
cordelia_(saga),4,91,
cordelia_(summer)_(fire_emblem),4,69,
cordelia_glauca,4,230,
core_fighter,4,71,
core_gundam,4,41,
core_gundam_ii,4,46,
corin_wickes,4,671,
corki,4,44,
cornea_(asteroid_ill),4,138,
cornelia_(atelier),4,50,
cornelia_(girl_cafe_gun),4,39,
cornelia_(umineko),4,122,
cornelia_arnim,4,63,
cornelia_li_britannia,4,432,
cornelius_(odin_sphere),4,70,
cornelius_alba,4,44,
cornet_espoir,4,164,
corona-chan,4,50,
corona_timir,4,137,
corphish,4,129,
corriente_(show_by_rock!!),4,34,
corrin_(dragon)_(fire_emblem),4,55,
corrin_(female)_(adrift)_(fire_emblem),4,108,
corrin_(female)_(fire_emblem),4,3267,
corrin_(female)_(halloween)_(fire_emblem),4,96,
corrin_(female)_(ninja)_(fire_emblem),4,38,
corrin_(female)_(nohr_noble)_(fire_emblem),4,180,
corrin_(female)_(resplendent)_(fire_emblem),4,46,
corrin_(female)_(silent_bloodline)_(fire_emblem),4,40,
corrin_(female)_(summer)_(fire_emblem),4,269,
corrin_(fire_emblem),4,4183,
corrin_(male)_(adrift)_(fire_emblem),4,56,
corrin_(male)_(fire_emblem),4,1047,
corrin_(male)_(new_year)_(fire_emblem),4,32,
corrine,4,31,
corroserum_(arknights),4,61,
corsair_(final_fantasy),4,38,
corsola,4,384,
cortana,4,135,
corticarte_apa_lagranges,4,223,
corviknight,4,304,
corvisquire,4,36,
corvus_(reverse:1999),4,114,
corvus_corax_(warhammer),4,41,
cosette_(les_miserables),4,26,
cosette_coalhearth,4,46,
cosette_schneider,4,85,
cosmo_(chainsaw_man),4,128,
cosmoem,4,33,
cosmog,4,951,
cosmos_(dff),4,42,
cosplay_pikachu,4,140,
cote_d'azur_widowmaker,4,108,
cotton_(bbybluemochi),4,65,
cottonee,4,203,
cottontail_(vtuber),4,41,
cougarmon,4,24,
count_of_monte_cristo_(gankutsuou),4,52,
counterflow_concerto_(infinity_nikki),4,18,
countess_chelsea_(path_to_nowhere),4,47,
coup_(kutsugaeru),4,37,
coup_(shun_soku),4,37,
coupe_(dispatch),4,25,
coupe_(heartcatch_precure!),4,66,
courage_(character),4,54,
courier_(arknights),4,165,
courier_(fallout_new_vegas),4,66,
courtney_(pokemon),4,669,
courtyard_flowers_(infinity_nikki),4,10,
cousin_(f.w.zholic),4,28,
cow_(life_of_maid),4,48,
cow_girl_(goblin_slayer!),4,151,
cowardly_lion,4,54,
coyopotato,4,131,
coyote_(kemono_friends),4,668,
coyote_starrk,4,35,
cpc_(tkotu),4,10,
cra_(wakfu),4,112,
crab-eating_raccoon_(kemono_friends),4,47,
crabrawler,4,35,
crackle_(taimanin),4,35,
cradily,4,138,
craft_lawrence,4,482,
craig_tucker,4,208,
cramorant,4,180,
cranberry_(girls_und_panzer),4,41,
cranberry_(mahoiku),4,70,
cranberry_spencer,4,69,
cranidos,4,85,
crash_bandicoot,4,78,
crash_man,4,94,
crasher_wake,4,47,
craven_(azur_lane),4,37,
crawdaunt,4,69,
cray_(breath_of_fire),4,53,
crazy_(zoza),4,37,
crazy_diamond,4,336,
crazy_hand,4,41,
crea_dorosera,4,57,
crea_rosenqueen,4,66,
cream_(cream),4,92,
cream_(stand),4,61,
cream_puff_cookie,4,71,
cream_starter_(stand),4,48,
cream_the_rabbit,4,517,
creamy_mami,4,127,
creator_(ragnarok_online),4,383,
creeper,4,687,
cremia,4,117,
crescent_(azur_lane),4,95,
crescent_(retrofit)_(azur_lane),4,31,
crescent_conundrum,4,31,
cress_(pokemon),4,126,
cress_albane,4,156,
cresselia,4,193,
cressey_(porforever),4,107,
crested_porcupine_(kemono_friends),4,117,
crewmate_(among_us),4,1128,
crilall,4,11,
crime_city_miss_fortune,4,35,
crimrose,4,76,
crimson_avenger_(elsword),4,217,
crimson_lotus_moth_(genshin_impact),4,93,
crimson_typhoon,4,77,
crimson_viper,4,321,
crimvael,4,326,
crimzon_ruze,4,77,
crispin_(pokemon),4,219,
cristina_valenzuela,4,31,
croagunk,4,267,
crobat,4,391,
crocalor,4,41,
croco_zigmond,4,48,
crocodile_(one_piece),4,728,
croconaw,4,159,
croire,4,32,
croissant_(arknights),4,488,
croissant_(seeker)_(arknights),4,43,
croissant_cookie,4,54,
croix_meridies,4,107,
croix_raoul,4,50,
crona_(soul_eater),4,263,
crono_(chrono_trigger),4,347,
crook_mofus,4,30,
croque_(neural_cloud),4,61,
cross_mirage,4,207,
cross_yuki,4,34,
crossbone_gundam_x-1,4,77,
crossbone_gundam_x-1_full_cloth,4,36,
crossbow_devil_(chainsaw_man),4,49,
crossette_(xenoblade),4,63,
crow-chan_(karasu_raven),4,70,
crow_(gravity_daze),4,148,
crow_(la+_darknesss),4,876,
crow_(nichijou),4,38,
crow_(nikke),4,72,
crow_(show_by_rock!!),4,36,
crow_armbrust,4,223,
crow_hogan,4,160,
crow_tengu_extra_(touhou),4,58,
crowgirl,4,39,
crowley_(good_omens),4,198,
crown_(glorious_flower)_(nikke),4,12,
crown_(naked_king)_(nikke),4,88,
crown_(nikke),4,176,
crowned_by_the_world_chalice,4,36,
crownslayer_(arknights),4,175,
crownslayer_(the_dark_night_terminator)_(arknights),4,16,
crucible_knight,4,36,
cruella_de_vil,4,30,
crueltear,4,45,
cruhteo,4,79,
cruiser_d.va,4,78,
crusader_(darkest_dungeon),4,65,
crusader_(ragnarok_online),4,108,
crusch_karsten,4,166,
crust_king_khann_(hollow_knight),4,12,
crustle,4,109,
crusty_(log_horizon),4,32,
crusty_sean,4,41,
cruz_schild,4,35,
cryo_cicin_mage_(genshin_impact),4,96,
cryogonal,4,57,
crypto_(apex_legends),4,882,
cryska_(rune_ocarina),4,31,
cryska_barchenowa,4,151,
crystal_beast_ruby_carbuncle,4,47,
crystal_exarch,4,386,
crystal_maiden,4,105,
crystalfly_(genshin_impact),4,1105,
cteno_(slugbox),4,168,
cthugha_(housamo),4,76,
cthugha_(nyaruko-san),4,375,
cthulhu,4,314,
cthulhu_(poptepipic),4,47,
cthylla_(chaos_code),4,36,
cu_chulainn_(caster)_(fate),4,924,
cu_chulainn_(fate),4,5762,
cu_chulainn_(fate/extra),4,75,
cu_chulainn_(fate/prototype),4,304,
cu_chulainn_(fate/stay_night),4,3617,
cu_chulainn_(megami_tensei),4,49,
cu_chulainn_(mythology),4,12,
cu_chulainn_(prisma_illya),4,44,
cu_chulainn_(second_ascension)_(fate),4,116,
cu_chulainn_alter_(fate),4,1026,
cu_chulainn_alter_(third_ascension)_(fate),4,241,
cu_sith_(housamo),4,44,
cuadradito,4,32,
cuba_(hetalia),4,43,
cubchoo,4,184,
cube_(jsr),4,37,
cube_of_the_law_(arknights),4,15,
cublade_(honkai:_nexus_anima),4,10,
cubone,4,356,
cubot,4,38,
cucco,4,148,
cucouroux_(granblue_fantasy),4,245,
cuderia_von_feuerbach,4,70,
cudlil_(character),4,54,
cufant,4,33,
cui_yifei,4,72,
cuilan,4,58,
cuilein-anbar_(genshin_impact),4,164,
cul,4,130,
culotte,4,54,
culumon,4,50,
cuora_(arknights),4,176,
cupa_(at2.),4,102,
cuphead,4,93,
cupid_hanzo,4,42,
cupid_kirby,4,41,
cupitan_(granblue_fantasy),4,159,
cupitan_(summer)_(granblue_fantasy),4,73,
curacoa_(azur_lane),4,37,
curcuma_(flower_knight_girl),4,66,
cure_ace,4,235,
cure_amour,4,108,
cure_ange,4,158,
cure_aqua,4,335,
cure_beat,4,516,
cure_beauty,4,1112,
cure_beauty_(princess_form),4,69,
cure_berry,4,523,
cure_black,4,1204,
cure_bloom,4,263,
cure_blossom,4,1120,
cure_butterfly,4,347,
cure_chocolat,4,336,
cure_connect,4,25,
cure_coral,4,189,
cure_cosmo,4,163,
cure_custard,4,175,
cure_diamond,4,597,
cure_dream,4,618,
cure_earth,4,106,
cure_echo,4,103,
cure_egret,4,224,
cure_etoile,4,128,
cure_felice,4,136,
cure_finale,4,204,
cure_flamingo,4,129,
cure_flora,4,497,
cure_flower,4,51,
cure_fontaine,4,132,
cure_fortune,4,298,
cure_friendy,4,150,
cure_gelato,4,273,
cure_grace,4,296,
cure_happy,4,1034,
cure_happy_(princess_form),4,78,
cure_heart,4,768,
cure_honey,4,465,
cure_honey_(popcorn_cheer),4,90,
cure_la_mer,4,232,
cure_lemonade,4,316,
cure_lillian,4,90,
cure_lovely,4,650,
cure_lovely_(cherry_flamenco),4,30,
cure_lovely_(lollipop_hip_hop),4,47,
cure_macaron,4,346,
cure_macherie,4,154,
cure_magical,4,392,
cure_magical_(ruby_style),4,62,
cure_magical_(sapphire_style),4,46,
cure_majesty,4,193,
cure_march,4,1015,
cure_march_(princess_form),4,64,
cure_marine,4,1309,
cure_marine_(super_silhouette),4,32,
cure_melody,4,1014,
cure_mermaid,4,288,
cure_milky,4,365,
cure_mint,4,317,
cure_miracle,4,565,
cure_miracle_(ruby_style),4,90,
cure_miracle_(sapphire_style),4,53,
cure_mofurun,4,53,
cure_moonlight,4,824,
cure_muse_(black),4,73,
cure_muse_(yellow),4,515,
cure_nyammy,4,192,
cure_papaya,4,141,
cure_parfait,4,184,
cure_passion,4,529,
cure_peace,4,1511,
cure_peace_(princess_form),4,79,
cure_peach,4,899,
cure_peach_(angel),4,41,
cure_pine,4,589,
cure_precious,4,294,
cure_princess,4,590,
cure_princess_(macadamia_hula_dance),4,34,
cure_princess_(sherbet_ballet),4,36,
cure_prism,4,477,
cure_rhythm,4,742,
cure_rosetta,4,523,
cure_rouge,4,278,
cure_scarlet,4,162,
cure_selene,4,145,
cure_sky,4,889,
cure_soleil,4,125,
cure_southern_cross,4,36,
cure_sparkle,4,149,
cure_spicy,4,194,
cure_star,4,281,
cure_summer,4,254,
cure_sunny,4,892,
cure_sunny_(princess_form),4,95,
cure_sunshine,4,1115,
cure_sword,4,704,
cure_tomorrow,4,32,
cure_twinkle,4,538,
cure_waffle,4,35,
cure_whip,4,297,
cure_white,4,1014,
cure_wing,4,236,
cure_wonderful,4,229,
cure_yell,4,343,
cure_yum-yum,4,167,
curly_brace,4,323,
curly_sue,4,41,
curran_(dragalia_lost),4,39,
curren_chan_(sakutsuki_ma_cherie)_(umamusume),4,153,
curren_chan_(umamusume),4,2223,
curse_maker,4,289,
curse_maker_2,4,239,
cursola,4,132,
curtis_(pokemon),4,41,
cushion_squirrel_(infinity_nikki),4,16,
cut_man,4,128,
cutesu_(cutesuu),4,59,
cutie_honey_(character),4,217,
cutiefly,4,478,
cutlass_(girls_und_panzer),4,778,
cutter_(arknights),4,116,
cutthroat_(akudama_drive),4,74,
cuvelia,4,30,
cx4_storm_(girls'_frontline),4,34,
cyan_(among_us),4,82,
cyan_(show_by_rock!!),4,592,
cyan_garamonde,4,76,
cyan_sung-sun,4,34,
cybela_kuto,4,36,
cyber_elf_x_(mega_man),4,144,
cyber_punked_wattson,4,128,
cyberconnect2,4,76,
cyberdemon,4,37,
cyberdoll_may,4,37,
cyborg_(dc),4,71,
cyborg_ninja,4,61,
cybuster,4,51,
cyclamen_(flower_knight_girl),4,42,
cyclizar,4,38,
cyclonus,4,44,
cyclops_(girls'_frontline),4,49,
cyclops_(x-men),4,138,
cygnet_(an_offer_to_be_maid)_(azur_lane),4,52,
cygnet_(azur_lane),4,481,
cygnet_(retrofit)_(azur_lane),4,105,
cygnet_(royal_fanfare)_(azur_lane),4,73,
cygnet_(sea_star_on_shore)_(azur_lane),4,67,
cygnus_(maplestory),4,38,
cygnus_hyouga,4,45,
cyllene_(pokemon),4,130,
cyndaquil,4,1455,
cyno_(genshin_impact),4,1906,
cynthia_(arc_suit)_(pokemon),4,58,
cynthia_(fire_emblem),4,155,
cynthia_(pokemon),4,5037,
cynthia_(sygna_suit)_(aura)_(pokemon),4,60,
cynthia_(sygna_suit)_(pokemon),4,33,
cynthia_(sygna_suit)_(renegade)_(pokemon),4,94,
cynthia_lane,4,92,
cynthia_marguerite,4,39,
cynthia_riddle,4,110,
cyou_shigen,4,40,
cyrene_(chimerric_park)_(honkai:_star_rail),4,13,
cyrene_(nylon_japan)_(honkai:_star_rail),4,106,
cyril_(fire_emblem),4,79,
cyril_brooklyn,4,264,
cyrille_(shining_force_exa),4,57,
cyron_tanryoku,4,65,
cyrus_(pokemon),4,294,
cyrus_albright,4,150,
cytomander,4,49,
cz2128_delta,4,84,
cz75_(girls'_frontline),4,131,
czerny_(arknights),4,47,
czeslaw_meyer,4,59,
d'arce_(fear_&_hunger),4,51,
d-1,4,55,
d-ne,4,37,
d.o.c._health_drone,4,154,
d.va_(gremlin),4,78,
d.va_(overwatch),4,4965,
d3rlord3,4,167,
d_(killer_wife)_(nikke),4,131,
d_(killer_wife)_(secret_police)_(nikke),4,124,
d_(nikke),4,156,
da_cider,4,35,
da_ji,4,45,
da_ji_(musou_orochi),4,44,
da_qiao,4,69,
daan_(fear_&_hunger),4,116,
dabi_(boku_no_hero_academia),4,509,
dace_(azur_lane),4,31,
dace_(kancolle),4,111,
dachsbun,4,53,
dadadada_tenshi,4,71,
dae_seo-yun_(nyantcha),4,38,
daenerys_targaryen,4,64,
daetta_(granblue_fantasy),4,75,
daffy_duck,4,36,
dagda_(arknights),4,68,
dagger_(fizrotart),4,81,
dagon_(housamo),4,236,
dagon_(jujutsu_kaisen),4,40,
dagon_(megido72),4,40,
dagr_(fire_emblem),4,66,
dahei_(youtian),4,47,
dahlia_(pokemon),4,61,
dahlia_(rune_factory),4,31,
dahlia_(xenoblade),4,35,
dahlia_hawthorne,4,78,
dai-gurren,4,37,
dai_(dragon_quest),4,39,
daia_(pri_chan),4,38,
daiba_canon,4,146,
daiba_nana,4,621,
daichi_(gallop!),4,39,
daichi_nono,4,66,
daicon_bunny_girl,4,86,
daida,4,235,
daidou_ayumu,4,181,
daidou_sayo,4,150,
daidou_shinove,4,33,
daidouji_(senran_kagura),4,101,
daidouji_kaya,4,34,
daidouji_kira,4,147,
daidouji_tomoyo,4,1619,
daifuku_(precure),4,59,
daifuku_(yukihana_lamy),4,505,
daiginjou,4,67,
daihannya_nagamitsu_(touken_ranbu),4,34,
daiichi_ruby_(brilliant_red_gemstone)_(umamusume),4,209,
daiichi_ruby_(casual)_(umamusume),4,37,
daiichi_ruby_(umamusume),4,536,
daijin_(suzume),4,45,
daijuuji_kurou,4,62,
daika_(last_origin),4,34,
daikoku_(housamo),4,64,
daikokuten_(fate),4,85,
daikuuji_ayu,4,70,
daimon_gorou,4,37,
daimon_kenshirou,4,52,
daimon_koushirou,4,41,
daimon_masaru_(danganronpa),4,56,
daimon_masaru_(digimon_savers),4,51,
daimonji_ryugon,4,56,
dainsleif_(genshin_impact),4,310,
daisen_(azur_lane),4,35,
daisy_(dq),4,133,
daisy_(fellatrix),4,32,
daisy_(pokemon),4,32,
daisy_(working!!),4,78,
daisy_duck,4,41,
daisy_mae_(animal_crossing),4,41,
daisy_oak,4,58,
daitaku_helios_(umamusume),4,1601,
daitarn_3,4,31,
daitokuji_biko,4,40,
daitou_(kancolle),4,586,
daiwa_scarlet_(casual)_(umamusume),4,536,
daiwa_scarlet_(mini_vacation)_(umamusume),4,392,
daiwa_scarlet_(scarlet_nuit_etoile)_(umamusume),4,250,
daiwa_scarlet_(trifle_vacation)_(umamusume),4,317,
daiwa_scarlet_(umamusume),4,5628,
daiyan_(neural_cloud),4,32,
daiyousei,4,9212,
daiyousei_mob_(touhou),4,39,
daizyuzin,4,34,
daji_(monster_strike),4,48,
daki_(kimetsu_no_yaiba),4,270,
daleth_(sky:_children_of_the_light),4,59,
dalian,4,44,
dalton_(chrono_trigger),4,14,
damage_control_crew_(kancolle),4,94,
damage_control_goddess_(kancolle),4,89,
damao_(all_saints_street),4,74,
damian_desmond,4,1182,
damian_doyle_(cyphers),4,199,
damian_wayne,4,161,
damillia_seraph_(theburning1),4,21,
damon_gant,4,45,
dan'in-san_(shirogane_noel),4,63,
dan_(mondi_hl),4,55,
dan_fei,4,40,
dan_feng_(honkai:_star_rail),4,129,
dan_heng_(honkai:_star_rail),4,2504,
dan_heng_(imbibitor_lunae)_(honkai:_star_rail),4,1049,
dan_heng_(lurking)_(honkai:_star_rail),4,37,
dan_heng_(next_stop_yi_county)_(honkai:_star_rail),4,31,
dan_heng_(rice_dumpling)_(honkai:_star_rail),4,91,
dana_(pokemon),4,52,
dana_(ys),4,113,
dana_zane,4,230,
danboo,4,109,
dancer_(fft),4,88,
dancer_(final_fantasy),4,422,
dancer_(ragnarok_online),4,139,
dancer_(sekaiju),4,93,
dancer_2_(sekaiju),4,69,
dancer_of_the_boreal_valley,4,31,
dancer_rabbit,4,41,
dancer_shantae,4,59,
dancing_sarkaz_lady_(arknights),4,28,
dancouga,4,43,
dandelion_(girls'_frontline),4,176,
dandy_(space_dandy),4,99,
dang_(runescape),4,127,
dango-chan_(4shi),4,151,
daniel_(project_moon),4,32,
daniel_j._d'arby,4,143,
daniel_page,4,33,
daniela_(moitasart),4,12,
daniela_dimitrescu,4,93,
daniella,4,43,
daniella_(sennen_sensou_aigis),4,40,
danielle_(newjeans),4,44,
daniil_dankovsky,4,35,
danitz_(lord_of_the_mysteries),4,36,
daniyyel+jennifer,4,91,
danjin_(wuthering_waves),4,148,
dannoura_tomochika,4,38,
danny_(felixnosi),4,34,
danny_(jojo),4,112,
danny_lee,4,42,
dante_(devil_may_cry),4,1676,
dante_(dmc:_devil_may_cry),4,55,
dante_(limbus_company),4,1066,
dante_(nu_carnival),4,108,
dante_alighieri_(over_the_same_sky)_(fate),4,10,
dantsu_flame_(casual)_(umamusume),4,40,
dantsu_flame_(center_spotlight)_(umamusume),4,798,
dantsu_flame_(umamusume),4,934,
danua,4,1012,
danua_(summer)_(granblue_fantasy),4,171,
danyotsuba_(yuureidoushi_(yuurei6214)),4,40,
daphne_(last_origin),4,45,
daphne_(re:zero),4,33,
daphne_ann_blake,4,111,
daqiao_(shin_sangoku_musou),4,65,
darach_(pokemon),4,47,
darcie_(magi_stop),4,13,
daredevil,4,41,
daria_(haguruma_c),4,32,
darilbalde,4,61,
daring_heart_(umamusume),4,80,
daring_tact_(racehorse),4,42,
daring_tact_(umamusume),4,564,
darius_(laovaan),4,32,
darius_(league_of_legends),4,233,
darius_iii_(fate),4,43,
darjeeling_(girls_und_panzer),4,6020,
dark-skinned_female_warrior_(civila123),4,20,
dark_angel_metatron_(p&d),4,57,
dark_angel_olivia,4,162,
dark_aqua_(sailor_element),4,20,
dark_chao,4,53,
dark_choco_cookie,4,31,
dark_cure_sky,4,75,
dark_dream,4,128,
dark_eclair,4,63,
dark_elementalist_lux,4,47,
dark_elf_(lineage_2),4,73,
dark_elven_forest_ranger,4,302,
dark_exs-tia_abyssus,4,16,
dark_exs-tia_bestia,4,35,
dark_exs-tia_cocytus,4,24,
dark_exs-tia_inferno,4,34,
dark_falz_apprentice,4,70,
dark_flame_master,4,32,
dark_haired_kappa,4,136,
dark_haruka,4,110,
dark_hunter,4,121,
dark_hunter_4,4,68,
dark_ignis_(sailor_element),4,21,
dark_jeanne,4,137,
dark_knight_(final_fantasy),4,380,
dark_konoha,4,179,
dark_lemonade,4,32,
dark_link,4,139,
dark_magical_circle,4,70,
dark_magician,4,254,
dark_magician_beth,4,32,
dark_magician_girl,4,3069,
dark_matter_(kirby),4,182,
dark_matter_blade,4,85,
dark_meta_knight,4,150,
dark_miku_(project_voltage),4,261,
dark_mind,4,42,
dark_mint,4,32,
dark_nebula,4,71,
dark_pit,4,543,
dark_precure,4,368,
dark_sakura,4,758,
dark_samus,4,257,
dark_schneider,4,58,
dark_serge_(chrono_cross),4,43,
dark_shadow,4,75,
dark_sun_gwyndolin,4,525,
dark_urge_(baldur's_gate_3),4,68,
dark_valkyrie_(p&d),4,58,
dark_willow,4,168,
dark_witch_eleine,4,31,
dark_young_(fate),4,38,
darkness_(konosuba),4,2563,
darkness_devil,4,47,
darkrai,4,524,
darley_arabian_(umamusume),4,106,
darli_dagger,4,41,
darmanitan,4,130,
darmanitan_(standard),4,119,
daroach,4,105,
darren_shan,4,174,
darry_adai,4,324,
darth_maul,4,38,
darth_vader,4,355,
darth_wooser,4,56,
dartrix,4,141,
darudayu_(show_by_rock!!),4,56,
daruizen,4,38,
daruk,4,120,
daruma_is_god,4,38,
darumaka,4,174,
darunia,4,41,
darwin_watterson,4,53,
data_(mega_man),4,138,
date_akari,4,40,
date_kana,4,36,
date_kaname,4,33,
date_kanta,4,111,
date_masamune_(sengoku_basara),4,315,
date_sayuri,4,48,
date_wingfield_reiko,4,45,
dateko,4,200,
datenshi-chan_(nanawo_akari),4,62,
daughter_(bakuretsu_hunters),4,37,
daughter_(yoru_mac),4,140,
daut_barret,4,64,
dave_strider,4,55,
davi_(dokidoki!_precure),4,203,
david_(fate),4,103,
david_king_(dead_by_daylight),4,168,
david_martinez,4,582,
dawn_(new_year's_2023)_(pokemon),4,37,
dawn_(palentine's_2021)_(pokemon),4,136,
dawn_(pokemon),4,7572,
dawn_(sygna_suit)_(pokemon),4,40,
dayakka,4,97,
daybit_sem_void,4,299,
daybreaker_(elsword),4,37,
dayoon,4,69,
dayoon_girl,4,31,
daz_bones,4,50,
dazai_osamu_(bungou_stray_dogs),4,294,
dazai_osamu_(bungou_to_alchemist),4,43,
dazzi,4,83,
db_(dokidoki!_precure),4,66,
de-chan_(belko),4,75,
de_la_fille,4,103,
de_lacey_(neural_cloud),4,72,
de_lisle_(girls'_frontline),4,31,
de_ruyter_(kancolle),4,458,
dead_(inhabituels),4,39,
dead_apostle_noel_(tsukihime),4,33,
dead_body_(among_us),4,44,
dead_master,4,841,
dead_spike,4,102,
deadbeat_(calliope_mori),4,70,
deadly_chaser_(elsword),4,48,
deadpool,4,1041,
deadzone_(duel_masters),4,12,
dean_stark,4,84,
dean_winchester,4,116,
dear_stage,4,33,
dearka_elsman,4,216,
death-sensei_(mori_calliope),4,510,
death_(entity),4,557,
death_(granblue_fantasy),4,45,
death_(helbai),4,36,
death_(puss_in_boots),4,160,
death_13,4,31,
death_gun,4,49,
death_knight_(fire_emblem),4,39,
death_knight_(warcraft),4,37,
death_merumeru,4,45,
death_the_kid,4,227,
deathclaw,4,58,
deathlock-san,4,121,
deathpolca,4,31,
deathwing,4,49,
debi_(black_survival),4,40,
debi_tarou,4,170,
debidebi_debiru,4,313,
debitto_(makaino_ririmu),4,617,
deborah_(dq5),4,213,
debuo_(seikyouiku_series),4,26,
decapre,4,160,
decarabia,4,51,
decidueye,4,555,
decim_(death_parade),4,30,
decima_velanox,4,34,
decus_(tales),4,73,
ded_(housamo),4,64,
dedenne,4,660,
dedf1sh,4,197,
dedue_molinaro,4,255,
dee_jay,4,96,
deed_(nanoha),4,68,
deedlit,4,345,
deel_(haevest),4,90,
deemo_(character),4,154,
deep_current_wattson,4,59,
deep_impact_(umamusume),4,72,
deep_web_underground,4,82,
deepa_mitra,4,37,
deepcolor_(arknights),4,116,
deepcolor_(elite_ii)_(arknights),4,49,
deepwood_dream_(infinity_nikki),4,14,
deerling,4,218,
deerling_(autumn),4,46,
deerling_(spring),4,126,
deerling_(summer),4,40,
deerling_(winter),4,32,
defect_mogeko,4,40,
defender_(girls'_frontline),4,37,
degenbrecher_(arknights),4,394,
degu_(kemono_friends),4,37,
dehya_(genshin_impact),4,1466,
deidara_(naruto),4,215,
deino_(pokemon),4,154,
deipara_(nikke),4,10,
deirdre_(fire_emblem),4,205,
deis,4,81,
dejiko,4,676,
dek_(predator),4,20,
dekapan,4,69,
dekisugi_hidetoshi,4,58,
dekomegane,4,110,
dekomori_sanae,4,687,
deku_scrub,4,40,
delcatty,4,158,
delgal_(dungeon_meshi),4,30,
delia_ketchum,4,356,
delibird,4,258,
delilah_(guilty_gear),4,72,
delinquent_(pokemon),4,33,
delita_heiral,4,86,
delling_rembran,4,56,
dellinger_(one_piece),4,34,
dellu_(geenymous),4,37,
delmin_(show_by_rock!!),4,125,
delmo_commander,4,55,
delores_(mvv),4,91,
delphine_(arknights),4,48,
delphinium_(darling_in_the_franxx),4,87,
delphinium_(flower_knight_girl),4,30,
delphinus_yukino_(saint_seiya:_rising_cosmo),4,51,
delphox,4,453,
delta_(kage_no_jitsuryokusha_ni_naritakute!),4,83,
delta_(kagejitsu),4,204,
delta_(ninja_thief)_(nikke),4,68,
delta_(words_worth),4,37,
delta_sanen_(yaigi),4,37,
delthea_(fire_emblem),4,234,
delutaya,4,253,
demeter_(fate),4,58,
demi-fiend,4,313,
demi_(lunacid),4,37,
demi_(nashidrop),4,35,
demian_(project_moon),4,125,
demitri_maximoff,4,232,
demiurge,4,67,
demoman_(tf2),4,124,
demon_(monster_girl_encyclopedia),4,105,
demon_cleric,4,167,
demon_hunter_(warcraft),4,42,
demon_king_(in),4,91,
demon_pillar_(fate),4,154,
demon_power_(elsword),4,48,
demon_queen_class_president_(tatsubon),4,11,
demon_slayer_(dungeon_and_fighter),4,34,
demonbane_(mecha),4,35,
demyx,4,103,
den_(fma),4,59,
den_den_mushi,4,54,
dende,4,40,
dendra_(pokemon),4,317,
deneb_rove,4,66,
deneve,4,44,
denim_powell,4,55,
denji_(chainsaw_man),4,4083,
denjirou_(one_piece),4,66,
denken_(sousou_no_frieren),4,81,
denmark_(hetalia),4,125,
densuke_(dennou_coil),4,89,
denver_(azur_lane),4,96,
denzel_(ff7),4,85,
deoxys,4,350,
deoxys_(attack),4,78,
deoxys_(defense),4,58,
deoxys_(normal),4,211,
deoxys_(speed),4,55,
der_freischuetz_(lobotomy_corporation),4,39,
dera_mochimazzui,4,279,
derek_kingsfield,4,35,
deren_(path_to_nowhere),4,106,
derpy_hooves,4,53,
derrick_berg,4,59,
deruha_(this_communication),4,84,
des_moines_(warship_girls_r),4,49,
desco_(disgaea),4,153,
desert_eagle_(girls'_frontline),4,67,
desert_flannel,4,32,
desert_sorceress,4,33,
desha_(ousama_ranking),4,108,
desmond_miles,4,86,
despa_(ousama_ranking),4,78,
despina_(queen's_blade),4,33,
destiny_(takt_op.),4,95,
destiny_gundam,4,141,
destoroyah,4,34,
destroyer_(7th_dragon_2020),4,40,
destroyer_(girls'_frontline),4,335,
destroyer_princess,4,626,
destroyer_water_oni,4,128,
desuhiko_thunderbolt,4,86,
desyana_laurentia,4,51,
detective_pikachu_(character),4,166,
deuce_(fft-0),4,37,
deuce_spade,4,131,
deunan_knute,4,45,
deutschland_(azur_lane),4,660,
deutschland_(demon_princess'_dark_hour_banquet)_(azur_lane),4,36,
deutschland_(service_time?!)_(azur_lane),4,111,
devastator_(transformers),4,33,
devi_(elsword),4,56,
devil's_hand_(ishiyumi),4,50,
devil_(housamo),4,162,
devil_(monster_girl_encyclopedia),4,43,
devil_(tekken),4,76,
devil_gundam,4,53,
devil_jin,4,209,
devil_mercy,4,104,
deviling,4,34,
deviljho,4,194,
devilman_(character),4,114,
devilot_de_deathsatan_ix,4,141,
devimon,4,41,
deviruchi,4,129,
devola,4,158,
devonshire_(azur_lane),4,57,
devout,4,38,
dewgong,4,211,
dewott,4,174,
dewpider,4,59,
dexio_(pokemon),4,69,
dexter_(dexter's_laboratory),4,53,
dezel_(tales),4,90,
dhalsim,4,217,
dharc_(yu-gi-oh!),4,34,
dharc_the_dark_charmer,4,31,
dhelmise,4,115,
dhole_(kemono_friends),4,1133,
dhomochevsky,4,38,
di_hongxia,4,35,
dia_(dungeon_meshi),4,37,
dia_(hong),4,51,
dia_(shugo_chara!),4,39,
dia_(world_flipper),4,84,
diabellstar_the_black_witch,4,303,
diabellze_of_the_original_sin,4,31,
diabellze_the_original_sinkeeper,4,151,
diabla_(elsword),4,68,
diablo_(isekai_maou),4,41,
diablomon,4,43,
diablos,4,64,
diablos_(makai_gacha),4,25,
diabolic_esper_(elsword),4,58,
dialga,4,389,
dialga_(origin),4,35,
dialyn_(zenless_zone_zero),4,883,
diamant_(fire_emblem),4,286,
diamond_(houseki_no_kuni),4,666,
diamond_tiara,4,63,
dian_cecht,4,42,
diana_(a-soul),4,72,
diana_(kaminomi),4,49,
diana_(league_of_legends),4,193,
diana_(sailor_moon),4,71,
diana_caprice,4,61,
diana_cavendish,4,1409,
dianamon,4,68,
diancie,4,202,
diane_(nanatsu_no_taizai),4,324,
diane_foxington,4,38,
dianna_soreil,4,198,
diantha_(granblue_fantasy),4,129,
diantha_(pokemon),4,339,
diao_chan,4,47,
diaochan_(shin_sangoku_musou),4,43,
diarmuid_ua_duibhne_(lancer)_(fate),4,2460,
diarmuid_ua_duibhne_(saber)_(fate),4,77,
diarmuid_ua_duibhne_(sensha_otoko)_(fate),4,35,
dias_flac,4,76,
diavolo,4,810,
dib_(invader_zim),4,35,
dice_members_(danganronpa),4,51,
dick_grayson,4,270,
dick_gumshoe,4,329,
dictus_striker,4,68,
diddy_kong,4,232,
dido_(anxious_bisque_doll)_(azur_lane),4,159,
dido_(azur_lane),4,1478,
dido_(muse)_(azur_lane),4,88,
die_(ohisashiburi),4,36,
dieci_(nanoha),4,114,
dieck_(fire_emblem),4,35,
diego_armando,4,54,
diego_brando,4,942,
dier_(girls'_frontline),4,185,
diesel_(nikke),4,105,
diesel_(winter_sweets)_(nikke),4,45,
diethard_ried,4,32,
dietrich_(fire_emblem),4,20,
dif_(difman),4,229,
diggers_(reverse:1999),4,33,
diggersby,4,43,
digitan_(porforever),4,193,
diglett,4,456,
dijeh,4,30,
dikke_(reverse:1999),4,96,
dille_blood,4,47,
diluc_(genshin_impact),4,3042,
diluc_(red_dead_of_night)_(genshin_impact),4,134,
dima_(girls'_frontline),4,119,
dimension_witch_(elsword),4,110,
dimentio,4,34,
dimitri_alexandre_blaiddyd,4,1662,
dimitri_alexandre_blaiddyd_(blue_lion),4,43,
dimitri_alexandre_blaiddyd_(king_of_faerghus)_(resplendent),4,10,
dimitri_alexandre_blaiddyd_(summer),4,31,
dimonno_vaalmonica,4,41,
din,4,67,
din_djarin,4,59,
dina_(sennen_sensou_aigis),4,43,
dinah_(piiru),4,11,
dinelind_(drill_(emilio)),4,38,
dinergate_(girls'_frontline),4,899,
dingo_(pikmin),4,42,
dingo_egret,4,48,
dino_(modern_mogal),4,33,
dino_(reborn),4,40,
dinomorphia_kentregina,4,62,
dio_(casshern_sins),4,37,
dio_(project_tokyo_dolls),4,24,
dio_brando,4,5514,
dio_eraclea,4,58,
diol_twee,4,52,
diola_(granblue_fantasy),4,133,
dion_lesage,4,268,
diona_(genshin_impact),4,1189,
dionysus_(hades),4,31,
dioreta_(asicah),4,43,
dipper_pines,4,257,
dipplin,4,152,
diras,4,32,
dire_wolf_(kemono_friends),4,411,
director_chimera_(spy_x_family),4,366,
dirk_strider,4,38,
dirty_deeds_done_dirt_cheap,4,127,
disc_(needless),4,43,
disciplinary_committee-chan_(maku_ro),4,59,
discordia_(vtuber),4,52,
disguised_zorua,4,36,
disgust_(inside_out),4,40,
dist_(tales),4,31,
distortion_(tma),4,58,
dita_iliner,4,71,
dita_liebely,4,50,
diting_(honkai:_star_rail),4,69,
diting_(the_legend_of_luoxiaohei),4,63,
ditto,4,929,
diva_(blood+),4,63,
diva_duo_(mechanical_buddy_universe),4,36,
diver_down_(stand),4,37,
divine_arsenal_aa-zeus_-_sky_thunder,4,37,
divine_child_of_rejuvenation,4,57,
divus_crewel,4,134,
dix-neuf,4,56,
dixie_clemets,4,42,
dixie_kong,4,52,
diyusi_(cookie),4,535,
dizzy_(guilty_gear),4,2939,
dizzy_dokuro,4,58,
dizzy_dokuro_(wish),4,11,
dj_copy_and_paste,4,84,
dj_octavio,4,115,
dj_sakura,4,45,
dj_sona,4,66,
djeeta_(granblue_fantasy),4,4262,
djeeta_(summer)_(granblue_fantasy),4,83,
djibril_(makai_tenshi_djibril),4,65,
djibril_aries,4,101,
dlanor_a._knox,4,386,
doala,4,34,
dobermann_(arknights),4,337,
dobermann_(lieutenant)_(arknights),4,55,
dobrynya_nikitich_(fate),4,366,
dobrynya_nikitich_(first_ascension)_(fate),4,41,
dobrynya_nikitich_(second_ascension)_(fate),4,117,
dobrynya_nikitich_(swimsuit_lancer)_(fate),4,83,
dobrynya_nikitich_(swimsuit_lancer)_(first_ascension)_(fate),4,68,
dobu_(odd_taxi),4,37,
doc_(kirby),4,31,
doc_(rainbow_six_siege),4,40,
doctor_(arknights),4,7868,
doctor_(granblue_fantasy),4,44,
doctor_(last_origin),4,44,
doctor_doom,4,61,
doctor_ferdinand,4,55,
doctor_magus,4,108,
doctor_magus_4,4,71,
doctor_octopus,4,71,
doctor_strange,4,170,
docu_(doppel),4,70,
dodo_(black_souls),4,34,
dodo_(kemono_friends),4,69,
dodoco_(genshin_impact),4,2374,
dodome_ichika,4,59,
dodomezaki,4,32,
dodora_(shining_nikki),4,32,
dodoria,4,43,
dodory,4,86,
dodrio,4,137,
doduo,4,176,
dog_(duck_hunt),4,133,
dog_(mixed_breed)_(kemono_friends),4,496,
dog_(shiba_inu)_(kemono_friends),4,171,
dog_(yuki00yo),4,32,
dog_child_(doitsuken),4,115,
dog_girl_(doitsuken),4,30,
doge,4,167,
dogi_(ys),4,35,
dogmatika_ecclesia_the_virtuous,4,90,
dogmatika_fleurdelis_the_knighted,4,42,
dogoo,4,234,
dogoo_man,4,31,
dogpool,4,31,
dohalim_(tales),4,56,
doi_shizuha,4,60,
dojima_daigo,4,36,
doki_amber_doge_(dokibird),4,37,
dokibird_(school_uniform),4,18,
dokibird_(vtuber),4,739,
dokibird_(vtuber)_(bounty_hunter),4,189,
dokibird_(vtuber)_(retro_doki),4,101,
dokibird_(vtuber)_(tomato),4,71,
dokkaebi_(rainbow_six_siege),4,50,
dokuga,4,100,
dokugamine_riruka,4,234,
dokuro-kun_(houshou_marine),4,283,
dola_(1st_costume)_(nijisanji),4,39,
dola_(8th_costume)_(nijisanji),4,10,
dola_(laputa),4,44,
dola_(nijisanji),4,379,
dolce_(rune_factory),4,68,
dolfini,4,65,
doll_(ib),4,226,
doll_(one_piece),4,48,
dolla_(nikke),4,72,
dolly_(arknights),4,48,
dolly_(toaru_kagaku_no_railgun),4,43,
dolly_dimpley,4,13,
dolores_(kof),4,39,
dom_(animal_crossing),4,65,
dom_(mobile_suit),4,194,
doma_taihei,4,48,
doma_umaru,4,473,
domas,4,77,
domeki_kisara,4,10,
domestic_rabbit_(kemono_friends),4,37,
dominia_yizkor,4,44,
dominic_sorel,4,93,
dominica_s._gentile,4,119,
dominique_(bloodstained),4,31,
dominique_(the_devil_and_s-13),4,48,
dominura_(simoun),4,120,
domo-kun,4,52,
domon_asuka,4,43,
domon_kasshu,4,213,
domyoji_karin,4,233,
don-chan_(usada_pekora),4,3175,
don_(street_fighter),4,63,
don_corneo,4,55,
don_patch,4,68,
don_quixote_(project_moon),4,1792,
donald_duck,4,266,
donald_trump,4,134,
donatello_(tmnt),4,124,
donatello_versus,4,75,
dondozo,4,41,
dongbaek_(project_moon),4,103,
dongrang_(project_moon),4,96,
donguri_gaeru,4,36,
donkey_(kemono_friends),4,113,
donkey_kong,4,537,
donne_anonime,4,34,
donnel_(fire_emblem),4,36,
donovan_baine,4,90,
donphan,4,111,
donquixote_doflamingo,4,781,
donquixote_rocinante,4,516,
donut_(zoza),4,85,
doodle_commander_(azur_lane),4,45,
doodle_sensei_(blue_archive),4,9810,
doomer_girl,4,35,
doomfist_(overwatch),4,55,
doomguy,4,424,
doopliss,4,59,
doorman_(deadlock),4,45,
doppel_(monster_musume),4,120,
doppelganger_arle,4,67,
doppio_dropscythe,4,189,
dora_marquez,4,39,
doraemon_(character),4,910,
dorami,4,62,
dorcas_(fire_emblem),4,42,
doremy_sweet,4,3492,
doremy_sweet_(baku),4,64,
dori_(genshin_impact),4,251,
dorio_(cyberpunk),4,36,
doris_(hololive),4,32,
dorm_leader,4,33,
dormouse_(alice_in_wonderland),4,50,
dormouse_(kemono_friends),4,10,
dormouse_(monster_girl_encyclopedia),4,48,
dornroschen,4,44,
doro_(nikke),4,98,
dorodra_(kisaragi_kaya),4,104,
doronjo,4,397,
dororo_(character),4,208,
dororo_(keroro_gunsou),4,89,
dorothea_arnault,4,1154,
dorothea_arnault_(plegian),4,127,
dorothea_arnault_(summer),4,166,
dorothea_coyett,4,42,
dorothy_(arknights),4,478,
dorothy_(bishoujo_mangekyou),4,55,
dorothy_(fire_emblem),4,41,
dorothy_(granblue_fantasy),4,33,
dorothy_(hand_of_destiny)_(arknights),4,91,
dorothy_(marchen_awakens_romance),4,53,
dorothy_(nikke),4,385,
dorothy_(princess_principal),4,297,
dorothy_(shingeki_no_bahamut),4,63,
dorothy_(sinoalice),4,83,
dorothy_catalonia,4,48,
dorothy_gale,4,80,
dorothy_haze,4,270,
dorothy_west,4,404,
dorotte_(sb),4,34,
dorpos,4,32,
dorry_(utawarerumono),4,47,
dorshe,4,44,
doruji,4,133,
dorumon,4,30,
dory,4,78,
dos_cat,4,80,
doseisan,4,380,
dot_(pokemon),4,365,
dottore_(genshin_impact),4,301,
doublade,4,65,
double_(skullgirls),4,249,
doudanuki_masakuni,4,538,
doug_(monster_prom),4,34,
doughie_(omori),4,35,
dougram,4,65,
doujima_nanako,4,980,
doujima_ryoutarou,4,296,
douki-chan_(douki-chan),4,714,
douki-kun_(douki-chan),4,290,
douma_(kimetsu_no_yaiba),4,238,
doumeki_parker,4,39,
doumyouji_cocoa,4,49,
douryou_(buta5813),4,60,
doushite-chan,4,63,
doutei_(one-punch_man),4,39,
dovahkiin,4,163,
dovakini-chan,4,67,
dove_(fate),4,49,
downes_(azur_lane),4,66,
dozle_zabi,4,35,
dp-12_(girls'_frontline),4,257,
dp28_(girls'_frontline),4,77,
dr._arach,4,39,
dr._crygor,4,68,
dr._eggman,4,494,
dr._gero_(dragon_ball),4,58,
dr._light_(mega_man),4,129,
dr._mario,4,142,
dr._molly_simon,4,49,
dr._mundo,4,78,
dr._ratio_(honkai:_star_rail),4,1615,
dr._salvador,4,42,
dr._vegapunk,4,39,
dr._voir_(nanosheep),4,102,
dr._weil_(mega_man),4,31,
dr._wily_(mega_man),4,127,
dr.nova(e)_(1st_costume),4,15,
dracko_(panqlao),4,33,
dracky,4,84,
draco_(monster_musume),4,39,
draco_centauros,4,505,
draco_malfoy,4,121,
dracotail_phryxul,4,10,
dracovish,4,127,
dracozolt,4,38,
dracula,4,80,
dracula_(castlevania),4,87,
draculaura,4,72,
dracule_mihawk,4,542,
draculina_(last_origin),4,130,
dragalge,4,83,
dragapult,4,420,
drago_(kasugai_(de-tteiu)),4,31,
dragon_(any),4,57,
dragon_(monster_girl_encyclopedia),4,82,
dragon_kid,4,300,
dragon_knight_(dota),4,74,
dragon_knight_(dungeon_and_fighter),4,35,
dragon_lord,4,41,
dragon_miku_(project_voltage),4,57,
dragon_ryuuhou,4,39,
dragon_serval_(kemono_friends),4,26,
dragon_shiryuu,4,52,
dragon_slayer_ornstein,4,164,
dragon_yukano,4,115,
dragonair,4,485,
dragonite,4,911,
dragoon_(dokibird),4,169,
dragoon_(fft),4,35,
dragoon_(final_fantasy),4,348,
dragoon_(girls'_frontline),4,41,
dragoon_(selen_tatsuki),4,130,
dragoon_1_(sekaiju),4,33,
dragreder,4,40,
drake_(azur_lane),4,162,
drake_(nikke),4,190,
drake_(pokemon),4,57,
drake_(the_golden_hind's_respite)_(azur_lane),4,77,
drakloak,4,60,
draluc_(kyuuketsuki_sugu_shinu),4,39,
drampa,4,76,
drang_(granblue_fantasy),4,165,
drapion,4,85,
draqetti_(senukin),4,12,
drasna_(pokemon),4,105,
dratini,4,378,
draven,4,167,
drawcia,4,82,
drax_the_destroyer,4,30,
drayden_(pokemon),4,146,
drayton_(pokemon),4,273,
dream-like_night_(infinity_nikki),4,15,
dream_(youtuber),4,64,
dream_eater,4,32,
dream_journey_(casual)_(umamusume),4,82,
dream_journey_(racehorse),4,41,
dream_journey_(reminder_of_dreamland)_(umamusume),4,471,
dream_journey_(snow-white_dreamland)_(umamusume),4,49,
dream_journey_(umamusume),4,364,
dream_tiger_(govy9807),4,182,
dreamer_(girls'_frontline),4,190,
drednaw,4,234,
dreepy,4,522,
drew_(pokemon),4,166,
dreya_(path_to_nowhere),4,39,
dreyfus_zweig,4,78,
dribble_(warioware),4,53,
drifblim,4,352,
drifloon,4,911,
drift_(transformers),4,67,
drifting_fox,4,40,
drilbur,4,66,
drizzile,4,239,
droite_(tales),4,100,
dromarch_(xenoblade),4,202,
drops_(ragnarok_online),4,72,
drossel_von_flugel,4,172,
drow_ranger_(dota),4,56,
drowzee,4,193,
druddigon,4,100,
drum_(kancolle),4,196,
drum_master_(granblue_fantasy),4,90,
drusilla_(zenless_zone_zero),4,150,
druvis_iii,4,231,
dry_bones,4,49,
dryad_(terraria),4,47,
dsr-50_(girls'_frontline),4,604,
dsr-50_(highest_bid)_(girls'_frontline),4,194,
dsr-50_(red_peony)_(girls'_frontline),4,99,
dtto.,4,155,
du_meishin,4,74,
du_ruo_(path_to_nowhere),4,76,
du_yaoye_(arknights),4,51,
dubwool,4,122,
duca_degli_abruzzi_(azur_lane),4,183,
duca_degli_abruzzi_(lustrous_onyx_sirenetta)_(azur_lane),4,43,
duck_(duck_hunt),4,123,
ducklett,4,158,
duckman,4,118,
dudley,4,111,
dudunsparce,4,46,
due_(nanoha),4,47,
dugong_(world_dai_star),4,10,
dugtrio,4,207,
duke_nukem,4,30,
duke_of_york_(azur_lane),4,240,
duke_of_york_(prestige_of_the_glorious_formula)_(azur_lane),4,49,
duke_of_york_(warship_girls_r),4,70,
duke_pantarei,4,53,
duke_tougou,4,57,
dukemon,4,151,
dukemon_crimson_mode,4,36,
dulse_(pokemon),4,52,
duma_(fire_emblem),4,34,
dumuzid_(fate),4,73,
dun_stallion_(fate),4,68,
dunant_pilse,4,32,
dunban_(xenoblade),4,109,
dunbine,4,126,
dungeon_rabbit_(dungeon_meshi),4,36,
dunkerque_(afternoon_venus)_(azur_lane),4,62,
dunkerque_(azur_lane),4,466,
dunkerque_(summer_sucre)_(azur_lane),4,169,
dunn_smith,4,48,
dunsparce,4,137,
dunyarzad_(genshin_impact),4,86,
duo_(duolingo),4,111,
duo_maxwell,4,162,
duosion,4,148,
dur-nar_(arknights),4,70,
duraludon,4,263,
duralumin,4,32,
duramente_(casual)_(umamusume),4,21,
duramente_(red_in_black)_(umamusume),4,238,
duramente_(umamusume),4,346,
duran_(seiken_densetsu_3),4,91,
durandal_(casual)_(umamusume),4,47,
durandal_(chevalier_fidele)_(umamusume),4,201,
durandal_(umamusume),4,202,
durant,4,71,
durga_(fate),4,201,
durga_(housamo),4,44,
durin_(arknights),4,171,
duryodhana_(fate),4,196,
dusa_(hades),4,36,
dusclops,4,182,
dusk_(arknights),4,2436,
dusk_(everything_is_a_miracle)_(arknights),4,385,
dusk_(wayanfa),4,65,
dusk_of_oolacile,4,49,
dusknoir,4,297,
duskull,4,385,
dust_(konosuba),4,60,
duster_(mother),4,146,
dustox,4,124,
dusty_(gravity_daze),4,178,
dutch_(black_lagoon),4,35,
dutch_girl_(last_origin),4,63,
duvalie,4,58,
dva,4,41,
dvach-tan,4,71,
dvalin_(genshin_impact),4,180,
dwarf_(dq10),4,45,
dwarf_(dragon's_crown),4,92,
dwayne_dantes,4,30,
dwebble,4,86,
dwight_fairfield,4,51,
dwyer_(fire_emblem),4,105,
dyarikku_(vtuber),4,61,
dygenguar,4,59,
dylan_keith,4,58,
dyna_blade,4,31,
dynamo_(mega_man),4,41,
dynasmon,4,32,
dynasty_ahri,4,40,
dynatron_(mighty_no._9),4,71,
dynazenon_(character),4,74,
e-123_omega,4,67,
e.m.m.i._(metroid),4,90,
eagle_(reverse:1999),4,62,
eagle_spirit_(touhou),4,217,
eahta_(granblue_fantasy),4,60,
earl_grey_(girls_und_panzer),4,96,
earth-chan,4,204,
earthree_gundam,4,54,
earthspirit_(arknights),4,73,
eas_(fresh_precure!),4,643,
eastern_wolf_(kemono_friends),4,38,
eater_(digimon),4,66,
eba_rin,4,38,
ebenholz_(arknights),4,368,
ebenholz_(eine_variation)_(arknights),4,34,
eberhard_braun,4,26,
ebi-chan_(gawr_gura),4,255,
ebi_frion_(natsuiro_matsuri),4,215,
ebihara_ai,4,61,
ebihara_minase,4,55,
ebihara_naho,4,201,
ebina_hina,4,34,
ebina_nana,4,298,
ebino_mei,4,36,
ebipon,4,33,
ebisu_(dorohedoro),4,120,
ebisu_eika,4,445,
ebisumaru,4,32,
ebisuzawa_kurumi,4,478,
ebitetsu,4,138,
ebizuka_tomo,4,742,
eblana_(arknights),4,161,
ebola-chan,4,33,
eboshi,4,49,
ebrietas_daughter_of_the_cosmos,4,41,
ecaflip,4,93,
ecclesia_(yu-gi-oh!),4,353,
echidna_(fire_emblem),4,46,
echidna_(last_origin),4,58,
echidna_(monster_girl_encyclopedia),4,44,
echidna_(p&d),4,123,
echidna_(queen's_blade),4,246,
echidna_(re:zero),4,646,
echizen_murasaki,4,56,
echizen_ryooma,4,84,
echo_(apex_legends),4,55,
echoed_dreams_(infinity_nikki),4,14,
echoes_(stand),4,119,
echoes_act1,4,52,
echoes_act3,4,58,
eclair_(girls_und_panzer),4,85,
eclair_(kiddy_grade),4,140,
eclair_(la_pucelle),4,97,
eclair_(teuthidan),4,11,
eclair_martinozzi,4,160,
eclipse_(brown_dust_2),4,70,
ecoco,4,73,
ecolo_(puyopuyo),4,108,
ecute,4,54,
ed-chan_(edkuroki),4,113,
ed_(street_fighter),4,131,
ed_(trickcal),4,30,
eda_(black_lagoon),4,86,
edain_(fire_emblem),4,61,
edalyn_clawthorne,4,74,
edamoto_haru,4,30,
edan_(sparrowl),4,121,
edasaki_banri,4,40,
eddelrittuo,4,64,
eddie_(guilty_gear),4,73,
eddie_(gyee),4,49,
eddie_(mega_man),4,67,
eddie_brock,4,94,
edea_(throtem),4,57,
edea_cluster,4,55,
edea_kramer,4,34,
edea_lee,4,305,
edel_(ikeuchi_tanuma),4,72,
edelgard_(isekai_maou),4,39,
edelgard_von_hresvelg,4,3917,
edelgard_von_hresvelg_(adrestian_emperor)_(resplendent),4,18,
edelgard_von_hresvelg_(hegemon_husk),4,58,
edelgard_von_hresvelg_(snowfall_future),4,44,
edelgard_von_hresvelg_(summer),4,103,
eden_(honkai_impact),4,520,
eden_(sennen_sensou_aigis),4,36,
edgar_allan_poe_(bungou_stray_dogs),4,30,
edgar_roni_figaro,4,198,
edgar_valden,4,84,
edgar_valden_(golden_ratio),4,32,
edgar_valtinas,4,30,
edge_(justice_gakuen),4,35,
edge_maverick,4,59,
edinburgh_(azur_lane),4,154,
edita_(tanaka_the_wizard),4,38,
edmond_(nu_carnival),4,201,
edmond_(sweet_aroma)_(nu_carnival),4,21,
edmond_(white_lover)_(nu_carnival),4,11,
edmond_dantes_(fate),4,1025,
edmond_dantes_(first_ascension)_(fate),4,69,
edmond_dantes_(monte_cristo_selection)_(fate),4,73,
edmond_honda,4,208,
edna_(tales),4,499,
edo_phoenix,4,76,
edogawa_conan,4,819,
edogawa_ranpo_(bungou_stray_dogs),4,57,
edomae_lunar,4,132,
eduardo_(eddsworld),4,18,
edward_(fire_emblem),4,40,
edward_chris_von_muir,4,31,
edward_elric,4,1747,
edward_elric's_daughter,4,32,
edward_elric's_son,4,38,
edward_geraldine,4,162,
edward_gold_(eddsworld),4,15,
edward_hargrieve,4,13,
edward_kenway,4,40,
edward_newgate,4,197,
edward_teach,4,44,
edward_teach_(fate),4,382,
edward_teach_(final_ascension)_(fate),4,62,
edward_wong_hau_pepelu_tivrusky_iv,4,361,
edy_nelson,4,64,
edytha_rossmann,4,357,
eelektrik,4,54,
eelektross,4,179,
eevee,4,4223,
effie_(fire_emblem),4,108,
effie_(shadow_slave),4,59,
effie_(street_fighter),4,61,
effole_(fairy_fencer_f),4,59,
efi_oladele,4,32,
egami_tsubaki,4,62,
egawa_kusumi,4,215,
egg_(aiu404l),4,51,
egg_(lemyawn),4,31,
eggnog_cookie,4,63,
egnigem_cenia,4,141,
egokoro_nao,4,35,
eguchi_sera,4,137,
egypt_(hetalia),4,32,
egyptian_loli_(surio),4,242,
eheeya_(ff14),4,59,
ehekatl_of_luck,4,30,
ehre_(sousou_no_frieren),4,40,
eiai_nano,4,88,
eicy_(alchemy_stars),4,46,
eiden_(astral_duo)_(nu_carnival),4,11,
eiden_(chase_the_rainbow)_(nu_carnival),4,10,
eiden_(forest_carnival)_(nu_carnival),4,16,
eiden_(mystical_banquet)_(nu_carnival),4,14,
eiden_(nu_carnival),4,479,
eiden_(young)_(nu_carnival),4,22,
eidsvold_(kancolle),4,66,
eight-tailed_fox_nari,4,48,
eighth_wonder,4,41,
eikiri_eimu,4,37,
eiko_carol,4,427,
eikthyrnir_(fire_emblem),4,31,
eila_ilmatar_juutilainen,4,3302,
eileen_(a-soul),4,48,
eileen_(project_moon),4,37,
eileen_(virtua_fighter),4,40,
eileen_coney_(modern_mogal),4,50,
eileen_galvin,4,34,
eileen_the_crow,4,121,
eileennoir,4,33,
eimi_(blue_archive),4,1443,
eimi_(dai_no_daibouken),4,31,
eimi_(harris_hero),4,52,
eimi_(swimsuit)_(blue_archive),4,746,
eimi_isami,4,36,
ein_(blue_archive),4,526,
ein_(cowboy_bebop),4,221,
ein_(mahjong_soul),4,51,
ein_(nikke),4,55,
ein_(phantom_of_inferno),4,68,
eina_tulle,4,77,
einamu,4,61,
einar_(personal_ami),4,89,
einhart_stratos,4,465,
einherjar_azena,4,30,
eini_a_lukkanen,4,32,
eir_(fire_emblem),4,192,
eirene_(path_to_nowhere),4,55,
eirika_(fire_emblem),4,986,
eirika_(pledged_restorer)_(fire_emblem),4,51,
eirika_(summer)_(fire_emblem),4,67,
eirika_(winter)_(fire_emblem),4,44,
eirudy,4,34,
eiscue,4,190,
eiscue_(ice),4,157,
eiscue_(noice),4,32,
eisen_(sousou_no_frieren),4,298,
eisenwane_(sword_girls),4,30,
eishin_flash_(collect_chocolatier)_(umamusume),4,60,
eishin_flash_(reines_plaetschern)_(umamusume),4,62,
eishin_flash_(umamusume),4,2011,
eisu-chan_(eisu),4,42,
eitr_(fire_emblem),4,31,
eitri_(fire_emblem),4,97,
eizen_(tales),4,168,
ekans,4,178,
ekaterina_kurae,4,110,
ekko_(ejami),4,182,
ekko_(league_of_legends),4,279,
eksistere_kyrenia,4,42,
eku_(awastedninja),4,15,
eku_(vrchat),4,10,
ekubo_(mob_psycho_100),4,394,
el_(girls_und_panzer),4,209,
el_(sound_horizon),4,74,
el_condor_pasa_(casual)_(umamusume),4,63,
el_condor_pasa_(kukulkan_monk)_(umamusume),4,41,
el_condor_pasa_(kukulkan_warrior)_(umamusume),4,79,
el_condor_pasa_(umamusume),4,997,
el_fuerte,4,47,
el_mofus_(brown_hair_female),4,34,
el_shaddoll_winda,4,89,
ela_(rainbow_six_siege),4,104,
ela_angraeni_(revian_samuel_dani),4,32,
elaina_(majo_no_tabitabi),4,1217,
elaine,4,72,
elaine_(pokemon),4,278,
elaine_auclair,4,235,
elan_ceres,4,512,
elastigirl,4,70,
elbe_(azur_lane),4,326,
elbe_(pure-hearted_bad_girl)_(azur_lane),4,49,
elbe_(time_to_show_off?)_(azur_lane),4,63,
elbia_hernaiman,4,35,
elbing_(azur_lane),4,129,
elbing_(the_throne_of_misfortune)_(azur_lane),4,32,
elc_(arc_the_lad),4,138,
elchi_cargo,4,41,
elcia_harvence,4,31,
eldali_ilma_fanomenel,4,56,
eldar,4,201,
eldegoss,4,194,
eldelita_(rakurakutei_ramen),4,39,
elden_beast,4,37,
elder_cousin_(igarashi_kyouhei),4,78,
elderbug_(hollow_knight),4,14,
eldigan_(fire_emblem),4,56,
eldlich_the_golden_lord,4,53,
eldridge_(azur_lane),4,689,
eldridge_(holy_night's_embrace)_(azur_lane),4,56,
eldridge_(kitty_idol)_(azur_lane),4,42,
eldridge_(the_inquisitive_recluse)_(azur_lane),4,55,
eleanor_(justadrian),4,33,
eleanor_(maou-sama_to_kekkonshitai),4,53,
eleanor_albertine_le_blanc_de_la_blois_de_la_valliere,4,42,
eleanor_hume,4,118,
elec_man,4,86,
electabuzz,4,121,
electivire,4,134,
electra_(nadia),4,54,
electra_(xenoblade),4,35,
electric_miku_(project_voltage),4,90,
electrike,4,66,
electro_alice,4,90,
electro_cicin_mage_(genshin_impact),4,146,
electro_emilia,4,285,
electrode_(pokemon),4,207,
elegg_(nikke),4,738,
eleki_(kasugai_(de-tteiu)),4,30,
elekid,4,142,
eleking,4,34,
elemental_hero_burstinatrix,4,33,
elemental_hero_neos,4,58,
elemental_master_(elsword),4,184,
elementalist_(dungeon_and_fighter),4,74,
elementalist_lux,4,97,
elen_(fire_emblem),4,36,
elena_(ff7),4,130,
elena_(grandia),4,48,
elena_(hazuki_kazue),4,11,
elena_(project_moon),4,114,
elena_(street_fighter),4,579,
elena_olegovna_owen,4,164,
elena_peoples,4,35,
elena_stoddart,4,35,
elena_trafalgar,4,124,
eleonora_viltaria,4,80,
eleonore_giovanna_gassion,4,40,
elephant_mario,4,48,
elesa_(pokemon),4,1774,
elesa_(sygna_suit)_(pokemon),4,37,
elesia,4,46,
elesis_(elsword),4,898,
eleuseus,4,52,
eleven_(path_to_nowhere),4,48,
elf_(dq10),4,107,
elf_(dragon's_crown),4,465,
elf_(houtengeki),4,166,
elf_(ii_orc_no_hi),4,72,
elf_(lineage_2),4,64,
elf_elysia,4,82,
elf_no_radral,4,67,
elf_princess_warrioress_(kirishima_satoshi),4,20,
elfilin,4,322,
elfine_phillet,4,40,
elfir_traum,4,52,
elfleda_mirjasdottir,4,57,
elfnein,4,170,
elfriend_(shiranui_flare),4,236,
elfuda_(elf-san_wa_yaserarenai.),4,39,
elgyem,4,61,
elh_melizee,4,30,
elhaym_van_houten,4,279,
eli_clark,4,87,
eli_clark_(noir),4,14,
eli_clark_(white),4,18,
eli_conifer,4,89,
eli_conifer_(1st_costume),4,41,
elia_kolbeck_(pixcy),4,10,
elias_ainsworth,4,136,
elias_delborne,4,14,
elicia_hughes,4,39,
elid_(girls'_frontline),4,52,
elidibus,4,50,
elie_(rave),4,45,
elie_macdowell,4,339,
elie_wayne,4,98,
eliisa_(mahjong_soul),4,100,
elijah_baley,4,108,
elin,4,1363,
elina_(queen's_blade),4,241,
elinalise_dragonroad,4,106,
elincia_ridell_crimea,4,240,
elincia_ridell_crimea_(summer),4,36,
elincie_yerthrop,4,35,
elio_(pokemon),4,1545,
elira_pendora,4,2002,
elira_pendora_(1st_costume),4,603,
elira_pendora_(2nd_costume),4,184,
elira_pendora_(3rd_costume),4,138,
elira_pendora_(4th_costume),4,77,
elis_(touhou),4,317,
elisa_(girls'_frontline),4,106,
elisabeth_(kagejitsu),4,19,
elisabeth_blanctorche,4,132,
elisabeth_von_wettin,4,119,
elisalotte,4,30,
elisanne,4,98,
elise_(fire_emblem),4,818,
elise_(koakuma_teeri_to_kyuuseishu!?),4,30,
elise_(league_of_legends),4,127,
elise_(nhim),4,20,
elise_(ninja)_(fire_emblem),4,30,
elise_(summer)_(fire_emblem),4,58,
elise_angel,4,31,
elise_k._bradwell,4,35,
elise_liedl,4,96,
elise_schwarzer,4,63,
elise_von_dietrich,4,78,
elisia_valfelto,4,228,
elita_one,4,81,
eliwood_(fire_emblem),4,449,
eliwood_(valentine)_(fire_emblem),4,31,
eliza_(skullgirls),4,262,
eliza_(tekken),4,140,
elizabeth_(bioshock_infinite),4,191,
elizabeth_(gintama),4,137,
elizabeth_(persona),4,621,
elizabeth_bathory_(brave)_(fate),4,820,
elizabeth_bathory_(cinderella_rider)_(fate),4,81,
elizabeth_bathory_(fate),4,2967,
elizabeth_bathory_(fate/extra_ccc),4,1900,
elizabeth_bathory_(first_ascension)_(fate),4,719,
elizabeth_bathory_(halloween_caster)_(fate),4,136,
elizabeth_bathory_(japan)_(fate),4,36,
elizabeth_bathory_(perfect)_(first_ascension)_(fate),4,89,
elizabeth_bathory_(perfect)_(third_ascension)_(fate),4,26,
elizabeth_bathory_(second_ascension)_(fate),4,264,
elizabeth_bathory_(third_ascension)_(fate),4,87,
elizabeth_f._beurling,4,229,
elizabeth_liones,4,509,
elizabeth_of_the_end_(fate),4,113,
elizabeth_rose_bloodflame,4,661,
elizabeth_rose_bloodflame_(1st_costume),4,36,
elizabeth_thompson,4,137,
elizabetta_(futagohime),4,50,
elize_lutus,4,471,
ella_of_the_sky,4,50,
elle_mel_martha,4,224,
elle_sweet,4,54,
elle_vianno,4,93,
ellee-chan,4,378,
ellen_(folkssoul),4,34,
ellen_(majo_no_ie),4,95,
ellen_(touhou),4,452,
ellen_aice,4,36,
ellen_baker,4,598,
ellen_carson,4,32,
ellen_joe,4,3811,
elli_(bokujou_monogatari),4,30,
ellie_(kisaragi_yuu),4,38,
ellie_(the_last_of_us),4,121,
ellin_meiji,4,171,
elline_(kirby),4,48,
elliot_(zkstxxx),4,41,
elliot_craig,4,45,
elliot_leucosia,4,72,
ellis_(agarest_senki),4,32,
ellis_(el_cazador_de_la_bruja),4,100,
ellis_(toushinden),4,97,
ellone,4,44,
elly_(1st_costume)_(vtuber),4,20,
elly_(bunny)_(vtuber),4,17,
elly_(tonari_no_kyuuketsuki-san),4,103,
elly_(touhou),4,618,
elly_(vtuber),4,60,
elm_(pokemon),4,61,
elma_(maidragon),4,610,
elma_(xenoblade_x),4,129,
elma_leivonen,4,189,
elmerulia_fryxell,4,113,
elmina_niet,4,30,
elmo,4,39,
elnowar_seylan,4,52,
elon_musk,4,37,
elpeo_puru,4,519,
elphelt_valentine,4,1654,
elsa_(frozen),4,1590,
elsa_granhilte,4,199,
elsa_maria_(madoka_magica),4,102,
else_shileska,4,30,
elsie-san_(oshiruko),4,42,
elster_(signalis),4,570,
elstri_(centuria),4,11,
elsword_(character),4,407,
eltnum,4,92,
eltolinde_(unicorn_overlord),4,86,
elu_(1st_costume)_(nijisanji),4,53,
elu_(8th_costume)_(nijisanji),4,36,
elu_(nijisanji),4,291,
elven_forest_maker,4,219,
elven_founder_(ishiyumi),4,31,
elven_knight_(dungeon_and_fighter),4,34,
elwing,4,63,
elwing_ra-nah_sylphith,4,35,
elyse,4,95,
elysia_(coco)_(honkai_impact),4,70,
elysia_(herrscher_of_human:_ego)_(honkai_impact),4,1020,
elysia_(herrscher_of_human:ego)_(honkai_impact),4,525,
elysia_(hi_love_elf)_(honkai_impact),4,1661,
elysia_(honkai_impact),4,4006,
elysia_(miss_pink)_(honkai_impact),4,178,
elysia_(miss_pink_elf)_(honkai_impact),4,1650,
elysia_(peachy_spring)_(honkai_impact),4,173,
elysia_(summer_miss_elf)_(honkai_impact),4,125,
elysia_de_lute_ima,4,299,
elysia_watanabe,4,32,
elysium_(arknights),4,285,
elysium_(elite_ii)_(arknights),4,17,
elza_(ishuzoku_reviewers),4,71,
elza_forte,4,35,
elza_straherz,4,112,
ema_(shirotsume_souwa),4,40,
ema_skye,4,251,
ema_skye_(aa1),4,66,
ema_skye_(aa4),4,94,
ema_yuzuru,4,52,
emaan,4,39,
emanuella_porlallora,4,41,
ember_(selen_tatsuki),4,286,
ember_amane,4,41,
embla_(fire_emblem),4,87,
emboar,4,251,
emden_(azur_lane),4,176,
emel_(7th_dragon),4,32,
emelia_pris,4,61,
emelie_(cyancapsule),4,174,
emera_(bombergirl),4,54,
emerada_(xenogears),4,245,
emerald_(pokemon),4,193,
emerald_herald,4,82,
emerald_sustrai,4,174,
emerald_tree_boa_(kemono_friends),4,30,
emeraldas,4,45,
emet-selch,4,667,
emia_renya,4,227,
emil_(nier),4,300,
emil_castagnier,4,201,
emil_nekola,4,68,
emile_bertin_(azur_lane),4,72,
emile_elanos,4,32,
emile_elman,4,161,
emilia_(krt_girls),4,82,
emilia_(re:zero),4,3384,
emilia_(saga_frontier),4,37,
emilia_(yu-gi-oh!),4,30,
emilia_hermit,4,52,
emilia_percival,4,84,
emilico_(shadows_house),4,399,
emilie_(genshin_impact),4,188,
emilou_apacci,4,32,
emily_(hazbin_hotel),4,35,
emily_(last_origin),4,44,
emily_(master_of_eternity),4,35,
emily_(meago),4,31,
emily_(overwatch),4,41,
emily_(pandora_hearts),4,40,
emily_armond,4,78,
emily_dyer,4,42,
emily_stewart,4,508,
emily_stock,4,219,
emina_(emina&aki),4,53,
emiya_alter,4,219,
emiya_kiritsugu,4,2591,
emiya_kiritsugu_(assassin),4,188,
emiya_shirou,4,5591,
emiya_shirou_(prisma_illya),4,101,
emizel_(disgaea),4,94,
emlyn_white,4,50,
emma_(dq11),4,44,
emma_(nikke),4,121,
emma_(pokemon),4,78,
emma_(project_moon),4,52,
emma_(veil),4,71,
emma_(victorian_romance_emma),4,80,
emma_(yakusoku_no_neverland),4,415,
emma_august,4,304,
emma_august_(1st_costume),4,92,
emma_frost,4,82,
emma_hardy,4,42,
emma_kagan,4,16,
emma_llama,4,58,
emma_millstein,4,267,
emma_sheen,4,153,
emma_the_gentle_blade,4,103,
emma_verde,4,1251,
emma_verde_(kujibikido_swimsuit),4,167,
emma_woods,4,135,
emma_woods_(boudoir_dream),4,31,
emmeryn_(fire_emblem),4,58,
emmet_(pokemon),4,825,
emmet_(special_costume)_(pokemon),4,48,
emmett_brown,4,49,
emo-girl_(grs-),4,72,
emolga,4,705,
emori_el,4,61,
emori_miku,4,314,
emoto_miki,4,30,
emperor_(ff2),4,75,
emperor_(sennen_sensou_aigis),4,30,
emperor_(stand),4,55,
emperor_of_mankind,4,129,
emperor_penguin_(kemono_friends),4,1340,
employee_(project_moon),4,1140,
empoleon,4,317,
emporio_alnino,4,116,
emporio_ivankov,4,56,
empress_(dmfd),4,112,
empress_(last_origin),4,52,
emu_alice,4,73,
emukae_mukae,4,46,
emuko_(ikkakujuu_wa_tsuranukanai),4,18,
emura_subaru,4,38,
en_(dorohedoro),4,72,
en_ciel_rena,4,559,
en_ciel_rena_(aegis),4,90,
en_ciel_rena_(laelith),4,94,
en_ciel_rena_(magius),4,86,
en_ciel_rena_(sin),4,285,
ena_(joel_g),4,41,
ena_(monster_hunter),4,31,
ena_(quilt),4,37,
ena_(tsukiman),4,71,
ena_(yatsuki_yura),4,31,
enako_haibara,4,66,
enchantress_(dungeon_and_fighter),4,35,
encore_(wuthering_waves),4,160,
ende_(chihuri),4,555,
endeavor_(boku_no_hero_academia),4,2101,
ender_dragon,4,38,
enderman,4,335,
endministrator_(arknights),4,99,
endou_akira,4,36,
endou_araya,4,169,
endou_aya,4,44,
endou_mamoru,4,551,
endou_michiko,4,40,
endou_mishiro,4,33,
endou_saya,4,478,
endou_yuuji,4,109,
endymion_(sailor_moon),4,54,
ene_(kagerou_project),4,876,
enekk,4,32,
enel,4,96,
enemy_aircraft_(kancolle),4,1477,
enemy_lifebuoy_(kancolle),4,1362,
enemy_naval_mine_(kancolle),4,873,
enemy_ootachi,4,33,
enemy_tantou,4,47,
enemy_vessel_(warship_girls_r),4,103,
enfer_(path_to_nowhere),4,43,
enforcer_(arknights),4,155,
engi_threepiece,4,37,
engineer_(tf2),4,212,
engineer_nemo_(fate),4,105,
enid_sinclair,4,115,
enigma_(reverse:1999),4,51,
eniwa_shii,4,66,
enjoji_kogiku,4,13,
enjoji_michiru,4,192,
enjou_sakuya,4,81,
enjou_tomoe,4,41,
enjutsu,4,85,
enki_(fear_&_hunger),4,35,
enki_(juuni_kokuki),4,53,
enkidu_(fate),4,1311,
enkidu_(sensha_otoko)_(fate),4,44,
enkuu_(crime_crackers),4,16,
enlightened_byleth_(female),4,640,
enlightened_byleth_(male),4,299,
enma-chan,4,122,
enma_ai,4,768,
enmu_(kimetsu_no_yaiba),4,85,
enna_alouette,4,1160,
enna_alouette_(1st_costume),4,247,
enna_alouette_(2nd_costume),4,62,
enna_alouette_(3rd_costume),4,57,
enna_alouette_(maid),4,51,
enne_(porforever),4,35,
ennis,4,76,
ennui_heiwa_miku,4,87,
eno_konoe,4,55,
enoch,4,76,
enokawa_kokoro,4,63,
enokawa_miyu,4,147,
enokorogusa_(flower_knight_girl),4,39,
enome,4,32,
enomiya_milk,4,34,
enomoto_azusa,4,30,
enomoto_kazue,4,35,
enomoto_noa,4,489,
enomoto_rion,4,34,
enomoto_taiyou,4,149,
enomoto_takane,4,471,
enomoto_yuiko,4,41,
enoshima_junko,4,3246,
enraenra_(youkai_watch),4,99,
enraku_tsubakura,4,724,
enri_louvre,4,30,
enrico_pucci,4,542,
enta_(nia),4,53,
entei,4,290,
enterprise_(anniversary_ride)_(azur_lane),4,65,
enterprise_(azur_lane),4,2507,
enterprise_(diving_under_blue_skies)_(azur_lane),4,50,
enterprise_(heroic_finery)_(azur_lane),4,45,
enterprise_(pacific),4,62,
enterprise_(reindeer_master)_(azur_lane),4,95,
enterprise_(starlight_oath)_(azur_lane),4,47,
enterprise_(warship_girls_r),4,160,
enterprise_(wind_catcher)_(azur_lane),4,161,
entoma_vasilissa_zeta,4,230,
entombed_air_defense_guardian_princess,4,55,
entrapta,4,40,
entropy_(honkai_impact),4,32,
enver_gortash,4,52,
envy_(fma),4,164,
envy_adams,4,39,
envy_elika_(koyashaka),4,99,
enya_geil,4,83,
enyo_(granblue_fantasy),4,49,
eos_(ff14),4,93,
eous_(zenless_zone_zero),4,650,
epel_felmier,4,140,
ephnel,4,153,
ephraim_(fire_emblem),4,421,
ephyca_(llucilab),4,10,
epinel_(nikke),4,32,
epis,4,42,
epona,4,195,
epsilon_(kage_no_jitsuryokusha_ni_naritakute!),4,43,
epsilon_(kagejitsu),4,112,
equinox_(racehorse),4,64,
eraqus,4,34,
erasa_(dragon_ball),4,36,
eraser_head_(boku_no_hero_academia),4,643,
erato_(arknights),4,44,
erato_(last_origin),4,49,
erd_gin,4,107,
erebus_(azur_lane),4,149,
ereki_(beatmania),4,40,
eremes_guile,4,271,
eremite_desert_clearwater_(genshin_impact),4,56,
eremite_floral_ring-dancer_(genshin_impact),4,35,
eremite_scorching_loremaster_(genshin_impact),4,43,
eren_kruger,4,34,
eren_yeager,4,2889,
erenville,4,70,
ereshkigal_(bitter_sweet)_(fate),4,74,
ereshkigal_(fate),4,4414,
ereshkigal_(third_ascension)_(fate),4,189,
ereshkigal_(under_the_same_sky)_(fate),4,67,
ereshkigal_(youming_niangniang)_(fate),4,35,
ereshkigal_alter_(fate),4,90,
eri_(boku_no_hero_academia),4,369,
eri_(pokemon),4,150,
eria_(yu-gi-oh!),4,216,
eria_the_water_charmer,4,181,
eric_(disney),4,34,
eric_cartman,4,223,
erica_(acerailgun),4,38,
erica_ainsworth,4,66,
erica_blandelli,4,34,
erica_fontaine,4,216,
erica_hartmann,4,2575,
erica_mendez,4,49,
erich_von_rerugen,4,73,
ericht_samaya,4,177,
erichthonios,4,41,
eridan_ampora,4,31,
erik_burton,4,31,
erika_(blue_archive),4,266,
erika_(pokemon),4,912,
erika_(sygna_suit)_(pokemon),4,43,
erika_la_etienne,4,198,
erika_wagner,4,95,
eriko_(princess_connect!),4,574,
eriko_(summer)_(princess_connect!),4,126,
erin_(granblue_fantasy),4,40,
erin_(kemono_no_souja_erin),4,49,
erina_(rabi-ribi),4,128,
erina_der_vogelweid,4,49,
erina_makina,4,104,
erina_pendleton,4,586,
eringya_(marl_kingdom),4,37,
erinys_(fire_emblem),4,117,
erio_mondial,4,368,
eriri_(echocalypse),4,32,
eris_(asobi_ni_iku_yo!),4,173,
eris_(atelier951),4,51,
eris_(cosmic_break),4,32,
eris_(konosuba),4,201,
eris_(monster_strike),4,24,
eris_greyrat,4,1348,
eris_jerand,4,53,
erk_(fire_emblem),4,57,
erlking_heathcliff_(project_moon),4,59,
erma_(girls'_frontline),4,42,
ermes_costello,4,402,
ernesti_echevalier,4,101,
ernesto_de_la_cruz,4,104,
ernesto_de_la_cruz_(alive),4,61,
ernie_(sesame_street),4,17,
ernula,4,37,
eroneko-san,4,53,
eroppu,4,30,
error_musume,4,711,
ershin,4,41,
erstin_ho,4,169,
erubetie,4,47,
erufuda-san,4,211,
eruka_frog,4,69,
erul_tron,4,31,
eruruu,4,498,
erwin_(girls_und_panzer),4,705,
erwin_smith,4,424,
erynn_(porforever),4,64,
erythroblast_(hataraku_saibou),4,39,
erza_scarlet,4,915,
erze_(king's_raid),4,32,
es_(milgram),4,31,
es_(xblaze),4,470,
escaflowne,4,36,
escalayer,4,140,
escargon,4,36,
escavalier,4,177,
escha_malier,4,300,
escort_fortress_(kancolle),4,88,
escort_princess,4,49,
escort_water_princess,4,103,
esdeath,4,442,
esia_mariveninne,4,143,
esidisi,4,388,
eska_(cookie),4,57,
eska_bamel,4,75,
esmeralda_(disney),4,47,
esmyrelda_maximus,4,43,
espathra,4,44,
espeon,4,1612,
esper_(saga_2),4,59,
esper_girl,4,31,
esper_nyanko,4,203,
espio_the_chameleon,4,153,
espio_the_chameleon_(poet),4,36,
espoir_city_(red_devil_gear)_(umamusume),4,134,
espoir_city_(umamusume),4,84,
espresso_cookie,4,106,
espurr,4,438,
essex_(a_trip_down_route_66)_(azur_lane),4,32,
essex_(azur_lane),4,503,
essex_(craft_fairytail)_(azur_lane),4,51,
essex_(start_line_splash)_(azur_lane),4,22,
essex_(warship_girls_r),4,155,
est_(fire_emblem),4,175,
estel_(fire_emblem),4,10,
estel_freesia,4,77,
estella_(arknights),4,329,
estelle_(arknights),4,91,
estelle_(cieluscian),4,109,
estelle_bright,4,459,
estellise_sidos_heurassein,4,1093,
estellise_sidos_heurassein_(campus_royalty),4,97,
ester_ein_astrada,4,63,
esther_(project_moon),4,40,
esther_freeling,4,160,
estinien_varlineau,4,257,
estonia_(hetalia),4,70,
estoria_(kyonyuu_fantasy),4,10,
eta_(kagejitsu),4,91,
eternal_sailor_moon,4,217,
eternal_sakura,4,66,
eternatus,4,86,
eternatus_(normal),4,31,
eternity_(last_origin),4,78,
eternity_(reverse:1999),4,89,
eternity_larva,4,1796,
eternity_winner_(elsword),4,35,
ethan-baron_v._nusjuro,4,40,
ethan_(arknights),4,186,
ethan_(pokemon),4,2809,
ethan_(sygna_suit)_(pokemon),4,69,
ethan_winters,4,117,
ethel_(xenoblade),4,233,
etheldreda,4,58,
ethlyn_(fire_emblem),4,99,
etie_(fire_emblem),4,288,
etihw_(haiiro_teien),4,83,
etna_(disgaea),4,1849,
etna_(kuzuyu),4,142,
eto_(tokyo_ghoul),4,147,
etoile_rosenqueen,4,31,
etolie_granche,4,20,
etopen,4,233,
etorofu_(kancolle),4,1462,
etou_kanami,4,190,
etou_mei,4,93,
etou_misaki_(idolmaster),4,125,
etou_toshiko,4,59,
etra_(etra-chan_wa_mita!),4,51,
etzali,4,92,
euclase_(houseki_no_kuni),4,90,
eucliwood_hellscythe,4,176,
euden,4,67,
eugen_(granblue_fantasy),4,153,
eugene_chaud_(mega_man),4,58,
eugene_kidd,4,49,
eugene_sevenstark,4,33,
eugeo,4,520,
eula_(genshin_impact),4,5594,
eula_(pizza_hut)_(genshin_impact),4,45,
eule_(signalis),4,65,
eumenes_(fate),4,34,
eun_(elsword),4,113,
eun_soyeon_(lustyfox),4,79,
eunectes_(arknights),4,960,
eunectes_(forgemaster)_(arknights),4,252,
eunha_(closers),4,85,
eunha_(gfriend),4,33,
eunho_(plave),4,31,
eunhwa_(nikke),4,85,
eunie_(xenoblade),4,1118,
euphemia_li_britannia,4,673,
eupho-kun,4,30,
euphyllia_magenta,4,758,
eurasian_beaver_(kemono_friends),4,45,
eurasian_eagle_owl_(kemono_friends),4,1337,
eurasian_lynx_(kemono_friends),4,57,
eurasian_lynx_(kemono_friends)_(bokoboko_(pandagapanda1)),4,46,
eureka_(eureka_seven),4,815,
eurica_(ub1mo),4,49,
eurika_(falkyrie_no_monshou),4,30,
europa_(fate),4,101,
europa_(granblue_fantasy),4,446,
europa_(summer)_(granblue_fantasy),4,89,
european_hare_(kemono_friends),4,161,
european_princess,4,63,
european_water_princess,4,41,
euryale_(fate),4,1007,
euryale_(third_ascension)_(fate),4,223,
eusine_(pokemon),4,158,
eustace_(granblue_fantasy),4,153,
eustass_kid,4,404,
eva_(devil_may_cry),4,31,
eva_(metal_gear),4,76,
eva_(the_atko),4,10,
eva_00,4,332,
eva_01,4,932,
eva_02,4,999,
eva_02_prime_beta,4,30,
eva_03,4,47,
eva_05,4,33,
eva_06,4,40,
eva_08,4,71,
eva_13,4,49,
eva_beatrice,4,575,
evalia_(algorhythm_project),4,40,
evan_(cloud_meadow),4,43,
evangeline_a.k._mcdowell,4,522,
evangeline_a.k._mcdowell_(adult),4,62,
evangelyne_(wakfu),4,113,
evarella_(berserk),4,49,
evbo,4,32,
evdokiya_infernalis,4,58,
eve_(2nas)_(elsword),4,67,
eve_(alchemy_stars),4,39,
eve_(black_cat),4,122,
eve_(blaster_master_zero),4,46,
eve_(chihuri),4,241,
eve_(cloud_meadow),4,41,
eve_(elsword),4,1133,
eve_(gundam_build_divers_re:rise),4,69,
eve_(kasugai_(de-tteiu)),4,66,
eve_(mythology),4,38,
eve_(nier:automata),4,45,
eve_(op_na_yarou),4,35,
eve_(rurudo),4,45,
eve_(stellar_blade),4,437,
eve_(wall-e),4,35,
eve_krist,4,56,
eve_moonlit,4,50,
eve_santaclaus,4,271,
eve_valerne,4,39,
evelyn_(neural_cloud),4,33,
evelyn_(pokemon),4,65,
evelynn_(league_of_legends),4,823,
evelysse_(star_ocean),4,220,
everlasting_faust_(project_moon),4,48,
evernight_(lurking)_(honkai:_star_rail),4,39,
evernight_goddess,4,89,
evey_(honkai:_star_rail),4,326,
evil_(okame_nin),4,36,
evil_aqua,4,56,
evil_eye_sigma,4,160,
evil_flare,4,31,
evil_neuro-sama,4,126,
evil_ryu,4,59,
evil_twin's_trouble_sunny,4,34,
evil_twin_ki-sikil,4,227,
evil_twin_lil-la,4,269,
evileye_(overlord),4,43,
evo_3_(girls'_frontline),4,39,
evolto,4,58,
ewen_egeburg,4,172,
ewiyar_(granblue_fantasy),4,77,
ex-gear,4,33,
ex-keine,4,4287,
ex-rika,4,39,
ex-rumia,4,448,
ex-s_gundam,4,97,
ex-sese,4,35,
ex_albio,4,173,
examon,4,31,
excadrill,4,162,
excalibur_(crave_saga),4,81,
excalibur_(soul_eater),4,44,
excalibur_(warframe),4,37,
excel,4,53,
excellen_browning,4,258,
excellia_cruz,4,32,
exdeath,4,97,
executioner_(girls'_frontline),4,121,
executioner_maid_(centuriic),4,62,
executioner_smough,4,56,
executive_mishiro,4,256,
executor_(arknights),4,444,
executor_the_ex_foedere_(arknights),4,138,
exeggcute,4,142,
exeggutor,4,169,
exelica,4,74,
exeter_(azur_lane),4,50,
exia_(nikke),4,113,
exice-zero,4,45,
exile_(elona),4,30,
exiled_warrior_leina,4,391,
exodia_the_forbidden_one,4,61,
exosister_elis,4,77,
exosister_irene,4,85,
exosister_karmael,4,57,
exosister_martha,4,60,
exosister_sophia,4,39,
exosister_stella,4,59,
exploud,4,66,
exs-tia_avalas,4,113,
exs-tia_mass_products,4,13,
exusiai_(apple)_(arknights),4,55,
exusiai_(arknights),4,3416,
exusiai_(city_rider)_(arknights),4,71,
exusiai_(midnight_delivery)_(arknights),4,35,
exusiai_(wild_operation)_(arknights),4,51,
exy_(wjsn),4,41,
eydis_(sao),4,83,
eye_(okame_nin),4,110,
eyeball_bracelet_girl_(fkey),4,67,
eyewon_(precure),4,42,
eyjafjalla_(arknights),4,1504,
eyjafjalla_(fluffy_little_witch)_(arknights),4,24,
eyjafjalla_(summer_flower)_(arknights),4,410,
eyjafjalla_the_hvit_aska_(a_picnic_before_a_long_trip)_(arknights),4,36,
eyjafjalla_the_hvit_aska_(arknights),4,243,
ezio_auditore_da_firenze,4,254,
ezlo,4,90,
ezo_brown_bear_(kemono_friends),4,156,
ezo_red_fox_(kemono_friends),4,1590,
ezomori_nozomu,4,74,
ezra_(project_moon),4,32,
ezra_theodore,4,125,
ezreal,4,476,
ezuki_luna,4,37,
f-22_raptor_(personification),4,37,
f.a.n.g,4,42,
f.l.u.d.d.,4,127,
f1_(girls'_frontline),4,33,
f91_gundam,4,139,
fa_mulan_(disney),4,85,
fa_yuiry,4,208,
faba_(pokemon),4,158,
fabiola_iglesias,4,59,
facebook-san,4,71,
facehugger,4,103,
fade_(apex_legends),4,31,
fae_(fire_emblem),4,391,
fae_(winter)_(fire_emblem),4,66,
faerie_(seiken_densetsu_3),4,48,
fafnir_(maidragon),4,110,
fafnir_siegfried_vii,4,14,
fai_d._flowright,4,83,
fai_fai,4,61,
fail_(djmax),4,115,
failure_penguin,4,1416,
fairimon,4,195,
fairouz_ai,4,48,
fairy_(breath_of_fire),4,36,
fairy_(dungeon_meshi),4,103,
fairy_(jintai),4,183,
fairy_(kancolle),4,3573,
fairy_festival,4,33,
fairy_leviathan_(mega_man),4,655,
fairy_maid_(touhou),4,457,
fairy_miku_(project_voltage),4,401,
faith_connors,4,46,
faize_scheifa_beleth,4,97,
fake_hisui_(cookie),4,72,
fake_nyon_(cookie),4,47,
fakir_(princess_tutu),4,159,
fal_(fal's_summer)_(girls'_frontline),4,32,
fal_(girls'_frontline),4,344,
falco_grice,4,66,
falco_lombardi,4,217,
falcon_(girls'_frontline),4,74,
falcon_armor_x_(mega_man),4,56,
falia_the_queen_of_the_mountains,4,38,
falin_thorden,4,663,
falin_thorden_(chimera),4,208,
falin_thorden_(tallman),4,403,
falin_touden,4,1892,
falin_touden_(chimera),4,723,
falin_touden_(tallman),4,617,
falinks,4,154,
falke_(signalis),4,70,
falke_(street_fighter),4,48,
falkner_(pokemon),4,339,
fall_guy,4,298,
fallen_of_albaz,4,115,
fallenshadow,4,554,
falling_devil_(chainsaw_man),4,208,
falsetto_(suite_precure),4,37,
falulu,4,288,
falulu_(awakened),4,166,
fam_(ruin_explorers),4,54,
fam_fan_fan,4,55,
famas_(girls'_frontline),4,45,
famelira_(elira_pendora),4,49,
fami_(chainsaw_man),4,510,
family_burger_mascot_(chainsaw_man),4,54,
family_computer_robot,4,161,
fan_la_norne,4,177,
fan_wujiu,4,50,
fanatio_synthesis_two,4,30,
fandaniel,4,36,
fandead_(uruha_rushia),4,105,
fang_(arknights),4,185,
fang_(cruciata)_(arknights),4,36,
fang_(my_time_at_sandrock),4,31,
fang_assassin_irma,4,141,
fang_the_sniper,4,41,
fantina_(pokemon),4,109,
faputa,4,577,
farah_(legend_of_queen_opala),4,46,
farah_oersted,4,201,
farfalia,4,40,
farfetch'd,4,275,
fargo_(azur_lane),4,39,
farigiraf,4,76,
farina_(fire_emblem),4,50,
faris_scherwiz,4,938,
farmer_(sekaiju),4,52,
farnese_(berserk),4,83,
farrah_(granblue_fantasy),4,129,
fartooth_(arknights),4,303,
faruzan_(cafe)_(genshin_impact),4,94,
faruzan_(genshin_impact),4,1009,
fary,4,67,
fast_fashion_octane,4,37,
fastener_(psg),4,36,
fat_buu,4,97,
fat_cat_(ff14),4,94,
fat_chocobo,4,39,
fat_gum_(boku_no_hero_academia),4,128,
fat_step-sister_(orizen),4,51,
fatalis,4,75,
fate_testarossa,4,9377,
fate_testarossa_(blaze_form),4,50,
fate_testarossa_(blaze_form_ii),4,33,
fate_testarossa_(blaze_iii),4,43,
fate_testarossa_(impulse_form),4,318,
fate_testarossa_(lightning_form),4,414,
fate_testarossa_(lightning_form)(2nd),4,75,
fate_testarossa_(movie_1st_form),4,244,
fate_testarossa_(original_form),4,156,
fate_testarossa_(sonic_form),4,69,
fate_testarossa_(true_sonic_form),4,359,
father_(diva),4,112,
father_(fma),4,58,
father_(nu_carnival),4,34,
father_(yoru_mac),4,76,
father_gascoigne,4,84,
fatima_(luminous_arc),4,34,
fatima_betrorum,4,40,
fatina,4,126,
fatui_agent_(genshin_impact),4,31,
fatui_pyro_agent_(genshin_impact),4,43,
faucre_the_evil_overlord,4,89,
faust_(arknights),4,213,
faust_(guilty_gear),4,217,
faust_(project_moon),4,1599,
faust_lavinia,4,38,
favaro_leone,4,42,
faye_(fire_emblem),4,200,
faye_(front_innocent),4,32,
faye_valentine,4,590,
fayt_leingod,4,126,
fear_kubrick,4,100,
fearow,4,114,
feater_(arknights),4,956,
feater_(dojo_star)_(arknights),4,72,
feater_(gourmet)_(arknights),4,73,
feather_(granblue_fantasy),4,64,
featherine_augustus_aurora,4,135,
febrie,4,37,
fecto_elfilis,4,132,
federica_n._doglio,4,151,
fediel_(granblue_fantasy),4,271,
fee_(fire_emblem),4,55,
feebas,4,132,
feel,4,32,
feena_(grandia),4,396,
feena_(shingeki_no_bahamut),4,46,
feena_(ys),4,103,
feena_fam_earthlight,4,282,
feh_(fire_emblem_heroes),4,343,
fei-yen,4,93,
fei_fakkuma,4,138,
fei_fong_wong,4,110,
fei_long,4,81,
fei_rune,4,278,
fei_yuen_(azur_lane),4,31,
feifei_(fkey),4,51,
feifei_(shiofeifei),4,51,
feiqizi_(fkey),4,277,
feitan_portor,4,184,
feixiao_(honkai:_star_rail),4,912,
feldt_grace,4,695,
feli_(puyopuyo),4,197,
felicia_(darkstalkers),4,55,
felicia_(fire_emblem),4,411,
felicia_(vampire),4,1809,
felicia_castro,4,40,
felicia_hardy,4,243,
felicienne_(reverse:1999),4,77,
felicita,4,39,
felicitee_(utatatane),4,11,
feline_sora,4,34,
felix_(golden_sun),4,38,
felix_argyle,4,427,
felix_hugo_fraldarius,4,659,
felix_richter,4,83,
felix_schultz_(azur_lane),4,56,
fellbeast,4,42,
felli_loss,4,73,
felsi_rollo,4,176,
felt_(re:zero),4,232,
felt_whitesnow,4,45,
felyne,4,723,
female_abyssal_admiral_(kancolle),4,150,
female_admiral_(kancolle),4,5487,
female_alear_(fell_child)_(fire_emblem),4,103,
female_angel_(disgaea),4,33,
female_assassin_(fate/zero),4,554,
female_builder_(dqb2),4,375,
female_byleth_(academy)_(fire_emblem),4,151,
female_byleth_(awakened)_(fire_emblem),4,1502,
female_byleth_(enlightened_one)_(fire_emblem),4,96,
female_byleth_(sothis_regalia)_(fire_emblem),4,114,
female_chief_(path_to_nowhere),4,670,
female_commander_(azur_lane),4,149,
female_commander_(forever_7th_capital),4,55,
female_commander_(girls'_frontline),4,666,
female_corrin_(fate_dragon)_(fire_emblem),4,16,
female_crusader_(dungeon_and_fighter),4,46,
female_doctor_(arknights),4,531,
female_dreamseeker_(honkai_impact),4,58,
female_endministrator_(arknights),4,95,
female_fighter_(morino_donguri),4,121,
female_gunner_(dungeon_and_fighter),4,296,
female_knight_(guardian_tales),4,70,
female_mage_(dungeon_and_fighter),4,148,
female_majin,4,103,
female_master_(the_tale_of_food),4,85,
female_mechanic_(dungeon_and_fighter),4,36,
female_priest_(dungeon_and_fighter),4,222,
female_professor_(neural_cloud),4,69,
female_protagonist_(live_a_hero),4,49,
female_protagonist_(pokemon_go),4,811,
female_protagonist_(pokemon_pokopia),4,172,
female_rover_(wuthering_waves),4,682,
female_saniwa_(touken_ranbu),4,816,
female_sensei_(blue_archive),4,761,
female_sensei_(blue_archive)_(rarasa),4,20,
female_sensei_(blue_archive)_(suzutarou_gunsou),4,41,
female_seth_(street_fighter),4,110,
female_slayer_(dungeon_and_fighter),4,203,
female_titan,4,131,
female_tourist_c_(arknights),4,301,
female_trainer_(umamusume),4,579,
female_tyrant_(swimsuit)_(stella_sora),4,223,
female_warrior_(disgaea),4,72,
femto_(berserk),4,87,
fencer_(sekaiju),4,45,
fencer_1_(sekaiju),4,58,
feng_(skullgirls),4,117,
feng_xin,4,42,
fengxi_(the_legend_of_luoxiaohei),4,387,
fennec_(kemono_friends),4,2945,
fennekin,4,950,
fenneko,4,34,
fennel_(pokemon),4,108,
fennery_(show_by_rock!!),4,60,
fenny_golden,4,60,
fenomeno_(black_flames_of_the_righteous_spirit)_(umamusume),4,301,
fenomeno_(casual)_(umamusume),4,33,
fenrich_(disgaea),4,115,
fenrir_(final_fantasy),4,54,
fenrir_(ghost_(tama)),4,56,
fenrir_(housamo),4,45,
fenrir_(last_origin),4,128,
fenrir_(shingeki_no_bahamut),4,161,
fenrir_knight,4,96,
fenrys,4,52,
feo_ul,4,71,
feower_(granblue_fantasy),4,158,
feraligatr,4,454,
ferdi_(ferdinandusdart),4,15,
ferdinand_(honzuki_no_gekokujou),4,181,
ferdinand_von_aegir,4,322,
fergus_mac_roich_(fate),4,225,
fergus_mac_roich_(young)_(fate),4,38,
feri_al-fayed,4,48,
fern_(sousou_no_frieren),4,5043,
fernandez_(fearless_night),4,34,
fernandia_malvezzi,4,164,
ferris_eris,4,77,
ferroseed,4,47,
ferrothorn,4,66,
ferrus_manus,4,38,
ferry_(granblue_fantasy),4,1070,
ferry_(halloween)_(granblue_fantasy),4,41,
ferry_(santa_minidress)_(granblue_fantasy),4,36,
ferry_(summer)_(granblue_fantasy),4,55,
ferus_(ragnarok_online),4,30,
festenia_muse,4,32,
fezandipiti,4,41,
fi_(atelier),4,54,
fi_(zelda),4,313,
fia_(riviera),4,45,
fia_the_deathbed_companion,4,132,
fiamma_of_the_right,4,46,
fiammetta_(arknights),4,1004,
fiammetta_(divine_oath)_(arknights),4,36,
ficus_finis,4,74,
fiddlesticks,4,91,
fideo_aldena,4,57,
fidget_(dust:_an_elysian_tail),4,38,
fidough,4,183,
fie_claussell,4,344,
fiend_(juniper's_knot),4,30,
fierce_deity,4,266,
fif_(granblue_fantasy),4,65,
fifteen_(katana_zero),4,30,
figaro_garcia,4,32,
fighter_(7th_dragon),4,382,
fighter_(dq3),4,266,
fighter_(dragon's_crown),4,86,
fighter_(dungeon_and_fighter),4,309,
fighter_(granblue_fantasy),4,889,
fighting_fefnir_(mega_man),4,82,
fighting_master_alleyne,4,278,
fighting_miku_(project_voltage),4,280,
fii-tan,4,127,
filament_(ar_tonelico),4,30,
filene_(shadowverse),4,97,
filet_(kai_himo),4,33,
filho_rossi,4,33,
filia_(skullgirls),4,844,
filia_(star_ocean),4,62,
filia_regis,4,13,
filia_ul_copt,4,105,
filian_(vtuber),4,80,
filicia_heideman,4,41,
filir_(ragnarok_online),4,61,
fillia_einhart_(eirgallant),4,32,
filo_(tate_no_yuusha_no_nariagari),4,304,
fin_e_ld_si_laffinty,4,364,
fina_(eternal_arcadia),4,62,
fina_(ffbe),4,59,
finana_ryugu,4,1163,
finana_ryugu_(1st_costume),4,243,
finana_ryugu_(2nd_costume),4,99,
finana_ryugu_(3rd_costume),4,81,
finch_(xenoblade),4,72,
fine_(futagohime),4,270,
fine_(symphogear),4,90,
fine_falke,4,34,
fine_motion's_bodyguard_captain,4,52,
fine_motion_(casual)_(umamusume),4,121,
fine_motion_(titania)_(umamusume),4,53,
fine_motion_(umamusume),4,1389,
finizen,4,50,
finland_(hetalia),4,160,
finn_(fire_emblem),4,74,
finn_(star_wars),4,39,
finn_ames,4,94,
finn_the_human,4,278,
finnel_(ar_tonelico),4,100,
finneon,4,182,
fino_bloodstone,4,43,
fio-chan_(big_o_pants),4,112,
fio_(nier),4,94,
fio_germi,4,625,
fio_piccolo,4,53,
fiona_(border_break),4,48,
fiona_(xenoblade),4,40,
fiona_(zoids),4,99,
fiona_belli,4,119,
fiona_fox,4,35,
fiona_frost,4,280,
fiona_gilman,4,44,
fiona_gilman_(crimson),4,18,
fiona_mayfield,4,45,
fionn_mac_cumhaill_(fate/grand_order),4,139,
fionna_the_human_girl,4,147,
fiora_(fire_emblem),4,94,
fiora_(league_of_legends),4,237,
fiora_(xenoblade),4,460,
fiora_ariete,4,68,
fiora_pellerin,4,50,
fiorayne_(monster_hunter),4,105,
fiore_brunelli,4,100,
fiore_forvedge_yggdmillennia,4,48,
fir_(fire_emblem),4,204,
fire_bird_(skeledirge),4,79,
fire_emblem_(tiger_&_bunny),4,119,
fire_keeper,4,390,
fire_kirby,4,43,
fire_man,4,71,
fire_miku_(project_voltage),4,58,
fire_peach,4,33,
fire_valkyrie,4,60,
firefly_(ar-26710)_(honkai:_star_rail),4,184,
firefly_(honkai:_star_rail),4,7188,
firefly_(jepella_rebellion)_(honkai:_star_rail),4,75,
firefly_(stella_sora),4,33,
firefox-tan,4,67,
firelight_ekko,4,171,
firenze_(stella_sora),4,78,
firewatch_(arknights),4,182,
firewatch_(wilted_cypress)_(arknights),4,47,
firewhistle_(arknights),4,42,
firion,4,325,
firis_mistlud,4,230,
firo_(shiboritoranaide_onna_shounin-san),4,34,
firo_prochainezo,4,82,
first-chan_(loalo),4,40,
first_armor_x_(mega_man),4,31,
first_sinner_(hollow_knight),4,17,
fischl_(ein_immernachtstraum)_(genshin_impact),4,380,
fischl_(genshin_impact),4,3662,
fish_eye_(sailor_moon),4,62,
fish_sprite_(pokemon),4,44,
fish_stick_(splatoon),4,31,
five-seven_(adventures_of_fenfen)_(girls'_frontline),4,55,
five-seven_(cruise_queen)_(girls'_frontline),4,116,
five-seven_(girls'_frontline),4,502,
five_(drag-on_dragoon),4,56,
five_pebbles,4,43,
fiz_(fizintine),4,187,
fizz_(league_of_legends),4,53,
fjorm_(bridal)_(fire_emblem),4,66,
fjorm_(fire_emblem),4,530,
fjorm_(ice_ascendant)_(fire_emblem),4,34,
fjorm_(ninja)_(fire_emblem),4,41,
fjorm_(summer)_(fire_emblem),4,41,
fl-chan,4,113,
flaaffy,4,219,
flabebe,4,143,
flabebe_(red),4,72,
fladramon,4,69,
flag_custom,4,40,
flaky_(happy_tree_friends),4,112,
flambae_(dispatch),4,54,
flamberge_(kirby),4,125,
flame_lord_(elsword),4,37,
flame_master_nyx,4,93,
flame_princess,4,59,
flame_toys_windblade,4,34,
flamebringer_(arknights),4,305,
flametail_(arknights),4,398,
flametail_(sport_for_all)_(arknights),4,93,
flamie_speeddraw,4,144,
flamigo,4,84,
flamme_(sousou_no_frieren),4,110,
flammie,4,37,
flan-maman_(goma),4,85,
flandre_(azur_lane),4,76,
flandre_(kaibutsu_oujo),4,37,
flandre_scarlet,4,51774,
flandre_scarlet_(vampire_pursuing_the_hunter's_vacation),4,14,
flannery_(pokemon),4,517,
flapple,4,79,
flappy_(futari_wa_precure),4,36,
flare_earlgrande_gioral,4,49,
flareon,4,1271,
flareze_(porforever),4,61,
flash_man,4,99,
flasher_(azur_lane),4,37,
flat_escardos,4,43,
flatwoods_monster,4,46,
flavia_(fire_emblem),4,34,
flay_allster,4,127,
flayn_(fire_emblem),4,570,
flayn_(halloween)_(fire_emblem),4,45,
flea_(chrono_trigger),4,76,
flea_(hollow_knight),4,126,
fleki,4,303,
fletcher_(kancolle),4,1718,
fletcher_mk_ii_(kancolle),4,326,
fletchinder,4,56,
fletchling,4,314,
fleur_(personal_ami),4,51,
fleur_blanc,4,40,
fleurdelis_(yu-gi-oh!),4,117,
flicky_(character),4,51,
flik_(suikoden),4,55,
flins_(genshin_fes_2026)_(genshin_impact),4,45,
flins_(parallels_meet)_(genshin_impact),4,10,
flint_(arknights),4,157,
flint_(girls_und_panzer),4,429,
flint_(mother_3),4,46,
flint_(pokemon),4,230,
flippy_(happy_tree_friends),4,96,
flit_asuno,4,65,
floating_fortress_(kancolle),4,289,
floatzel,4,117,
floch_forster,4,40,
flocke_cerha,4,32,
floe_(simoun),4,77,
floette,4,200,
floette_(eternal),4,36,
floette_(red),4,66,
flonne,4,758,
flonne_(fallen_angel),4,385,
flora_(claymore),4,31,
flora_(dq5),4,354,
flora_(fire_emblem),4,251,
flora_(rariatto),4,31,
floragato,4,256,
floren_(xenoblade),4,35,
florence_(neural_cloud),4,111,
florence_nightingale_(chaldea_lifesavers)_(fate),4,123,
florence_nightingale_(divine_princess_of_the_storm)_(fate),4,31,
florence_nightingale_(fate),4,3399,
florence_nightingale_(santa)_(fate),4,137,
florence_nightingale_(third_ascension)_(fate),4,175,
florence_nightingale_(trick_or_treatment)_(fate),4,1066,
florges,4,116,
florges_(red),4,48,
florian_(pokemon),4,1611,
florian_brand_(leonard),4,24,
florian_brand_(puffing),4,15,
florida-chan_(ryusei_hashida),4,70,
florina_(fire_emblem),4,344,
florine_(alchemy_stars),4,32,
flounder_(the_little_mermaid),4,49,
flour_(cookie),4,166,
flow_(splatoon),4,33,
flower_(gynoid_talk),4,111,
flower_(kowarekake),4,41,
flower_(vocaloid),4,824,
flower_(vocaloid3),4,188,
flower_(vocaloid4),4,590,
flower_fairy_(osomatsu-kun),4,39,
flower_girl_(yuuhagi_(amaretto-no-natsu)),4,110,
flowey_(undertale),4,393,
floyd_leech,4,1165,
fluorite_(arknights),4,616,
flurry_(animal_crossing),4,57,
flutter_mane,4,126,
flutterpage_(naisnow),4,22,
fluttershy,4,469,
flyfish_(splatoon),4,43,
flygon,4,935,
flying_miku_(project_voltage),4,140,
flynn_(smt4),4,51,
flynn_rider,4,68,
flynn_scifo,4,380,
flynn_scifo_(student_body_president),4,34,
fn-49_(girls'_frontline),4,56,
fnc_(girls'_frontline),4,281,
fnc_(upotte!!),4,51,
focalors_(genshin_impact),4,606,
foch_(azur_lane),4,148,
foch_(rainbow_rendezvous)_(azur_lane),4,41,
fogado_(fire_emblem),4,181,
folinic_(arknights),4,249,
folkwang_(nikke),4,70,
follower_(yagisaka_seto),4,74,
fomantis,4,97,
fonewearl,4,57,
fong_pudding,4,93,
foo_fighters_(jojo),4,511,
foo_fighters_(stand),4,39,
foodie_bee_(infinity_nikki),4,30,
foongus,4,203,
foote_(azur_lane),4,55,
forbin_(azur_lane),4,56,
forcas,4,39,
force_(r-type),4,33,
forde_(fire_emblem),4,33,
fore_(va-11_hall-a),4,42,
forest_bunny_(omori),4,87,
forest_folk_(infinity_nikki),4,16,
forest_keeper_nowa,4,98,
forever_(jojo),4,31,
forever_young_(umamusume),4,334,
forget_me_not_(reverse:1999),4,40,
formaggio,4,239,
formidable_(azur_lane),4,4455,
formidable_(muse)_(azur_lane),4,43,
formidable_(the_lady_of_the_beach)_(azur_lane),4,474,
formidable_(the_lover's_heart_flutters_on_duty)_(azur_lane),4,94,
formidable_(timeless_classics)_(azur_lane),4,218,
forrest_(fire_emblem),4,139,
forretress,4,82,
fors_wall,4,125,
forsyth_(fire_emblem),4,65,
forte_(crystalplanet00),4,52,
forte_(shingeki_no_bahamut),4,237,
forte_stollen,4,312,
fortress_(nanoha),4,62,
fortress_(sekaiju),4,62,
fortress_2_(sekaiju),4,48,
fortune_(azur_lane),4,37,
fortune_(last_origin),4,167,
fortune_teller_(touhou),4,107,
fossa_(kemono_friends),4,86,
fossil_sprite_(pokemon),4,42,
fotia_of_fireside,4,49,
fou-lu,4,77,
fou_(fate),4,2221,
founding_titan,4,31,
four-hundred_roses,4,79,
four_(drag-on_dragoon),4,61,
four_murasame,4,144,
fourth_chorus_(hollow_knight),4,12,
fox_(trickster),4,57,
fox_child_(doitsuken),4,184,
fox_devil_(chainsaw_man),4,127,
fox_girl_(jaco),4,89,
fox_girl_(mdf_an),4,55,
fox_girl_(miya_(miyaruta)),4,30,
fox_girl_(togutogu),4,113,
fox_hinako,4,68,
fox_mask_(silent_hill),4,307,
fox_mccloud,4,386,
fox_wife_(batta_(kanzume_quality)),4,70,
fox_wife_(doitsuken),4,63,
foxfire_ahri,4,35,
foxhound_(azur_lane),4,63,
foxhound_(retrofit)_(azur_lane),4,47,
foxy_(fnaf),4,56,
foxy_(kof),4,42,
fp-6_(girls'_frontline),4,36,
frag,4,32,
fraise_(nekopara),4,37,
framme_(fire_emblem),4,284,
framme_(spring)_(fire_emblem),4,34,
fran_(arachnos),4,19,
fran_(ff12),4,496,
fran_(gudanco_(nyanmeowzer)),4,62,
fran_(idoly_pride),4,43,
fran_(reborn),4,65,
fran_(tensei_shitara_ken_deshita),4,103,
france_(hetalia),4,554,
frances_royce,4,34,
francesca_(knights_of_guinevere),4,44,
francesca_(pokemon),4,39,
francesca_lucchini,4,1522,
francesca_prelati_(fate),4,39,
francie_gerard,4,47,
francine_(animal_crossing),4,63,
francis_(left_4_dead),4,33,
francis_drake_(fate),4,499,
francis_drake_(stormy_seas_outfit)_(fate),4,32,
francis_mosses,4,33,
francisca_(kirby),4,127,
franco_il_nero,4,34,
francoise_arnoul,4,96,
frank_west,4,51,
franka_(arknights),4,684,
franka_(rainforest_me_rainbow)_(arknights),4,44,
franken_stein_(soul_eater),4,59,
frankenstein's_monster,4,550,
frankenstein's_monster_(fate),4,1175,
frankenstein's_monster_(swimsuit_saber)_(fate),4,531,
frankenstein's_monster_(swimsuit_saber)_(first_ascension)_(fate),4,236,
frankenstein's_monster_(swimsuit_saber)_(second_ascension)_(fate),4,139,
frankenstein's_monster_(swimsuit_saber)_(third_ascension)_(fate),4,93,
frankie_foster,4,357,
franklin_bordeau,4,32,
franky_(one_piece),4,667,
franky_franklin,4,158,
franziska_von_karma,4,626,
fraternal_myotis_(kemono_friends),4,33,
fraux,4,157,
fraw_bow,4,116,
fraxure,4,52,
fray_myste,4,101,
freckles-chan_(aymusk),4,45,
freckles-san_(houkago_play),4,57,
freckles_nun_(diva),4,94,
fred_jones,4,59,
fred_weasley,4,41,
freddie_(gundam_build_divers_re:rise),4,40,
freddie_mercury,4,60,
freddy_(fenrir)_(dislyte),4,48,
freddy_fazbear,4,178,
freddy_krueger,4,112,
frederic_chopin,4,162,
frederica_(sennen_sensou_aigis),4,35,
frederica_aesfrost,4,44,
frederica_baumann,4,153,
frederica_bernkastel,4,1385,
frederica_greenhill,4,39,
frederica_irving,4,52,
frederica_nikola_tesla,4,138,
frederica_rosenfort,4,38,
frederica_sawyer,4,118,
frederick_(fire_emblem),4,96,
frederika_(hitsugi_no_chaika),4,53,
frederika_(mon-musu_quest!),4,31,
freedom_gundam,4,160,
freesia_(granblue_fantasy),4,30,
freia_kagami,4,50,
freija_crescent,4,292,
frelia_(ar_tonelico),4,60,
fremea_seivelun,4,53,
freminet_(genshin_impact),4,795,
french_battleship_princess,4,90,
french_maid_nidalee,4,39,
frenda_seivelun,4,423,
frenlyse,4,34,
frenzy_(transformers),4,49,
freudia_neuwahl,4,42,
frey_(fisheye_placebo),4,33,
frey_(rune_factory),4,151,
freya_(chobits),4,50,
freya_(danmachi),4,53,
freya_(valkyrie_profile),4,74,
freyja_(fire_emblem),4,229,
freyja_(master_of_eternity),4,32,
freyja_(p&d),4,83,
freyja_(parallel_hearts)_(fire_emblem),4,19,
freyja_(summer)_(fire_emblem),4,93,
freyja_wion,4,737,
freyjadour_falenas,4,151,
friden_(hentai_elf_to_majime_orc),4,90,
friede_(pokemon),4,140,
friedrich,4,90,
friedrich_carl_(a_game_of_love)_(azur_lane),4,39,
friedrich_carl_(azur_lane),4,74,
friedrich_der_grosse_(azur_lane),4,663,
friedrich_der_grosse_(dark_raiments_of_gagaku)_(azur_lane),4,58,
friedrich_der_grosse_(one_summer_night's_intimacy)_(azur_lane),4,47,
friedrich_der_grosse_(zeremonie_of_the_cradle)_(azur_lane),4,51,
friend_(nanashi_mumei),4,983,
friend_e,4,13,
frieren,4,7730,
friesian_horse_girl,4,22,
frieza,4,526,
frigga_(last_origin),4,84,
frightening_(zoza),4,33,
frigibax,4,42,
frilled_lizard_(kemono_friends),4,49,
frillish,4,215,
frillish_(female),4,145,
frillish_(male),4,147,
frima_(nikke),4,82,
frisk_(undertale),4,1550,
froakie,4,499,
frodo_baggins,4,34,
frog_(chrono_trigger),4,213,
frogadier,4,66,
froggy_(sonic),4,53,
froggy_nun's_father_(diva),4,35,
froggy_nun_(diva),4,1007,
frogiwawa,4,61,
frolaytia_capistrano,4,94,
fronk,4,34,
froslass,4,605,
frosmoth,4,208,
frost_(rainbow_six_siege),4,38,
frostleaf_(arknights),4,747,
frostleaf_(breaking_the_ice)_(arknights),4,55,
frostnova_(arknights),4,950,
frye_(splatoon),4,1079,
fu-ha_jin,4,35,
fu_(dragon_ball),4,58,
fu_hua,4,4217,
fu_hua_(azure_empyrea),4,755,
fu_hua_(blood_voivode),4,41,
fu_hua_(blue_swallow),4,42,
fu_hua_(cerulean_court),4,57,
fu_hua_(fenghuang_of_vicissitude),4,408,
fu_hua_(hawk_of_the_fog),4,68,
fu_hua_(herrscher_of_sentience),4,1494,
fu_hua_(night_squire),4,311,
fu_hua_(onyx_simurgh)_(herrscher_of_sentience),4,39,
fu_hua_(phoenix),4,446,
fu_hua_(rustic_noir),4,118,
fu_hua_(shadow_knight),4,283,
fu_hua_(spring_traveler),4,48,
fu_hua_(taixuan_impression),4,218,
fu_hua_(turn_up_the_music!)_(herrscher_of_sentience),4,77,
fu_hua_(valkyrie_accipiter),4,441,
fu_ji,4,68,
fu_shun_(azur_lane),4,54,
fu_shun_(touqi_guaitan),4,276,
fu_xuan_(honkai:_star_rail),4,967,
fubuchun,4,89,
fubuki_(azur_lane),4,178,
fubuki_(blue_archive),4,1180,
fubuki_(busou_shinki),4,37,
fubuki_(kancolle),4,11339,
fubuki_(nige_jouzu_no_wakagimi),4,72,
fubuki_(one-punch_man),4,1679,
fubuki_(senran_kagura),4,143,
fubuki_(spring_mode)_(kancolle),4,32,
fubuki_(swimsuit)_(blue_archive),4,556,
fubuki_(warship_girls_r),4,63,
fubuki_atsuya,4,150,
fubuki_clockford,4,68,
fubuki_kai_ni_(kancolle),4,1394,
fubuki_shirou,4,431,
fubukihime,4,168,
fubuzilla_(shirakami_fubuki),4,254,
fuchibeppu_chiyuri,4,37,
fuchigami_mai,4,43,
fudatsuki_kyouko,4,55,
fudo_yusei,4,278,
fudou_akio,4,298,
fudou_akira,4,198,
fudou_devi,4,35,
fudou_yukimitsu,4,156,
fudou_yukimitsu_(tenka_hyakken),4,38,
fudou_yuusei,4,738,
fuecoco,4,1031,
fueguchi_hinami,4,95,
fuga_(senran_kagura),4,35,
fugee_(granblue_fantasy),4,145,
fugo_dressel,4,31,
fugue_(honkai:_star_rail),4,53,
fuguu-chan,4,45,
fuha_mika,4,50,
fuiba_fuyu,4,267,
fuji_aoi,4,141,
fuji_izumi,4,58,
fuji_kiseki_(casual)_(umamusume),4,22,
fuji_kiseki_(umamusume),4,980,
fujibayashi_kyou,4,1560,
fujibayashi_ryou,4,525,
fujibayashi_sheena,4,271,
fujibayashi_suzu,4,82,
fujieda_honami,4,55,
fujieda_kaede,4,31,
fujieda_yoshino,4,35,
fujihara_(haguhagu),4,163,
fujihashi_ryou,4,48,
fujii_ayame,4,31,
fujii_tomo,4,208,
fujii_yakumo,4,32,
fujiki_kouta,4,74,
fujiki_maka,4,108,
fujiki_yuusaku,4,85,
fujikido_kenji,4,71,
fujikura_uruka,4,88,
fujikura_yuu,4,57,
fujima_emiri,4,34,
fujima_sakura,4,311,
fujimaki_(angel_beats!),4,174,
fujimaru_myriam,4,45,
fujimaru_ritsuka_(female),4,12324,
fujimaru_ritsuka_(female)_(anniversary_blonde),4,104,
fujimaru_ritsuka_(female)_(brilliant_summer),4,408,
fujimaru_ritsuka_(female)_(chaldea_combat_uniform),4,164,
fujimaru_ritsuka_(female)_(chaldea_pathfinder),4,41,
fujimaru_ritsuka_(female)_(decisive_battle_chaldea_uniform),4,430,
fujimaru_ritsuka_(female)_(fgo_orchestra),4,35,
fujimaru_ritsuka_(female)_(halloween_royalty),4,86,
fujimaru_ritsuka_(female)_(mage's_association_uniform),4,119,
fujimaru_ritsuka_(female)_(polar_chaldea_uniform),4,909,
fujimaru_ritsuka_(female)_(royal_brand),4,202,
fujimaru_ritsuka_(female)_(starlight_fest),4,53,
fujimaru_ritsuka_(female)_(summer_street),4,93,
fujimaru_ritsuka_(female)_(teal_uniform),4,55,
fujimaru_ritsuka_(female)_(the_three_great_heroes),4,67,
fujimaru_ritsuka_(female)_(tropical_summer),4,165,
fujimaru_ritsuka_(female)_(true_ether_chaldea_uniform),4,84,
fujimaru_ritsuka_(male),4,12865,
fujimaru_ritsuka_(male)_(anniversary_blonde),4,79,
fujimaru_ritsuka_(male)_(brilliant_summer),4,82,
fujimaru_ritsuka_(male)_(chaldea_combat_uniform),4,71,
fujimaru_ritsuka_(male)_(chaldea_pathfinder),4,43,
fujimaru_ritsuka_(male)_(decisive_battle_chaldea_uniform),4,292,
fujimaru_ritsuka_(male)_(halloween_royalty),4,33,
fujimaru_ritsuka_(male)_(mage's_association_uniform),4,144,
fujimaru_ritsuka_(male)_(polar_chaldea_uniform),4,908,
fujimaru_ritsuka_(male)_(royal_brand),4,62,
fujimaru_ritsuka_(male)_(summer_street),4,102,
fujimaru_ritsuka_(male)_(teal_uniform),4,25,
fujimaru_ritsuka_(male)_(tropical_summer),4,190,
fujimaru_ritsuka_(male)_(true_ether_chaldea_uniform),4,112,
fujimi_nemu,4,105,
fujimi_suzu,4,100,
fujimino_daisuke,4,51,
fujimiya_amane,4,53,
fujimiya_kaori,4,101,
fujimiya_momiji,4,32,
fujimiya_sumika_(isekai_ojisan),4,45,
fujimori_yuu,4,41,
fujimoto_(ponyo),4,32,
fujimoto_atsuko,4,58,
fujimoto_kirara,4,31,
fujimoto_rina,4,375,
fujimoto_shiki,4,30,
fujimura_shizuru,4,68,
fujimura_taiga,4,726,
fujimura_teruyo_(blue_ogre),4,12,
fujinami_(kancolle),4,670,
fujinami_ryuunosuke,4,91,
fujinami_tomoko,4,48,
fujino_kiyoshi,4,44,
fujino_shion,4,48,
fujino_shizuru,4,494,
fujinoki_nene,4,40,
fujinomiya_neko,4,47,
fujinuma_satoru,4,89,
fujioka-kuma_(minami-ke),4,78,
fujioka_(minami-ke),4,131,
fujioka_haruhi,4,265,
fujisaki_chihiro,4,1275,
fujisaki_mana,4,31,
fujisaki_nadeshiko,4,59,
fujisaki_nagihiko,4,50,
fujisaki_shiori,4,126,
fujisaki_yua,4,60,
fujisaki_yuusuke,4,48,
fujisawa_aya_(gundam_build_divers),4,34,
fujisawa_yayoi_(uchuu_no_stellvia),4,114,
fujishima_megumi,4,2852,
fujishiro_otone,4,42,
fujita_(dorohedoro),4,58,
fujita_asagao,4,120,
fujita_ayano_(40hara),4,48,
fujita_canaria,4,66,
fujita_hiroyuki,4,35,
fujita_kana,4,59,
fujita_kotone,4,1266,
fujita_saki,4,42,
fujiwara_aya,4,104,
fujiwara_chika,4,1820,
fujiwara_hajime,4,493,
fujiwara_hajime_(song_to_sky_vessel_to_earth),4,10,
fujiwara_hazuki,4,201,
fujiwara_miyabi_(aikatsu!),4,40,
fujiwara_naeka,4,32,
fujiwara_no_iyozane,4,239,
fujiwara_no_mokou,4,26555,
fujiwara_no_mokou_(phoenix),4,58,
fujiwara_no_mokou_(young),4,331,
fujiwara_no_sai,4,115,
fujiwara_no_shirogane_no_sanra,4,130,
fujiwara_takumi,4,71,
fujiwara_yamato_(gibagiba),4,34,
fujiwara_yuusuke,4,45,
fujiwara_zakuro,4,131,
fujiyoshi_harumi,4,257,
fujou_kirie,4,47,
fuka-chan,4,148,
fukabori_sumiyo,4,38,
fukada_ichika,4,293,
fukae_(kancolle),4,449,
fukami_daigo,4,47,
fukami_ema,4,10,
fukami_nana,4,78,
fukamine_riko,4,32,
fukasaku_aoi,4,119,
fukase,4,202,
fukashigi_(kuroguro-san_wa_kyou_mo_kuroi),4,10,
fukasugi_aiko,4,41,
fukatsu_kazunari,4,136,
fukawa_toko,4,892,
fukaziroh_(sao),4,67,
fukiishi_ayako,4,35,
fukiyose_seiri,4,279,
fukua_(skullgirls),4,68,
fukube_satoshi,4,429,
fukube_tamaki,4,213,
fukuda_haru,4,794,
fukuda_noriko,4,353,
fukuen_misato,4,39,
fukuhara_ann,4,91,
fukuji_mihoko,4,666,
fukumaru_koito,4,2226,
fukunomiya_koko,4,32,
fukurashi_(cat),4,27,
fukuroda_takaharu,4,40,
fukushima_noa,4,84,
fukuyama_chihiro,4,146,
fukuyama_jeanne_sachie,4,130,
fukuyama_jun,4,54,
fukuyama_kenta,4,128,
fukuyama_mai,4,563,
fukuzawa_yumi,4,1066,
fulgrim,4,61,
fulgur_ovid,4,213,
fulgur_ovid_(1st_costume),4,58,
full_armor_gundam,4,48,
full_armor_unicorn_gundam,4,39,
full_frontal,4,63,
full_moon_(full_moon_wo_sagashite),4,33,
fullertom_(dungeon_meshi),4,58,
fullta_(ikemeru19),4,32,
fumi_(1st_costume)_(nijisanji),4,79,
fumi_(nijisanji),4,222,
fumika,4,103,
fumimi,4,50,
fumino_sayuki,4,34,
fumino_tamaki,4,201,
fumino_tamaki_(1st_costume),4,122,
fumitan_admoss,4,81,
fumizuki_(azur_lane),4,202,
fumizuki_(kancolle),4,1200,
fumizuki_(sleepy_fairy)_(azur_lane),4,31,
fumizuki_kai_ni_(kancolle),4,178,
fumu_(kirby),4,47,
fumyr_(epic_seven),4,32,
funada_kiito,4,743,
funada_ui,4,273,
funakubo_hiroko,4,48,
funami_mari,4,62,
funami_yui,4,1557,
funasshii,4,49,
funayuurei_(mononoke),4,10,
funeral_of_the_dead_butterflies,4,100,
fungami_yuya,4,104,
fungi_(genshin_impact),4,502,
funikura,4,65,
funny_valentine,4,350,
fura_kanato,4,52,
furby,4,136,
furen_e_lustario,4,785,
furen_e_lustario_(1st_costume),4,112,
furen_e_lustario_(2nd_costume),4,58,
furen_e_lustario_(5th_costume),4,53,
furen_e_lustario_(school_uniform),4,31,
furfrou,4,169,
furfrou_(natural),4,102,
furfur,4,129,
furiae,4,48,
furihata_ai,4,35,
furina_(genshin_impact),4,8656,
furina_(initial_design)_(genshin_impact),4,38,
furioso_(umamusume),4,34,
furisode_girl_(pokemon),4,107,
furisode_girl_blossom,4,34,
furisode_girl_kali,4,77,
furisode_girl_katherine,4,58,
furret,4,754,
furude_rika,4,3829,
furudo_erika,4,989,
furuhashi_chinatsu,4,99,
furuhashi_fumino,4,81,
furuichi_takayuki,4,30,
furukawa_akio,4,94,
furukawa_nagisa,4,1572,
furukawa_sanae,4,201,
furukawa_uta_(yukimoto_shuuji_(gurigura)),4,42,
furukawa_yui,4,69,
fururu_(tales),4,66,
furusawa_yoriko,4,97,
furuta_nimura,4,46,
furutachi_ren,4,52,
furutaka_(azur_lane),4,59,
furutaka_(kancolle),4,1607,
furutaka_(retrofit)_(azur_kane),4,46,
furutaka_kai_ni_(kancolle),4,243,
furutani_himawari,4,1254,
furutani_kaede,4,109,
furuya_hotaru,4,40,
furuya_jun,4,55,
furuya_satoru,4,36,
furuya_shuri,4,18,
fusaichi_pandora_(assorted_cuteness)_(umamusume),4,59,
fusaichi_pandora_(casual)_(umamusume),4,13,
fusaishi_haruaki,4,52,
fuse_(apex_legends),4,141,
fuse_hamaji_(narisokonai),4,14,
fuse_midori,4,38,
fused_zamasu,4,127,
fushi,4,67,
fushiguro_megumi,4,2567,
fushiguro_touji,4,876,
fushiguro_tsumiki,4,36,
fushihara-san,4,49,
fushimi_chihiro,4,111,
fushimi_gaku,4,232,
fushimi_gaku_(1st_costume),4,55,
fushimi_hina_(s-kyuu_osananajimi),4,32,
fushimi_inari,4,44,
fushimi_nodoka,4,49,
fushimi_saruhiko,4,73,
fushimi_yuzuru,4,164,
fushimimukai_hinako,4,67,
fushimimukai_sanae,4,60,
fusou_(azur_lane),4,286,
fusou_(kancolle),4,3001,
fusou_(meta)_(azur_lane),4,40,
fusou_(yukata)_(kancolle),4,10,
fusou_kai_ni_(kancolle),4,120,
futaba_akane,4,184,
futaba_anzu,4,3474,
futaba_aoi_(asobi_ni_iku_yo!),4,47,
futaba_aoi_(naomi),4,113,
futaba_aoi_(vividred_operation),4,299,
futaba_hotaru,4,126,
futaba_lili_ramses,4,43,
futaba_minato,4,91,
futaba_neiko,4,63,
futaba_otohiro,4,52,
futaba_riho,4,173,
futaba_rio,4,212,
futaba_sana,4,568,
futaba_tsukushi,4,107,
futagawa_fumi,4,232,
futaki_kanata,4,523,
futaki_shiki,4,56,
futami_ami,4,2239,
futami_eriko,4,327,
futami_mami,4,2495,
futami_shun,4,43,
futanari-chan_(akiamare),4,63,
futanari-sama_(mdf_an),4,86,
futatsuiwa_mamizou,4,5020,
futatsuiwa_mamizou_(human),4,572,
futatsuiwa_mamizou_(tanuki),4,95,
futo-inu,4,82,
futomayu-chan_(sinohira_rin),4,46,
futoshi_(darling_in_the_franxx),4,125,
future_devil_(chainsaw_man),4,45,
future_knight,4,37,
future_luke,4,33,
future_princess,4,57,
fuu-chan_(fujiwara_gacho),4,43,
fuu_(ozu_(oz_yarimasu)),4,79,
fuu_(samurai_champloo),4,145,
fuuchouin_kazuki,4,126,
fuujin_(ff8),4,46,
fuuka_(blue_archive),4,957,
fuuka_(new_year)_(blue_archive),4,161,
fuuka_reventon,4,182,
fuuma_kotarou_(fate),4,304,
fuuma_kotarou_(sengoku_basara),4,51,
fuuma_kotarou_(tenkaichi),4,94,
fuuma_tokiko,4,64,
fuumin_(youkai_watch),4,105,
fuura_kafuka,4,585,
fuurin_asumi,4,198,
fuurin_rei,4,84,
fuurinji_miu,4,86,
fuutou_shizune,4,139,
fuwa_(precure),4,114,
fuwa_aya,4,153,
fuwa_hyouka,4,78,
fuwa_kokone,4,505,
fuwa_minato,4,377,
fuwa_minato_(1st_costume),4,66,
fuwa_minato_(2nd_costume),4,32,
fuwafuwa-chan_(kamiyoshi_rika),4,158,
fuwawa_abyssgard,4,2663,
fuwawa_abyssgard_(1st_costume),4,1397,
fuwawa_abyssgard_(dog),4,65,
fuwawa_abyssgard_(new_year),4,159,
fuxi_(housamo),4,31,
fuyou-chan,4,87,
fuyou_kaede,4,322,
fuyu-chan_(yuya_(yuya_illust)),4,13,
fuyu_(blue_archive),4,188,
fuyu_no_yoru_miku,4,80,
fuyuan_(honkai:_star_rail),4,72,
fuyukawa_kagari,4,204,
fuyuki_minami,4,175,
fuyumi_jun,4,166,
fuyumine_naoto,4,88,
fuyuno_tsubaki_(yukimaru217),4,40,
fuyunyan,4,94,
fuyusaka_iori,4,153,
fuyutsuki_(kancolle),4,738,
fuyutsuki_(koori_zokusei_danshi),4,44,
fuyutsuki_kouzou,4,115,
fuyuumi_ai,4,61,
fuyuyama_asako,4,38,
fuze_(rainbow_six_siege),4,30,
fx-05_(girls'_frontline),4,43,
fyodor_dostoyevsky_(bungou_stray_dogs),4,45,
fyu-neru,4,86,
fyuria_(agarest_senki),4,38,
g'raha_tia,4,979,
g-forest_goddess_(ishiyumi),4,91,
g-saviour_gundam,4,32,
g-self,4,154,
g-spring_goddess_(ishiyumi),4,278,
g-tenko-r,4,36,
g11_(girls'_frontline),4,1597,
g11_(mod3)_(girls'_frontline),4,35,
g28_(girls'_frontline),4,121,
g36_(50_days_with_g36)_(girls'_frontline),4,37,
g36_(girls'_frontline),4,923,
g36_(mini_maid)_(girls'_frontline),4,54,
g36_(mod3)_(girls'_frontline),4,99,
g36_(pure_white_cornflower)_(girls'_frontline),4,37,
g36c_(girls'_frontline),4,261,
g36c_(you_who_steps_up)_(girls'_frontline),4,30,
g3_(girls'_frontline),4,154,
g3_(mod3)_(girls'_frontline),4,55,
g41_(beach_punk_2064)_(girls'_frontline),4,100,
g41_(girls'_frontline),4,714,
g43_(girls'_frontline),4,33,
gaap_(umineko),4,281,
gaara_(naruto),4,212,
gaaruru_(pripara),4,162,
gabal_docker,4,42,
gabi_braun,4,138,
gabimaru,4,76,
gabite,4,103,
gabo,4,30,
gabranth_(ff12),4,45,
gabriel_(granblue_fantasy),4,120,
gabriel_(housamo),4,30,
gabriel_(monster_strike),4,32,
gabriel_tenma_white,4,562,
gabumon,4,271,
gachapin,4,78,
gadwin_(grandia),4,30,
gae_bolg_(crave_saga),4,43,
gaelio_bauduin,4,106,
gaen_izuko,4,67,
gaen_tooe,4,34,
gaeun_(counter:side),4,50,
gagaga_girl,4,233,
gager_(girls'_frontline),4,139,
gaia_(another_eidos),4,85,
gaia_(ff14),4,355,
gaia_(girls'_frontline),4,87,
gaige,4,52,
gainer_sanga,4,35,
gainos_priestess_melpha,4,81,
gaius_(fire_emblem),4,107,
gaius_(shadow_of_the_colossus),4,30,
gaius_(tales),4,129,
gaius_worzel,4,42,
gajeel_redfox,4,224,
gakuko,4,38,
gal_(childhood_friend_series),4,39,
galaco,4,78,
galaco_(neo),4,34,
galacta_knight,4,156,
galactic_nova,4,70,
galahad_(fate),4,104,
galaktika,4,301,
galar_mother,4,31,
galarian_articuno,4,88,
galarian_corsola,4,131,
galarian_darmanitan,4,58,
galarian_darmanitan_(standard),4,47,
galarian_darumaka,4,66,
galarian_farfetch'd,4,178,
galarian_linoone,4,71,
galarian_meowth,4,117,
galarian_moltres,4,122,
galarian_ponyta,4,301,
galarian_rapidash,4,169,
galarian_slowbro,4,83,
galarian_slowpoke,4,104,
galarian_weezing,4,44,
galarian_yamask,4,62,
galarian_zapdos,4,102,
galarian_zigzagoon,4,218,
galatea_(claymore),4,61,
galatea_(fate),4,86,
galatea_claude,4,68,
galatea_claude_(succubus),4,11,
galatea_the_orcust_automaton,4,32,
galdino,4,75,
gale_(baldur's_gate),4,159,
galeem,4,33,
galient,4,42,
galil_(girls'_frontline),4,48,
galil_ar_(upotte!!),4,34,
galio,4,34,
galko,4,683,
gallade,4,906,
gallagher_(honkai:_star_rail),4,269,
galleon_(granblue_fantasy),4,642,
galleon_(summer)_(granblue_fantasy),4,63,
gallerian_marlon,4,99,
gallia_(saint_seiya_omega),4,42,
gallica_(metaphor:_refantazio),4,47,
gallon_(vampire),4,163,
gallows_carradine,4,42,
galo_(warship_girls_r),4,48,
galo_thymos,4,1006,
galuf_halm_baldesion,4,154,
galvantula,4,169,
galvatron,4,39,
galzaki-san_(daipunch),4,69,
gam_gyuri,4,46,
gamagoori_ira,4,1570,
gamagoori_ira_(scourge_regalia),4,53,
gambian_rat_(kemono_friends),4,57,
gambier_bay_(halloween)_(kancolle),4,29,
gambier_bay_(kancolle),4,2178,
gambier_bay_mk_ii_(kancolle),4,66,
gambit,4,74,
gambling_nun_(kyata_ti666),4,15,
gamera,4,61,
gaming_(genshin_impact),4,282,
gamlin_kizaki,4,32,
gamma_(inazuma_eleven),4,38,
gamma_(kage_no_jitsuryokusha_ni_naritakute!),4,33,
gamma_(kagejitsu),4,85,
gamma_1,4,107,
gamma_2,4,107,
gammamon,4,61,
gammei_(live_a_hero),4,49,
gamora,4,58,
gamou_maki,4,73,
gan_ning_(orient_arcadia),4,14,
ganaha_hibiki,4,4247,
gandalf,4,71,
gandaresu_baran,4,43,
ganesha_(fate),4,145,
gangle_(the_amazing_digital_circus),4,84,
ganglie_(housamo),4,36,
gangplank_(league_of_legends),4,86,
gangut_(azur_lane),4,158,
gangut_(kancolle),4,2013,
gangut_dva_(kancolle),4,214,
ganju_gou_(eric_zhang),4,27,
ganmo_(takane_lui),4,122,
gannen_harst,4,33,
ganon,4,113,
ganondorf,4,1116,
ganymede_(overwatch),4,64,
ganyu_(china_merchants_bank)_(genshin_impact),4,161,
ganyu_(genshin_impact),4,17983,
ganyu_(heytea)_(genshin_impact),4,78,
ganyu_(qilin)_(genshin_impact),4,66,
ganyu_(twilight_blossom)_(genshin_impact),4,399,
ganyu_(young)_(genshin_impact),4,131,
gaogaigar,4,117,
gaomon,4,46,
gaplant,4,37,
garam_(ryeoubi),4,38,
garara_s_leep,4,71,
garbage_doll,4,42,
garbodor,4,112,
garchomp,4,1228,
gardenia_(pokemon),4,470,
gardevoir,4,9657,
gardevoir_(cafe),4,36,
gardevoir_(fashionable),4,163,
gardie_(otsukimi),4,100,
garen_(league_of_legends),4,265,
gareth_(fate),4,353,
gareth_(swimsuit_saber)_(fate),4,69,
garfiel_tinsel,4,75,
garfield_(character),4,186,
garganacl,4,40,
gargoyle_(nadia),4,42,
garie_tuman,4,277,
garjana,4,75,
garl_vinland,4,58,
garland_(ff1),4,79,
garland_(megazone_23),4,39,
garlock_simon,4,88,
garma_zabi,4,191,
garmond_(hollow_knight),4,18,
garmr_(housamo),4,39,
garnet_(steven_universe),4,72,
garnet_(sumaga),4,44,
garnet_(the_rumble_fish),4,35,
garnet_mclane,4,104,
garnet_til_alexandros_xvii,4,1122,
garo,4,50,
garofano_(path_to_nowhere),4,52,
garon_(fire_emblem),4,40,
garou_(one-punch_man),4,152,
garr,4,30,
garrett_hawke,4,36,
garrod_ran,4,80,
garrosh_hellscream,4,31,
garrus_vakarian,4,72,
garry_(ib),4,883,
garterbelt_(psg),4,150,
garu_(nu_carnival),4,54,
garuda,4,57,
garudamon,4,44,
garurumon,4,55,
garushaa_wolfein,4,75,
gary_oak,4,243,
gasai_yuno,4,708,
gascogne_(azur_lane),4,323,
gascogne_(tropical_environs_acclimation_service_equipment)_(azur_lane),4,77,
gash_bell,4,71,
gasper_vladi,4,70,
gastly,4,866,
gastornis_(kemono_friends),4,36,
gastrodon,4,209,
gastrodon_(east),4,98,
gastrodon_(west),4,131,
gate_(mega_man),4,52,
gateau_mocha,4,35,
gatrie_(fire_emblem),4,32,
gau,4,78,
gauche_(tales),4,74,
gauma,4,111,
gauna_(ookami_ningen_to_ningen_ookami),4,26,
gauna_491,4,39,
gavial_(arknights),4,809,
gavial_(combat_medic)_(arknights),4,37,
gavial_the_invincible_(arknights),4,265,
gavial_the_invincible_(holiday)_(arknights),4,50,
gavis_bettel,4,702,
gavis_bettel_(1st_costume),4,134,
gavis_bettel_(2nd_costume),4,51,
gavrielle_sheridan_lewis_(sherendipity),4,14,
gaw_ha_leecee,4,45,
gawain_(code_geass),4,47,
gawain_(fate),4,871,
gawain_(granblue_fantasy),4,37,
gawr_gura,4,13210,
gawr_gura_(1st_costume),4,4652,
gawr_gura_(3rd_costume),4,124,
gawr_gura_(casual),4,858,
gawr_gura_(new_year),4,94,
gawr_gura_(party_dress),4,33,
gawr_gura_(school_uniform),4,182,
gaz_(call_of_duty_4),4,76,
gazef_stronoff,4,44,
gazer_(monster_girl_encyclopedia),4,349,
gazlene_membrane,4,43,
geara_doga,4,61,
gebura_(project_moon),4,303,
gecko_moria,4,82,
geega_(vtuber),4,57,
geegee_(granblue_fantasy),4,106,
geese_howard,4,116,
geeta_(pokemon),4,598,
gehenna_(aflame_inferno),4,12,
gehenna_student_(blue_archive),4,34,
gehrman_sparrow,4,126,
gehrman_the_first_hunter,4,82,
geirskogul_(fate),4,33,
geiru_toneido,4,120,
gekiyaku,4,91,
gekkogahara_miaya,4,54,
gekkou_(senran_kagura),4,74,
gekota,4,953,
gelato,4,100,
gelato_(girls_und_panzer),4,31,
gelgoog,4,86,
gelgoog_s_char_custom,4,41,
gema,4,191,
gemini_(lies_of_p),4,13,
gemini_kanon,4,43,
gemini_paradox,4,30,
gemini_saga,4,68,
gemini_sunrise,4,158,
geminitay,4,65,
gemma_(monster_hunter_wilds),4,41,
gen_(street_fighter),4,34,
genba_neko_(character),4,34,
genbu_(kemono_friends),4,77,
genda_koujirou,4,85,
gene_(pso2),4,445,
general_cocytus,4,13,
general_grievous,4,43,
general_liu_(girls'_frontline),4,68,
general_student_council_president_(blue_archive),4,166,
genesect,4,102,
genesic_gaogaigar,4,91,
genesis_rhapsodos,4,163,
genetic_(ragnarok_online),4,251,
gengar,4,2220,
gengetsu_(touhou),4,581,
genie_(aladdin),4,30,
genis_sage,4,139,
genista_(darling_in_the_franxx),4,71,
genji_(overwatch),4,621,
genjii_(touhou),4,223,
genkai,4,43,
genki-kun_(tepen),4,32,
gennai_ao,4,58,
genny_(fire_emblem),4,146,
geno_(mario),4,151,
genocider_shou,4,288,
genos,4,503,
genpatsu_(cookie),4,96,
genryumon_member_(blue_archive),4,40,
genryuusai_maki,4,173,
gentiana,4,53,
gentiane_(girls'_frontline),4,99,
gentildonna_(casual)_(umamusume),4,62,
gentildonna_(umamusume),4,1153,
gentilhomme_usher,4,294,
gentlu_(precure),4,80,
gentoo_penguin_(kemono_friends),4,554,
genzuki_toujirou,4,73,
geo_stelar_(mega_man),4,161,
geodude,4,197,
geoffrey_(fire_emblem),4,32,
geoffroy's_cat_(kemono_friends),4,349,
geomancer_(fft),4,162,
geordo_stuart,4,75,
georg_prime,4,44,
george_joestar,4,45,
george_joestar_ii,4,54,
george_the_bomb,4,85,
george_weasley,4,42,
georgette_lemare,4,218,
georgi_popovich,4,81,
georgia_(azur_lane),4,106,
georgia_(pokemon),4,83,
georgios_(fate),4,81,
gepard_landau,4,306,
gepard_m1_(girls'_frontline),4,65,
gerald_robotnik,4,31,
geralt_of_rivia,4,142,
gerbera_tetra,4,60,
gerda_(fate),4,45,
gerik_(fire_emblem),4,34,
germaine_avadonia,4,30,
germany_(hetalia),4,447,
gerome_(fire_emblem),4,80,
geronimo_(fate),4,168,
geronimo_(rokkotsu),4,86,
gertrud_(madoka_magica),4,126,
gertrud_barkhorn,4,2453,
gertrude_(umineko),4,120,
gertrude_strollo_(arknights),4,31,
geru_futota,4,48,
geshiko_(girls_und_panzer),4,86,
gespenst,4,33,
getian_(reverse:1999),4,158,
getou_suguru,4,1707,
getou_suguru_(kenjaku),4,184,
getter-1,4,170,
getter-2,4,43,
getter-3,4,40,
getter_arc,4,45,
getter_dragon,4,62,
geumgang_(odd_snail),4,44,
gg-chan,4,78,
ghandagoza,4,30,
ghast,4,81,
ghetsis_(pokemon),4,305,
ghiaccio,4,430,
ghirahim,4,159,
ghislaine_dedoldia,4,678,
gholdengo,4,118,
ghost_(9-nine-),4,56,
ghost_(among_us),4,38,
ghost_(len'en),4,43,
ghost_(modern_warfare_2),4,1138,
ghost_(monster_girl_encyclopedia),4,36,
ghost_(psg),4,66,
ghost_(the_owl_house),4,34,
ghost_belle_&_haunted_mansion,4,53,
ghost_devil_(chainsaw_man),4,100,
ghost_miku_(project_voltage),4,452,
ghost_ogre_&_snow_rabbit,4,74,
ghost_quartz_(houseki_no_kuni),4,174,
ghost_reaper_&_winter_cherries,4,37,
ghost_rider,4,72,
ghost_sister_&_spooky_dogwood,4,37,
ghostface,4,104,
ghostring,4,32,
giacomo_(pokemon),4,184,
gian_(saga),4,32,
giant_anteater_(kemono_friends),4,56,
giant_armadillo_(kemono_friends),4,202,
giant_otter_(kemono_friends),4,68,
giant_otter_(kemono_friends)_(kuro_(kurojill)),4,162,
giant_panda_(kemono_friends),4,117,
giant_pangolin_(kemono_friends),4,122,
giant_penguin_(kemono_friends),4,148,
giant_robo_(mecha),4,34,
gible,4,386,
gibraltar_(apex_legends),4,150,
gideon_gordon_graves,4,49,
gideon_ofnir,4,56,
gidget,4,32,
giffany,4,68,
gig_(soul_cradle),4,35,
giga_mermaid,4,68,
gigalith,4,81,
gigan,4,38,
gigantamax_alcremie,4,32,
gigantamax_charizard,4,98,
gigantamax_cinderace,4,62,
gigantamax_eevee,4,35,
gigantamax_gengar,4,49,
gigantamax_machamp,4,33,
gigantamax_meowth,4,58,
gigantamax_pikachu,4,55,
gigi-chan,4,37,
gigi_(whoopsatro),4,58,
gigi_andalusia,4,260,
gigi_murin,4,605,
gigi_murin_(1st_costume),4,47,
gii,4,331,
gijou_mitsumi,4,63,
giko,4,30,
gilbert_bougainvillea,4,53,
gilbert_g.p._guilford,4,50,
gilbert_nightray,4,87,
gilgamesh_(caster)_(fate),4,694,
gilgamesh_(establishment)_(fate),4,91,
gilgamesh_(fate),4,6204,
gilgamesh_(fate/prototype),4,92,
gilgamesh_(final_fantasy),4,54,
gilgamesh_(immoral_biker_jacket)_(fate),4,449,
gilgamesh_(modern_costume_of_volupte)_(fate),4,33,
gilgamesh_(sensha_otoko)_(fate),4,64,
gill_(street_fighter),4,67,
gilles_de_rais_(caster)_(fate),4,1321,
gilles_de_rais_(saber)_(fate),4,128,
gillian_(va-11_hall-a),4,33,
gillian_chen,4,45,
gillis,4,32,
gilzaren_iii,4,112,
gimmighoul,4,103,
gimmy_adai,4,177,
gin_(meitantei_conan),4,65,
gina_(gnosia),4,171,
gina_boyd,4,56,
gina_lestrade,4,66,
gina_wallace,4,45,
gine,4,207,
ging_freecss,4,45,
ginga_nakajima,4,586,
ginjiro_(vtuber),4,30,
ginko,4,270,
ginny_(one_piece),4,34,
ginny_weasley,4,55,
gino_knab,4,42,
gino_weinberg,4,175,
ginoza_nobuchika,4,77,
ginrei_(giant_robo),4,104,
ginrei_(senran_kagura),4,44,
ginro_(dr._stone),4,48,
ginyu_force,4,60,
giorno_giovanna,4,3483,
giotto_(reborn),4,31,
giovanna_(guilty_gear),4,394,
giovanni_(pokemon),4,405,
giovanni_(project_moon),4,30,
gipple_(mahoujin_guruguru),4,49,
gipsy_danger,4,218,
gir_(invader_zim),4,88,
gira-gira-chan_(ado),4,32,
girafarig,4,127,
giratina,4,766,
giratina_(altered),4,246,
giratina_(origin),4,335,
girl_(deemo),4,245,
girl_(mokufuu),4,126,
girl_(shinitagari_shoujo_to_shokujinki-san),4,48,
girl_chasing_giants_(yun_ling),4,33,
girl_dm,4,52,
girl_from_the_illusionary_world,4,68,
girl_holding_a_cat_(kancolle),4,472,
girl_who_trained_on_mt._haku_(touhou),4,70,
girl_with_a_blonde_braid_(tomoshibi_hidekazu),4,141,
girl_with_golden_shoe,4,49,
girl_with_hoodie_(enkyo_yuuichirou),4,36,
girlfriend_(friday_night_funkin'),4,173,
girlfriend_(houkago_play),4,229,
girlfriend_(yoru_mac),4,97,
girlycard,4,147,
giroro,4,190,
giroro_(kemono_friends),4,34,
girouette_(mega_man),4,73,
giru_(dragon_ball),4,48,
gisela_(madoka_magica),4,34,
giselle_collette_vingt,4,55,
giselle_gewelle,4,118,
gishki_ariel,4,54,
gitano_(arknights),4,61,
gitao,4,72,
giulio_cesare_(azur_lane),4,45,
giuseppe_garibaldi_(azur_lane),4,74,
giuseppe_garibaldi_(kancolle),4,271,
giuseppina_ciuinni,4,80,
giygas,4,56,
glaceon,4,1928,
glacia_(pokemon),4,121,
gladiia_(arknights),4,824,
gladiia_(i_am_the_tides)_(arknights),4,33,
gladiia_(return)_(arknights),4,61,
gladiolus_amicitia,4,420,
gladion_(pokemon),4,1483,
gladion_(sygna_suit)_(pokemon),4,33,
glados,4,132,
glalie,4,181,
glameow,4,180,
glamrock_freddy,4,79,
glan_(159cm),4,48,
glasgow_(azur_lane),4,79,
glass_(tate_no_yuusha_no_nariagari),4,37,
glasses_boy_(osomatsu-san),4,68,
glasses_girl_(nameo),4,69,
glasses_kappa,4,56,
glasses_nun_(diva),4,413,
glastrier,4,53,
glaucus_(arknights),4,378,
glavenus,4,56,
glaz_(rainbow_six_siege),4,78,
glemy_toto,4,40,
glenmalt_(duel_masters),4,29,
glenn_(chrono_cross),4,47,
glenn_lodbrok,4,43,
glenn_quagmire,4,31,
glenn_radars,4,39,
gligar,4,91,
glimmer_(xenoblade),4,295,
glimmering_forest_(infinity_nikki),4,15,
glimmet,4,49,
glimmora,4,99,
gliscor,4,144,
gloire_(kancolle),4,74,
gloom_(irys),4,175,
gloom_(pokemon),4,157,
gloomy_(leonzo030),4,30,
gloomy_bear,4,64,
gloria_(devil_may_cry),4,43,
gloria_(pokemon),4,5434,
gloria_(project_moon),4,56,
gloria_(summer_2021)_(pokemon),4,121,
glorious_(azur_lane),4,181,
glorious_(kancolle),4,60,
glorious_(pungent_plum)_(azur_lane),4,103,
glorybringer_(granblue_fantasy),4,75,
gloucester_(azur_lane),4,70,
glow_pikmin,4,54,
glowworm_(azur_lane),4,68,
glowworm_(warship_girls_r),4,119,
gluko,4,46,
glunk_(kirby),4,43,
gluttony_(fma),4,78,
glycine_bleumer,4,172,
glynda_goodwitch,4,111,
gm_(mobile_suit),4,234,
gm_iii,4,38,
gm_sniper_ii,4,40,
gnar_(league_of_legends),4,52,
gneisenau_(azur_lane),4,204,
gneisenau_(nightmarish_succubus)_(azur_lane),4,119,
gnome_(last_origin),4,85,
gnosis_(arknights),4,96,
goat-chan_(enarane),4,172,
goat_(dungeon_meshi),4,130,
goatman_(umineko),4,67,
goblin_slayer,4,335,
god_gundam,4,168,
goda_ryuji,4,34,
godai_ritsu,4,30,
godai_yuusaku,4,31,
goddess_of_war_(porforever),4,35,
godfrey_first_elden_lord,4,80,
godolphin_barb_(umamusume),4,124,
godot_(ace_attorney),4,152,
godrick_the_grafted,4,59,
godsworn_alexiel,4,354,
godwyn_the_golden,4,73,
godzilla,4,1280,
godzilla_(minus_one),4,70,
godzilla_(monsterverse),4,225,
godzilla_(shin),4,258,
godzilla_earth,4,32,
godzilla_junior,4,14,
godzylla_(saibou_shinkyoku),4,32,
goemon,4,54,
goeniko,4,38,
goenitz,4,95,
goetia_(fate),4,72,
gogeta,4,847,
gogeta_(xeno),4,66,
gogg,4,41,
goggle-kun_(splatoon),4,30,
gogo,4,39,
gogo_tomago,4,125,
gogoat,4,82,
gogogo_(cookie),4,39,
goh_(pokemon),4,1168,
goha_yuuna,4,31,
gohan_beast,4,224,
goidou_yui,4,54,
going_merry,4,95,
goinkyo,4,226,
gojou_satoru,4,3935,
gojou_wakana,4,451,
gokiburi-chan,4,36,
gokotai,4,751,
gokotai's_tigers,4,461,
gokotai_(kiwame),4,54,
gokotai_yoshimitsu,4,50,
gokou_hinata,4,68,
gokou_ruri,4,3469,
gokou_tamaki,4,83,
goku_black,4,281,
gokubara_michika,4,35,
gokuchou,4,44,
gokudera_hayato,4,144,
gokuhara_gonta,4,688,
gokurakuin_miito,4,30,
gokusai_kaibi,4,55,
gokyou_akira,4,39,
gol_d._roger,4,208,
golbat,4,252,
golbez,4,160,
golconda_&_decalcomania_(blue_archive),4,33,
gold_city_(casual)_(umamusume),4,62,
gold_city_(umamusume),4,992,
gold_experience,4,286,
gold_experience_requiem,4,80,
gold_ship_(la_mode_564)_(umamusume),4,74,
gold_ship_(racehorse),4,176,
gold_ship_(run_revolt_launcher)_(umamusume),4,393,
gold_ship_(that_time_i_became_the_strongest)_(umamusume),4,23,
gold_ship_(umamusume),4,5509,
goldbullet,4,56,
goldburn,4,33,
goldeen,4,288,
golden_delmo,4,257,
golden_eagle_(kemono_friends),4,40,
golden_frieza,4,40,
golden_hind_(azur_lane),4,128,
golden_hind_(forlorn_femme_fatale)_(azur_lane),4,36,
golden_knight_(granblue_fantasy),4,33,
golden_snub-nosed_monkey_(kemono_friends),4,738,
golden_tabby_tiger_(kemono_friends),4,59,
golden_tango_julie_(infinity_nikki),4,10,
goldenglow_(arknights),4,1704,
goldenglow_(maiden_for_the_bright_night)_(arknights),4,140,
goldenglow_(party_in_the_garden)_(arknights),4,54,
goldenglow_(summer_flowers)_(arknights),4,124,
goldia_die_heilige,4,60,
goldlewis_dickinson,4,46,
goldmary_(fire_emblem),4,487,
goldmary_(summer)_(fire_emblem),4,38,
golduck,4,130,
golem_(dispatch),4,21,
golem_(pokemon),4,131,
golett,4,60,
goliath_(girls'_frontline),4,63,
goliath_doll,4,238,
golion_(mecha),4,34,
golisopod,4,295,
golsilius_(granblue_fantasy),4,10,
golurk,4,143,
gomadoka,4,83,
gomamon,4,229,
gomeisa_(live_a_hero),4,83,
gomidasu_(kamitsubaki_studio),4,43,
gomora,4,34,
gon_(hoozuki_no_reitetsu),4,42,
gon_freecss,4,997,
gondola_(meme),4,30,
gonzalez_(machita_chima),4,137,
goodra,4,398,
goodtimeswithscar,4,130,
gooey_(kirby),4,378,
goofy,4,163,
gooigi,4,30,
goomba,4,471,
goombella,4,99,
goomy,4,729,
goose_(untitled_goose_game),4,52,
goou_yoshimitsu,4,66,
gordie_(pokemon),4,248,
gordin_(fire_emblem),4,37,
gordo,4,90,
gordon_freeman,4,85,
gordon_ramsay,4,73,
gore_magala,4,59,
gorebyss,4,131,
goredolf_musik,4,242,
gorgon_(fate),4,422,
gorgon_(third_ascension)_(fate),4,35,
gorizia_(azur_lane),4,37,
goro_nomoru,4,42,
goro_simpson,4,41,
gorou_(darling_in_the_franxx),4,219,
gorou_(genshin_impact),4,1112,
gosegu,4,96,
gosetsu_daito,4,44,
goshenite_(houseki_no_kuni),4,41,
goshiki_agiri,4,476,
goshingyu-sama_(kemono_friends),4,66,
gospel_(mazohaha),4,36,
gossifleur,4,99,
gotcha!_boy_(pokemon),4,77,
gotcha!_girl_(pokemon),4,99,
gotenks,4,136,
gothita,4,102,
gothitelle,4,142,
gothorita,4,124,
gotland_(kancolle),4,2087,
gotland_(oktoberfest)_(kancolle),4,10,
gotland_andra_(kancolle),4,195,
goto_hime,4,52,
goto_kakushi,4,35,
gotoba_sora,4,80,
gotoh_futari,4,293,
gotoh_hitori,4,11615,
gotoh_hitori_(octopus),4,493,
gotoh_hitori_(tsuchinoko),4,317,
gotoh_michiyo,4,128,
gotoh_naoki,4,49,
gotou_jun,4,71,
gotou_kiichi,4,42,
gotou_matabei,4,38,
gotou_moyoko,4,261,
gotou_toushirou,4,248,
gotou_toushirou_(tenka_hyakken),4,38,
gotou_yuuko,4,51,
gotthold_(fire_emblem),4,14,
gou_saotome,4,38,
gouda_takeo,4,31,
gouda_takeru,4,66,
gouda_takeshi,4,122,
gouda_toshirou,4,107,
gouenji_shuuya,4,332,
gouenji_yuuka,4,75,
gouf,4,167,
gouf_custom,4,75,
gouken,4,57,
gouma_hyudor,4,120,
gourai,4,127,
gourgeist,4,230,
gourry_gabriev,4,182,
gouto,4,95,
gouto_renya,4,47,
goutokuji_mike,4,887,
goutokuji_mike_(cat),4,49,
goutokuji_miyako,4,292,
gowther,4,86,
grace_(pokemon),4,34,
grace_(sound_voltex),4,126,
grace_(suisei_no_gargantia),4,36,
grace_howard,4,943,
grace_maitland_steward,4,31,
grace_o'connor,4,31,
gradriel,4,94,
grady_sisters_(the_shining),4,47,
graf_eisen,4,614,
graf_zeppelin_(azur_lane),4,954,
graf_zeppelin_(beachside_urd)_(azur_lane),4,187,
graf_zeppelin_(kancolle),4,3980,
grafaiai,4,45,
graffiti_tracer,4,31,
gragas,4,54,
graham_aker,4,189,
graham_specter,4,54,
grail-kun,4,58,
grain_buds_(arknights),4,35,
grainne_(fate),4,53,
grainne_draser_(girl_cafe_gun),4,31,
grains_of_yesterday_(infinity_nikki),4,12,
gram_(alchemy_stars),4,38,
gramophone_miku,4,182,
gran_(granblue_fantasy),4,2548,
gran_alegria_(casual)_(umamusume),4,40,
gran_alegria_(smile_my_way!)_(umamusume),4,176,
granberia,4,101,
granbull,4,130,
grand_admiral_marina,4,30,
grand_archer_(elsword),4,210,
grand_master_(elsword),4,101,
grand_mother_silk_(hollow_knight),4,58,
grandis_granva,4,49,
grandma_(cookie_clicker),4,65,
grandmother_(little_red_riding_hood),4,39,
grandpa_(shiromanta),4,48,
grandpa_gohan,4,53,
grani_(arknights),4,501,
grani_(miraculous_moment)_(arknights),4,33,
grant_(pokemon),4,33,
grape-kun,4,163,
graphos,4,41,
grapple_pilot_(titanfall_2),4,54,
grappler_(dungeon_and_fighter),4,35,
grapploct,4,82,
grass_miku_(project_voltage),4,57,
grass_wonder_(casual)_(umamusume),4,78,
grass_wonder_(saint_jade_healer)_(umamusume),4,69,
grass_wonder_(saintly_jade_cleric)_(umamusume),4,94,
grass_wonder_(umamusume),4,1800,
grasshopper_inoue,4,66,
grateful_shell_collector,4,30,
gravel_(arknights),4,750,
gravel_(modeling_night)_(arknights),4,113,
graveler,4,117,
gravelord_nito,4,30,
graverobber_(darkest_dungeon),4,39,
graves_(league_of_legends),4,346,
gray_(fate),4,748,
gray_(fire_emblem),4,65,
gray_fox,4,80,
gray_fox_(metal_gear),4,102,
gray_fullbuster,4,279,
grayfia_lucifuge,4,360,
grea_(shingeki_no_bahamut),4,515,
great_auk_(kemono_friends),4,30,
great_auk_(kemono_friends)_(carasohmi),4,37,
great_fairy_(zelda),4,93,
great_gozu,4,53,
great_grey_wolf_sif,4,161,
great_mazinger_(robot),4,53,
great_saiyaman,4,83,
greater_bird-of-paradise_(kemono_friends),4,66,
greater_dog,4,32,
greater_honeyguide_(kemono_friends),4,39,
greater_rhea_(kemono_friends),4,34,
greater_roadrunner_(kemono_friends),4,213,
greavard,4,144,
grecale_(kancolle),4,887,
greece_(hetalia),4,104,
greed_(fma),4,168,
greedent,4,180,
green_(among_us),4,53,
green_(konkichi),4,43,
green_(pokemon),4,1310,
green_dam,4,50,
green_dress_girl_(warautokui),4,14,
green_fox_(sasaame),4,36,
green_goblin,4,34,
green_gym_girl_(nagase_haruhito),4,38,
green_heart_(neptunia),4,397,
green_lantern,4,135,
green_leaf_(rainbow_bubblegem),4,20,
green_little_pig_(sinoalice),4,38,
green_prince_(hollow_knight),4,23,
green_ranger,4,47,
green_toad_(mario),4,37,
greenteaneko-chan,4,59,
gregor's_cockroach_(project_moon),4,85,
gregor_(project_moon),4,640,
gregor_(tsurunoka),4,130,
gregory_(fire_emblem),4,31,
gregory_(fnaf),4,72,
gregory_edgeworth,4,40,
greig_(dq11),4,45,
greil,4,80,
grell_sutcliff,4,41,
gremio_(suikoden),4,50,
gremyashchy_(azur_lane),4,44,
grendizer,4,93,
greninja,4,855,
grenville_(azur_lane),4,174,
greta_(pokemon),4,52,
greta_hofmann,4,62,
grete_m._gollob,4,58,
gretel_(black_lagoon),4,85,
gretel_(granblue_fantasy),4,162,
gretel_(grimm),4,35,
gretel_(otogi-jushi_akazukin),4,95,
gretel_(sinoalice),4,239,
grey_(mega_man),4,73,
grey_wolf_(kemono_friends),4,1579,
greymon,4,156,
greythroat_(arknights),4,143,
greyy_(arknights),4,47,
grian_(youtuber),4,138,
gridknight_(ssss.gridman),4,53,
gridley_(azur_lane),4,60,
gridman_(character),4,54,
gridman_(ssss),4,199,
griffith_(berserk),4,580,
griffon_(devil_may_cry_5),4,45,
griffon_(last_origin),4,100,
griffon_mask,4,42,
grillby,4,40,
grim_(azur_lane),4,430,
grim_(grim_adventures),4,43,
grim_(twisted_wonderland),4,218,
grim_aloe,4,406,
grim_reaper,4,298,
grima_(fire_emblem),4,750,
grimace_(mcdonald's),4,77,
grimer,4,117,
grimlock,4,145,
grimm_(black_souls),4,61,
grimm_(hollow_knight),4,36,
grimm_(red_hood),4,30,
grimm_(rwby),4,179,
grimmi_(1st_costume)_(vtuber),4,48,
grimmi_(necromancer)_(vtuber),4,22,
grimmjow_jaegerjaquez,4,299,
grimmsnarl,4,158,
grimnir_(granblue_fantasy),4,83,
grimoire_weiss,4,104,
grimsley_(pokemon),4,597,
grimsley_(sygna_suit)_(pokemon),4,49,
gripen_(girly_air_force),4,37,
gris_(vertigris),4,178,
griselle_(pokemon),4,315,
griseo,4,526,
griseo_(cosmic_expression),4,168,
griseo_(starry_impression),4,326,
grisha_yeager,4,52,
grisham_(pokemon),4,307,
grizzly_mkv_(girls'_frontline),4,660,
grizzly_mkv_(teddy_transform!)_(girls'_frontline),4,63,
grizzly_mkv_(weekend_cop)_(girls'_frontline),4,81,
grog_strongjaw,4,69,
grogu,4,69,
gronru_(alchemy_stars),4,97,
grookey,4,1216,
groose,4,51,
groot,4,53,
grotle,4,71,
groudon,4,363,
ground_gm,4,53,
ground_gundam,4,103,
ground_miku_(project_voltage),4,134,
grovyle,4,222,
growlithe,4,461,
grozny_(azur_lane),4,83,
grubbin,4,73,
gruier_serenity,4,39,
grumpig,4,63,
grune_(tales),4,34,
grusha_(pokemon),4,1174,
gryll_(kirby),4,87,
gsh-18_(girls'_frontline),4,57,
gu_xun_er_(doupo_cangqiong),4,65,
gu_yuena,4,91,
guam_(azur_lane),4,154,
guam_(stage-setting_charmer)_(azur_lane),4,75,
guam_(the_kunoichi's_dangerous_variety_show)_(azur_lane),4,20,
guame,4,58,
guan_yinping,4,78,
guan_yu,4,53,
guanglingwang,4,43,
guard_(girls'_frontline),4,36,
guardian_(zelda),4,90,
guardian_siegrid,4,44,
gubo_(project_moon),4,39,
guchuko,4,36,
gudetama,4,41,
gueira,4,96,
gueira_(made_in_abyss),4,67,
guel_jeturk,4,524,
gugalanna,4,36,
guichen_(azur_lane),4,32,
guider_to_the_eternal_edge,4,52,
guido_(grandia),4,35,
guido_mista,4,1219,
guild_girl_(goblin_slayer!),4,112,
guild_sweetheart,4,43,
guildmarm_(monster_hunter),4,57,
guile,4,447,
guillotine_(nikke),4,79,
guillotine_cross_(ragnarok_online),4,202,
guilmon,4,152,
guilty_(nikke),4,112,
guilty_(wave_of_disbelief)_(nikke),4,42,
guinaifen_(honkai:_star_rail),4,259,
guinble,4,32,
guinevere_(fire_emblem),4,52,
guinevere_(mythology),4,10,
guitar_little_sister_(hitomi_o),4,94,
guizhong_(genshin_impact),4,258,
guldo,4,44,
gullinbursti_(housamo),4,158,
gulliver_(eureka_seven),4,68,
gullveig_(fire_emblem),4,137,
gullveig_(summer)_(fire_emblem),4,31,
gulpin,4,253,
gum_(jsr),4,140,
gumball_watterson,4,70,
gumi,4,4830,
gumi_(a.i._voice),4,31,
gumi_(ai_megpoid),4,41,
gumi_(v3_megpoid),4,232,
gumiya,4,237,
gummigoo,4,65,
gummy_(arknights),4,602,
gummy_(summer_flowers)_(arknights),4,90,
gun_devil_(chainsaw_man),4,124,
gunbreaker_(final_fantasy),4,119,
gunbuster,4,118,
guncannon,4,178,
gundam_aerial,4,509,
gundam_aerial_rebuild,4,146,
gundam_age-1,4,105,
gundam_age-1_titus,4,67,
gundam_alex,4,121,
gundam_astray_red_frame,4,54,
gundam_bael,4,31,
gundam_barbatos,4,251,
gundam_barbatos_lupus,4,41,
gundam_barbatos_lupus_rex,4,78,
gundam_calibarn,4,152,
gundam_deathscythe,4,44,
gundam_double_x,4,69,
gundam_dynames,4,63,
gundam_epyon,4,60,
gundam_exia,4,244,
gundam_ez8,4,68,
gundam_gp-01_full_vernian_zephyranthes,4,41,
gundam_gp-01_zephyranthes,4,64,
gundam_gp-02_physalis,4,101,
gundam_gp-03_stamen,4,78,
gundam_kyrios,4,35,
gundam_lfrith,4,38,
gundam_mk_ii,4,241,
gundam_mk_v,4,44,
gundam_pharact,4,55,
gundam_tr-1_hazel,4,33,
gundam_vidar,4,31,
gundam_virtue,4,52,
gundam_x,4,78,
gundou_mirei,4,302,
gundou_mirei_(1st_costume),4,80,
gundou_misuzu,4,90,
gundula_rall,4,248,
gunner_(dungeon_and_fighter),4,59,
gunner_(final_fantasy),4,130,
gunner_(sekaiju),4,308,
gunner_2_(sekaiju),4,265,
gunnthra_(fire_emblem),4,205,
gunnthra_(summer)_(fire_emblem),4,51,
gunpla_boy_(ishiyumi),4,156,
gunslinger_(granblue_fantasy),4,39,
gunslinger_(ragnarok_online),4,44,
guntank,4,113,
gunter_(fire_emblem),4,38,
gunter_shulz,4,99,
gunvolt,4,103,
guoba_(genshin_impact),4,887,
guraa,4,48,
guragief_(simoun),4,36,
gurasan_(happinesscharge_precure!),4,48,
gurdurr,4,32,
guren_nishiki,4,85,
guren_seiten,4,30,
gurren,4,48,
gurren-lagann,4,308,
gus_porter,4,45,
gustaf,4,43,
gustav_karl,4,37,
gustavo_fring,4,43,
gusto_gulldo,4,32,
guts_(berserk),4,1162,
guts_(kill_la_kill),4,321,
guts_man,4,67,
guu_(jungle_wa_itsumo),4,55,
guu_(ozu_(oz_yarimasu)),4,77,
guvava,4,148,
guy-manuel_de_homem-christo,4,51,
guy_(final_fight),4,85,
guy_(fire_emblem),4,31,
guy_cecil,4,285,
guyrys,4,99,
guzma_(pokemon),4,932,
guzzlord,4,57,
gwelu_os_gar,4,33,
gwen_(league_of_legends),4,1276,
gwen_(total_drama),4,57,
gwen_stacy,4,1081,
gwen_tennyson,4,325,
gwendolyn_(fire_emblem),4,33,
gwendolyn_(odin_sphere),4,562,
gwenpool,4,120,
gweon_sua,4,89,
gwyn_(sait0moriyama),4,36,
gwyn_lord_of_cinder,4,33,
gwynn_(pokemon),4,1632,
gyan,4,68,
gyarados,4,599,
gyari_(bird),4,51,
gyarike,4,41,
gym_ghingnham,4,32,
gym_trainer_(pokemon),4,88,
gynger_edventray_(hiiragimare),4,73,
gyopi,4,30,
gyoza_man,4,32,
gypsy_(ragnarok_online),4,299,
gyro_zeppeli,4,1307,
gyro_zeppeli_(executioner),4,32,
gyroid_(animal_crossing),4,39,
gyumao_(housamo),4,74,
gyunei_guss,4,31,
gyuu_mao,4,43,
gyuuki_(yuyuyu),4,47,
gyuutarou_(kimetsu_no_yaiba),4,106,
h'aanit_(octopath_traveler),4,164,
h-01,4,45,
h.n.elly_(kirsten),4,130,
ha-chan_(ado),4,34,
ha-chan_(mahou_girls_precure!),4,67,
ha-class_destroyer,4,412,
ha-re_the_sword_mikanko,4,71,
ha_yun,4,39,
ha_yuri_zahard,4,30,
haar_(fire_emblem),4,44,
haaselia,4,85,
haaton_(akai_haato),4,436,
habane_kotori,4,36,
habanero-neesan,4,32,
habanero-tan,4,106,
habara_(danshi_koukousei),4,119,
habetrot_(fate),4,347,
habetrot_(last_origin),4,40,
hacchi_(napoli_no_otokotachi),4,61,
hachi_(live_union),4,62,
hachijou_(kancolle),4,325,
hachijou_ikuko,4,30,
hachijou_tooya,4,30,
hachiko_of_castling,4,163,
hachikuji_mayoi,4,1466,
hachikyaku_rozunieru,4,44,
hachimiya_meguru,4,2365,
hachiouji_naoto,4,370,
hachiroku_(maitetsu),4,192,
hachisuka_goemon,4,70,
hachisuka_kotetsu,4,214,
hachitani_(sunaba_suzume),4,81,
hachiware_(chiikawa),4,76,
hachune_miku,4,521,
hack_(apex_legends),4,217,
hacka_doll_0,4,31,
hacka_doll_1,4,173,
hacka_doll_2,4,190,
hacka_doll_3,4,681,
hacker_(7th_dragon),4,82,
hadiya_(arknights),4,19,
hadou_nejire,4,938,
hae-young_na,4,30,
haeno_akari,4,93,
haerin_(newjeans),4,86,
hagakure_hiroko,4,36,
hagakure_tooru,4,723,
hagakure_yasuhiro,4,292,
hagane_miku,4,99,
hagano_ichigo,4,30,
hagi_(blood+),4,47,
hagikaze_(kancolle),4,1421,
hagimura_suzu,4,142,
hagino_chiaki,4,119,
hagino_kana,4,30,
hagiwara_kenji,4,56,
hagiwara_yukiho,4,2983,
hagoromo_gitsune,4,126,
hagoromo_lala,4,923,
haguro_(kancolle),4,2407,
haguro_kai_ni_(kancolle),4,438,
haguruma_hasami,4,46,
hai_tien_(azur_lane),4,55,
haiba_arisa,4,80,
haiba_lev,4,46,
haibara_ai,4,731,
haibara_ayako,4,42,
haibara_nanaka,4,37,
haibara_sakuya,4,64,
haibara_tatsumi,4,19,
haibara_yu,4,106,
haicma_(punishing:_gray_raven),4,36,
haida_(aggretsuko),4,31,
haijima_ginka,4,108,
haine_(summertime_render),4,38,
haine_rammsteiner,4,65,
hair_bun_girl_(nagioka),4,67,
hair_bun_maid_(mdf_an),4,36,
hair_rings_tamamo_nine_member_(fate),4,13,
haiselita_aldridge,4,32,
haitani_ran,4,71,
haitani_rindou,4,75,
haiyi,4,164,
hak_(akatsuki_no_yona),4,71,
hakama-chan_(aa),4,35,
hakamada_hinata,4,300,
hakamichi_hideaki,4,37,
hakamichi_shizune,4,238,
hakan,4,71,
hakase_fuyuki,4,679,
hakase_fuyuki_(1st_costume),4,186,
hakase_satomi,4,66,
hakata-san,4,45,
hakata_toushirou,4,239,
hakaze_kaoru,4,152,
haki_(boogbogex),4,95,
hakkito_(banzoin_hakka),4,75,
hakodate_omiko,4,178,
hakone_yumoto,4,50,
hakos_baelz,4,4301,
hakos_baelz_(1st_costume),4,1018,
hakos_baelz_(casual),4,107,
hakos_baelz_(new_year),4,88,
hakos_baelz_(steel_rose),4,78,
hakozaki_chika,4,39,
hakozaki_serika,4,853,
haku_(fate),4,74,
haku_(naruto),4,79,
haku_(p&d),4,364,
haku_(sen_to_chihiro_no_kamikakushi),4,371,
haku_(utawarerumono),4,54,
haku_eckaran,4,39,
hakuba_ouji,4,32,
hakuba_saguru,4,58,
hakubi_washuu,4,173,
hakugei_(re:zero),4,74,
hakuhou_(azur_lane),4,304,
hakuhou_(floral_ninja_roleplay)_(azur_lane),4,83,
hakuhouin_ayano,4,30,
hakui_koyori,4,3056,
hakui_koyori_(1st_costume),4,1491,
hakui_koyori_(6th_costume),4,30,
hakui_koyori_(new_year),4,75,
hakui_koyori_(school_uniform),4,53,
hakui_koyori_(summer),4,423,
hakuja_nonono,4,10,
hakuji_(kimetsu_no_yaiba),4,81,
hakumei_(hakumei_to_mikochi),4,68,
hakumen,4,261,
hakuowlo,4,180,
hakurei_botan,4,90,
hakurei_reimu,4,78109,
hakurei_reimu_(fox),4,53,
hakurei_reimu_(pc-98),4,870,
hakurou_(onmyoji),4,72,
hakuryuu_(azur_lane),4,245,
hakuryuu_(inazuma_eleven),4,566,
hakuryuu_(slice_dice_and_serve)_(azur_lane),4,50,
hakusan_yoshimitsu,4,56,
hakusan_yoshimitsu's_fox,4,42,
hakushika_iori,4,41,
hakutaku_(granblue_fantasy),4,31,
hakutaku_(hoozuki_no_reitetsu),4,172,
hal_emmerich,4,92,
hal_jordan,4,117,
hala_(pokemon),4,77,
halara_nightmare,4,128,
haley_(stardew_valley),4,66,
half_slime-chan,4,164,
hallelujah_haptism,4,97,
hallessena,4,139,
halloween_baelz,4,64,
halluel_(granblue_fantasy),4,60,
halojack_(huecycles),4,20,
halone_(ff14),4,71,
halsin,4,435,
ham_na-bi,4,65,
hamada_kiyo,4,133,
hamaguchi_ayame,4,440,
hamakawa_ayuna,4,103,
hamakaze_(azur_lane),4,70,
hamakaze_(kancolle),4,10000,
haman_karn,4,588,
hamanami_(kancolle),4,651,
hamanasu_ruka,4,74,
hamano_kaiji,4,75,
hamazaki_reina,4,85,
hamazura_shiage,4,221,
hamburger-chan_(hundredburger),4,160,
hamburglar,4,120,
hamel_(path_to_nowhere),4,42,
hameln_(sinoalice),4,44,
hammann_(azur_lane),4,958,
hammann_(rebellious_summer)_(azur_lane),4,113,
hammann_(retrofit)_(azur_lane),4,182,
hammer_brothers,4,37,
hammer_kirby,4,42,
hamo_(dog),4,141,
hamtaro,4,88,
hamuel,4,25,
hamutz_meseta,4,42,
hamuzou,4,381,
han_do-yoon,4,42,
han_joon-gi,4,44,
han_juri,4,3178,
han_megumi,4,38,
han_solo,4,89,
han_soo-min_(hanny),4,78,
han_sooyoung,4,110,
han_yoojin,4,36,
hana-tamago,4,37,
hana_(adey),4,46,
hana_(den-o),4,33,
hana_(fire_emblem),4,217,
hana_(ninja)_(fire_emblem),4,31,
hana_(ookami_kodomo),4,39,
hana_(pangya),4,287,
hana_(yuta),4,45,
hana_macchia,4,118,
hana_macchia_(1st_costume),4,48,
hana_n._fountainstand,4,88,
hanabasami_kyou,4,47,
hanabatake_chaika,4,206,
hanabatake_chaika_(1st_costume),4,65,
hanabi_(senran_kagura),4,106,
hanabishi_haruka,4,155,
hanabishi_miki,4,53,
hanabusa_kokoro,4,74,
hanabusa_lisa,4,171,
hanabusa_lisa_(5th_costume),4,19,
hanabusa_sumireko,4,89,
hanabusu_arisu,4,34,
hanachirusato_(genshin_impact),4,43,
hanada_kirame,4,132,
hanadera_nodoka,4,688,
hanae_(blue_archive),4,582,
hanae_(cheer_squad)_(blue_archive),4,52,
hanae_(christmas)_(blue_archive),4,179,
hanagaki_takemichi,4,107,
hanai_haruki,4,43,
hanakai_momo,4,50,
hanaki_yuka,4,33,
hanako-san_(gegege_no_kitarou),4,34,
hanako-san_(toire_no_hanako-san),4,66,
hanako_(blue_archive),4,4640,
hanako_(disgaea),4,87,
hanako_(idolmaster),4,56,
hanako_(jibaku_shounen_hanako-kun),4,249,
hanako_(swimsuit)_(blue_archive),4,2387,
hanako_nana,4,34,
hanakoganei_hibari,4,31,
hanakoizumi_an,4,45,
hanakoto_igusa,4,33,
hanakuma_chifuyu,4,197,
hanamaki_towa,4,48,
hanamaru_hareru,4,46,
hanami_(horizon),4,34,
hanami_(jujutsu_kaisen),4,51,
hanami_kotoha,4,335,
hanami_mariya,4,30,
hanami_saki,4,781,
hanami_shione,4,34,
hanami_ume,4,785,
hanami_yuzuka,4,50,
hanamichi_ran,4,389,
hanamiya_nagisa,4,65,
hanamiya_nina,4,59,
hanamizuki_(flower_knight_girl),4,35,
hanamomo_(flower_knight_girl),4,40,
hanamori_healthy,4,43,
hanamoto_hagumi,4,66,
hanamoto_tenka,4,34,
hanamura_fuyume,4,31,
hanamura_hinako,4,47,
hanamura_shoma,4,72,
hanamura_teruteru,4,268,
hanamura_yousuke,4,1803,
hananokouji_kurara,4,41,
hanaoka_makoto,4,47,
hanaori_kotoha,4,39,
hanasaka_yui,4,38,
hanasaki_akane,4,38,
hanasaki_chiyu,4,35,
hanasaki_kaoruko,4,67,
hanasaki_kokona,4,56,
hanasaki_miyabi,4,447,
hanasaki_miyabi_(1st_costume),4,67,
hanasaki_momoko,4,107,
hanasaki_ryoku,4,10,
hanasaki_tomoyo_(uchihime),4,17,
hanasaki_tsubomi,4,1801,
hanasato_minori,4,702,
hanashiro_anzu,4,32,
hanashiro_yuuka,4,45,
hanato_kobato,4,70,
hanawa_kaoru,4,44,
hanayagi_kaoruko,4,186,
hanayama_emi,4,61,
hanayono_menora,4,44,
hanayura_kanon,4,40,
hanazawa_kana,4,122,
hanazawa_teruki,4,247,
hanazawa_yusaku,4,63,
hanazono_hahari,4,74,
hanazono_hakari,4,142,
hanazono_kirara,4,51,
hanazono_momohito,4,79,
hanazono_sayaka,4,22,
hanazono_serena,4,47,
hanazono_shizuma,4,192,
hanazono_shuka,4,121,
hanazono_tae,4,392,
hanazono_yurine,4,298,
hanazuki_(azur_lane),4,200,
hancock_(warship_girls_r),4,34,
handa_roco,4,509,
handa_seishuu,4,67,
handa_shin'ichi,4,66,
handler_(monster_hunter_world),4,99,
haneame,4,34,
hanekawa_tsubasa,4,2443,
hanemiya_kazutora,4,154,
haneoka_meimi,4,129,
hanesaki_ayano,4,54,
haneuzu_miuneru,4,48,
hanezawa_miruka,4,39,
hange_zoe,4,847,
haninozuka_mitsukuni,4,54,
hanitan,4,68,
hanitan_(bear),4,40,
haniyasushin_keiki,4,1644,
hanku_(kanazawa_shinnosuke),4,44,
hanma_shuuji,4,63,
hanma_yujiro,4,55,
hanna-justina_marseille,4,620,
hanna_england,4,157,
hanna_rudel,4,158,
hanna_wind,4,76,
hannah_(mahjong_soul),4,110,
hanneli_(hanny),4,32,
hannelore_kummel,4,51,
hanneman_von_essar,4,52,
hanni_(newjeans),4,79,
hannibal_lecter,4,51,
hannya_(onmyoji),4,97,
hanpan,4,87,
hanpen_(nijigasaki),4,78,
hans_christian_andersen_(adult)_(fate),4,140,
hans_christian_andersen_(fate),4,601,
hansel_(black_lagoon),4,50,
hansel_(granblue_fantasy),4,161,
hansel_(grimm),4,32,
hansel_(sinoalice),4,84,
hanson_(nadia),4,31,
hanya_(honkai:_star_rail),4,168,
hanyang_type_88_(girls'_frontline),4,53,
hanying_(punishing:_gray_raven),4,107,
hanyuu,4,1733,
hanzo_(overwatch),4,536,
hanzo_hasashi,4,53,
haohi_(less),4,46,
haori_haruki,4,98,
haoumaru,4,103,
hapi_(fire_emblem),4,225,
happiny,4,147,
happosai,4,83,
happy_(crash_fever),4,36,
happy_(eds),4,30,
happy_(fairy_tail),4,126,
happy_chaos,4,167,
happy_mask_salesman,4,36,
happy_meek_(umamusume),4,295,
happy_teddy_bear,4,32,
happy_woodman_(racehorse),4,13,
hapu_(pokemon),4,165,
haqua_d'rot_herminium,4,215,
hara_honoka,4,39,
hara_yumi,4,30,
harada_chie,4,36,
harada_kazaru,4,36,
harada_makoto,4,122,
harada_minoru,4,1507,
harada_miyo,4,174,
harada_mutei,4,305,
harada_sanosuke_(fate),4,347,
harada_sanosuke_(teal_haori_and_hakama)_(fate),4,106,
harai_kuko,4,38,
harai_kuko_(tdd_era),4,25,
harajuku_mimi,4,36,
harakawa_ken'ichi,4,30,
harakawa_tamako,4,77,
haramura_nodoka,4,1355,
harasaki_nozomi,4,42,
harbin_(azur_lane),4,78,
hard_gay,4,40,
hardgore_alice,4,91,
hardin_(fire_emblem),4,37,
hare_(blue_archive),4,793,
hare_(camp)_(blue_archive),4,240,
hare_(honkai_impact),4,124,
hargon,4,47,
haribote_elegy,4,35,
harie_(granblue_fantasy),4,73,
harima_kenji,4,90,
harima_mika,4,36,
harime_nui,4,795,
hariyama,4,75,
harken_browning,4,39,
harklight,4,70,
harle_(chrono_cross),4,140,
harley_(pokemon),4,37,
harley_quinn,4,854,
harlock,4,87,
harmonie_(arknights),4,438,
harmony's_clownfish_(splatoon),4,280,
harmony_(splatoon),4,333,
haro,4,1406,
harold_berselius,4,52,
harold_finch_(person_of_interest),4,38,
haroukitei_kigurumi,4,63,
harp_note_(mega_man),4,77,
harp_seal_(kemono_friends),4,43,
harpe,4,50,
harper_(pokemon),4,100,
harpie_channeler,4,43,
harpie_dancer,4,51,
harpie_girl_(yu-gi-oh!),4,100,
harpie_lady,4,162,
harpie_lady_(normal_monster),4,38,
harpie_lady_1,4,94,
harpie_lady_2,4,41,
harpie_queen,4,79,
harpy_(akai),4,57,
harpy_(closers),4,165,
harpy_(nucomas),4,56,
harpy_(puyopuyo),4,117,
harpyia_(last_origin),4,51,
harry_du_bois,4,92,
harry_mason,4,60,
harry_ord,4,38,
harry_potter,4,295,
harryham_harry,4,70,
harsha_(eisu),4,88,
hart_floyd,4,35,
haru-chan,4,39,
haru_(beastars),4,72,
haru_(cevio),4,38,
haru_(chaos_zero_nightmare),4,41,
haru_(fushigi_na_neko_no_machi_meltier),4,66,
haru_(inuarashi),4,38,
haru_(kuzuyu),4,115,
haru_(len'en),4,30,
haru_(maou-sama_to_kekkonshitai),4,32,
haru_(rerrere),4,46,
haru_(ryosios),4,36,
haru_(tateha),4,37,
haru_(tsuritama),4,141,
haru_(uchihime),4,19,
haru_(yomawari),4,59,
haru_estia,4,141,
haru_urara_(casual)_(umamusume),4,213,
haru_urara_(first_urara_saku_sakura)_(umamusume),4,42,
haru_urara_(umamusume),4,1875,
haruhara_haruko,4,463,
haruhina_urara,4,34,
haruka-chan_(pan_(mimi)),4,48,
haruka-san,4,46,
haruka_(blue_archive),4,1652,
haruka_(casual)_(arknights),4,65,
haruka_(dress)_(blue_archive),4,120,
haruka_(hamico),4,36,
haruka_(new_year)_(blue_archive),4,207,
haruka_(senran_kagura),4,457,
haruka_(sister_princess),4,97,
haruka_(suit)_(blue_archive),4,112,
haruka_(tactics),4,82,
haruka_armitage,4,110,
haruka_athena,4,35,
haruka_gracia,4,42,
haruka_karibu,4,157,
haruka_nana,4,43,
harukara_(7th_dragon),4,367,
harukawa_fuki,4,97,
harukawa_maki,4,2750,
harukawa_sora,4,155,
harukawa_syuria_(jack_dempa),4,85,
harukawa_tomomi,4,33,
harukaze_(kancolle),4,891,
harukaze_chiharu,4,49,
harukaze_doremi,4,326,
harumi_(goburin_second),4,49,
harumi_hana,4,78,
harumi_kajika,4,111,
harumi_sawara,4,78,
harumi_shinju,4,106,
harumiya_saki,4,65,
harumoto_itsuki,4,34,
haruna_(aoki_hagane_no_arpeggio),4,213,
haruna_(azur_lane),4,116,
haruna_(blue_archive),4,1733,
haruna_(kancolle),4,9787,
haruna_(korezom),4,131,
haruna_(new_year)_(blue_archive),4,195,
haruna_(swimsuit)_(blue_archive),4,59,
haruna_(track)_(blue_archive),4,647,
haruna_kai_ni_(kancolle),4,1337,
haruna_konomi,4,65,
harunami_anri,4,44,
harune_aira,4,90,
haruno_haruka,4,818,
haruno_ritsuka,4,57,
haruno_sakura,4,3957,
haruno_shiobana,4,189,
haruno_shion,4,48,
haruno_sora,4,50,
harusaki_air,4,49,
harusaki_chiwa,4,49,
harusaki_nodoka,4,185,
harusaki_nodoka_(1st_costume),4,108,
harusame_(kancolle),4,2590,
harusame_kai_ni_(kancolle),4,53,
harusaruhi,4,183,
harustein,4,31,
harutsuki_(azur_lane),4,79,
haruue_erii,4,39,
haruya_seitarou_(jissai_no_tokoro),4,47,
hasaha,4,112,
hase_maria,4,44,
hase_mikoto,4,33,
hasebe_aya,4,54,
hasebe_kazumi,4,31,
hasebe_touka,4,50,
hasebe_yutaka,4,56,
hasegawa_akemi,4,36,
hasegawa_chisame,4,230,
hasegawa_chisato,4,99,
hasegawa_fumi,4,95,
hasegawa_haruka,4,32,
hasegawa_ikumi,4,52,
hasegawa_kana,4,13,
hasegawa_kobato,4,691,
hasegawa_kodaka,4,161,
hasegawa_langa,4,218,
hasegawa_mii,4,107,
hasegawa_suzuho,4,33,
hasegawa_taizou,4,37,
hasegawa_tatsu,4,31,
hasegawa_urumi,4,30,
hasekura_airi,4,46,
hasekura_rei,4,216,
haseo_(.hack//),4,150,
hashiba_natsumi_(animare),4,38,
hashibira_inosuke,4,616,
hashida_itaru,4,274,
hashima_izumi,4,86,
hashima_renge_(ryou@ryou),4,33,
hashimoto_fumie,4,149,
hashimoto_nyaa,4,317,
hashiri_nio,4,132,
hassan_(dq6),4,42,
hassan_of_serenity_(fate),4,2081,
hassan_of_serenity_(lostroom_outfit)_(fate),4,68,
hassan_of_serenity_(merry_sheep)_(fate),4,54,
hassan_of_the_cursed_arm_(fate),4,421,
hassel_(pokemon),4,333,
hasshaku-sama,4,352,
hassu,4,111,
hastur,4,79,
hastur_(kamitsubaki_studio),4,40,
hastur_(nyaruko-san),4,222,
hasumi_(blue_archive),4,3645,
hasumi_(track)_(blue_archive),4,1476,
hasumi_eri,4,48,
hasumi_keito,4,83,
hasumi_leia,4,406,
hasumi_rain,4,48,
hasumi_souji_(eroe),4,539,
hasumi_urara,4,36,
hasuno_saki,4,31,
hasunoue_keroppi,4,86,
hat_kid,4,272,
hata-tan_(rui_(hershe)),4,207,
hata_matsuri,4,65,
hata_no_kokoro,4,6654,
hatabou,4,70,
hatakaze_(azur_lane),4,31,
hatakaze_(kancolle),4,630,
hatake_kakashi,4,813,
hatakeyama_tsukushi,4,69,
hatamoto_(kotoba),4,79,
hataya_misuzu,4,119,
hatch_(7th_dragon),4,42,
hatchling_(hollow_knight),4,17,
hateful_avenger_(arknights),4,59,
hatena_yousei,4,209,
hatenna,4,334,
hathaway_noa,4,158,
hathor_(last_origin),4,33,
hathor_(p&d),4,41,
hato_(kosobin),4,52,
hato_kenjirou,4,107,
hatoba_tsugu,4,1669,
hatohara_mirai,4,41,
hatono_chihiro,4,37,
hatori_akira,4,10,
hatori_chise,4,201,
hatori_kanon,4,90,
hatotaurus_(ookami_mio),4,62,
hatou_kei,4,41,
hatoya_kohane,4,34,
hatsuchiri_(neural_cloud),4,53,
hatsuharu_(azur_lane),4,34,
hatsuharu_(kancolle),4,949,
hatsuharu_kai_ni_(kancolle),4,116,
hatsukano_you,4,169,
hatsukaze_(kancolle),4,1212,
hatsume_mei,4,286,
hatsumi_sen,4,12,
hatsune_(princess_connect!),4,406,
hatsune_(summer)_(princess_connect!),4,158,
hatsune_miku,4,103500,
hatsune_miku_(append),4,1564,
hatsune_miku_(blue_archive),4,145,
hatsune_miku_(if),4,81,
hatsune_miku_(noodle_stopper),4,203,
hatsune_miku_(nt),4,453,
hatsune_miku_(shinkalion),4,31,
hatsune_miku_(vocaloid3),4,162,
hatsune_miku_(vocaloid4),4,442,
hatsune_miku_(vocaloid4)_(chinese),4,46,
hatsune_mikuo,4,471,
hatsuse_izuna,4,187,
hatsuseno_alpha,4,195,
hatsushimo_(azur_lane),4,32,
hatsushimo_(kancolle),4,1217,
hatsushimo_kai_ni_(kancolle),4,367,
hatsutori_hajime,4,3547,
hatsuyama_hotaru,4,64,
hatsuyuki_(kancolle),4,2688,
hatsuyukisou_(flower_knight_girl),4,74,
hatsuzuki_(august's_first_romance)_(azur_lane),4,41,
hatsuzuki_(azur_lane),4,78,
hatsuzuki_(kancolle),4,2610,
hatsuzuki_kai_ni_(kancolle),4,52,
hatterene,4,612,
hattifattener,4,51,
hattori_(one_piece),4,93,
hattori_hanzo_uruka,4,57,
hattori_heiji,4,107,
hattori_junko,4,48,
hattori_shizuka,4,226,
hattori_toko,4,75,
hattori_yu,4,85,
hattrem,4,149,
hau_(pokemon),4,1036,
hau_(sygna_suit)_(pokemon),4,41,
haunter,4,704,
haurchefant_greystone,4,255,
havoc-chan,4,101,
hawawa-chan's_sister_(shiro_kuma_shake),4,43,
hawawa-chan_(shiro_kuma_shake),4,380,
hawk_(nanatsu_no_taizai),4,73,
hawkeye_(fire_emblem),4,41,
hawkeye_(granblue_fantasy),4,54,
hawkeye_(marvel),4,164,
hawkeye_(seiken_densetsu_3),4,92,
hawkeye_girl_(mechanical_buddy_universe),4,44,
hawkeye_gough,4,35,
hawkmon,4,48,
hawks_(boku_no_hero_academia),4,1571,
hawlucha,4,149,
haxorus,4,321,
hayabusa_hideki,4,36,
hayahoshi_akuru,4,52,
hayakawa_ai,4,30,
hayakawa_aki,4,1887,
hayakawa_mayumi,4,38,
hayakawa_tazuna,4,486,
hayama_hayato,4,91,
hayama_kotono,4,77,
hayama_kouichi,4,30,
hayama_marin,4,96,
hayama_mizuki,4,94,
hayama_sayako,4,32,
hayama_teru,4,69,
hayami_aki,4,33,
hayami_ayuko,4,39,
hayami_ayumi,4,91,
hayami_eiko,4,10,
hayami_eina_(tanikan0120),4,17,
hayami_hiro,4,55,
hayami_kanade,4,2800,
hayami_katsura,4,31,
hayami_momo_(hayamimomo),4,31,
hayami_saori,4,168,
hayami_sena,4,48,
hayami_tsurumasa,4,90,
hayanami_(kancolle),4,344,
hayasaka_ai,4,1195,
hayasaka_akira,4,142,
hayasaka_hiyori,4,34,
hayasaka_mei,4,70,
hayasaka_mirei,4,769,
hayasaka_miura,4,65,
hayase_fukami,4,51,
hayase_mina,4,80,
hayase_misa,4,177,
hayase_mitsuki,4,268,
hayase_ruriko_(yua),4,222,
hayase_sou,4,54,
hayashi_fuyu,4,34,
hayashi_kotoyo,4,76,
hayashibara_megumi,4,38,
hayashida_airi,4,57,
hayashida_heihachi_(samurai_7),4,12,
hayashida_tamaki,4,16,
hayashimo_(kancolle),4,1491,
hayashio_(kancolle),4,380,
hayashio_kai_ni_(kancolle),4,44,
hayasugi_hayato,4,42,
hayasui_(kancolle),4,1213,
hayate_immelmann,4,259,
hayato_kobayashi,4,31,
hayato_suou,4,103,
haydee_(gankutsuou),4,44,
haydee_(haydee),4,36,
haysaca_a._smithee,4,103,
hazama,4,524,
hazama_michio,4,132,
hazamada_toshikazu,4,61,
hazawa_tsugumi,4,523,
haze_(arknights),4,113,
haze_(black_survival),4,40,
haze_(the_nursing_home_creepshow)_(arknights),4,14,
hazekura_mikitaka,4,175,
hazuki_(mechiru),4,35,
hazuki_(tsukuyomi),4,324,
hazuki_kurumi,4,72,
hazuki_mina_(darker_than_black),4,63,
hazuki_nagisa,4,298,
hazuki_ren,4,614,
hazuki_ryou,4,52,
hazuki_shizuku,4,73,
hazuki_watora,4,206,
hazumi_aileen,4,75,
hazuna_rio,4,39,
he-class_light_cruiser,4,132,
he-man,4,35,
he_cheng,4,22,
headcrab,4,55,
headless_ichthys,4,33,
headmistress_fiora,4,42,
headphone-chan_(splatoon),4,38,
healer_(7th_dragon),4,35,
healer_(disgaea),4,64,
healer_girl_(yuuhagi_(amaretto-no-natsu)),4,101,
healslime,4,175,
heanna_sumire,4,1102,
heart_(mad_rat_dead),4,63,
heart_of_hope_juno,4,20,
heartless,4,101,
hearts_(dragon_ball),4,43,
heartsteel_aphelios,4,48,
heartsteel_ezreal,4,80,
heartsteel_kayn,4,93,
heartsteel_sett,4,63,
heartsteel_yone,4,37,
heat_(dds),4,34,
heat_man,4,67,
heath_(fire_emblem),4,31,
heathcliff_(project_moon),4,1036,
heathcliff_(sao),4,35,
heathcliff_blanchett,4,45,
heather_(fire_emblem),4,53,
heather_mason,4,297,
heatmor,4,46,
heatran,4,97,
heaven's_door,4,169,
heaven_ascended_dio,4,63,
heavy_(tf2),4,180,
heavy_cruiser_princess,4,304,
heavy_cruiser_summer_princess,4,63,
heavyblade_rabbit,4,58,
heavyrain_(arknights),4,182,
heavyrain_(tranquil_moss)_(arknights),4,56,
hebiyoi_tier,4,209,
hebiyoi_tier_(1st_costume),4,129,
hecarim,4,45,
hecate_(granblue_fantasy),4,40,
hecate_(path_to_nowhere),4,166,
hecate_(shakugan_no_shana),4,95,
hecatia_lapislazuli,4,4812,
hecatia_lapislazuli_(earth),4,345,
hecatia_lapislazuli_(moon),4,296,
hector_(fate),4,368,
hector_(fire_emblem),4,374,
hector_(omori),4,55,
hector_rivera,4,147,
hector_rivera_(alive),4,81,
hedgehog_girl_(yukimoto_shuuji_(gurigura)),4,38,
hedwig,4,32,
heen,4,30,
heero_yuy,4,262,
hei_(darker_than_black),4,643,
hei_meiling,4,45,
heian_maru_(kancolle),4,58,
heidern,4,76,
heidi_(alps_no_shoujo_heidi),4,38,
heidi_(arknights),4,154,
heidi_(atelier),4,34,
heidi_(young)_(arknights),4,23,
heidimarie_w._schnaufer,4,491,
heidr_(fire_emblem),4,46,
heimerdinger,4,50,
heinrike_prinzessin_zu_sayn-wittgenstein,4,422,
heiter,4,286,
heiwajima_kasuka,4,49,
heiwajima_shizuo,4,580,
heixiu,4,567,
hekapoo,4,35,
helbindi_(fire_emblem),4,72,
helel_ben_sahar_(granblue_fantasy),4,30,
helel_ben_shalem,4,166,
helem_(centuria),4,16,
helen_(claymore),4,60,
helen_(girls'_frontline_2),4,205,
helen_(idolmaster),4,97,
helen_(starlit_waltz)_(girls'_frontline_2),4,123,
helen_parr,4,89,
helen_richardson,4,11,
helena_(azur_lane),4,577,
helena_(kancolle),4,396,
helena_(may_i_have_this_dance?)_(azur_lane),4,37,
helena_(meta)_(azur_lane),4,74,
helena_(shimmering_triangle_wave)_(azur_lane),4,44,
helena_(warship_girls_r),4,38,
helena_adams,4,39,
helena_blavatsky_(christmas)_(fate),4,62,
helena_blavatsky_(fate),4,1511,
helena_blavatsky_(swimsuit_archer)_(fate),4,280,
helena_blavatsky_(swimsuit_archer)_(first_ascension)_(fate),4,80,
helena_blavatsky_(swimsuit_archer)_(second_ascension)_(fate),4,41,
helena_blavatsky_(swimsuit_archer)_(third_ascension)_(fate),4,162,
helena_blavatsky_(third_ascension)_(fate),4,217,
helena_douglas,4,193,
helena_harper,4,39,
helena_k_sink,4,51,
helena_kai_(kancolle),4,105,
helenium_(flower_knight_girl),4,32,
heles,4,598,
heles_(summer)_(granblue_fantasy),4,107,
helevu,4,33,
helia_(honkai_impact),4,56,
helianthus_(girls'_frontline),4,292,
heliolisk,4,67,
helioptile,4,79,
helios_(sailor_moon),4,122,
hell_princess,4,30,
hella_(path_to_nowhere),4,68,
hellagur_(arknights),4,231,
hellboy,4,113,
helldiver_(helldivers),4,138,
hellen_gravely,4,31,
hellhound_(monster_girl_encyclopedia),4,253,
hellmatio,4,88,
hello_kitty_(character),4,678,
helltaker_(character),4,1039,
helly_lewis,4,40,
helm_(aqua_marine)_(nikke),4,244,
helm_(chandelier)_(nikke),4,64,
helm_(nikke),4,503,
helma_lennartz,4,274,
helmeppo,4,52,
helmet-chan_(girls_und_panzer),4,60,
helmet_gangster_(blue_archive),4,61,
helmet_musume_(kancolle),4,91,
henao_jazz,4,46,
henri_(helbai),4,36,
henrietta_(gunslinger_girl),4,209,
henrietta_(log_horizon),4,33,
henrietta_de_tristain,4,330,
henriette_(fire_emblem),4,54,
henriette_mystere,4,115,
henry_(dq5),4,35,
henry_(fire_emblem),4,117,
henry_henderson,4,68,
henry_townshend,4,68,
henryk_(fear_&_hunger),4,31,
henya_the_genius,4,271,
henya_the_genius_(1st_costume),4,169,
henya_the_genius_(cyber_henya),4,16,
hepas_(haevest),4,60,
hephaestion_(fate),4,55,
hephaestus_(housamo),4,289,
hera-is_(p&d),4,51,
hera-ur_(p&d),4,72,
hera_(p&d),4,221,
heracles_(fate),4,782,
heracles_(housamo),4,110,
heracross,4,203,
herb_cookie,4,33,
herbalist_(sekaiju),4,31,
herbalist_2_(sekaiju),4,89,
hercule_barton,4,235,
hercules_(disney),4,38,
herdier,4,80,
herikawa_koishi,4,56,
heris_ardebit,4,55,
herja,4,45,
herlock_sholmes,4,204,
herman_(greekceltic),4,41,
hermana_larmo,4,40,
herme_(ohisashiburi),4,92,
hermes_(azur_lane),4,35,
hermes_(ff14),4,175,
hermes_(housamo),4,58,
hermes_(kino_no_tabi),4,184,
hermione_(azur_lane),4,221,
hermione_(pure_white_angel)_(azur_lane),4,63,
hermione_granger,4,426,
hermit_purple,4,392,
hero's_daughter_(dq5),4,436,
hero's_shade,4,33,
hero's_son_(dq5),4,163,
hero_(dq1),4,162,
hero_(dq11),4,511,
hero_(dq3),4,352,
hero_(dq4),4,222,
hero_(dq5),4,431,
hero_(dq6),4,88,
hero_(dq7),4,124,
hero_(dq8),4,191,
hero_(faraway)_(omori),4,521,
hero_(headspace)_(omori),4,693,
hero_(merc_storia),4,35,
hero_(omori),4,1242,
hero_(peach88),4,84,
hero_(sekaiju),4,34,
heroine_(amnesia),4,101,
heroine_(dq3),4,286,
heroine_(dq4),4,270,
heroine_(dra+koi),4,66,
heroine_(lovebrush_chronicles),4,190,
heroman_(robot),4,33,
herring_(azur_lane),4,37,
herrscher_of_corruption,4,75,
herrscher_of_dominance,4,42,
hershel_layton,4,142,
herta_(honkai:_star_rail),4,804,
herta_(rubert_iii)_(honkai:_star_rail),4,53,
herzha_(derpixon),4,38,
heshikiri_hasebe,4,556,
hessian_(fate),4,133,
hestia_(danmachi),4,3806,
hestia_(godly_vacation!)_(danmachi),4,19,
hewie,4,41,
hex_haywire,4,76,
hex_maniac_(pokemon),4,2638,
hex_maniac_(pokemon_xy),4,3457,
heybot_(character),4,35,
heymans_breda,4,56,
heywood_l._edwards_(kancolle),4,201,
heywood_l._edwards_kai_(kancolle),4,41,
hi-nu_gundam,4,155,
hi_no_tori_(kemono_friends),4,65,
hiba_manaka,4,33,
hibachi_(donpachi),4,31,
hibachi_mana,4,39,
hibana,4,46,
hibana_(enen_no_shoubotai),4,51,
hibari_(one_piece),4,34,
hibari_(senran_kagura),4,641,
hibari_kyouya,4,189,
hibarigaoka_ruri,4,41,
hibarigaoka_yuki,4,52,
hibiki_(azur_lane),4,104,
hibiki_(blue_archive),4,2305,
hibiki_(cheer_squad)_(blue_archive),4,1669,
hibiki_(kancolle),4,16827,
hibiki_(warship_girls_r),4,36,
hibiki_dan,4,227,
hibiki_du_ca,4,41,
hibiki_rio,4,55,
hibiki_ryouga,4,425,
hibiki_wataru,4,280,
hibiki_yuuta,4,537,
hibino_hibiki,4,70,
hibino_kafka,4,147,
hibino_matsuri,4,129,
hibino_matsuri_(primagista),4,44,
hibino_mina,4,47,
hibird,4,40,
hibiscus_(arknights),4,353,
hibiscus_the_purifier_(arknights),4,143,
hibiya_souhei,4,32,
hiburi_(kancolle),4,609,
hiccup_horrendous_haddock_iii,4,60,
hida_ema,4,210,
hida_iori,4,56,
hida_kizuna,4,48,
hidaka_ai,4,581,
hidaka_aoi,4,32,
hidaka_hokuto,4,98,
hidaka_koharu,4,51,
hidaka_kouki,4,32,
hidaka_mai,4,99,
hidaka_reina_(denonbu),4,152,
hidan_(naruto),4,172,
hidari_shoutarou,4,117,
hidden_phantom_(mega_man),4,86,
hide_(acceed),4,55,
hide_yoshino,4,54,
hidehirou,4,40,
hiden_aruto,4,37,
hidoi,4,57,
hie_(hiememiko),4,268,
hieda_no_akyuu,4,5491,
hieda_no_amu,4,41,
hieda_no_are,4,55,
hiei-chan_(azur_lane),4,46,
hiei_(aoki_hagane_no_arpeggio),4,69,
hiei_(azur_lane),4,201,
hiei_(kancolle),4,4683,
hiei_(moonlit_cruise)_(azur_lane),4,31,
hiei_(yu_yu_hakusho),4,239,
hiei_kai_ni_(kancolle),4,414,
hien,4,38,
hien_rijin,4,57,
hierda_(arknights),4,74,
hierophant_green,4,535,
hifumi_(blue_archive),4,3090,
hifumi_(swimsuit)_(blue_archive),4,698,
higa_kanata,4,62,
higanbana_(flower_knight_girl),4,40,
higanbana_(higanbana_no_saku_yoru_ni),4,51,
higanbana_(onmyoji),4,47,
higashi_azuma_(choujin_x),4,68,
higashi_setsuna,4,1491,
higashikata_daiya,4,136,
higashikata_jobin,4,80,
higashikata_joshu,4,68,
higashikata_josuke,4,3036,
higashikata_josuke_(jojolion),4,707,
higashikata_rina,4,30,
higashikata_tomoko,4,77,
higashikata_tsurugi,4,41,
higashimitarai_kiyoshiro,4,36,
higashino_azusa,4,16,
higashiyama_kobeni,4,2250,
higashiyama_seika,4,33,
hige_habahiro,4,277,
higekiri_(touken_ranbu),4,371,
higero_(wataten),4,69,
higgs_(death_stranding),4,33,
high_elf,4,34,
high_elf_archer_(goblin_slayer!),4,561,
high_priest_(arknights),4,132,
high_priest_(ragnarok_online),4,1320,
high_wizard_(ragnarok_online),4,662,
highmore_(arknights),4,102,
highway_star_(stand),4,30,
highwayman_(darkest_dungeon),4,84,
higokumaru,4,136,
higuchi_kaede,4,1686,
higuchi_kaede_(1st_costume),4,500,
higuchi_kaede_(2nd_costume),4,34,
higuchi_kaede_(3rd_costume),4,75,
higuchi_kaede_(swing!!),4,50,
higuchi_madoka,4,4742,
higuchi_seika,4,45,
higumamon_(kemono_friends),4,31,
higurashi_akane,4,39,
higurashi_kagome,4,642,
higurashi_towa,4,61,
higure_fuka,4,14,
higuruma_hiromi,4,122,
hiiragi_(hanamaru_youchien),4,34,
hiiragi_akao,4,85,
hiiragi_anri,4,65,
hiiragi_asuka,4,38,
hiiragi_inori,4,34,
hiiragi_kae,4,120,
hiiragi_kagami,4,5794,
hiiragi_kotoha,4,53,
hiiragi_kozue,4,45,
hiiragi_matsuri,4,43,
hiiragi_mayuki,4,68,
hiiragi_miki,4,126,
hiiragi_mine,4,70,
hiiragi_najica,4,42,
hiiragi_nana,4,109,
hiiragi_nemu,4,167,
hiiragi_shino,4,147,
hiiragi_shinoa,4,302,
hiiragi_shizuku,4,38,
hiiragi_tsubomi,4,233,
hiiragi_tsukasa,4,3283,
hiiragi_tsukino_(aldehyde),4,209,
hiiragi_tsumugi,4,38,
hiiragi_utena,4,752,
hiiragi_yuzu,4,642,
hiiragizawa_eriol,4,37,
hiiraki_asuka,4,40,
hiiro_(alchemy_stars),4,162,
hiita_(yu-gi-oh!),4,207,
hiita_the_fire_charmer,4,166,
hiizumi_rinne,4,97,
hijikata-san_(m.m),4,278,
hijikata_keisuke,4,59,
hijikata_toshizou_(drifters),4,98,
hijikata_toshizou_(fate),4,561,
hijikata_toshizou_(golden_kamuy),4,82,
hijikata_toshizou_(over_the_same_sky)_(fate),4,13,
hijikata_toshizou_(teal_haori_and_hakama)_(fate),4,40,
hijikata_toushirou,4,558,
hijiki_(deriku4),4,37,
hijiri_ageha,4,653,
hijiri_byakuren,4,13022,
hijiri_misaki,4,35,
hijiri_myouren,4,109,
hijiribe_ruri,4,34,
hijiriido_miyo,4,30,
hijirikawa_masato,4,134,
hijirime_laeria,4,55,
hijirisawa_shonosuke,4,78,
hijiyama_takatoshi,4,169,
hikage_(senran_kagura),4,569,
hikage_takumi,4,57,
hikami_sumire,4,522,
hikanari_hina,4,44,
hikari-chan_(kanabun),4,43,
hikari-chan_(tantanmen72),4,38,
hikari_(arcaea),4,183,
hikari_(blue_archive),4,1849,
hikari_(fatalis)_(arcaea),4,81,
hikari_(haibane),4,73,
hikari_(kemono_friends),4,52,
hikari_(mom's_touch)_(blue_archive),4,39,
hikari_ku,4,42,
hikaru_(angelic_layer),4,42,
hikaru_(houkago_no_pleiades),4,89,
hikaru_(parodius),4,31,
hikaru_kamikuma_(misaki_nonaka),4,10,
hikasa_tomoshika,4,248,
hikasa_youko,4,98,
hikawa_hina,4,1577,
hikawa_iona,4,440,
hikawa_maria,4,42,
hikawa_sayo,4,1707,
hiker_(pokemon),4,125,
hikigaya_hachiman,4,594,
hikigaya_komachi,4,224,
hikoboshi,4,70,
hilary_flail,4,37,
hilbert_(champion)_(pokemon),4,16,
hilbert_(fall_2020)_(pokemon),4,78,
hilbert_(pokemon),4,2561,
hilbert_(sygna_suit)_(pokemon),4,37,
hild_(aa_megami-sama),4,34,
hilda_(beelzebub),4,74,
hilda_(champion)_(pokemon),4,32,
hilda_(cross_ange),4,56,
hilda_(fire_emblem:_genealogy_of_the_holy_war),4,12,
hilda_(hilda),4,125,
hilda_(pokemon),4,6262,
hilda_(special_costume)_(pokemon),4,56,
hilda_(stella_glow),4,64,
hilda_(summer_2022)_(pokemon),4,47,
hilda_(sygna_suit)_(pokemon),4,38,
hilda_(under_night_in-birth),4,165,
hilda_boreas_greyrat,4,35,
hilda_valentine_goneril,4,2333,
hilda_valentine_goneril_(summer),4,165,
hilda_valentine_goneril_(winter),4,64,
hilda_ware,4,114,
hilde_(counter:side),4,62,
hildegard_grimmachte_(arknights),4,43,
hildegard_von_krone,4,74,
hildr_(fate),4,295,
hildr_(swimsuit_assassin)_(fate),4,31,
hilgendorf's_tube-nose_bat_(kemono_friends),4,80,
hilichurl_(genshin_impact),4,1372,
hilling_(ousama_ranking),4,91,
hilling_care,4,80,
himari_(blue_archive),4,1502,
himawari-san_(character),4,268,
hime-chan_(ramchi),4,32,
hime_(crunchyroll),4,39,
hime_(himesama_goumon),4,42,
hime_(kaibutsu_oujo),4,153,
hime_(orange_juice),4,57,
hime_granzchesta,4,142,
hime_hajime,4,95,
himedaka_sakura,4,12,
himegami_aisa,4,161,
himegami_kodama,4,65,
himeji_mizuki,4,213,
himejima_akeno,4,1023,
himejima_gyoumei,4,189,
himeka_chiyako,4,56,
himekaidou_hatate,4,7362,
himekawa_(shashaki),4,133,
himekawa_fubuki,4,53,
himekawa_hayuru,4,59,
himekawa_kotone,4,63,
himekawa_yoshino_(secret_base),4,27,
himekawa_yuki,4,760,
himeki_chifuyu,4,42,
himeki_luna,4,90,
himeko_(honkai:_star_rail),4,1165,
himeko_(sky-freedom),4,50,
himekuma_ribon,4,104,
himemiya_alice,4,39,
himemiya_anthy,4,581,
himemiya_chikane,4,398,
himemiya_rie,4,54,
himemiya_ruri,4,61,
himemiya_tori,4,458,
himemori_luna,4,1968,
himemori_luna_(1st_costume),4,609,
himemori_luna_(4th_costume),4,63,
himemori_luna_(5th_costume),4,57,
himemori_luna_(new_year),4,65,
himemori_luna_(sundress),4,359,
himemushi_momoyo,4,991,
himeno_(chainsaw_man),4,1468,
himeno_akira,4,80,
himeno_fumi,4,32,
himeno_kanon,4,289,
himeno_mikoto,4,113,
himeno_reona_(seikyouiku_series),4,11,
himeno_shikimi,4,40,
himenogi_rinze,4,99,
himenokouji_akiko,4,72,
himeragi_yukina,4,472,
himeru_(ensemble_stars!),4,140,
himesaka_noa,4,735,
himesaki_rinami,4,526,
himesaki_yuzuru,4,42,
himesato_maria,4,90,
himeyuri_ruri,4,178,
himeyuri_sango,4,201,
himezaki_aoi,4,37,
himi_tomoki,4,32,
himiko_(btooom!),4,53,
himiko_(eiyuu_senki),4,31,
himiko_(fate),4,486,
himiko_(first_ascension)_(fate),4,264,
himiko_(persona_4),4,44,
himiko_(third_ascension)_(fate),4,100,
himino_seika,4,78,
himmel_(sousou_no_frieren),4,1152,
himoo_yuina,4,38,
himukai_ao_(jissai_no_tokoro),4,67,
himukai_rin,4,38,
himura_kenshin,4,351,
himura_nagisa,4,90,
himuro_(koori_zokusei_danshi),4,35,
himuro_akari,4,61,
himuro_ayame,4,70,
himuro_hitoshi,4,77,
himuro_kane,4,108,
himuro_kinu,4,46,
himuro_kirie,4,39,
himuro_lavi,4,72,
himuro_mizuki,4,89,
himuro_rikka,4,33,
hina_(akchu),4,32,
hina_(blue_archive),4,8905,
hina_(dress)_(blue_archive),4,1130,
hina_(genshin_impact),4,175,
hina_(girls_band_cry),4,230,
hina_(hinamatsuri),4,46,
hina_(koucha_rakkyo),4,72,
hina_(one_piece),4,115,
hina_(pajamas)_(blue_archive),4,593,
hina_(swimsuit)_(blue_archive),4,1570,
hina_asuka,4,31,
hina_misora,4,125,
hina_momo,4,48,
hina_saori_(himitsu),4,42,
hinagiku_(kunoichi_tsubaki_no_mune_no_uchi),4,31,
hinagiku_lala,4,37,
hinagiku_lulu,4,36,
hinai_paulette,4,58,
hinaichigo,4,1071,
hinaki_eiji,4,57,
hinako_(issho_ni_training),4,93,
hinako_(myth_hydrangea),4,11,
hinako_(sister_princess),4,75,
hinami_aoi,4,41,
hinamizawa_hinami,4,111,
hinamizawa_hinami_(tetto),4,38,
hinamizawa_kurumi,4,46,
hinamori_amu,4,659,
hinamori_momo,4,185,
hinanawi_tenshi,4,15907,
hinano_(sky-freedom),4,70,
hinasaki_miku,4,101,
hinase_(cookie),4,472,
hinata_(blue_archive),4,919,
hinata_(fire_emblem),4,121,
hinata_(pure_pure),4,123,
hinata_(swimsuit)_(blue_archive),4,393,
hinata_aki,4,112,
hinata_ema_(aikatsu_friends!),4,54,
hinata_fuyuki,4,81,
hinata_hajime,4,5289,
hinata_hajime_(awakened),4,203,
hinata_hanabi,4,54,
hinata_hideki,4,775,
hinata_himawari,4,54,
hinata_kaho,4,582,
hinata_mahiru,4,54,
hinata_maru,4,12,
hinata_mashu,4,76,
hinata_nao_(iwamotochou_geinousha),4,30,
hinata_natsumi,4,297,
hinata_shouyou,4,557,
hinata_yukari,4,524,
hinata_yume,4,48,
hinatsuki_mikan,4,418,
hinatsuru_(kimetsu_no_yaiba),4,83,
hinatsuru_ai,4,811,
hinawa,4,64,
hinazuki_kayo,4,171,
hinazuki_ririna,4,195,
hindenburg_(azur_lane),4,559,
hindenburg_(delirious_duel)_(azur_lane),4,282,
hinnyuu-chan_(iku),4,71,
hino_(yatara),4,49,
hino_akane_(idolmaster),4,835,
hino_akane_(smile_precure!),4,2319,
hino_eiji,4,60,
hino_kahoko,4,88,
hino_kanae,4,19,
hino_matsuri_(osananajimi_ni_najimitai),4,57,
hino_rei,4,1779,
hinoa,4,579,
hinoka_(fire_emblem),4,453,
hinokuma_ran,4,114,
hinomaru_(kotoba),4,109,
hinomori_anzu,4,52,
hinomori_shiho,4,271,
hinomori_shizuku,4,450,
hinomoto_akari,4,33,
hinomoto_aoi,4,40,
hinomoto_hikari,4,185,
hinomoto_oniko,4,127,
hinomoto_reiko,4,120,
hinoshita_kaho,4,3128,
hinrigh_biganduffno,4,46,
hinuma_yuuri,4,52,
hiodoshi_ao,4,420,
hipa_(some1else45),4,103,
hippogriff,4,126,
hippolytus_(housamo),4,35,
hippopotamus_(kemono_friends),4,418,
hippopotas,4,63,
hippopotas_(male),4,40,
hippowdon,4,58,
hira_hikari,4,82,
hiradaira_chisaki,4,597,
hiraga_saito,4,341,
hirai_ginji,4,61,
hirakata_kana,4,75,
hirako_shinji,4,235,
hiramitsu_hinata,4,403,
hiranara_nirai,4,31,
hirano_aya,4,184,
hirano_kouta_(hsotd),4,54,
hirano_toushirou,4,363,
hiraoka_kanae_(akatsuki_usagi),4,36,
hirasaka_hatsune,4,63,
hirasaka_yotsuyu,4,100,
hirasawa_shizuku,4,137,
hirasawa_susumu,4,125,
hirasawa_ui,4,1543,
hirasawa_yui,4,8413,
hirata_yurisa_(geewhy),4,37,
hirato_(kancolle),4,447,
hiratsuka_shizuka,4,112,
hirayama_yukio,4,76,
hiro_(darling_in_the_franxx),4,1727,
hiro_(hidamari_sketch),4,466,
hiro_(spectral_force),4,39,
hiro_hamada,4,133,
hiroe_chiharu,4,86,
hirofumi_(orenchi_no_maidosan),4,105,
hiroi_kikuri,4,2425,
hirokazu_arai_(chainsaw_man),4,39,
hirokazu_sasaki,4,77,
hiroko_(raoky),4,35,
hiromachi_nanami,4,82,
hiromi_(blue_archive),4,141,
hiromine_yoko_(panagia),4,18,
hirono_hiro,4,33,
hirosaki_kanade,4,45,
hirose_koharu,4,30,
hirose_koichi,4,772,
hirose_mariko,4,40,
hirose_sumire,4,213,
hirose_yasuho,4,396,
hiroshi_(ao_oni),4,34,
hiruma_youichi,4,69,
hirume_of_heavenly_incense,4,187,
hiryuu_(azur_lane),4,189,
hiryuu_(kancolle),4,4122,
hiryuu_kai_ni_(kancolle),4,160,
hisagi_shuuhei,4,37,
hisaishi_kanade,4,314,
hisaka_(cookie),4,56,
hisakawa_hayate,4,1593,
hisakawa_maachi,4,30,
hisakawa_nagi,4,1506,
hisakawa_tetsudou,4,126,
hisako_(angel_beats!),4,270,
hisame_(fire_emblem),4,69,
hisame_(shinrabanshou),4,42,
hisami_nanami,4,44,
hisamura_natsuki,4,183,
hisanuma_sayu,4,230,
hisau_maiya,4,329,
hiseki_erio,4,40,
hishi_akebono_(buono_alla_moda)_(umamusume),4,113,
hishi_akebono_(casual)_(umamusume),4,23,
hishi_akebono_(magic_night_garland)_(umamusume),4,12,
hishi_akebono_(umamusume),4,287,
hishi_amazon_(casual)_(umamusume),4,39,
hishi_amazon_(umamusume),4,790,
hishi_miracle_(casual)_(umamusume),4,70,
hishi_miracle_(happy_little_notes)_(umamusume),4,34,
hishi_miracle_(miracle_make-up!)_(umamusume),4,205,
hishi_miracle_(umamusume),4,1044,
hishida_haru,4,137,
hishikawa_rikka,4,2532,
hishimiya_tsugaru,4,105,
hishizaki_shaia_(gowcaizer),4,41,
hisoka_morow,4,546,
hisou_tensoku,4,182,
hissabeth_(serpentine_primavera),4,26,
histoire,4,232,
hisui_(cookie),4,220,
hisui_(tsukihime),4,1066,
hisui_hearts,4,48,
hisuian_arcanine,4,48,
hisuian_braviary,4,111,
hisuian_decidueye,4,179,
hisuian_goodra,4,61,
hisuian_growlithe,4,270,
hisuian_lilligant,4,95,
hisuian_samurott,4,94,
hisuian_sliggoo,4,32,
hisuian_sneasel,4,90,
hisuian_typhlosion,4,335,
hisuian_voltorb,4,35,
hisuian_zoroark,4,296,
hisuian_zorua,4,532,
hit-girl,4,82,
hit_(dragon_ball),4,43,
hitachi_izuru,4,43,
hitachi_mako,4,384,
hitachiin_hikaru,4,68,
hitachiin_kaoru,4,64,
hitch_dreyse,4,33,
hiteihime_(katanagatari),4,45,
hitmonchan,4,142,
hitmonlee,4,152,
hitmontop,4,192,
hitomi_(doa),4,395,
hitomi_hirosuke_(sayonara_wo_oshiete),4,134,
hitori_bocchi,4,199,
hitotsuba_kaede,4,59,
hitotsubashi_ayato_(1st_costume),4,30,
hitotsubashi_yurie,4,206,
hitotsuyanagi_riri,4,482,
hitotsuyanagi_yuri,4,46,
hitou_nami,4,251,
hitoyo_(baffu),4,231,
hitoyoshi_zenkichi,4,58,
hitsugaya_toushirou,4,274,
hiuchidani_mei,4,143,
hiver_laurant,4,62,
hiwatari_kai,4,43,
hiwatari_kanae,4,134,
hiwatari_makoto,4,42,
hiwatashi_nazuna,4,244,
hiyajou_maho,4,176,
hiyake-chan,4,62,
hiyama_hikaru,4,47,
hiyama_kiyoteru,4,228,
hiyamaru,4,66,
hiyami_aki,4,39,
hiyoko_(kancolle),4,95,
hiyori_(blue_archive),4,961,
hiyori_(momoko),4,38,
hiyori_(princess_connect!),4,129,
hiyori_(senran_kagura),4,32,
hiyori_(swimsuit)_(blue_archive),4,379,
hiyori_sou,4,170,
hiyou_(kancolle),4,884,
hizack,4,54,
hizaki_gamma,4,206,
hizamaru_(touken_ranbu),4,356,
hizen_tadahiro,4,60,
hizuki_ayumi,4,44,
hizuki_miu,4,70,
hizuki_rurufu,4,43,
hizuki_shino,4,35,
hizuki_yui,4,51,
hk21_(girls'_frontline),4,61,
hk416_(black_kitty's_gift)_(girls'_frontline),4,359,
hk416_(fang)_(girls'_frontline),4,48,
hk416_(girls'_frontline),4,5195,
hk416_(herbal-flavored_hard_candy)_(girls'_frontline),4,143,
hk416_(midnight_evangelion)_(girls'_frontline),4,113,
hk416_(mod3)_(girls'_frontline),4,255,
hk416_(percussive_bolero)_(girls'_frontline),4,37,
hk416_(starry_cocoon)_(girls'_frontline),4,256,
hms_conqueror_(siirakannu),4,30,
hms_monarch_(siirakannu),4,35,
hms_orion_(siirakannu),4,85,
hms_thunderer_(siirakannu),4,34,
ho'olheyak_(arknights),4,1169,
ho'olheyak_(carriage_of_the_winds_of_time)_(arknights),4,84,
ho'olheyak_(ritual_of_immortality)_(arknights),4,70,
ho-class_light_cruiser,4,178,
ho-oh,4,619,
hobby_(azur_lane),4,110,
hobgoblin_(touhou),4,57,
hobie_brown,4,33,
hobie_brown_(spider-punk),4,42,
hochun_mieru,4,30,
hocotate_freight_steam_ship,4,52,
hod_(project_moon),4,403,
hodaka_natsumi,4,178,
hoederer_(act_ii)_(arknights),4,19,
hoederer_(arknights),4,128,
hoederer_(mercenary)_(arknights),4,28,
hogen_(housamo),4,98,
hoihoi-san,4,74,
hojo_karen,4,1856,
hojo_sophy,4,270,
hokaze_junko,4,103,
hokaze_kanade,4,92,
hokko_tarumae_(casual)_(umamusume),4,79,
hokko_tarumae_(pastel_marine_locadol)_(umamusume),4,53,
hokko_tarumae_(umamusume),4,1170,
hokma_(project_moon),4,129,
hol_horse,4,202,
holland_novak,4,62,
hollow_ichigo,4,115,
hollow_knight_(character),4,92,
holly_(monster_farm),4,63,
holly_(tyrone),4,36,
holly_asturias,4,11,
holm_kranom,4,39,
holmy_(show_by_rock!!),4,61,
holo,4,3266,
holon,4,93,
holstaur_(monster_girl_encyclopedia),4,48,
holstein_(cccpo),4,100,
holstein_friesian_cattle_(kemono_friends),4,205,
holy_alina,4,51,
holy_mami,4,73,
holy_roman_empire_(hetalia),4,70,
holy_rouge,4,123,
holyangemon,4,34,
holydramon,4,38,
hom_(atelier),4,30,
homare_(princess_connect!),4,83,
homare_nao,4,44,
hombre_tigre_(housamo),4,76,
homei_(honkai_impact),4,110,
homeko,4,161,
homelander,4,82,
homeo,4,157,
homer_simpson,4,67,
homoo...,4,44,
homu_(honkai_impact),4,1023,
homulilly,4,336,
homura_(senran_kagura),4,507,
homura_kogetsu,4,46,
honami_hisame,4,50,
honami_mikura_(amino_dopple),4,30,
honami_takase_ambler,4,38,
honami_tamae,4,30,
honchkrow,4,240,
honda_asuka,4,30,
honda_futayo,4,105,
honda_hanako,4,42,
honda_hiroto,4,59,
honda_masazumi,4,101,
honda_mio,4,2126,
honda_sora,4,243,
honda_tadakatsu_(sengoku_basara),4,30,
honda_tamaki,4,43,
honda_tohru,4,151,
hondo_kaede,4,31,
hondo_tanuki_(kemono_friends),4,19,
hondoumachi_koharu,4,71,
honduran_white_bat_(kemono_friends),4,49,
honebami_toushirou,4,1224,
honedark_c._luktorf,4,36,
honedge,4,108,
honekawa_suneo,4,114,
honekoneko_(psg),4,557,
honest_rate,4,35,
honey_(space_dandy),4,47,
honey_b._lovely,4,64,
honey_badger_(girls'_frontline),4,72,
honey_lemon,4,45,
honey_the_cat,4,52,
honey_trap_(hero-san_to_moto_onna_kanbu-san),4,39,
honeyberry_(arknights),4,86,
hong_eunchae,4,22,
hong_kong_(hetalia),4,169,
hong_lu_(project_moon),4,1274,
hong_meiling,4,24910,
hong_meiling_(panda),4,212,
hong_xiu_ying,4,39,
hongou_kazuto,4,31,
hongou_shio,4,37,
hongryeon_(last_origin),4,172,
honjo_chikage,4,52,
honjou_hayate,4,36,
honjou_kasumi,4,102,
honjou_mikaze,4,62,
honjou_nia,4,104,
honjou_ranko,4,36,
honjou_ruri,4,188,
honjou_satoru,4,106,
honma_akehi,4,176,
honma_himawari,4,744,
honma_himawari_(1st_costume),4,124,
honma_meiko,4,1261,
honne_dell,4,63,
honoka_(doa),4,682,
honoka_(summer_angel_on_the_shore)_(doa),4,83,
honoka_(the_third),4,47,
honoka_kokushikan,4,16,
honokura_honoka,4,10,
honolulu_(among_the_stalls)_(azur_lane),4,70,
honolulu_(azur_lane),4,1660,
honolulu_(kancolle),4,437,
honolulu_(manjuu_mischief)_(azur_lane),4,35,
honolulu_(summer_accident?!)_(azur_lane),4,251,
honolulu_(umbrella_girl)_(azur_lane),4,314,
honshou_aru,4,123,
honshou_chizuru,4,32,
hood_(azur_lane),4,581,
hood_(lady_of_the_shining_sun)_(azur_lane),4,91,
hood_(rosey_love_poem)_(azur_lane),4,31,
hood_(warship_girls_r),4,183,
hook_(honkai:_star_rail),4,106,
hooman_(nanashi_mumei),4,134,
hoopa,4,191,
hoopa_(confined),4,140,
hoopa_(unbound),4,36,
hoothoot,4,261,
hootle_(tales),4,81,
hootsie_(nanashi_mumei),4,244,
hoozuki_(hoozuki_no_reitetsu),4,469,
hoozuki_(otome_youkai_zakuro),4,33,
hoozuki_suigetsu,4,56,
hoozuki_warabe,4,39,
hop_(pokemon),4,1441,
hope_estheim,4,193,
hoplitissa_(ironlily),4,44,
hoppip,4,574,
horace_(pokemon),4,43,
horaki_hikari,4,228,
horangi_(modern_warfare_2),4,63,
hori_kyouko,4,165,
hori_masayuki,4,316,
hori_yuko,4,609,
horie_yui,4,83,
horikawa_kunihiro,4,1032,
horikawa_raiko,4,1856,
horikita_suzune,4,270,
horikoshi_jirou,4,73,
horizon_(apex_legends),4,322,
horizon_(counter:side),4,113,
horizon_ariadust,4,209,
horkeu_kamui,4,397,
horn_(arknights),4,433,
horn_(to_effloresce_whitely)_(arknights),4,63,
horned_girl_(jaco),4,95,
hornet_(azur_lane),4,305,
hornet_(hollow_knight),4,234,
hornet_(kancolle),4,1097,
hornet_(warship_girls_r),4,56,
hornet_ii_(azur_lane),4,53,
hororo,4,35,
horropedia,4,68,
horrorboros,4,37,
horsea,4,285,
hortense,4,128,
hortensia_(fire_emblem),4,394,
horus_(mythology),4,30,
horus_lupercal,4,75,
hosaka_miyuki,4,34,
hoshi_(arakawa),4,46,
hoshi_ryoma,4,629,
hoshi_syoko,4,1881,
hoshi_tanuki_(shironeko_project),4,33,
hoshifuri_iku,4,63,
hoshifuri_sosogu,4,62,
hoshigaki_kisame,4,111,
hoshiguma_(arknights),4,1726,
hoshiguma_(ronin_huntress)_(arknights),4,205,
hoshiguma_(seeker)_(arknights),4,31,
hoshiguma_yuugi,4,9498,
hoshiguma_yuugi_(kimono),4,479,
hoshihara_hikaru,4,38,
hoshii_miki,4,5867,
hoshijiro_shizuka,4,66,
hoshikawa_hotaru,4,45,
hoshikawa_kaguya,4,86,
hoshikawa_koharu,4,38,
hoshikawa_lily,4,560,
hoshikawa_mafuyu,4,186,
hoshikawa_mitsuki,4,67,
hoshikawa_sara,4,1931,
hoshikawa_sara_(1st_costume),4,595,
hoshikawa_sara_(2nd_costume),4,80,
hoshikawa_sara_(4th_costume),4,216,
hoshikawa_seira,4,31,
hoshikawa_shizuku,4,113,
hoshimachi_suisei,4,9608,
hoshimachi_suisei_(1st_costume),4,1935,
hoshimachi_suisei_(casual),4,85,
hoshimachi_suisei_(maid),4,212,
hoshimachi_suisei_(micomet),4,70,
hoshimachi_suisei_(new_year),4,58,
hoshimachi_suisei_(old_design),4,62,
hoshimachi_suisei_(oriental_suit),4,146,
hoshimachi_suisei_(school_uniform),4,1023,
hoshimachi_suisei_(shout_in_crisis),4,197,
hoshimachi_suisei_(stellar_into_the_galaxy),4,125,
hoshimachi_suisei_(streetwear),4,784,
hoshimi_junna,4,416,
hoshimi_miyabi,4,418,
hoshimiya_ichigo,4,1375,
hoshimiya_kate,4,673,
hoshimiya_mukuro,4,189,
hoshimura_makina,4,39,
hoshimura_nao_(inazuma_eleven),4,10,
hoshina_hikaru,4,674,
hoshina_kiyoko_(umamusume),4,17,
hoshina_selene_(vtuber),4,19,
hoshina_shuuji,4,34,
hoshina_soshiro,4,78,
hoshina_suzu,4,44,
hoshina_tomoko,4,298,
hoshina_utau,4,134,
hoshino_(armed)_(blue_archive),4,97,
hoshino_(blue_archive),4,7578,
hoshino_(first_year)_(blue_archive),4,45,
hoshino_(flowery_charms)_(blue_archive),4,87,
hoshino_(girls_und_panzer),4,781,
hoshino_(mid-autumn_festival)_(blue_archive),4,47,
hoshino_(swimsuit)_(blue_archive),4,2116,
hoshino_(young)_(blue_archive),4,736,
hoshino_ai,4,35,
hoshino_ai_(oshi_no_ko),4,1961,
hoshino_aquamarine,4,1415,
hoshino_asuka,4,31,
hoshino_char,4,51,
hoshino_erika,4,36,
hoshino_fumina,4,1293,
hoshino_hinata,4,623,
hoshino_ichika_(collar_x_malice),4,229,
hoshino_ichika_(project_sekai),4,601,
hoshino_kirara,4,40,
hoshino_miyako_(wataten),4,618,
hoshino_ruby,4,1428,
hoshino_ruri,4,855,
hoshino_ruri_(captain),4,108,
hoshino_sora_(enuni),4,61,
hoshino_terror_(blue_archive),4,50,
hoshino_tetsurou,4,36,
hoshino_yumemi,4,306,
hoshino_yuumi,4,158,
hoshinomori_chiaki,4,40,
hoshirube_sho,4,84,
hoshitsuki_miki,4,33,
hoshizaki_akari,4,105,
hoshizaki_ao,4,34,
hoshizaki_rika_(kanojo_mo_kanojo),4,61,
hoshizora_ikuyo,4,428,
hoshizora_miyuki,4,2095,
hoshizora_rin,4,4461,
hoshizuki_kaede,4,89,
hoshizuki_suzu,4,93,
hoso-inu,4,274,
hosokawa_gracia_(sengoku_musou),4,64,
hosokawa_kanako,4,187,
hosokawa_kazuko,4,46,
hosokawa_miki,4,36,
hosomi_shizuko,4,445,
hosshiwa,4,129,
host_(obj_shep),4,108,
hot_pants_(sbr),4,279,
hot_rod_(transformers),4,49,
hot_springs_department_member_(blue_archive),4,37,
hotaka_mai,4,70,
hotaru_(htol#niq),4,47,
hotaruda_(cookie),4,38,
hotarugusa_(onmyoji),4,71,
hotarumaru,4,916,
hotarumaru_kunitoshi,4,32,
hoto_cocoa,4,3095,
hoto_mocha,4,239,
hotogi_shirayuki,4,35,
hotori_tadase,4,47,
hots_(gundam_suisei_no_majo),4,179,
houchou_toushirou,4,173,
houin_kyouko,4,33,
houjou_(takagi-san),4,67,
houjou_hibiki,4,2224,
houjou_kuniko,4,43,
houjou_reika,4,65,
houjou_satoko,4,2783,
houjou_satoshi,4,356,
houjou_teppei,4,33,
houjou_tokiyuki_(nige_jouzu_no_wakagimi),4,862,
houjouin_seika,4,49,
houjuu_nue,4,12429,
houjyo_natsuki,4,20,
houki_(majo_no_tabitabi),4,34,
houlen_yabusame,4,632,
houmei,4,35,
hound_(sekaiju),4,105,
hound_(transformers),4,39,
hound_1_(sekaiju),4,55,
hound_2_(sekaiju),4,97,
houndoom,4,499,
houndour,4,124,
houou_karin,4,103,
hououji_akane,4,35,
hououji_fuu,4,295,
hououmaru_rei,4,89,
hourai_doll,4,1322,
hourai_girl_(touhou),4,54,
houraiji_kyuushou,4,78,
houraisan_kaguya,4,14952,
houraisen_runa,4,79,
hourei_tenten,4,71,
house_dragonmaid,4,135,
housen_elis,4,77,
houshakuji_renge,4,46,
housho_margo,4,325,
houshou_(azur_lane),4,48,
houshou_(kancolle),4,7869,
houshou_hanon,4,166,
houshou_hanon_(idol),4,46,
houshou_hanon_(mermaid),4,49,
houshou_kai_ni_(kancolle),4,81,
houshou_kumarine,4,154,
houshou_marine,4,13598,
houshou_marine_(11th_costume),4,24,
houshou_marine_(1st_costume),4,4939,
houshou_marine_(3rd_costume),4,399,
houshou_marine_(8th_costume),4,120,
houshou_marine_(businesswoman),4,448,
houshou_marine_(marching_band),4,511,
houshou_marine_(new_year),4,136,
houshou_marine_(nun),4,380,
houshou_marine_(school_uniform),4,69,
houshou_marine_(summer),4,1991,
houshoutsukige,4,11,
houston_(azur_lane),4,40,
houston_(kancolle),4,341,
houtou,4,76,
houzouin_inshun_(fate),4,71,
houzouin_oniwaka,4,385,
houzumi_kaede,4,44,
howa_type_64_(girls'_frontline),4,69,
howa_type_89_(girls'_frontline),4,67,
howan_(show_by_rock!!),4,126,
howard_(mujin_wakusei_survive),4,37,
howard_alt-eisen,4,239,
howcow_(vtuber),4,31,
howe_(azur_lane),4,141,
howe_(pastry_princess)_(azur_lane),4,39,
howl_(howl_no_ugoku_shiro),4,508,
howl_pendragon_(novel_character),4,20,
howler_(owler),4,64,
howling_(busou_shinki),4,35,
hozuki_asami_(asami-chan),4,41,
hozuki_ferrari,4,43,
hozuki_kaede,4,899,
hozuki_momiji,4,1625,
hozuki_sosogu_(minamura_haruki),4,10,
hozumi_shizuku,4,44,
hp-35_(girls'_frontline),4,31,
hr_lady_(rucchiifu),4,42,
hraesvelgr_(ff14),4,41,
hraesvelgr_(last_origin),4,34,
hresvelgr,4,49,
hrid_(fire_emblem),4,88,
hrist_valkyrie,4,73,
hs.50_(girls'_frontline),4,79,
hs2000_(girls'_frontline),4,130,
hsien-ko,4,38,
hu-li_the_jewel_mikanko,4,94,
hu_pen_(azur_lane),4,39,
hu_tao_(galaxy_store)_(genshin_impact),4,35,
hu_tao_(genshin_impact),4,11514,
hu_tao_(lawson)_(genshin_impact),4,83,
hu_tao_(oneplus)_(genshin_impact),4,43,
hua_cheng,4,307,
hua_jin,4,80,
huai_huizhi,4,86,
huai_tianpei_(arknights),4,89,
huai_yunqing,4,509,
hualing,4,40,
huan_ch'ang_(azur_lane),4,31,
huang_(darker_than_black),4,41,
huang_(granblue_fantasy),4,249,
huang_baoling,4,1114,
huang_lingyin,4,556,
hubble_(neural_cloud),4,46,
hubert_ozwell,4,273,
hubert_von_vestra,4,470,
huckebein,4,33,
huepow,4,33,
huey_laforet,4,42,
hug-tan_(precure),4,93,
huge_flea_(hollow_knight),4,27,
hugh_(pokemon),4,581,
hugo_(chaos_zero_nightmare),4,38,
hugo_(suikoden_iii),4,48,
hugo_andore,4,134,
hugo_ardanach,4,60,
huh_yunjin,4,60,
huli_daxian,4,36,
hulk,4,215,
hulkbuster,4,35,
hulkenberg_(metaphor:_refantazio),4,63,
hulkling,4,315,
human_(lineage_2),4,30,
human_(totomono),4,32,
humar,4,30,
humboldt_penguin_(kemono_friends),4,1022,
hummy_(suite_precure),4,527,
humphrey_(omori),4,54,
humpty_dumpty,4,44,
humus_(arknights),4,71,
hunewearl,4,57,
hung_(arknights),4,684,
hungary_(hetalia),4,415,
hungern_(skullgirls),4,39,
hungry_nun_(diva),4,409,
hunk_(voltron),4,55,
huntail,4,101,
hunter_(azur_lane),4,30,
hunter_(bloodborne),4,1000,
hunter_(girls'_frontline),4,92,
hunter_(great_one)_(bloodborne),4,48,
hunter_(left_4_dead),4,40,
hunter_(little_red_riding_hood),4,35,
hunter_(ragnarok_online),4,445,
hunter_(rain_world),4,34,
hunter_(the_owl_house),4,89,
huntress_wizard,4,62,
huo_linger_(wanmei_shijie),4,81,
huohuo_(honkai:_star_rail),4,539,
huracan_(vivid_strike!),4,30,
hurricane_(another_eidos),4,10,
husk_(hazbin_hotel),4,115,
huyan_zhuo_(fate),4,161,
huyan_zhuo_(second_ascension)_(fate),4,67,
hwa_ryun,4,30,
hwah_jah_(azur_lane),4,40,
hwah_jah_(the_festive_undead)_(azur_lane),4,31,
hwang_mi-ae,4,35,
hwei_(league_of_legends),4,70,
hwoarang_(tekken),4,105,
hyakkihei,4,37,
hyakkihime,4,53,
hyakkimaru_(dororo),4,304,
hyakkisyo_shion,4,92,
hyaku_shiki,4,133,
hyakumantenbara_salome,4,1256,
hyakumantenbara_salome_(1st_costume),4,302,
hyakumantenbara_salome_(2nd_costume),4,41,
hyakumantenbara_salome_(4th_costume),4,20,
hyakuya_mikaela,4,154,
hyakuya_yuuichirou,4,180,
hyatt,4,33,
hydaelyn,4,195,
hydrapple,4,176,
hydreigon,4,431,
hydro_eidolon_(genshin_impact),4,41,
hyein_(newjeans),4,47,
hyejin_(black_survival),4,86,
hyena_(last_origin),4,32,
hyetta_(elden_ring),4,40,
hygogg,4,95,
hyness,4,128,
hyodo_rena,4,154,
hyodou_shizuku,4,103,
hyou-kun,4,88,
hyoubu_kyousuke,4,48,
hyoudou_issei,4,161,
hyoudou_kazutaka,4,42,
hyoudou_kazuya,4,56,
hyoudou_michiru,4,150,
hyougintou,4,186,
hyouka_(yashiro_sousaku),4,39,
hype_beast_crypto,4,52,
hyper_blossom,4,314,
hypno,4,879,
hypnos_(hades),4,60,
hythlodaeus,4,320,
hyuni_(character),4,52,
hyunkel,4,42,
hyuse,4,111,
hyuuga_(aoki_hagane_no_arpeggio),4,104,
hyuuga_(azur_lane),4,59,
hyuuga_(kancolle),4,2791,
hyuuga_akito,4,93,
hyuuga_hanabi,4,175,
hyuuga_hinata,4,3329,
hyuuga_kai_ni_(kancolle),4,92,
hyuuga_kizuna,4,69,
hyuuga_makoto,4,47,
hyuuga_masamune,4,56,
hyuuga_mayumi_(osananajimi_no_h_na_onee-san),4,37,
hyuuga_neji,4,213,
hyuuga_saki,4,553,
i-13_(azur_lane),4,87,
i-13_(kancolle),4,799,
i-14_(kancolle),4,694,
i-168_(azur_lane),4,50,
i-168_(kancolle),4,2124,
i-19_(azur_lane),4,265,
i-19_(departure's_gentle_breeze)_(azur_lane),4,30,
i-19_(kancolle),4,3505,
i-19_(pillowy_paradise)_(azur_lane),4,40,
i-201_(kancolle),4,210,
i-203_(kancolle),4,315,
i-25_(azur_lane),4,55,
i-26_(azur_lane),4,171,
i-26_(kancolle),4,1231,
i-36_(kancolle),4,77,
i-400_(aoki_hagane_no_arpeggio),4,69,
i-400_(kancolle),4,324,
i-401_(kancolle),4,2977,
i-401_(school_girl)_(kancolle),4,20,
i-402_(aoki_hagane_no_arpeggio),4,107,
i-404_(azur_lane),4,84,
i-404_(dance_of_crimson_strings)_(azur_lane),4,39,
i-41_(kancolle),4,46,
i-47_(kancolle),4,449,
i-504_(kancolle),4,126,
i-58_(kancolle),4,3271,
i-8_(kancolle),4,2273,
i-class_destroyer,4,1599,
i-no,4,847,
i-pin,4,33,
i:p_masquerena,4,177,
ia_(vocaloid),4,2281,
iansan_(genshin_impact),4,38,
ib_(ib),4,1156,
ib_(yu-gi-oh!),4,75,
ibara_mayaka,4,572,
ibara_muan,4,53,
ibaraki_douji's_arm,4,139,
ibaraki_douji_(fate),4,2176,
ibaraki_douji_(onmyoji),4,39,
ibaraki_douji_(swimsuit_lancer)_(fate),4,343,
ibaraki_douji_(swimsuit_lancer)_(first_ascension)_(fate),4,144,
ibaraki_douji_(swimsuit_lancer)_(second_ascension)_(fate),4,66,
ibaraki_douji_(swimsuit_lancer)_(third_ascension)_(fate),4,92,
ibaraki_douji_(touhou),4,159,
ibaraki_kasen,4,6544,
ibaraki_rino,4,33,
ibarazaki_emi,4,260,
iberis_(ogami_kazuki),4,52,
ibis_douglas,4,124,
ibrahim_(nijisanji),4,145,
ibuki_(azur_lane),4,247,
ibuki_(blue_archive),4,1873,
ibuki_(dress)_(blue_archive),4,111,
ibuki_(senran_kagura),4,31,
ibuki_(street_fighter),4,850,
ibuki_douji_(fate),4,607,
ibuki_douji_(first_ascension)_(fate),4,40,
ibuki_douji_(second_ascension)_(fate),4,136,
ibuki_douji_(swimsuit_berserker)_(fate),4,266,
ibuki_douji_(swimsuit_berserker)_(first_ascension)_(fate),4,156,
ibuki_douji_(swimsuit_berserker)_(second_ascension)_(fate),4,53,
ibuki_douji_(third_ascension)_(fate),4,36,
ibuki_fuuko,4,1030,
ibuki_imina,4,38,
ibuki_kouko,4,48,
ibuki_leila,4,34,
ibuki_maya,4,235,
ibuki_meno,4,45,
ibuki_mio,4,44,
ibuki_munemasa,4,150,
ibuki_nagisa,4,62,
ibuki_suika,4,13888,
ibuki_touma,4,40,
ibuki_tsubasa,4,1002,
ibuki_tsubasa_(doki_doki[dive!]),4,21,
ibuki_tsubasa_(streamer's_high),4,26,
icarus_(azur_lane),4,53,
icarus_(nereid's_discovery)_(azur_lane),4,31,
ice_(kasugai_(de-tteiu)),4,30,
ice_king,4,53,
ice_kirby,4,52,
ice_man,4,83,
ice_miku_(project_voltage),4,59,
ice_pikmin,4,95,
ice_queen_(adventure_time),4,61,
ice_witch_lupina,4,35,
iceburg,4,54,
iceland_(hetalia),4,113,
ichigaya_arisa,4,659,
ichigeki_danko,4,36,
ichigo-chan_(mignon),4,115,
ichigo-chan_(yk),4,31,
ichigo_(cookie),4,489,
ichigo_(darling_in_the_franxx),4,1036,
ichigo_hitofuri,4,790,
ichihara_chiaki,4,67,
ichihara_nina,4,1386,
ichihara_yuuko,4,152,
ichihime,4,440,
ichii_maina,4,49,
ichii_tooru,4,287,
ichii_yui,4,568,
ichijo_daisuke,4,61,
ichijo_seira,4,43,
ichijoji_kotna,4,45,
ichijou_(pani_poni),4,135,
ichijou_ai_(jinsei_gyakuten),4,10,
ichijou_akari,4,106,
ichijou_ayaka,4,148,
ichijou_eika,4,83,
ichijou_haruhiko,4,48,
ichijou_hikaru,4,215,
ichijou_hotaru,4,474,
ichijou_karen,4,49,
ichijou_kokona,4,41,
ichijou_kou,4,41,
ichijou_manami_(nori_chazuke),4,22,
ichijou_misaki_(nori_chazuke),4,22,
ichijou_raku,4,70,
ichijou_ririka,4,706,
ichijou_ruka,4,94,
ichijou_seiya,4,430,
ichijou_shin,4,37,
ichijouji_ken,4,113,
ichika-chan_(iiiichimaru_03),4,70,
ichika_(1ssakawaguchi),4,229,
ichika_(blue_archive),4,2173,
ichika_(vampeerz),4,34,
ichika_maia,4,34,
ichikawa_hinana,4,1418,
ichikawa_kana,4,101,
ichikawa_kyoutarou,4,564,
ichikawa_mayura,4,35,
ichikawa_meisa,4,36,
ichikawa_reno,4,37,
ichikishima_mizuha,4,99,
ichiko_(osomatsu-san),4,76,
ichikura_hayate,4,44,
ichimaru_gin,4,157,
ichimatsu_kohina,4,63,
ichimoku_ren,4,50,
ichimoku_ren_(onmyoji),4,48,
ichimonji_akane,4,34,
ichimonji_batsu,4,69,
ichimonji_norimune,4,58,
ichino_nanasuke,4,73,
ichinomiya_eruna,4,75,
ichinomiya_kantarou,4,71,
ichinomiya_kou,4,44,
ichinose_ayano,4,38,
ichinose_hajime,4,161,
ichinose_hana,4,95,
ichinose_haru,4,129,
ichinose_honami_(amakano),4,30,
ichinose_honami_(youjitsu),4,200,
ichinose_hotaru,4,100,
ichinose_kaede,4,111,
ichinose_kazuki,4,40,
ichinose_kazuya,4,66,
ichinose_kotomi,4,756,
ichinose_minori,4,350,
ichinose_mio,4,31,
ichinose_rei,4,81,
ichinose_shiki,4,3617,
ichinose_sora,4,47,
ichinose_tokiya,4,158,
ichinose_tomoe,4,31,
ichinose_uruha,4,672,
ichinose_uruha_(2nd_costume),4,51,
ichinose_uruha_(6th_costume),4,84,
ichinose_uruha_(7th_costume),4,25,
ichinose_uruha_(summer_c102),4,46,
ichiyanagi_yumihiko,4,148,
ico_(character),4,177,
ico_(megaman_x_dive),4,89,
iczer-1,4,52,
idate_(ice_scream),4,47,
idegami_kikuyo,4,31,
ideon,4,85,
idia_shroud,4,350,
ido_romeko,4,58,
idoko,4,41,
idoll_sun_(nikke),4,36,
idunn_&_idunna,4,83,
idunn_(fire_emblem),4,156,
idunn_(megami_tensei),4,45,
idw_(girls'_frontline),4,480,
idw_(mod3)_(girls'_frontline),4,34,
ieiri_popo,4,83,
ieiri_popo_(1st_costume),4,42,
ieiri_shoko,4,501,
ienaga_kano,4,47,
ienaga_mugi,4,194,
ienaga_mugi_(1st_costume),4,51,
if_(neptunia),4,421,
ifrit_(arknights),4,1167,
ifrit_(final_fantasy),4,105,
ifrit_(housamo),4,82,
ifrit_(sunburn)_(arknights),4,117,
ifurita,4,39,
iga_(okame_nin),4,67,
iga_oboro,4,39,
igarashi_daiji,4,92,
igarashi_futaba's_grandfather,4,50,
igarashi_futaba_(shiromanta),4,1590,
igarashi_haruna,4,154,
igarashi_ikki,4,80,
igarashi_kyoko,4,937,
igarashi_kyou_(eroe),4,695,
igarashi_miyuki,4,33,
igarashi_rika,4,231,
igarashi_rika_(1st_costume),4,106,
igarashi_sakuko,4,45,
igarashi_sayaka,4,87,
igawa_aoi,4,150,
igawa_asagi,4,496,
igawa_hiroyuki,4,62,
igawa_sakura,4,355,
igglybuff,4,268,
iggy_(jojo),4,659,
iggy_koopa,4,77,
ignatius_(fire_emblem),4,35,
ignatz_victor,4,212,
ignia_(elsword),4,49,
ignis,4,85,
ignis_(blazblue),4,39,
ignis_(last_origin),4,57,
ignis_scientia,4,362,
igniz_(kof),4,31,
igor_(persona),4,114,
igrene_(fire_emblem),4,241,
igrene_(ninja)_(fire_emblem),4,35,
iguchi_akari,4,41,
iguchi_yuka,4,52,
iguchi_yumi,4,31,
iguro_obanai,4,390,
igusa_subaru,4,81,
ihara_saeko,4,56,
ihrie,4,42,
ii-chan,4,32,
ii_(ayanepuna),4,98,
iida_keiko,4,40,
iida_kotori,4,49,
iida_nana,4,37,
iida_riho,4,42,
iida_rintarou,4,41,
iida_tenya,4,360,
iihara_nao,4,149,
iii_(yu-gi-oh!),4,33,
iijima_kana,4,50,
iijima_miyuki,4,34,
iijima_renka,4,191,
iijima_yun,4,286,
iinchou_(justice_gakuen),4,33,
iinchou_(trouble_spirit),4,75,
iino_miko,4,767,
iinuma_kaoru,4,34,
iizuka_tatsuki,4,46,
iizuka_yuzu,4,46,
iizunamaru_megumu,4,1817,
ijichi_kiyotaka,4,58,
ijichi_nijika,4,4678,
ijichi_seika,4,828,
ijuin_megumi,4,62,
ijuuin_hokuto,4,202,
ijuuin_mei,4,34,
ikamusume,4,2131,
ikari_gendou,4,413,
ikari_shinji,4,4344,
ikari_yui,4,95,
ikaros,4,351,
ikaruga_(knight's_&_magic),4,37,
ikaruga_(senran_kagura),4,704,
ikaruga_luca,4,604,
ikazuchi_(azur_lane),4,100,
ikazuchi_(kancolle),4,10985,
ike_(brave_mercenary)_(fire_emblem),4,49,
ike_(fire_emblem),4,1604,
ike_broflovski,4,31,
ike_eveland,4,685,
ike_eveland_(1st_costume),4,192,
ike_eveland_(2nd_costume),4,32,
ikebukuro_akiha,4,331,
ikeda_chitose,4,450,
ikeda_chizuru,4,158,
ikeda_emi,4,97,
ikeda_kana,4,247,
ikemeru19's_delivery_boy,4,39,
ikeno_kaede,4,47,
ikezawa_hanako,4,514,
ikezawa_kazuma,4,181,
ikezoe_ken'ichi,4,88,
iki_hiyori,4,84,
ikishima_midari,4,38,
ikkakumon,4,32,
ikki_the_vikki,4,51,
ikkyuu_tensai,4,30,
ikoma_(kabaneri),4,38,
ikoma_tatsuhito,4,66,
iku_kurumi,4,31,
ikuchan_kaoru_(character),4,162,
ikuno_(darling_in_the_franxx),4,177,
ikuno_dictus_(casual)_(umamusume),4,48,
ikuno_dictus_(umamusume),4,921,
ikurakun_(7th_dragon),4,97,
ikusa_katato,4,47,
ikusaba_daisuke,4,544,
ikusaba_mukuro,4,815,
ikushima_(danshi_koukousei),4,44,
ikushima_sora,4,36,
ikuta_haruki,4,193,
ikutsuki_shuuji,4,39,
ilassa_(elh),4,35,
ilay_riegrow,4,162,
ilfa_(to_heart),4,258,
ilfriede_von_feulner,4,70,
ili_(dream_c_club),4,39,
ilia_(zelda),4,93,
ilia_amitola,4,42,
ilia_coral,4,53,
ilia_silvestri,4,61,
ilias,4,92,
ilima_(pokemon),4,108,
ill_(ub1mo),4,32,
illaoi,4,37,
illnott,4,76,
illumi_zoldyck,4,497,
illumise,4,71,
illuso,4,300,
illustrious_(azur_lane),4,2962,
illustrious_(illustrious_ball)_(azur_lane),4,57,
illustrious_(maiden_lily's_radiance)_(azur_lane),4,212,
illustrious_(morning_star_of_love_and_hope)_(azur_lane),4,228,
illustrious_(muse)_(azur_lane),4,114,
illustrious_(never-ending_tea_party)_(azur_lane),4,99,
illyana_rasputina,4,43,
illyasviel_von_einzbern,4,8711,
illyasviel_von_einzbern_(beast_style),4,523,
illyasviel_von_einzbern_(dress_of_heaven),4,78,
illyasviel_von_einzbern_(swimsuit_archer),4,292,
illyasviel_von_einzbern_(swimsuit_archer)_(first_ascension),4,41,
illyasviel_von_einzbern_(swimsuit_archer)_(second_ascension),4,163,
illyasviel_von_einzbern_(swimsuit_archer)_(third_ascension),4,55,
ilmarinen_(personification),4,11,
ilmeria_von_leinweber,4,43,
ilsa_(granblue_fantasy),4,407,
ilsa_(summer)_(granblue_fantasy),4,67,
ilulu_(maidragon),4,1134,
ilya_(christmas)_(princess_connect!),4,55,
ilya_(princess_connect!),4,367,
ilya_(small)_(princess_connect!),4,77,
ilyana_(fire_emblem),4,197,
im_(one_piece),4,47,
im_hyeon-seon,4,11,
ima-no-tsurugi,4,518,
imadake_tsukimi_tabemi,4,33,
imae_megumi,4,69,
imagawa_homare,4,44,
imagawa_yoshimoto_(sengoku_collection),4,50,
imagawa_yoshimoto_(sengoku_otome),4,44,
imai_asami,4,52,
imai_kana,4,224,
imai_lisa,4,835,
imai_midori,4,192,
imai_nobume,4,70,
imaichi_moenai_ko,4,177,
imaizumi_(imaizumin-chi),4,97,
imaizumi_kagerou,4,8488,
imaizumi_kagerou_(wolf),4,83,
imamiya-kun_(imamiya_pinoko),4,24,
imamura_yukari_(assault_lily),4,60,
imari_kurumi,4,65,
imari_maria,4,32,
imca,4,94,
imelda_rivera,4,43,
imhotep_(neural_cloud),4,31,
imibi_(zizi_niisan),4,41,
imizu_(nitro_unknown)_(character),4,84,
imoko_(aldehyde),4,80,
imoko_(neeko's_sister),4,80,
imola_(clover_theater),4,37,
imouto_(hanekoto),4,32,
imouto_(karory),4,31,
imp_(doom),4,101,
imp_mercy,4,77,
impa,4,434,
imperfect_cell,4,50,
imperialdramon,4,114,
imperialdramon_paladin_mode,4,33,
impero_(azur_lane),4,57,
impidimp,4,92,
implacable_(azur_lane),4,778,
"implacable_(shepherd_of_the_""lost"")_(azur_lane)",4,140,
impmon,4,117,
impostor_(among_us),4,280,
impulse_gundam,4,42,
imu_(lom),4,67,
imu_(senran_kagura),4,104,
imura_(shiro_maru),4,82,
imura_setsuna,4,79,
ina_(sengoku_musou),4,52,
ina_uruu,4,49,
inaba_gou_(tenka_hyakken),4,70,
inaba_haneru_(animare),4,233,
inaba_himeko,4,151,
inaba_masao,4,35,
inaba_meguru,4,337,
inaba_mob_(touhou),4,369,
inaba_rinne,4,165,
inaba_tewi,4,13954,
inaba_tewi_(bunny),4,41,
inaba_yui,4,69,
inae_koron,4,38,
inagaki_mami,4,37,
inagaki_minami,4,65,
inagi_(kancolle),4,116,
inahime_(sengoku_musou),4,48,
inaho_(world_flipper),4,44,
inami_anju,4,113,
inami_mahiru,4,723,
inami_rai,4,32,
inamori_futayo,4,89,
inamori_mika,4,127,
inamura_rio,4,34,
inari_(mofumancer),4,14,
inari_(sennen_sensou_aigis),4,43,
inari_(summer_pockets),4,71,
inari_iroha,4,47,
inari_kuromu,4,30,
inari_one_(casual)_(umamusume),4,21,
inari_one_(fields_of_gold)_(umamusume),4,65,
inari_one_(umamusume),4,604,
inashi_(ace_glitch),4,14,
inatomi_hibiki,4,76,
inazuma_(azur_lane),4,102,
inazuma_(kancolle),4,13034,
inbit,4,31,
incineroar,4,552,
inconspicuous_crypto,4,38,
incredible_ecclesia_the_virtuous,4,172,
inda_karane,4,129,
indarias_(genshin_impact),4,92,
indeedee,4,135,
indeedee_(female),4,101,
indeedee_(male),4,56,
independence_(azur_lane),4,113,
index_(toaru_majutsu_no_index),4,1879,
indian_elephant_(kemono_friends),4,86,
indian_rhinoceros_(kemono_friends),4,46,
indian_wolf_(kemono_friends),4,61,
indiana_(azur_lane),4,66,
indiana_jones,4,44,
indianapolis_(azur_lane),4,338,
indigo_(arknights),4,202,
indigo_(serene_day)_(arknights),4,32,
indigo_(tylwing),4,54,
indigo_keen_(rainbow_bubblegem),4,22,
indivilia_(nikke),4,53,
indomitable_(azur_lane),4,661,
indomitable_(ms._motivationless_maid)_(azur_lane),4,311,
indomitable_marie,4,59,
indou_hikaru_(human),4,82,
indra_(arknights),4,166,
ine_(vtuber),4,117,
ines_(arknights),4,391,
ines_fujin_(melty_gift)_(umamusume),4,58,
ines_fujin_(umamusume),4,489,
inferna_dragnis,4,108,
infernape,4,290,
infinite_(sonic),4,61,
infinite_justice_gundam,4,41,
infinity_sword_(elsword),4,39,
inga,4,90,
ingo_(pokemon),4,1077,
ingo_(special_costume)_(pokemon),4,46,
ingrid_(capcom),4,720,
ingrid_(sennen_sensou_aigis),4,71,
ingrid_(taimanin_murasaki),4,213,
ingrid_brandl_galatea,4,1061,
ingrid_brandl_galatea_(summer),4,189,
ingrid_sorveig_sorgrims,4,39,
ingway_(odin_sphere),4,75,
inha,4,100,
inia_sestina,4,146,
inigo_(fire_emblem),4,128,
inkamuko,4,40,
inkarmat,4,83,
inkay,4,127,
inkling_boy,4,2944,
inkling_girl,4,10113,
inkling_player_character,4,12163,
inko,4,52,
inky_(pac-man),4,59,
inmu-kun,4,41,
inne_sulistya_robin,4,158,
inner_moka,4,134,
innes_(fire_emblem),4,76,
innkeeper_loraine,4,35,
innocent_cluster,4,81,
ino_takuma,4,30,
inogashira_gorou,4,96,
inohara_koboshi,4,39,
inohara_masato,4,302,
inokuma_youko,4,277,
inori_(princess_connect!),4,71,
inose_mai,4,79,
inoue_iris_(sdustz),4,37,
inoue_jun,4,61,
inoue_jun'ichi,4,352,
inoue_kasumi,4,13,
inoue_kikuko,4,46,
inoue_marina,4,67,
inoue_miyako,4,121,
inoue_orihime,4,1733,
inoue_takina,4,4795,
inoue_toro,4,100,
inoue_yurina,4,138,
insane_black_rock_shooter,4,161,
insider_(arknights),4,31,
insomnia-chan,4,62,
integra_hellsing,4,360,
inteleon,4,689,
interceptor_(ff6),4,35,
internet_explorer_(merryweather),4,50,
into_screen_ashes_burn_(shining_nikki),4,17,
intrepid_(azur_lane),4,193,
intrepid_(kancolle),4,1158,
intruder_(girls'_frontline),4,100,
intruder_(no_i'm_not_a_human),4,48,
inu-t,4,96,
inu_(cookie),4,41,
inu_(sakamata_chloe),4,63,
inu_sakuya_(nejikirio),4,314,
inuarashi_(one_piece),4,30,
inubashiri_momiji,4,22580,
inubashiri_momiji_(wolf),4,187,
inubousaki_aya,4,34,
inubousaki_shian,4,197,
inubouzaki_fuu,4,174,
inubouzaki_itsuki,4,145,
inuchi_(sakura_miko),4,16,
inugami_(gugukoku),4,35,
inugami_gyoubu_(kemono_friends),4,54,
inugami_korone,4,5526,
inugami_korone_(1st_costume),4,2464,
inugami_korone_(4th_costume),4,329,
inugami_korone_(9th_costume),4,16,
inugami_korone_(dog),4,147,
inugami_korone_(loungewear),4,43,
inugami_korone_(new_year),4,43,
inugami_korone_(roomwear),4,441,
inugami_korone_(street),4,247,
inugami_korone_(viking),4,32,
inugami_korone_(wonderland),4,59,
inugami_kotarou,4,39,
inui's_meltran,4,37,
inui_arihiko,4,63,
inui_sajuna,4,517,
inui_sana,4,126,
inui_seishu,4,68,
inui_shinju,4,142,
inui_toko,4,1829,
inui_toko_(1st_costume),4,146,
inui_toko_(2nd_costume),4,30,
inui_toko_(3rd_costume),4,33,
inui_toko_(5th_costume),4,45,
inui_toko_(7th_costume),4,41,
inukai_iroha,4,354,
inukai_isuke,4,209,
inukai_karen,4,37,
inukai_komugi,4,471,
inukai_komugi_(dog),4,128,
inukai_michiru,4,36,
inukai_purin,4,50,
inukai_sumiharu,4,87,
inumaki_toge,4,344,
inumi,4,123,
inumuta_houka,4,838,
inumuta_houka_(probe_regalia),4,50,
inutade,4,182,
inuwaka_akane,4,56,
inuwaka_nazuna,4,48,
inuyama_akari,4,68,
inuyama_aoi,4,1248,
inuyama_kuroe,4,41,
inuyama_mana,4,292,
inuyama_tamaki,4,282,
inuyama_tamaki_(10th_costume),4,23,
inuyama_tamaki_(1st_costume),4,54,
inuyasha_(character),4,723,
inuyose_shinobu,4,50,
inuzuka_himari,4,56,
inuzuka_kiba,4,189,
inuzuka_miwa,4,49,
inuzuka_tsumugi,4,54,
investigator_(amelia_watson),4,108,
investigator_(watson_amelia),4,135,
invincible_dragon_(last_origin),4,127,
invincible_marisa,4,53,
invisigal_(dispatch),4,283,
io_(code_vein),4,114,
io_(granblue_fantasy),4,326,
io_(princess_connect!),4,193,
io_(pso2),4,258,
io_(summer)_(granblue_fantasy),4,57,
io_(summer)_(princess_connect!),4,61,
iokawa_karada,4,41,
ion_(tales),4,229,
iona_(aoki_hagane_no_arpeggio),4,416,
ionasal_kkll_preciel,4,100,
iono_(fall_2024)_(pokemon),4,44,
iono_(pokemon),4,3692,
ionocidium_(flower_knight_girl),4,45,
iori_(blue_archive),4,2614,
iori_(project_moon),4,42,
iori_(swimsuit)_(blue_archive),4,1091,
iori_junpei,4,667,
iori_rinko,4,792,
iori_sei,4,235,
iori_shirou,4,253,
iori_utahime,4,220,
iori_yuzuru,4,109,
ioryogi,4,35,
iosefka,4,65,
iowa_(kancolle),4,4702,
iowa_(pacific),4,125,
ipheion_(flower_knight_girl),4,43,
ippan_josei,4,87,
ippongi_ryuuta,4,33,
ira_(dokidoki!_precure),4,125,
ira_(yume-100),4,32,
ira_grachevskaya,4,85,
ira_megumi,4,31,
irabu_ichirou,4,57,
irako_(kancolle),4,776,
irako_mikan,4,37,
ireesha_plano,4,52,
irelia,4,452,
irene_(arknights),4,1760,
irene_(claymore),4,54,
irene_(jojo),4,38,
irene_(kanniiepan),4,272,
irene_(ogami_kazuki),4,41,
irene_(red_velvet),4,79,
irene_(the_adjudicatrix_and_her_resolve)_(arknights),4,185,
irene_(voyage_of_feathers)_(arknights),4,230,
irene_belserion,4,33,
irene_white_(girl_cafe_gun),4,33,
irezumi-san_(ozka),4,40,
iri_flina,4,199,
iria_(zeiram),4,38,
iria_animi,4,94,
irida_(pokemon),4,1674,
irida_(special_costume)_(pokemon),4,82,
irie_kyousuke,4,105,
irie_miyuki,4,254,
irie_tamaki,4,47,
irina_clockworker,4,36,
irina_jelavic,4,47,
irina_luminesk,4,41,
iris.exe_(mega_man),4,42,
iris_(ace_attorney),4,52,
iris_(arknights),4,74,
iris_(asteroid_ill),4,189,
iris_(en'en_no_shouboutai),4,80,
iris_(fall_2022)_(pokemon),4,83,
iris_(konosuba),4,323,
iris_(material_sniper),4,83,
iris_(mega_man),4,373,
iris_(pepzi),4,19,
iris_(pokemon),4,1406,
iris_(ryou@ryou),4,57,
iris_(sennen_sensou_aigis),4,39,
iris_(takunomi),4,135,
iris_amicitia,4,109,
iris_chateaubriand,4,180,
iris_freyja,4,31,
iris_hallet,4,35,
iris_heart,4,510,
iris_wilson,4,224,
iris_yuma,4,200,
irisdina_bernhard,4,98,
irisu_fuyumi,4,263,
irisu_kyouko,4,164,
irisu_makina,4,96,
irisviel_von_einzbern,4,1936,
irisviel_von_einzbern_(angel's_song),4,389,
irisviel_von_einzbern_(caster),4,144,
irisviel_von_einzbern_(halloween_princess),4,70,
irito_(pronant_symphony),4,103,
iriya_kana,4,72,
irizaki_mei,4,128,
irma_(queen's_blade),4,160,
irodori_mayoi,4,74,
iroh,4,30,
iroha_(blue_archive),4,2289,
iroha_(ff11),4,39,
iroha_(samurai_spirits),4,1050,
iroha_kaede,4,35,
iron_(path_to_nowhere),4,31,
iron_bundle,4,51,
iron_fist_alexander,4,55,
iron_maiden_jeanne,4,72,
iron_man,4,603,
iron_moth,4,45,
iron_paladin_(elsword),4,76,
iron_princess_ymir,4,119,
iron_tager,4,154,
iron_valiant,4,144,
ironhide,4,79,
ironmouse,4,637,
ironmouse_(13th_costume),4,58,
ironmouse_(1st_costume),4,110,
ironmouse_(demon_form),4,90,
ironmouse_(pink_rock),4,43,
ironmouse_(race_queen),4,42,
iru_may_(akairiot),4,48,
irui_guneden,4,164,
iruma_jyuto,4,42,
iruma_miu,4,1377,
irvine_kinneas,4,103,
irys_(casualrys)_(hololive),4,207,
irys_(gaming_casual)_(hololive),4,136,
irys_(hololive),4,3167,
irys_(irys_1.0)_(hololive),4,239,
irys_(irys_2.0)_(hololive),4,378,
is_(kamen_rider_01),4,162,
isa_(kingdom_hearts),4,30,
isaac_(golden_sun),4,57,
isaac_clarke,4,151,
isaac_dian,4,68,
isaac_foster,4,192,
isaac_netero,4,48,
isabe_(girls_und_panzer),4,107,
isabeau_(smt),4,41,
isabeau_de_baviere_(madoka_magica),4,50,
isabel_(nikke),4,40,
isabella_(marse),4,37,
isabella_(seiken_densetsu_3),4,42,
isabella_(yakusoku_no_neverland),4,43,
isabella_garcia-shapiro,4,30,
isabella_valentine,4,546,
isabelle_(acerailgun),4,61,
isabelle_(animal_crossing),4,1222,
isabelle_(shadowverse),4,108,
isabelle_du_monceau_de_bergendal,4,40,
isack_hadjar,4,15,
isadora_finnsdottir,4,54,
isagi_yoichi,4,361,
isaki_kaname,4,216,
isaki_riona_(flowglow_uniform),4,19,
isamu_dyson,4,48,
isara_gunther,4,75,
isara_mao,4,244,
isayama_mei,4,34,
isayama_yomi,4,331,
iscan_(pokemon),4,44,
iscario_(forever_7th_capital),4,50,
ise_(azur_lane),4,35,
ise_(kancolle),4,2083,
ise_(mitsukoshi)_(kancolle),4,15,
ise_kai_ni_(kancolle),4,129,
ise_kotori,4,46,
ise_nanao,4,107,
ise_sakura,4,33,
isekai_joucho,4,1286,
isekaijoucho,4,361,
iseri_nina,4,3348,
iseria_(epic_seven),4,59,
iseria_queen,4,45,
iseya_chiyori_(saya),4,56,
iseya_rito,4,19,
iseya_shiki,4,226,
isher_(liangzi_tai_hongcha),4,35,
ishida_(danganronpa),4,31,
ishida_(ishida_to_asakura),4,64,
ishida_akira_(voice_actor),4,42,
ishida_isuki,4,10,
ishida_mitsunari_(sengoku_basara),4,191,
ishida_mitsunari_(sengoku_musou),4,60,
ishida_shouya,4,144,
ishida_uryuu,4,150,
ishida_yamato,4,357,
ishigaki_(kancolle),4,226,
ishigaki_tamaki,4,35,
ishigaki_tetsurou,4,46,
ishigami_nozomi,4,422,
ishigami_nozomi_(1st_costume),4,43,
ishigami_senkuu,4,101,
ishigami_yuu,4,205,
ishihara_usumi,4,59,
ishii_haruna,4,63,
ishikawa_goemon_xiii,4,284,
ishikawa_luna,4,305,
ishikawa_tooru,4,39,
ishikawa_yui,4,96,
ishikirimaru,4,287,
ishikori-dome_no_mikoto_(touhou),4,13,
ishimaru_kiyotaka,4,545,
ishino_mikoto,4,35,
ishizu_ishtar,4,181,
ishizuka_fujino,4,130,
ishmael_(project_moon),4,2007,
ishtar_(elsword),4,34,
ishtar_(fate),4,4029,
ishtar_(fire_emblem),4,517,
ishtar_(fire_emblem)_(echoing_thunder),4,44,
ishtar_(formal_dress)_(fate),4,38,
ishtar_(macross),4,30,
ishtar_(soiree)_(fire_emblem),4,34,
ishtar_(swimsuit_rider)_(fate),4,284,
isidro_(berserk),4,34,
isis_(p&d),4,168,
isis_(ragnarok_online),4,41,
isis_eaglet,4,80,
iskandar_(fate),4,3226,
iskandar_(sensha_otoko)_(fate),4,66,
isla_(kof),4,106,
isla_(plastic_memories),4,138,
island_fox_(kemono_friends),4,1028,
isma,4,61,
isobe_noriko,4,829,
isogiku_(flower_knight_girl),4,51,
isoi_haruki,4,516,
isoi_rai,4,166,
isoi_reiji,4,1441,
isoi_reiji_(rei-kun),4,79,
isokaze_(azur_lane),4,187,
isokaze_(kancolle),4,2686,
isokaze_(new_year's_campaign)_(azur_lane),4,49,
isolated_island_oni,4,705,
isolated_island_princess,4,215,
isolde_(kof),4,39,
isolde_(reverse:1999),4,389,
isolde_(the_caged_lamenter)_(reverse:1999),4,32,
isolde_(the_last_fluttering_beat)_(reverse:1999),4,51,
isomer_(girls'_frontline),4,33,
isomer_hivemind_(girls'_frontline),4,31,
isonade_orca,4,111,
isonami_(kancolle),4,1569,
isonami_kai_ni_(kancolle),4,44,
isone_kotoha,4,50,
isonokami_tao,4,40,
isonokami_tao_(panagia),4,10,
isora_hibari,4,34,
isoroku_(haifuri),4,48,
ispin_charles,4,34,
israfel_(evangelion),4,32,
israfil_(housamo),4,45,
issa_castagno_(character),4,35,
isshiki_airu,4,41,
isshiki_akane,4,539,
isshiki_ichika_(murakami_suigun),4,39,
isshiki_iroha,4,1000,
isshiki_momo,4,159,
isshiki_seiran_(mashiro_kta),4,76,
issho_(fujitora),4,33,
issun,4,220,
istina_(arknights),4,504,
istina_(bibliosmia)_(arknights),4,76,
istvan_(alchemy_stars),4,46,
isumi_haruka,4,61,
isumi_michiru,4,37,
isurugi_futaba,4,161,
isurugi_mio,4,94,
isurugi_noe,4,98,
isuzu_(azur_lane),4,103,
isuzu_(kancolle),4,1665,
isuzu_(log_horizon),4,105,
isuzu_hana,4,2393,
isuzu_kai_ni_(kancolle),4,131,
isuzu_ren,4,159,
isuzu_yuri,4,53,
itaba_yumi,4,36,
itadori_jin,4,32,
itadori_kaori,4,41,
itadori_yuuji,4,2969,
itakano_shigure,4,191,
italia_(kancolle),4,150,
italian_wolf_(kemono_friends),4,51,
itami_youji,4,73,
ithaqua_(identity_v),4,45,
itigori_ena,4,55,
ito_shiori,4,50,
itoi_toi_(1st_costume),4,10,
itokatsu_(garou),4,49,
itokonoue_kaoru,4,208,
itomi_sayaka,4,76,
itoshi_rin,4,160,
itoshi_sae,4,75,
itoshiki_mikoto,4,42,
itoshiki_nozomu,4,627,
itoshiki_rin,4,214,
itou_(elder_sister),4,154,
itou_(younger_sister),4,36,
itou_akane,4,67,
itou_aya,4,32,
itou_chieri,4,38,
itou_chika,4,542,
itou_chitose,4,41,
itou_hikari,4,98,
itou_ittousai_(sengoku_bushouki_muramasa),4,112,
itou_kaiji,4,848,
itou_kanae,4,34,
itou_kanae_(amagami),4,50,
itou_kashitarou_(fate),4,35,
itou_life_(vtuber),4,35,
itou_makoto,4,128,
itou_mikoto,4,37,
itou_nobue,4,253,
itou_noemi,4,112,
itou_shiori,4,39,
itou_shizu_(assault_lily),4,62,
itou_shizuka,4,45,
itou_yukino,4,77,
itoya_(studionice2011),4,202,
itsuka_kotori,4,509,
itsuka_kotori_(waterside_goddess),4,31,
itsuka_shidou,4,240,
itsuka_shiori,4,63,
itsuki_(houkago_no_pleiades),4,82,
itsuki_(paradox_live),4,75,
itsuki_(sengoku_basara),4,52,
itsuki_shu,4,448,
itsukushima_takako,4,58,
itsumade_(onmyoji),4,37,
itsumi_(kaptivate),4,38,
itsumi_erika,4,5586,
itsumi_erika's_gunner,4,50,
itsumi_erika's_loader,4,63,
itsumura_haruka,4,93,
itsumura_yukari,4,106,
itsuwa,4,214,
ittan_momen_(gegege_no_kitarou),4,32,
ittoki_otoya,4,152,
ivan_(alien_stage),4,91,
ivan_karelin,4,1220,
ivan_the_terrible_(fate),4,78,
ivar_(tales),4,34,
ivis,4,55,
ivlis_(haiiro_teien),4,69,
ivor_(pokemon),4,277,
ivy_(fire_emblem),4,867,
ivy_(flower_knight_girl),4,44,
ivy_(nyaivie),4,56,
ivy_(saijaku_tamer),4,52,
ivy_(sparrowl),4,139,
ivy_(summer)_(fire_emblem),4,120,
ivy_eveland,4,55,
ivysaur,4,550,
iwado_anna,4,285,
iwai_munehisa,4,58,
iwai_shu,4,24,
iwaizumi_hajime,4,71,
iwaki_yoshimi,4,84,
iwakiyamayukisatoshironanogojuurokushi_akira,4,32,
iwakura_lain,4,1030,
iwakura_mitsumi,4,102,
iwami_sayaka,4,63,
iwamizawa_nene,4,14,
iwanaga_kotoko,4,122,
iwasaki_minami,4,503,
iwasawa_masami,4,401,
iwase_kyouko,4,39,
iwashita_shima,4,78,
iwata_satoru,4,73,
iwatani_naofumi,4,372,
iwato_kasumi,4,300,
iwato_suzume,4,164,
iwatobi-chan,4,39,
iwatooshi,4,402,
iws_2000_(girls'_frontline),4,410,
iws_2000_(the_seventh_sealer)_(girls'_frontline),4,42,
ixpellia,4,38,
iya_maid,4,42,
iyami,4,237,
iyayo,4,49,
iyo_(fate),4,75,
iyojima_anzu,4,36,
iz_(asteroid_ill),4,462,
izabel_(madoka_magica),4,30,
izana_kokoschka,4,65,
izanagi_(persona_4),4,257,
izanami_(persona),4,134,
izanami_hifumi,4,68,
izanami_kyouko,4,55,
izayoi_(blazblue),4,117,
izayoi_aki,4,1096,
izayoi_liko,4,852,
izayoi_miku,4,179,
izayoi_sakuya,4,45846,
izayoi_sonosuke,4,130,
izayoi_sounosuke,4,123,
izcalli_(fate),4,37,
izetta,4,183,
izmir,4,323,
izmir_(summer)_(granblue_fantasy),4,68,
izou_(one_piece),4,89,
izuki_michiru,4,33,
izumi-no-kami_kanesada,4,1115,
izumi_(blue_archive),4,492,
izumi_(gyee),4,33,
izumi_(racer),4,51,
izumi_(swimsuit)_(blue_archive),4,156,
izumi_ako,4,148,
izumi_caron,4,32,
izumi_curtis,4,55,
izumi_hiyori,4,84,
izumi_iori,4,100,
izumi_kanaaki,4,31,
izumi_kanagi,4,164,
izumi_kanata,4,112,
izumi_kaori,4,42,
izumi_kaori_(twinbox),4,56,
izumi_ken,4,54,
izumi_kiri,4,64,
izumi_konata,4,5460,
izumi_koshiro,4,355,
izumi_kouhei,4,128,
izumi_kouta,4,35,
izumi_kumi,4,38,
izumi_kyouka_(bungou_stray_dogs),4,86,
izumi_luna_(akitsu_taira),4,74,
izumi_masamune,4,136,
izumi_mei,4,1213,
izumi_mitsuki,4,54,
izumi_noa,4,165,
izumi_reina,4,144,
izumi_sagiri,4,2883,
izumi_shiho,4,62,
izumi_shin'ichi,4,33,
izumi_soujirou,4,92,
izumi_tol_amulius,4,75,
izumi_wakoto,4,71,
izumi_yuki_(heaven_burns_red),4,312,
izumida_kyouka,4,42,
izumiya_konomi,4,69,
izumo_(azur_lane),4,67,
izumo_(tail-stirred_cocktail)_(azur_lane),4,22,
izumo_akatsuki,4,48,
izumo_fuuko,4,78,
izumo_kasumi_(nijisanji),4,79,
izumo_no_okuni_(fate),4,118,
izumo_no_okuni_(first_ascension)_(fate),4,64,
izumo_saki,4,76,
izumo_tenka,4,71,
izumozaki_neneko,4,79,
izuna_(blue_archive),4,2599,
izuna_(gouma_reifuden_izuna),4,122,
izuna_(shinrabanshou),4,270,
izuna_(swimsuit)_(blue_archive),4,1117,
izuna_jinkuro,4,60,
izuno_shiun_(jissai_no_tokoro),4,134,
izunome_(touhou),4,12,
izuriha_kagari,4,63,
izutsumi,4,849,
j-20_(personification),4,39,
j-chad,4,45,
j._geil,4,35,
j_(closers),4,57,
j_(let's_&_go),4,32,
ja'far_(magi),4,139,
jaana_kettu,4,93,
jabami_yumeko,4,415,
jabba_the_hutt,4,38,
jabberwock_(monster_girl_encyclopedia),4,121,
jabra_(one_piece),4,60,
jabuchi_you,4,303,
jacinthe_(pokemon),4,1195,
jack-o'-lantern_(kemono_friends),4,52,
jack-o'_ran-tan,4,162,
jack-o'_valentine,4,1143,
jack_(identity_v),4,60,
jack_(one_piece),4,41,
jack_atlas,4,311,
jack_bright,4,39,
jack_cooper,4,48,
jack_frost,4,548,
jack_frost_(megami_tensei),4,91,
jack_frost_(rise_of_the_guardians),4,57,
jack_howl,4,246,
jack_krauser,4,176,
jack_skellington,4,114,
jack_sparrow,4,43,
jack_the_ripper_(fate/apocrypha),4,3262,
jack_van_burace,4,133,
jack_vessalius,4,33,
jackal_(class_troublemaker)_(nikke),4,25,
jackal_(nikke),4,112,
jackal_(warship_girls_r),4,32,
jacket_(hotline_miami),4,32,
jacket_girl_(dipp),4,825,
jackie_(arknights),4,66,
jackie_chan,4,34,
jackie_quilt,4,42,
jacklyn_(show_by_rock!!),4,51,
jackson_(wrath_of_man),4,33,
jacky_(greekceltic),4,139,
jacob_(housamo),4,86,
jacq_(pokemon),4,166,
jacqueline_baumgold,4,70,
jacques_de_molay_(foreigner)_(fate),4,295,
jacques_de_molay_(foreigner)_(second_ascension)_(fate),4,100,
jacques_de_molay_(foreigner)_(third_ascension)_(fate),4,100,
jacques_de_molay_(saber)_(fate),4,59,
jacuzzi_splot,4,59,
jade_(azur_lane),4,127,
jade_(dross),4,32,
jade_(fire_emblem),4,75,
jade_(ghostblade),4,36,
jade_(honkai:_star_rail),4,470,
jade_(houseki_no_kuni),4,114,
jade_(mortal_kombat),4,41,
jade_curtiss,4,304,
jade_harley,4,53,
jade_leech,4,902,
jadeite_(sailor_moon),4,39,
jae-heon,4,84,
jaeger_(girls'_frontline),4,69,
jaeger_(rainbow_six_siege),4,35,
jaffar_(fire_emblem),4,126,
jagi,4,93,
jaguar_(kemono_friends),4,1263,
jaguarman_(fate),4,168,
jaheira,4,31,
jahy,4,391,
jail_scaglietti,4,50,
jailbird_(nerissa_ravencroft),4,175,
jaime_taylor,4,15,
jaina_proudmoore,4,103,
jajka_(girls_und_panzer),4,80,
jake_martinez,4,97,
jake_muller,4,93,
jake_park,4,36,
jake_the_dog,4,204,
jaken,4,56,
jakob_(fire_emblem),4,258,
jakuri_(ar_tonelico),4,344,
jakuzure_nonon,4,1971,
jakuzure_nonon_(symphony_regalia),4,241,
jamaica_(azur_lane),4,40,
james_(pokemon),4,1654,
james_(vocaloid),4,73,
james_buchanan_barnes,4,347,
james_moriarty_(archer)_(fate),4,649,
james_moriarty_(gray_collar)_(fate),4,60,
james_moriarty_(ruler)_(fate),4,130,
james_p._sullivan,4,66,
james_potter,4,44,
james_sunderland,4,120,
jamie_siu,4,254,
jamil_(granblue_fantasy),4,61,
jamil_viper,4,248,
jan_(wrath_of_man),4,33,
jane_(girls_und_panzer),4,41,
jane_doe_(john_doe),4,45,
jane_doe_(zenless_zone_zero),4,2508,
jane_maxwell,4,86,
jane_t._godfrey,4,109,
janemba,4,42,
jang_(unspoken),4,38,
jang_schna,4,53,
janghwa_(last_origin),4,65,
jangmo-o,4,52,
janice_(chrono_cross),4,35,
janine_(pokemon),4,151,
janis_(pripara),4,31,
janna_(league_of_legends),4,306,
janne_d'arc,4,45,
janus_(azur_lane),4,165,
janus_(fear_of_changing...clothes)_(azur_lane),4,41,
janus_(fright-night_scaredy-cat)_(azur_lane),4,56,
janus_(kancolle),4,821,
janus_cascade,4,34,
janus_zeal,4,33,
japan_(hetalia),4,1038,
japanese_black_bear_(kemono_friends),4,120,
japanese_cormorant_(kemono_friends),4,46,
japanese_crested_ibis_(kemono_friends),4,1723,
japanese_hare_(kemono_friends),4,55,
japanese_otter_(kemono_friends),4,121,
japanese_pancake_devilfish_(kemono_friends),4,82,
japanese_wolf_(kemono_friends),4,264,
jarael_(rayer),4,30,
jared_(michi_mochievee),4,42,
jarvan_iv_(league_of_legends),4,131,
jashin-chan,4,355,
jasmine_(deltora_quest),4,31,
jasmine_(disney),4,200,
jasmine_(holiday_2022)_(pokemon),4,31,
jasmine_(pokemon),4,686,
jasmine_(senran_kagura),4,30,
jasminka_antonenko,4,108,
jason_(fate),4,236,
jason_todd,4,232,
jason_voorhees,4,370,
jason_voorhees_(kotobukiya_bishoujo),4,58,
jasper_(uncorrupted)_(steven_universe),4,52,
jaune_arc,4,300,
javelin_(azur_lane),4,1943,
javelin_(beach_picnic!)_(azur_lane),4,128,
javelin_(blissful_purity)_(azur_lane),4,39,
javelin_(energetic_idol_@120%_motivation!)_(azur_lane),4,34,
javelin_(kancolle),4,141,
javelin_(operation:_pillow_fight!)_(azur_lane),4,32,
javelin_(retrofit)_(azur_lane),4,93,
javelin_(slow_ahead!)_(azur_lane),4,81,
javid_(shamash)_(dislyte),4,43,
jaw_titan,4,67,
jax_(league_of_legends),4,56,
jax_(the_amazing_digital_circus),4,295,
jay_(shining_star),4,30,
jay_(tales),4,50,
jayce_(league_of_legends),4,102,
jaycee_(tekken),4,35,
jaye_(arknights),4,242,
jaye_(elite_ii)_(arknights),4,59,
jaygarcia_saturn,4,50,
jazz_(transformers),4,98,
jean-jacques_leroy,4,169,
jean-paul,4,73,
jean_(genshin_impact),4,3538,
jean_(gunnhildr's_legacy)_(genshin_impact),4,224,
jean_(sea_breeze_dandelion)_(genshin_impact),4,403,
jean_bart_(azur_lane),4,759,
jean_bart_(kancolle),4,142,
jean_bart_(private_apres_midi)_(azur_lane),4,121,
jean_bart_(uninhibited_bloodstone)_(azur_lane),4,78,
jean_grey,4,85,
jean_havoc,4,89,
jean_kirstein,4,537,
jean_pierre_polnareff,4,1531,
jean_roque_lartigue,4,121,
jeancle_abel_meuniere,4,65,
jeane_(suikoden),4,92,
jeanie_(master_of_eternity),4,46,
jeanne_(bayonetta),4,230,
jeanne_d'arc,4,48,
jeanne_d'arc_(azur_lane),4,146,
jeanne_d'arc_(drifters),4,42,
jeanne_d'arc_(fate),4,7739,
jeanne_d'arc_(formal_dress)_(fate),4,88,
jeanne_d'arc_(girl_from_orleans)_(fate),4,493,
jeanne_d'arc_(granblue_fantasy),4,665,
jeanne_d'arc_(inazuma_eleven),4,47,
jeanne_d'arc_(madoka_magica),4,37,
jeanne_d'arc_(mystery_treasure)_(fate),4,64,
jeanne_d'arc_(ruler)_(fate),4,4280,
jeanne_d'arc_(saintess_of_the_sea)_(azur_lane),4,61,
jeanne_d'arc_(summer)_(granblue_fantasy),4,206,
jeanne_d'arc_(swimsuit_archer)_(fate),4,1510,
jeanne_d'arc_(swimsuit_archer)_(first_ascension)_(fate),4,775,
jeanne_d'arc_(swimsuit_archer)_(second_ascension)_(fate),4,664,
jeanne_d'arc_(third_ascension)_(fate),4,807,
jeanne_d'arc_(white_cruising)_(fate),4,94,
jeanne_d'arc_alter_(avenger)_(fate),4,7225,
jeanne_d'arc_alter_(avenger)_(first_ascension)_(fate),4,413,
jeanne_d'arc_alter_(avenger)_(third_ascension)_(fate),4,852,
jeanne_d'arc_alter_(fate),4,11755,
jeanne_d'arc_alter_(festival_outfit)_(fate),4,85,
jeanne_d'arc_alter_(holy_night_supper)_(fate),4,41,
jeanne_d'arc_alter_(lancer)_(fate),4,76,
jeanne_d'arc_alter_(mystery_treasure)_(fate),4,72,
jeanne_d'arc_alter_(swimsuit_berserker)_(fate),4,2329,
jeanne_d'arc_alter_(ver._shinjuku_1999)_(fate),4,1522,
jeanne_d'arc_alter_santa_lily_(fate),4,1903,
jeanne_d'arc_alter_santa_lily_(summer_little)_(fate),4,30,
jeanne_francaix,4,36,
jecht,4,146,
jecka_(class_of_09),4,77,
jedah_dohma,4,133,
jeff_andonuts,4,291,
jeff_the_killer,4,37,
jefuty_(bakery_girl),4,59,
jegan,4,92,
jeht_(genshin_impact),4,70,
jehuty,4,96,
jeice,4,54,
jeina_(sumiyao_(amam)),4,45,
jekyll_and_hyde_(fate),4,187,
jelee-chan,4,105,
jellal_fernandes,4,151,
jellicent,4,189,
jellicent_(female),4,87,
jellicent_(male),4,134,
jellie_(hermitcraft),4,59,
jelly_hoshiumi,4,88,
jelly_hoshiumi_(comfy),4,32,
jellyfish_(splatoon),4,390,
jellymon,4,53,
jellyppi,4,46,
jelonzo_(splatoon),4,31,
jenet_behrn,4,288,
jenkins_(azur_lane),4,75,
jenma-chan,4,51,
jenna_(golden_sun),4,41,
jennie_(blackpink),4,68,
jennifer_(modern_mogal),4,46,
jennifer_walters,4,115,
jenny_(pokemon),4,179,
jenny_dolittle,4,43,
jenny_miller,4,176,
jenny_wakeman,4,204,
jeon_jae-soon_(goarosa),4,11,
jeong_sana,4,34,
jeong_surim,4,43,
jeong_taeui,4,164,
jeorge_(fire_emblem),4,32,
jeralt_reus_eisner,4,135,
jeremiah_gottwald,4,251,
jericho_(girls'_frontline),4,93,
jericho_(nanatsu_no_taizai),4,31,
jerid_messa,4,32,
jeritza_von_hrym,4,54,
jerma985_(person),4,40,
jeron_(crave_saga),4,33,
jerry_(crash_fever),4,42,
jerry_(tom_and_jerry),4,76,
jervis_(azur_lane),4,111,
jervis_(halloween)_(kancolle),4,27,
jervis_(kancolle),4,1649,
jervis_(mitsukoshi)_(kancolle),4,35,
jesmon,4,35,
jess_(buta_no_liver_wa_kanetsu_shiro),4,98,
jesse_pinkman,4,117,
jesselton_williams_(arknights),4,31,
jessica_(arknights),4,882,
jessica_(clivia)_(arknights),4,31,
jessica_(granblue_fantasy),4,181,
jessica_(reverse:1999),4,273,
jessica_albert,4,744,
jessica_de_alkirk,4,33,
jessica_drew,4,41,
jessica_rabbit,4,142,
jessica_the_liberated_(arknights),4,172,
jessie_(pokemon),4,1929,
jessie_(veyonis),4,36,
jessie_gurtland,4,32,
jessie_rasberry,4,256,
jessika_(splatoon),4,42,
jesta,4,31,
jester_(dq3),4,152,
jesus,4,203,
jesus_(saint_onii-san),4,55,
jesus_burgess,4,60,
jet_(jetngs),4,13,
jet_black,4,208,
jet_enduro,4,79,
jet_the_hawk,4,54,
jetfire,4,96,
jetsam_(itsraijet),4,10,
jett_(valorant),4,234,
jevil,4,49,
jewel_(suikoden),4,30,
jewelry_(pronant_symphony),4,62,
jewelry_bonney,4,305,
jewlie_(pripara),4,34,
jgsdf_type_07_tank_natchin,4,50,
jhin,4,115,
ji-yoon_(jourd4n),4,162,
ji_guang-hong,4,116,
ji_ruxue_(hua_jianghu),4,34,
jia_(the_legend_of_luoxiaohei),4,21,
jiai_chiyu,4,26,
jiang_cheng,4,33,
jiangshi_(houtengeki),4,22,
jiangyu_(neural_cloud),4,52,
jianxin_(wuthering_waves),4,66,
jiaoqiu_(honkai:_star_rail),4,431,
jibanyan,4,524,
jibril_(no_game_no_life),4,654,
jigen_(cookie),4,188,
jigen_daisuke,4,431,
jigglypuff,4,1637,
jigoku-san,4,41,
jigsaw_(character),4,40,
jihl_nabaat,4,30,
jihyeok_seo,4,86,
jiji_(creature),4,36,
jiji_(majo_no_takkyuubin),4,558,
jijo_(kakitama),4,72,
jill_(fire_emblem),4,81,
jill_stingray,4,1034,
jill_valentine,4,1151,
jill_valentine_(battle_suit)_(nikke),4,18,
jill_warrick,4,533,
jim_(mondi_hl),4,58,
jim_crocodile_cook,4,34,
jim_walters,4,12,
jimihen,4,87,
jimmy_olsen,4,49,
jimmy_t,4,60,
jimmy_valmer,4,37,
jimon_asuta,4,80,
jin-lian,4,47,
jin_(avatar),4,56,
jin_(granblue_fantasy),4,79,
jin_(xenoblade),4,219,
jin_enjoji,4,45,
jin_hayato,4,70,
jin_kisaragi,4,838,
jin_musou,4,173,
jin_qiu_(ru_shou)_(dislyte),4,112,
jin_yuuichi,4,109,
jinako_carigiri,4,201,
jinbe_(one_piece),4,443,
jinbei_(len'en),4,41,
jindai_komaki,4,124,
jing_ke_(fate),4,210,
jing_yuan,4,859,
jingburger,4,264,
jingei_(kancolle),4,1118,
jingei_kai_(halloween)_(kancolle),4,19,
jingliu_(honkai:_star_rail),4,1200,
jinguji_jakurai,4,73,
jinguji_sayaka,4,33,
jinguu_shion,4,75,
jinguu_yakumo,4,40,
jinguuji_kanade,4,41,
jinguuji_kuesu,4,41,
jinguuji_mari,4,32,
jinguuji_marimo,4,69,
jinguuji_ren,4,113,
jingwei_(bird),4,607,
jinhsi_(wuthering_waves),4,616,
jinja_eru,4,46,
jinja_natsume,4,43,
jinko_(monster_girl_encyclopedia),4,48,
jinlu_tongzi,4,41,
jinmen-gyo_(kemono_friends),4,84,
jinn_(housamo),4,56,
jinnai_enta,4,64,
jinni_(genshin_impact),4,80,
jinno_hikari,4,105,
jinno_megumi,4,179,
jinnosuke,4,74,
jinnosuke_(another_eidos),4,37,
jinshi_(kusuriya_no_hitorigoto),4,216,
jintsuu_(azur_lane),4,99,
jintsuu_(kancolle),4,2728,
jintsuu_kai_ni_(kancolle),4,654,
jinx_(dc),4,112,
jinx_(league_of_legends),4,2210,
jirachi,4,1347,
jirai-chan_(masayo),4,116,
jiraiya_(housamo),4,96,
jiraiya_(naruto),4,183,
jiraiya_(persona_4),4,83,
jiren,4,41,
jiro_mika,4,22,
jiron_amos,4,33,
jirou_kyouka,4,1308,
jirou_tachi,4,229,
jisoo_(blackpink),4,44,
jissouseki,4,67,
jitome-chan_(tawawa),4,53,
jitomi_monoe,4,183,
jiu_(vtuber),4,10,
jiu_niangzi,4,168,
jiuyue_(feiren_zai),4,38,
jiyan_(wuthering_waves),4,193,
jk-chan_(oouso),4,118,
jo_(bakuretsu_tenshi),4,77,
jo_uisin,4,37,
joanna_(persona_5),4,51,
joanna_elizabeth_stafford,4,48,
jobski,4,65,
jochuu-san,4,149,
jodio_joestar,4,61,
joe_(crusher_joe),4,34,
joe_(megalo_box),4,43,
joe_(reverse:1999),4,35,
joe_(sk8),4,158,
joe_biden,4,34,
joe_higashi,4,91,
joe_rikiichi,4,161,
joel_(dr._stone),4,10,
joel_(the_last_of_us),4,57,
joey_jones,4,129,
joffre_(azur_lane),4,116,
jogan,4,69,
jogasaki_noah,4,573,
jogo_(jujutsu_kaisen),4,86,
johan_andersen,4,250,
johan_liebert,4,87,
johann_trinity,4,58,
johanna_(pokemon),4,69,
johanna_(sebastian_z),4,33,
johannes_krauser_ii,4,49,
john_(ichigo_mashimaro),4,57,
john_(shadows_house),4,46,
john_(tiger_&_bunny),4,77,
john_constantine,4,42,
john_egbert,4,41,
john_hamish_watson,4,37,
john_reese_(person_of_interest),4,38,
john_rottweil_(dickfish),4,200,
john_wick_(character),4,51,
johnathan_mar,4,112,
johnny_(guilty_gear),4,218,
johnny_bravo,4,49,
johnny_cage,4,46,
johnny_joestar,4,1938,
johnny_silverhand,4,47,
johnston_(kancolle),4,1340,
joker_(cookie),4,178,
joker_(dc),4,329,
joker_(smile_precure!),4,68,
jolteon,4,1016,
joltik,4,516,
jomy_marquis_shin,4,44,
jon_arbuckle,4,42,
jon_snow,4,33,
jonas_(gnosia),4,31,
jonathan_joestar,4,3290,
jonathan_kent,4,107,
jonathan_morris,4,91,
jonouchi_katsuya,4,58,
joo_shiyoung,4,36,
jormungandr_(f-kare),4,31,
jorunna_van_de_zee,4,16,
josalyn_visenad,4,33,
joschka_(ookami_ningen_to_ningen_ookami),4,26,
josee_(pokemon),4,24,
josee_anjou,4,11,
joseph_(mahjong_soul),4,46,
joseph_desaulniers,4,138,
joseph_joestar,4,7631,
joseph_joestar_(old),4,1394,
joseph_joestar_(tequila),4,194,
joseph_joestar_(young),4,6412,
joseph_oda,4,183,
joseph_stalin,4,82,
josephine_jonouichi,4,79,
josette,4,39,
josette_(wonder_project),4,42,
joshu-san,4,44,
joshua-42-as,4,34,
joshua_(fire_emblem),4,62,
joshua_bright,4,214,
joshua_graham,4,32,
joshua_rosfield,4,214,
josie_rizal,4,143,
josuiji_shinri,4,293,
jouga_maya,4,922,
jougasaki_himeko,4,30,
jougasaki_mika,4,3872,
jougasaki_rika,4,3093,
jouizumi_masamune,4,86,
joujima_yuuki,4,63,
joule_(gunvolt),4,53,
jounouchi_katsuya,4,252,
joutouguu_mayumi,4,1436,
jowol,4,42,
jowy_atreides-blight,4,63,
joy_(ctrl+alt+resign),4,11,
joy_(inside_out),4,35,
joy_(pokemon),4,385,
joy_(red_velvet),4,59,
joy_(shenmue),4,47,
joy_(shining_nikki),4,10,
jp_(street_fighter),4,151,
jr.,4,36,
js05_(girls'_frontline),4,37,
js_9_(girls'_frontline),4,78,
js_kaga_(kancolle),4,89,
jschlatt,4,35,
ju_hyeon-mi,4,58,
juan_(pokemon),4,37,
jubei_(blazblue),4,136,
jubilee,4,68,
jubjub_(monster_girl_encyclopedia),4,48,
jucika,4,35,
judal,4,227,
judas_(tales),4,86,
judau_ashta,4,258,
judd_(splatoon),4,311,
jude_(suoiresnu),4,30,
jude_mathis,4,685,
jude_mathis_(school_uniform),4,85,
jude_maverick,4,71,
judeau_(berserk),4,31,
judge_(girls'_frontline),4,89,
judgement_(helltaker),4,715,
judgement_bird,4,97,
judith_(glamorous_maid)_(tales),4,34,
judith_(tales),4,639,
judith_ranster,4,93,
judy_(animal_crossing),4,53,
judy_alvarez,4,44,
judy_hopps,4,313,
jue_(wuthering_waves),4,92,
jugram_haschwalth,4,33,
juju,4,52,
juju_coo_shnamur,4,45,
jukebox_priest_(mechanical_buddy_universe),4,34,
juleen_(papino),4,30,
juli_(street_fighter),4,149,
julia_(cowboy_bebop),4,112,
julia_(crusader_of_light)_(fire_emblem),4,37,
julia_(fire_emblem),4,907,
julia_(heart_usurped)_(fire_emblem),4,57,
julia_(idolmaster),4,384,
julia_chang,4,187,
julian_mintz,4,44,
juliana_(megami_paradise),4,34,
juliana_(pokemon),4,2431,
juliana_eberhardt,4,57,
julie_powers,4,34,
juliet_(granblue_fantasy),4,32,
juliet_capulet,4,72,
juliet_nao_zhang,4,146,
juliet_persia,4,88,
juliet_queen_elizabeth_viii,4,75,
juliet_starling,4,135,
julieth_(dilan_griz),4,11,
julietta_juris,4,108,
juliette_(omega_strikers),4,37,
julio_(precure),4,59,
juliona_trans,4,100,
julis-alexia_von_riessfeld,4,41,
julius_(fire_emblem),4,71,
julius_belkisk_harway,4,38,
julius_caesar_(fate),4,188,
julius_juukulius,4,94,
julius_novachrono,4,30,
julius_pringles,4,129,
julius_will_kresnik,4,125,
july_(darker_than_black),4,105,
jum-p,4,200,
jumbo,4,61,
jump_king_(character),4,34,
jumpluff,4,436,
jumpy_dumpty,4,1521,
jun'iku,4,52,
jun'you_(kancolle),4,2045,
jun'you_kai_ni_(kancolle),4,85,
jun_(ittla),4,36,
jun_(princess_connect!),4,171,
jun_(real)_(princess_connect!),4,40,
jun_the_swan,4,67,
juna_crawford,4,148,
juna_unagi,4,35,
june_(squeezable),4,98,
june_lin_milliam,4,59,
juneau_(azur_lane),4,76,
jung_freud,4,90,
jungle_cat_(kemono_friends),4,364,
jungle_crow_(kemono_friends),4,118,
jungle_hunter_(predator),4,25,
jungle_pocket_(casual)_(umamusume),4,106,
jungle_pocket_(champion's_battle_cry)_(umamusume),4,733,
jungle_pocket_(tobasuze_hot_summer!)_(umamusume),4,58,
jungle_pocket_(umamusume),4,1048,
juni_(street_fighter),4,156,
junior_(gogalking),4,66,
junior_(hokuro_ryuuseigun),4,39,
junior_(psg),4,24,
junior_clown_car,4,105,
juniper_(xenoblade),4,35,
juniper_actias,4,131,
juniper_actias_(idol),4,23,
juniper_actias_(lab),4,33,
juniper_actias_(racing_queen),4,20,
juniper_actias_(snoth),4,24,
juniper_actias_(tomboy),4,12,
juniper_woods,4,38,
junjun_(sailor_moon),4,63,
junker_queen_(overwatch),4,46,
junketsu,4,2254,
junko_(blue_archive),4,769,
junko_(new_year)_(blue_archive),4,137,
junko_(touhou),4,5539,
junkrat_(overwatch),4,275,
junmai_karin,4,33,
juno_(azur_lane),4,56,
juno_(beastars),4,37,
juno_(fire_emblem),4,46,
juno_(omega_strikers),4,38,
juno_(overwatch),4,78,
juno_bernal,4,35,
juno_emmons,4,67,
junon_(pripara),4,46,
junyou_(azur_lane),4,39,
juo_sena,4,39,
jupiter_(pokemon),4,61,
jurard_t_rexford,4,73,
juri-chan_(izato),4,18,
juri_(blue_archive),4,149,
juri_(yu_yu_hakusho),4,41,
jururu,4,196,
juse_nozomu,4,30,
juse_rino,4,38,
jusis_albarea,4,92,
just_a_way_(racehorse),4,59,
justaway,4,125,
justeaze_lizrich_von_einzbern,4,36,
justia_(brown_dust),4,178,
justice_(guilty_gear),4,47,
justice_(helltaker),4,1162,
justice_task_force_member_(blue_archive),4,1346,
justin_(grandia),4,232,
justin_bailey,4,50,
justina_follower_(blue_archive),4,536,
justine_(persona_5),4,165,
juufuutei_raden,4,567,
juujou_hiyori,4,95,
juujou_shion,4,35,
juujouin_mari,4,69,
juumonji_kaho,4,38,
juuouin_kakeru,4,31,
juusha_(juusha-chan_to_yaya_zannen_na_yuusha_no_hanashi),4,70,
juuzawa_juu,4,48,
juvia_lockser,4,284,
juvisy,4,31,
juzumaru_tsunetsugu,4,113,
jyahnar_(benghuai_xueyuan),4,49,
jyami,4,48,
jynx,4,170,
jyushiko_(osomatsu-san),4,79,
jyushimatsu's_girlfriend,4,236,
k'_(kof),4,323,
k'ino_(tonka_kryga),4,16,
k'lyn,4,40,
k'sante_(league_of_legends),4,54,
k-sha,4,40,
k.k._slider_(animal_crossing),4,63,
k.s.miracle_(autumn_color_andante)_(umamusume),4,19,
k.s.miracle_(casual)_(umamusume),4,41,
k.s.miracle_(prism)_(umamusume),4,165,
k.s.miracle_(umamusume),4,397,
k/da_ahri,4,389,
k/da_akali,4,482,
k/da_all_out_ahri,4,87,
k/da_all_out_akali,4,111,
k/da_all_out_evelynn,4,218,
k/da_all_out_kai'sa,4,61,
k/da_all_out_seraphine_superstar,4,38,
k/da_evelynn,4,223,
k/da_kai'sa,4,146,
k1-b0,4,1020,
k11_(girls'_frontline),4,176,
k2_(girls'_frontline),4,314,
k31_(girls'_frontline),4,32,
k3_(girls'_frontline),4,49,
k3lly,4,33,
k5_(girls'_frontline),4,146,
k9-00_lupis,4,13,
"k9-17_""ripper""",4,22,
k9-17_izuna,4,61,
k9999,4,68,
k_(kamo_kamen),4,34,
k_(kuayrenaiz),4,55,
ka-class_submarine,4,278,
kaai_yuki,4,650,
kaalaa_baunaa,4,137,
kaavi,4,117,
kaaya,4,39,
kabakura_tarou,4,50,
kaban_(kemono_friends),4,5606,
kabe_taijin,4,69,
kabeyama_heigorou,4,34,
kabru,4,1364,
kabu_(academy)_(pokemon),4,10,
kabu_(pokemon),4,528,
kabuki_kid_(kitsune)_(taiko_no_tatsujin),4,13,
kabula,4,36,
kaburagi_(decadence),4,77,
kaburagi_kaede,4,467,
kaburagi_sui,4,51,
kaburagi_t._kotetsu,4,3215,
kaburagi_tomoe,4,109,
kaburaki_roco,4,121,
kaburaki_roco_(1st_costume),4,59,
kaburaki_roco_(school_uniform),4,13,
kaburamaru,4,297,
kaburi_chiko,4,46,
kabuse_hikotarou,4,14,
kabuterimon,4,34,
kabuto_(pokemon),4,118,
kabuto_daigo,4,191,
kabuto_kouji,4,87,
kabutops,4,121,
kac-pdw_(girls'_frontline),4,51,
kachimachi_kosuzu,4,1566,
kachimachi_kosuzu's_classmate,4,32,
kachimachi_kosuzu_(swimsuit),4,39,
kachina_(genshin_impact),4,279,
kachou_(ojimashu),4,52,
kachou_fuugetsu_(onmyoji),4,46,
kadabra,4,142,
kadaj,4,112,
kaden_(fire_emblem),4,86,
kadoc_zemlupus,4,649,
kadokura_(golden_kamuy),4,53,
kadomaru_misa,4,38,
kadota_hiromi,4,56,
kadota_kyouhei,4,100,
kadotani_anzu,4,1411,
kadoya_tsukasa,4,60,
kae_(orange_juice),4,35,
kaede_(arisou_de_nasa_sou),4,11,
kaede_(bakumatsu_rouman),4,33,
kaede_(blue_archive),4,629,
kaede_(guide)_(blue_archive),4,46,
kaede_(ragnarock_city),4,50,
kaede_johan_nouvel,4,440,
kaedehara_kazuha,4,3568,
kaela_kovalskia,4,774,
kaela_kovalskia_(1st_costume),4,269,
kaela_kovalskia_(new_year),4,65,
kaena_swaya,4,33,
kaenbyou_rin,4,19199,
kaenbyou_rin_(cat),4,2564,
kaerre,4,159,
kaeruzaka_raiya,4,42,
kaeya_(genshin_impact),4,2394,
kaeya_(sailwind_shadow)_(genshin_impact),4,77,
kaf_(kamitsubaki_studio),4,1238,
kafei,4,67,
kafei_(fkey),4,37,
kafka_(arknights),4,126,
kafka_(honkai:_star_rail),4,5172,
kafka_(shader_cat)_(honkai:_star_rail),4,41,
kafu_(cevio),4,491,
kafuru_(senran_kagura),4,146,
kafuu_chino,4,7084,
kaga_(azur_lane),4,2332,
kaga_(battleship)_(azur_lane),4,401,
kaga_(battleship)_(kancolle),4,42,
kaga_(everlasting_killing_stone)_(azur_lane),4,142,
kaga_(exalted_white_wings)_(azur_lane),4,69,
kaga_(kancolle),4,21439,
kaga_(warship_girls_r),4,60,
kaga_(white_fox's_new_year)_(azur_lane),4,77,
kaga_ai,4,222,
kaga_kai_ni_(kancolle),4,149,
kaga_kouko,4,60,
kaga_nazuna,4,210,
kaga_nazuna_(2nd_costume),4,77,
kaga_nazuna_(5th_costume),4,18,
kaga_nazuna_(8th_costume),4,44,
kaga_rin,4,83,
kaga_sumire,4,410,
kaga_yuuki,4,39,
kagami_hajime,4,35,
kagami_hayato,4,236,
kagami_hayato_(1st_costume),4,53,
kagami_kazuya,4,79,
kagami_kira,4,133,
kagami_kuro,4,213,
kagami_kyousuke,4,36,
kagami_masara,4,73,
kagami_matsuri,4,58,
kagami_ryouko,4,32,
kagami_sumika,4,291,
kagami_taiga,4,316,
kagami_tina,4,79,
kagamigawa_chloe,4,33,
kagamihara_nadeshiko,4,1455,
kagamihara_sakura,4,260,
kagamin_boo,4,51,
kagamine_len,4,13337,
kagamine_len_(append),4,356,
kagamine_len_(vocaloid4),4,91,
kagamine_lenka,4,30,
kagamine_rin,4,20804,
kagamine_rin_(append),4,346,
kagamine_rin_(if),4,43,
kagamine_rin_(roshin_yuukai),4,81,
kagamine_rin_(roshin_yuukai/hard_rkmix),4,170,
kagamine_rin_(sour_model),4,86,
kagamine_rin_(vocaloid4),4,122,
kagamine_rinto,4,38,
kagano_ai,4,103,
kagari_(rewrite),4,176,
kagari_atsuhiro,4,67,
kagari_atsuko,4,2339,
kagari_ayaka,4,125,
kagari_rukako,4,40,
kagari_shuusei,4,42,
kagari_tuepesyu,4,39,
kagarino_kirie,4,80,
kagawa_makina,4,84,
kagawa_rin,4,66,
kagaya_hana,4,89,
kagaya_kuki,4,114,
kagaya_miki,4,101,
kagaya_nene,4,33,
kagaya_tsubomi,4,99,
kagaya_you,4,129,
kagayaki_homare,4,339,
kage_(ousama_ranking),4,94,
kagehira_mika,4,485,
kagemori_michiru,4,804,
kagenui_yozuru,4,121,
kagero_(fire_emblem),4,536,
kagero_(kamen_rider_revice),4,101,
kagero_(spring)_(fire_emblem),4,81,
kagero_(thief)_(fire_emblem),4,37,
kagerou_(kancolle),4,2788,
kagerou_kai_ni_(kancolle),4,404,
kagetsu_(fire_emblem),4,95,
kageura_masato,4,38,
kageyama_hikaru,4,98,
kageyama_ranmaru,4,30,
kageyama_ritsu,4,394,
kageyama_shien,4,489,
kageyama_shien_(1st_costume),4,45,
kageyama_shigeo,4,1223,
kageyama_shigeo_(???),4,49,
kageyama_tobio,4,334,
kageyama_torako,4,157,
kagimura_hazuki,4,43,
kagiyama_hina,4,10149,
kagome_misaki,4,203,
kagosaka_mahiro,4,34,
kagura_(azumanga_daioh),4,420,
kagura_(gintama),4,1625,
kagura_(inuyasha),4,106,
kagura_(oneechanbara),4,42,
kagura_(onmyoji),4,88,
kagura_(prism_ark),4,38,
kagura_(senran_kagura),4,86,
kagura_chizuru,4,112,
kagura_demuri,4,66,
kagura_hikari,4,380,
kagura_hinata,4,47,
kagura_mea,4,442,
kagura_mikazuchi,4,31,
kagura_mutsuki,4,109,
kagura_nana,4,161,
kagura_rei,4,180,
kagura_san,4,56,
kagura_suzu_(.live),4,157,
kagurazaka_asuna,4,531,
kagurazaka_yuna,4,58,
kagurazaki_shizuki,4,81,
kaguya_(blue_archive),4,242,
kaguya_(kagaminomachi_no_kaguya),4,86,
kaguya_(queen's_blade),4,58,
kaguya_(sinoalice),4,72,
kaguya_hime,4,93,
kaguya_hime_(onmyoji),4,36,
kaguya_jingu,4,60,
kaguya_luna,4,1338,
kaguya_madoka,4,374,
kaguyahime_(mahjong_soul),4,101,
kahili_(pokemon),4,245,
kahlua_marjoram,4,82,
kaho_(blue_archive),4,813,
kaho_(sister_princess),4,106,
kai'sa,4,592,
kai_(blue_archive),4,64,
kai_(dorohedoro),4,68,
kai_(nyanko_daisensou),4,36,
kai_(sengoku_musou),4,59,
kai_(shadow_slave),4,90,
kai_harn,4,52,
kai_schren,4,58,
kai_shiden,4,42,
kai_toshiki,4,33,
kaiba_mokuba,4,84,
kaiba_seto,4,697,
kaibara_elena_(cookie),4,39,
kaiboukan_no._22_(kancolle),4,58,
kaiboukan_no._30_(kancolle),4,163,
kaiboukan_no._4_(kancolle),4,398,
kaibutsu,4,73,
kaida_haru,4,117,
kaidou_(one_piece),4,314,
kaidou_minami,4,583,
kaigaku,4,40,
kaihime_(sengoku_musou),4,49,
kaijin_hime_do-s,4,116,
kaiki_deishuu,4,145,
kaiko,4,115,
kaiko-chan_(planhaplalan),4,35,
kain_fuery,4,48,
kain_highwind,4,228,
kaine_(nier),4,993,
kainen,4,50,
kainou_yoshiko,4,34,
kaiou_michiru,4,948,
kairi_(kingdom_hearts),4,875,
kaisa_(hilda),4,36,
kaisar_lidfald,4,32,
kaiten_fx_mk.0_(blue_archive),4,46,
kaito_(vocaloid),4,7011,
kaito_(vocaloid3),4,244,
kaitou_jeanne,4,153,
kaitou_kid,4,478,
kaitou_reiko,4,99,
kaiyoko_star,4,63,
kaizuka_inaho,4,634,
kaizuka_yuki,4,78,
kaji_akihiko,4,227,
kaji_ren,4,34,
kaji_ryouji,4,211,
kaji_ryouko,4,52,
kajiki_yumi,4,301,
kajiwara_sora,4,88,
kajiya_kurogane,4,86,
kajiyama_fuuta,4,125,
kajou_ayame,4,64,
kajun_faycott,4,46,
kaka_kittens,4,64,
kakage_azusa_(imamiya_pinoko),4,30,
kakania_(reverse:1999),4,253,
kakania_(the_emerald_witch)_(reverse:1999),4,29,
kakari_hiyuki,4,32,
kakavasha_(honkai:_star_rail),4,84,
kakei_juubei,4,36,
kakei_sumire,4,118,
kakine_teitoku,4,311,
kakita_(92m),4,186,
kakizaki_megu,4,165,
kakizaki_misa,4,85,
kako_(kancolle),4,1181,
kako_(kemono_friends),4,167,
kako_(reku),4,34,
kako_kai_ni_(kancolle),4,147,
kakouen_myousai,4,68,
kakouton,4,32,
kaku_(one_piece),4,126,
kaku_seiga,4,7154,
kakuna,4,148,
kakura_kurumi,4,113,
kakuzu_(naruto),4,127,
kakyoin_noriaki,4,3540,
kakyouin_chieri,4,220,
kal'tsit_(arknights),4,3640,
kal'tsit_(remnant)_(arknights),4,60,
kal'tsit_(the_remains_of_time)_(arknights),4,118,
kalawarner,4,48,
kale_(dragon_ball),4,270,
kaleido_ruby,4,163,
kaleina_(ricegnat),4,137,
kali_(fate),4,117,
kali_(p&d),4,49,
kali_(project_moon),4,60,
kali_belladonna,4,99,
kalifa_(one_piece),4,130,
kalim_al-asim,4,182,
kalina_(girls'_frontline),4,920,
kalinka_cossack_(mega_man),4,94,
kalista,4,56,
kalk_(azur_lane),4,85,
kallen_kaslana,4,650,
kallen_kaslana_(ritual_imayoh),4,54,
kallen_kaslana_(sin_hunter),4,66,
kallen_kaslana_(sixth_serenade),4,139,
kallen_kaslana_(sundenjager),4,81,
kalluto_zoldyck,4,118,
kalpas_(honkai_impact),4,156,
kama_(beast_iii/l)_(fate),4,116,
kama_(chocolate_heaven)_(fate),4,91,
kama_(dream_portrait)_(fate),4,37,
kama_(fate),4,3441,
kama_(first_ascension)_(fate),4,717,
kama_(mistake)_(fate),4,58,
kama_(second_ascension)_(fate),4,429,
kama_(swimsuit_avenger)_(fate),4,740,
kama_(swimsuit_avenger)_(first_ascension)_(fate),4,177,
kama_(swimsuit_avenger)_(second_ascension)_(fate),4,176,
kama_(swimsuit_avenger)_(third_ascension)_(fate),4,328,
kama_(third_ascension)_(fate),4,383,
kama_(tour_outfit)_(fate),4,69,
kamaboko_(milky_holmes),4,39,
kamado_(pokemon),4,79,
kamado_nezuko,4,2896,
kamado_tanjirou,4,1614,
kamakura_shio,4,60,
kamakurako,4,35,
kamala_khan,4,77,
kamazuki_suzuno,4,117,
kamek,4,117,
kamekichi,4,142,
kamen_america,4,87,
kamen_rider_1,4,262,
kamen_rider_1_(shin),4,101,
kamen_rider_2,4,102,
kamen_rider_accel,4,80,
kamen_rider_agito,4,173,
kamen_rider_amazon,4,92,
kamen_rider_amazon_alpha,4,36,
kamen_rider_amazon_omega,4,32,
kamen_rider_birth,4,34,
kamen_rider_black,4,140,
kamen_rider_black_rx,4,119,
kamen_rider_blade,4,217,
kamen_rider_blade_(king_form),4,38,
kamen_rider_brave,4,37,
kamen_rider_buffa,4,72,
kamen_rider_build,4,195,
kamen_rider_chalice,4,60,
kamen_rider_chaser,4,30,
kamen_rider_cross-z,4,69,
kamen_rider_decade,4,331,
kamen_rider_delta,4,35,
kamen_rider_demons,4,80,
kamen_rider_den-o,4,174,
kamen_rider_diend,4,56,
kamen_rider_double,4,325,
kamen_rider_drive,4,125,
kamen_rider_eternal,4,39,
kamen_rider_evil,4,66,
kamen_rider_evol,4,69,
kamen_rider_ex-aid,4,109,
kamen_rider_faiz,4,241,
kamen_rider_fourze,4,204,
kamen_rider_gaim,4,161,
kamen_rider_garren,4,82,
kamen_rider_gatack,4,32,
kamen_rider_gavv,4,33,
kamen_rider_geats,4,192,
kamen_rider_geats_ix,4,41,
kamen_rider_geiz,4,40,
kamen_rider_genm,4,75,
kamen_rider_ghost,4,128,
kamen_rider_gills,4,30,
kamen_rider_gotchard,4,123,
kamen_rider_hibiki,4,182,
kamen_rider_ixa,4,53,
kamen_rider_jeanne,4,33,
kamen_rider_joker,4,34,
kamen_rider_kabuto,4,185,
kamen_rider_kaixa,4,107,
kamen_rider_kick_hopper,4,48,
kamen_rider_kiva,4,200,
kamen_rider_knight,4,48,
kamen_rider_kuuga,4,336,
kamen_rider_kuuga_(ultimate_form),4,84,
kamen_rider_leangle,4,46,
kamen_rider_live,4,51,
kamen_rider_mach,4,43,
kamen_rider_meteor,4,51,
kamen_rider_na-go,4,37,
kamen_rider_ooo,4,302,
kamen_rider_ooo_(burakawani_combo),4,12,
kamen_rider_ooo_(gatakiriba_combo),4,30,
kamen_rider_ooo_(ratoratah_combo),4,33,
kamen_rider_ooo_(sagohzo_combo),4,24,
kamen_rider_ooo_(shauta_combo),4,31,
kamen_rider_ooo_(tajador_combo),4,79,
kamen_rider_ooo_(tatoba_combo),4,65,
kamen_rider_ouja,4,60,
kamen_rider_revi,4,241,
kamen_rider_ryuga,4,32,
kamen_rider_ryuki,4,198,
kamen_rider_saber,4,87,
kamen_rider_shin,4,31,
kamen_rider_skull,4,43,
kamen_rider_stronger,4,58,
kamen_rider_super-1,4,51,
kamen_rider_tycoon,4,69,
kamen_rider_v3,4,90,
kamen_rider_valen_(chocodon_form),4,16,
kamen_rider_vice,4,173,
kamen_rider_wizard,4,190,
kamen_rider_x,4,59,
kamen_rider_zero-one,4,145,
kamen_rider_zero-two,4,48,
kamen_rider_zeztz_(physicam_impact),4,39,
kamen_rider_zi-o,4,121,
kamen_rider_zo,4,30,
kamen_rider_zx,4,46,
kamiazuma_touka,4,36,
kamigishi_akari,4,202,
kamigoori_marimo,4,32,
kamigori_ubu,4,11,
kamihira_mao,4,145,
kamiigusa_misaki,4,31,
kamiizumi_yasuna,4,87,
kamijo_haruna,4,255,
kamijo_rui,4,23,
kamijou_kyousuke,4,433,
kamijou_touma,4,2577,
kamikawa_tamaki,4,42,
kamikaze_(azur_lane),4,58,
kamikaze_(kancolle),4,2223,
kamiki_hikaru,4,85,
kamiki_izumo,4,137,
kamiki_mikami,4,277,
kamiki_mirai,4,271,
kamiki_sekai,4,137,
kamikita_keiko,4,38,
kamikita_komari,4,1212,
kamiko_kana,4,162,
kamikoshi_sorawo,4,220,
kamila_(ghost_trick),4,37,
kamille_bidan,4,618,
kamimura_akiko,4,76,
kamimura_chika,4,78,
kamimura_haruka,4,63,
kamimura_maika,4,30,
kamina_(ttgl),4,1424,
kaminaga_kouko,4,40,
kaminagi_ryouko,4,116,
kaminari_ai,4,98,
kaminari_clara,4,38,
kaminari_denki,4,454,
kaminari_qpi,4,224,
kaminari_ryuunosuke,4,54,
kaminashi_nozomi,4,44,
kamine_ayaka,4,60,
kamineko,4,33,
kamino_maihu,4,32,
kamino_saori,4,55,
kaminogi_haruka,4,87,
kaminoi_youko,4,34,
kamio_haruko,4,100,
kamio_misuzu,4,1605,
kamio_reiji_(yua),4,633,
kamio_yuunosuke,4,36,
kamioka_saki,4,87,
kamioka_senri,4,120,
kamisada_himari,4,43,
kamisaka_haruhi,4,92,
kamisaki_hikaru,4,38,
kamisato_ayaka,4,6191,
kamisato_ayaka_(heytea),4,138,
kamisato_ayaka_(oneplus),4,13,
kamisato_ayaka_(springbloom_missive),4,792,
kamisato_ayato,4,1591,
kamishakujii_renko,4,32,
kamishirasawa_keine,4,16201,
kamishirasawa_keine_(hakutaku),4,270,
kamishiro_natsume,4,131,
kamishiro_rin,4,77,
kamishiro_rio,4,66,
kamishiro_rita,4,62,
kamishiro_rize,4,206,
kamishiro_rui,4,1164,
kamishiro_ryouga,4,41,
kamishiro_seren,4,162,
kamishiro_sui,4,78,
kamiwazumi_maya,4,30,
kamiya_agari,4,45,
kamiya_hiroshi,4,72,
kamiya_kaoru,4,179,
kamiya_midori,4,253,
kamiya_nao,4,1820,
kamiya_shion,4,57,
kamiya_yukihiro,4,58,
kamiyama_shiki,4,191,
kamiyama_tenko,4,35,
kamizaki_risa,4,319,
kamizono_shinobu,4,31,
kamo_noritoshi,4,72,
kamoi_(kancolle),4,1441,
kamoi_tsubame,4,50,
kamomura_ayane,4,33,
kamonohashi_(girls_und_panzer),4,45,
kamori_sayaka,4,106,
kampfer_(mobile_suit),4,134,
kamui_(gintama),4,257,
kamui_(gyee),4,34,
kamui_(punishing:_gray_raven),4,65,
kamui_gakupo,4,1565,
kamukura_izuru,4,1404,
kamura_(rain_prophet),4,54,
kamura_reiri,4,80,
kamuro_(mon-musu_quest!),4,35,
kan'u_(koihime_musou),4,233,
kan'u_unchou,4,662,
kan-e-senna,4,40,
kan_kanna,4,65,
kana_(bunny_garden),4,80,
kana_(female)_(fire_emblem),4,202,
kana_(fire_emblem),4,322,
kana_(haguhagu),4,41,
kana_(haibane),4,73,
kana_(idoly_pride),4,41,
kana_(male)_(fire_emblem),4,143,
kana_(master_of_eternity),4,39,
kana_(throtem),4,46,
kana_anaberal,4,493,
kanabako_misora,4,65,
kanada_toshu,4,117,
kanade_izuru,4,419,
kanade_izuru_(1st_costume),4,85,
kanade_kotonoha,4,33,
kanade_rindou,4,42,
kanade_suzu,4,100,
kanae_(18th_costume)_(nijisanji),4,16,
kanae_(1st_costume)_(nijisanji),4,35,
kanae_(8th_costume)_(nijisanji),4,73,
kanae_(nijisanji),4,857,
kanae_(sekaiju),4,56,
kanae_(tsukiman),4,239,
kanagata_sugumi,4,55,
kanaka,4,66,
kanako_(maid_gari),4,30,
kanakubo_homare,4,32,
kaname_buccaneer,4,574,
kaname_junko,4,262,
kaname_madoka,4,25106,
kaname_madoka_(haregi_ver.),4,54,
kaname_madoka_(magical_girl),4,439,
kaname_raana,4,1020,
kaname_tatsuya,4,259,
kaname_tomohisa,4,155,
kanamori_maria,4,62,
kanamori_reiko,4,54,
kanamori_sayaka,4,482,
kanan_(genjitsu_no_yohane),4,39,
kanan_(kanan-sama),4,58,
kanaria,4,751,
kanase_kanon,4,57,
kanaya_azami,4,50,
kanayama_nao,4,59,
kanbara_akihito,4,89,
kanbara_satomi,4,159,
kanbara_takuya,4,84,
kanbaru_suruga,4,1005,
kanbayashi_mizuki,4,42,
kanbayashi_shiori,4,104,
kanbe_kotori,4,423,
kanda_aoi,4,45,
kanda_mizuki,4,303,
kanda_momo,4,73,
kanda_saki,4,40,
kanda_shouichi,4,53,
kanda_yui,4,68,
kanda_yuu,4,185,
kaneda_shoutarou_(akira),4,206,
kaneki_ichika,4,159,
kaneki_ken,4,1151,
kaneko_lumi,4,100,
kanel_(master_of_eternity),4,59,
kanemoto_akari,4,43,
kanemoto_hisako,4,103,
kaneshiro_matoi,4,80,
kaneshiro_sora,4,30,
kaneshiya_sitara,4,189,
kang_hansung,4,37,
kangaskhan,4,170,
kani_aji-chan,4,32,
kani_kanizawa,4,65,
kani_nayuta,4,115,
kanie_(precure),4,58,
kanie_seiya,4,72,
kanihai,4,50,
kanikama_(character),4,80,
kaniko_(tsukumo_sana),4,180,
kanina_shizuka,4,34,
kanisawa_kinu,4,63,
kanjira,4,51,
kankurou_(naruto),4,42,
kanna_(blue_archive),4,3631,
kanna_(cookie),4,493,
kanna_(swimsuit)_(blue_archive),4,1446,
kanna_(young)_(blue_archive),4,37,
kanna_asumi,4,196,
kanna_kamui,4,2692,
kanna_kamui_(dragon)_(maidragon),4,30,
kannabi_no_mikoto,4,157,
kannagi_(assault_lily),4,11,
kannagi_ai,4,33,
kannagi_cocoa,4,107,
kannagi_itsuki,4,217,
kannagi_miyabi,4,38,
kannagi_noel,4,84,
kannagi_yuuma,4,33,
kannagi_yuuri,4,49,
kannagiri_nagamitsu_(tenka_hyakken),4,50,
kannawa_azusa,4,34,
kannazuki_ai,4,10,
kannazuki_aoi,4,92,
kannazuki_lubee,4,36,
kannazuki_tamaki,4,74,
kanne_(sousou_no_frieren),4,169,
kannei,4,77,
kanno_fumi,4,62,
kanno_naoe,4,506,
kanno_naoshi_(drifters),4,40,
kannonzaka_doppo,4,118,
kano_(hanayori_jyoshiryou),4,32,
kano_(utaite),4,47,
kano_chinatsu,4,37,
kano_shuuya,4,857,
kanoe_yuuko,4,201,
kanojo_(ogino_atsuki),4,64,
kanon_(pripara),4,52,
kanon_(umineko),4,571,
kanon_(white_wave)_(duel_masters),4,13,
kanon_(wild_arms_2),4,89,
kanonno_earhart,4,88,
kanonno_grassvalley,4,51,
kanou_aogu,4,1118,
kanou_ryouko,4,35,
kanou_sumire,4,33,
kanoya_rui,4,36,
kanroji_mitsuri,4,2012,
kanuka_clancy,4,30,
kanzaki_adelheid,4,76,
kanzaki_akari,4,129,
kanzaki_akihito,4,37,
kanzaki_aoi_(kimetsu_no_yaiba),4,187,
kanzaki_aoi_(true_blue),4,30,
kanzaki_ayane,4,37,
kanzaki_h._aria,4,188,
kanzaki_hideri,4,173,
kanzaki_hitomi,4,72,
kanzaki_kaori,4,472,
kanzaki_megu,4,31,
kanzaki_miku,4,49,
kanzaki_mizuki,4,108,
kanzaki_ouka,4,36,
kanzaki_ranko,4,3772,
kanzaki_rio,4,145,
kanzaki_sayaka_(hg_ni_koisuru_futari),4,30,
kanzaki_shiori,4,84,
kanzaki_souma,4,172,
kanzaki_sumire,4,217,
kanzaki_tomoyo,4,53,
kanzaki_yukiko,4,36,
kanzarin_(vtuber),4,82,
kanzato_shin,4,34,
kanzuki_karin,4,660,
kaolla_su,4,120,
kaonashi,4,229,
kaori-san_(angelo),4,43,
kaori_(azumanga_daioh),4,130,
kaori_(princess_connect!),4,157,
kaori_(sky-freedom),4,60,
kaori_(super_real_mahjong),4,46,
kaoru_(mujin_wakusei_survive),4,36,
kaoru_miki,4,36,
kapela_(op_na_yarou),4,31,
kapkan_(rainbow_six_siege),4,77,
kapool,4,44,
kappa_(arakawa),4,30,
kappa_mob_(touhou),4,251,
kappa_worker_(tag_dream),4,83,
kappougi_yukari,4,30,
kapu_rinko,4,48,
kar98k_(girls'_frontline),4,654,
kar98k_(purity_in_vermilion)_(girls'_frontline),4,33,
kara-age_kun,4,41,
kara_(sam_yang),4,32,
kara_(vertigris),4,111,
karahara_shima,4,72,
karako_(osomatsu-san),4,67,
karaku_(kimetsu_no_yaiba),4,36,
karakuri_chachamaru,4,185,
karameru_(character),4,51,
karanomori_shion,4,93,
karasawa_toshiyuki,4,118,
karasu_tengu_(monster_girl_encyclopedia),4,39,
karasuma_chitose,4,214,
karasuma_chitose_(girlish_number),4,107,
karasuma_kyousuke,4,47,
karasuma_ryuu,4,85,
karasuma_sakura,4,50,
karasuma_tadaomi,4,30,
kareha,4,99,
karen_(pokemon),4,353,
karen_(sister_princess),4,135,
karen_(yogoreta_athlete),4,10,
karen_erra,4,33,
karenina:_blast_(punishing:_gray_raven),4,66,
karenina:_ember_(punishing:_gray_raven),4,71,
karenina:_scire_(punishing:_gray_raven),4,132,
karenina_(punishing:_gray_raven),4,397,
kari-kenji,4,39,
karibuchi_hikari,4,229,
karibuchi_takami,4,109,
karin_(blue_archive),4,5572,
karin_(bunny)_(blue_archive),4,3020,
karin_(etra-chan_wa_mita!),4,35,
karin_(fear_&_hunger),4,103,
karin_(naruto),4,173,
karin_(p&d),4,342,
karin_(princess_connect!),4,36,
karin_(stella_sora),4,29,
karin_(viper),4,81,
karin_(yashiro_sousaku),4,52,
karin_koenig,4,67,
karin_wong,4,38,
karina_(aespa),4,119,
karina_little_daris,4,11,
karina_lyle,4,958,
karinn_(ka941),4,46,
karioi_yuu,4,52,
karis_(elsword),4,62,
karisawa_erika,4,100,
kariya_higure,4,34,
kariya_masaki,4,710,
kariya_wakana,4,56,
karja_balta,4,36,
karkat_vantas,4,46,
karl_heisenberg,4,31,
karla_(fire_emblem),4,104,
karla_(kono_healer_mendokusai),4,41,
karlach,4,470,
karma_(league_of_legends),4,136,
karma_(nakiri_ayame),4,236,
karna_(fate),4,1305,
karna_(formal_dress)_(fate),4,35,
karna_(santa)_(fate),4,98,
karna_(versus)_(fate),4,32,
karol_capel,4,271,
karol_capel_(girly),4,33,
karon_(vtuber),4,42,
karoo_(one_piece),4,77,
karrablast,4,65,
kars_(jojo),4,1073,
karsh_(chrono_cross),4,30,
kartana,4,78,
karteira,4,39,
karthus,4,43,
karui_(naruto),4,45,
karuizawa_kei,4,175,
karulau,4,262,
karutia_(g_(genesis1556)),4,30,
karva_(granblue_fantasy),4,61,
karyl_(new_year)_(princess_connect!),4,151,
karyl_(princess)_(princess_connect!),4,47,
karyl_(princess_connect!),4,4190,
karyl_(real)_(princess_connect!),4,80,
karyl_(summer)_(princess_connect!),4,687,
karyuu_koujo,4,43,
kasai_amane,4,470,
kasai_tatsuyoshi,4,36,
kasaki_nozomi,4,1090,
kasako_(komeshiro_kasu),4,68,
kasamatsu_yukio,4,48,
kasamoto_eri,4,202,
kasandra_(xenoblade),4,85,
kasane_ao,4,109,
kasane_ted,4,85,
kasane_teto,4,5439,
kasane_teto_(sv),4,1377,
kase_tomoka,4,159,
kasei-san,4,105,
kasen_kanesada,4,393,
kashagiri's_cat_(touken_ranbu),4,31,
kashagiri_(touken_ranbu),4,53,
kashihara_noa_(kindatsu),4,101,
kashii_airi,4,98,
kashii_eiji,4,77,
kashiki_yuno,4,46,
kashima_(kancolle),4,9378,
kashima_hiiragi_(given),4,104,
kashima_yuu,4,387,
kashimashi_(silent_hill),4,19,
kashimo_hajime,4,91,
kashimoto_riko,4,207,
kashin_koji_(fate),4,42,
kashino_(azur_lane),4,1366,
kashino_(fresh_and_sweet)_(azur_lane),4,47,
kashino_(hot_springs_relaxation)_(azur_lane),4,674,
kashino_(maid_for_mayhem)_(azur_lane),4,95,
kashino_(robust_floral_strings)_(azur_lane),4,41,
kashiwaba_tomoe,4,159,
kashiwagi_azusa,4,111,
kashiwagi_chizuru,4,60,
kashiwagi_haruko,4,69,
kashiwagi_hatsune,4,65,
kashiwagi_kaede,4,61,
kashiwagi_kaoru,4,65,
kashiwagi_mahoro,4,12,
kashiwagi_tsubasa,4,135,
kashiwagi_yomogi,4,34,
kashiwagi_yuuma,4,87,
kashiwagi_yuuna,4,89,
kashiwazaki_sena,4,2313,
kashiyuka,4,111,
kashuu_kiyomitsu,4,1514,
kashuu_kiyomitsu_(kiwame),4,39,
kashuu_kiyomitsu_(tenka_hyakken),4,30,
kasia_mikolajczyk,4,85,
kasli_(nyanko_daisensou),4,31,
kasodani_kyouko,4,6131,
kass,4,60,
kassadin,4,35,
kasuga_(sengoku_basara),4,167,
kasuga_aya,4,47,
kasuga_ayumu,4,973,
kasuga_ichiban,4,143,
kasuga_kusunoki,4,35,
kasuga_maori,4,97,
kasuga_maru_(kancolle),4,761,
kasuga_mirai,4,729,
kasuga_misora,4,76,
kasuga_no_tsubone_(fate),4,42,
kasuga_nozomi,4,39,
kasuga_yui,4,89,
kasugai_haruko,4,41,
kasugano_haruka,4,88,
kasugano_sakura,4,1727,
kasugano_sora,4,547,
kasugano_tsubaki,4,57,
kasugano_urara_(yes!_precure_5),4,609,
kasukabe_haru,4,102,
kasukabe_saki,4,100,
kasukabe_tsukushi,4,80,
kasukabe_tsumugi,4,330,
kasukabe_you,4,38,
kasumi_(azur_lane),4,125,
kasumi_(blue_archive),4,1028,
kasumi_(doa),4,1741,
kasumi_(kancolle),4,4678,
kasumi_(magical_girl)_(princess_connect!),4,31,
kasumi_(princess_connect!),4,345,
kasumi_(shironeko_project),4,34,
kasumi_(sister)_(princess_connect!),4,10,
kasumi_(suikoden),4,77,
kasumi_(summer)_(princess_connect!),4,44,
kasumi_kai_ni_(kancolle),4,1768,
kasumi_mahiru,4,113,
kasumi_yozora,4,72,
kasumigaoka_utaha,4,899,
kat_(mazume),4,63,
kat_(warioware),4,88,
kataasa-ko,4,47,
katabami_(flower_knight_girl),4,73,
katagiri_ayako,4,31,
katagiri_himeko,4,215,
katagiri_non,4,58,
katagiri_sanae,4,783,
katagiri_yuuhi,4,60,
katakura_kojuurou_(sengoku_basara),4,117,
katalina_(granblue_fantasy),4,453,
katana_man_(chainsaw_man),4,240,
katanako,4,64,
katano_sukune,4,219,
kataochi_chuuko,4,41,
kataoka_megu,4,37,
kataoka_yuuki,4,423,
katara,4,250,
katarina_(fire_emblem),4,108,
katarina_(league_of_legends),4,718,
katarina_alves,4,32,
katarina_claes,4,400,
katase_(high_school_dxd),4,36,
katase_shima,4,147,
katase_shiori,4,36,
katase_yuki,4,36,
katasumi_amari,4,167,
katayama_minami,4,54,
kate_(idolmaster),4,76,
kate_(pokemon),4,32,
kate_(senrai_maidens),4,10,
kate_(shadows_house),4,268,
kate_(sketchbook_full_colors),4,43,
katejina_loos,4,71,
katelynn_(afrobull),4,61,
katharine_ohare,4,110,
katherine_freeling,4,13,
katherine_mcbride,4,94,
katheryne_(genshin_impact),4,84,
kathryne_keyron,4,264,
kathy_(abubu),4,42,
kati_mannequin,4,96,
katia_(fantasista_doll),4,37,
katia_grineal,4,49,
katia_waldheim,4,49,
katie_(sennen_sensou_aigis),4,65,
katina_tarask,4,49,
katori_(kancolle),4,1543,
katori_(pso2),4,50,
katori_batsuunsai,4,58,
katori_rea,4,40,
katori_shin'ichi,4,50,
katori_youko,4,81,
katou-chan_(shiromanta),4,38,
katou_asuka,4,1334,
katou_danzou_(fate),4,415,
katou_emiri,4,90,
katou_hazuki,4,239,
katou_juri,4,53,
katou_keiko,4,223,
katou_marika,4,242,
katou_mayumi,4,33,
katou_megumi,4,1116,
katou_takeko,4,51,
katou_umi,4,223,
katress_(palworld),4,39,
katri_(orc_wa_nozomanai),4,69,
katri_(unwilling_orc),4,69,
katrielle_layton,4,30,
katrina_(romancing_saga),4,33,
katrina_elesius,4,35,
katsu_kaishuu_(fate),4,51,
katsuki_hiroko,4,61,
katsuki_mari,4,74,
katsuki_toshiya,4,34,
katsuki_yuuri,4,1900,
katsumi_(mofumancer),4,20,
katsura_hinagiku,4,958,
katsura_kokoro,4,88,
katsura_kotarou,4,260,
katsura_kotonoha,4,458,
katsura_minamo,4,33,
katsura_seina,4,39,
katsura_yukiji,4,30,
katsuragi_(azur_lane),4,48,
katsuragi_(kancolle),4,1843,
katsuragi_(senran_kagura),4,454,
katsuragi_ace_(casual)_(umamusume),4,94,
katsuragi_ace_(dragon_rising_to_the_top)_(umamusume),4,628,
katsuragi_ace_(umamusume),4,1414,
katsuragi_chikagi,4,73,
katsuragi_hana,4,48,
katsuragi_izumi_(1st_costume),4,63,
katsuragi_izumi_(winter_loungewear),4,22,
katsuragi_kai_(kancolle),4,97,
katsuragi_keima,4,246,
katsuragi_lilja,4,496,
katsuragi_mari,4,41,
katsuragi_marina,4,31,
katsuragi_misato,4,1514,
katsuragi_yako,4,170,
katsushika_hokusai_(9th_anniversary)_(fate),4,59,
katsushika_hokusai_(fate),4,2652,
katsushika_hokusai_(festival_outfit)_(fate),4,88,
katsushika_hokusai_(painting_summer)_(fate),4,58,
katsushika_hokusai_(swimsuit_saber)_(fate),4,479,
katsushika_hokusai_(third_ascension)_(fate),4,170,
katsushika_hokusai_(traveling_outfit)_(fate),4,259,
katsuya_megu,4,101,
katy_(pokemon),4,306,
katya_(snowbreak),4,38,
katya_aurelie,4,10,
katyusha's_mother_(girls_und_panzer),4,33,
katyusha_(gindoro),4,47,
katyusha_(girls_und_panzer),4,3266,
katz_kobayashi,4,30,
kaveh_(genshin_impact),4,1964,
kaveh_(gigo)_(genshin_impact),4,38,
kawa_yui,4,30,
kawabata_hotaru,4,77,
kawabuchi_sentarou,4,73,
kawada_tomoko,4,100,
kawai_ameri,4,31,
kawai_honoka,4,56,
kawai_miruku,4,184,
kawai_rie,4,163,
kawai_rika,4,66,
kawai_ritsu,4,31,
kawai_sasami,4,51,
kawai_shizuka,4,41,
kawaii_girl_(avogado6),4,42,
kawaii_kotarou,4,45,
kawaii_voltage_wattson,4,61,
kawajiri_hayato,4,113,
kawajiri_kosaku,4,263,
kawajiri_shinobu,4,152,
kawakabe_momoka,4,58,
kawakami_bansai,4,36,
kawakami_gensai_(fate),4,396,
kawakami_gensai_(first_ascension)_(fate),4,223,
kawakami_gensai_(second_ascension)_(fate),4,105,
kawakami_gensai_(third_ascension)_(fate),4,48,
kawakami_kazuko,4,89,
kawakami_mai,4,695,
kawakami_momoyo,4,95,
kawakami_princess_(casual)_(umamusume),4,25,
kawakami_princess_(princess_bride)_(umamusume),4,12,
kawakami_princess_(umamusume),4,474,
kawakami_sadayo,4,736,
kawakami_seri,4,11,
kawakami_tomie,4,74,
kawakami_tomoko,4,105,
kawakaze_(azur_lane),4,293,
kawakaze_(kancolle),4,1577,
kawakaze_kai_ni_(kancolle),4,368,
kawakita_tomoe,4,115,
kawamatsu,4,32,
kawamoto_akari,4,62,
kawamoto_hinata,4,86,
kawamoto_momo,4,56,
kawamura_ami,4,53,
kawamura_kumi,4,47,
kawamura_reo,4,269,
kawamura_yuzuriha,4,135,
kawana_misaki,4,74,
kawanabe_nazuna,4,59,
kawanishi_shinobu,4,567,
kawaragi_momoka,4,2825,
kawasaki_raimu,4,42,
kawasaki_saki,4,101,
kawasaki_sakura_(idoly_pride),4,108,
kawashima_ami,4,706,
kawashima_mizuki,4,487,
kawashima_momo,4,1234,
kawashima_sapphire,4,263,
kawashima_yaruki,4,37,
kawashiro_mitori,4,253,
kawashiro_nitori,4,16434,
kawashiro_nitori_(kappa),4,47,
kawasumi_ayako,4,111,
kawasumi_mai,4,440,
kawata_masashi,4,32,
kawawa_sakurako,4,83,
kawazoe_misuzu,4,33,
kawazoe_tamaki,4,342,
kay_(girls_und_panzer),4,3439,
kay_faraday,4,165,
kaya_(blue_archive),4,260,
kaya_(hazakura_hinata),4,99,
kaya_(one_piece),4,45,
kaya_xavier,4,38,
kayama_tamami,4,45,
kayamori_hinata,4,19,
kayamori_ruka,4,470,
kayano_ai,4,91,
kayano_futaba,4,110,
kayano_kaede,4,76,
kayano_mikoto,4,48,
kayanuma_kiko,4,40,
kayle_(league_of_legends),4,194,
kaylie_(luchosworld),4,10,
kayn_(league_of_legends),4,236,
kayna_(monster_hunter),4,45,
kayneth_el-melloi_archibald,4,964,
kayo_(watamote),4,54,
kayoko_(blue_archive),4,5048,
kayoko_(dress)_(blue_archive),4,1290,
kayoko_(new_year)_(blue_archive),4,463,
kayou_(sennen_sensou_aigis),4,71,
kayou_hinagiku,4,19,
kayuu,4,32,
kaz,4,42,
kaz_asteri,4,38,
kazagumo_(azur_lane),4,38,
kazagumo_(kancolle),4,1250,
kazagumo_kai_ni_(kancolle),4,153,
kazairo_kotone,4,40,
kazakami_saaya,4,414,
kazakiri_(senran_kagura),4,41,
kazakiri_hyouka,4,105,
kazama_akira,4,212,
kazama_asuka,4,981,
kazama_genba,4,66,
kazama_iroha,4,2811,
kazama_iroha_(1st_costume),4,1466,
kazama_iroha_(maid),4,16,
kazama_iroha_(new_year),4,76,
kazama_iroha_(streetwear),4,84,
kazama_jin,4,562,
kazama_jun,4,128,
kazama_ritsuko,4,38,
kazama_ryouta,4,42,
kazama_souta,4,401,
kazama_souya,4,66,
kazama_touko,4,42,
kazamaki_matsuri,4,157,
kazamaki_matsuri_(female),4,153,
kazamatsuri_fuuka,4,224,
kazamatsuri_kazari,4,56,
kazamatsuri_matsuri,4,109,
kazamatsuri_rinna,4,44,
kazamatsuri_touma,4,62,
kazami_ellen,4,57,
kazami_kazuki,4,135,
kazami_kuku,4,108,
kazami_mizuho,4,310,
kazami_nobuko,4,58,
kazami_youka_(yokochu),4,142,
kazami_yuuji,4,62,
kazami_yuuka,4,17885,
kazami_yuuka_(pc-98),4,818,
kazanari_genjuurou,4,71,
kazanari_tsubasa,4,1187,
kazano_hiori,4,1426,
kazari_asami,4,41,
kazari_jun,4,136,
kaze_(fire_emblem),4,101,
kazehana,4,116,
kazehaya_shouta,4,69,
kazehaya_tatsumi,4,99,
kazemachi_haruka,4,44,
kazemaru_(arknights),4,101,
kazemaru_(like_illusion)_(arknights),4,48,
kazemaru_ichirouta,4,629,
kazesawa_sora,4,94,
kazetsubaki_kuriko,4,69,
kazooie_(banjo-kazooie),4,171,
kazuha's_friend_(genshin_impact),4,311,
kazuhira_miller,4,146,
kazuki_mai,4,49,
kazuma_(scryed),4,84,
kazuma_asogi,4,314,
kazuma_kuvaru,4,31,
kazumi_(madoka_magica),4,59,
kazumi_schlierenzauer,4,34,
kazumiya_rio,4,61,
kazuno_leah,4,268,
kazuno_sarah,4,358,
kazuraba_kouta,4,47,
kazuradrop_(fate),4,80,
kazusa_(band)_(blue_archive),4,897,
kazusa_(blue_archive),4,5172,
kcalb_(haiiro_teien),4,80,
kea_(eiyuu_densetsu),4,91,
keanu_reeves,4,58,
kearsarge_(all_night_charge)_(azur_lane),4,130,
kearsarge_(azur_lane),4,296,
keaton_(fire_emblem),4,89,
kecleon,4,200,
kedama_(touhou),4,379,
keele_zeibel,4,85,
kefka_palazzo,4,163,
kefla_(dragon_ball),4,301,
kei_(dirty_pair),4,367,
kei_(dirty_pair_flash),4,57,
kei_(m_k),4,419,
keikain_yura,4,51,
keiki_(juuni_kokuki),4,62,
keira_(haevest),4,47,
keishi_(shining_star),4,51,
keith_(voltron),4,177,
keith_claes,4,113,
keith_goodman,4,927,
keith_shadis,4,60,
keizou,4,54,
keke_(kirby),4,34,
kel_(birthday)_(omori),4,86,
kel_(faraway)_(omori),4,940,
kel_(headspace)_(omori),4,716,
kel_(omori),4,1664,
kelana_rin_(dave_cheung),4,11,
kelda_(akairiot),4,102,
keldeo,4,116,
keldeo_(ordinary),4,61,
keldeo_(resolute),4,47,
keller_enasa,4,59,
keltan,4,50,
kelvena_(xenogears),4,43,
kemeko_(kemeko_deluxe),4,39,
kemomimi-chan_(naga_u),4,1814,
kemuri_jataro,4,52,
ken'i_wang,4,32,
ken-chan,4,58,
ken_(barbie),4,43,
ken_(inui_toko),4,48,
ken_marinaris,4,113,
ken_masters,4,1004,
ken_the_eagle,4,37,
kendo_club_president_(rangu),4,39,
kendou_itsuka,4,202,
kengo_(granblue_fantasy),4,37,
kenjaku,4,46,
kenjou_akira,4,446,
kenjou_kaname,4,40,
kenmochi_shiena,4,41,
kenmochi_touko,4,201,
kenmochi_touya,4,707,
kenmochi_touya_(1st_costume),4,194,
kennen,4,86,
kenneth_sleg,4,54,
kenny_mccormick,4,345,
kenshi_(mortal_kombat),4,38,
kenshin_kagemitsu,4,47,
kenshiro,4,233,
kensuke_(dungeon_meshi),4,70,
kent_(azur_lane),4,52,
kent_(fire_emblem),4,48,
kentou_kanami,4,50,
kenzaki_makoto,4,1786,
kenzaki_ririka,4,103,
keph_(arknights),4,40,
keph_(teekaz)_(arknights),4,18,
keqing_(genshin_impact),4,7377,
keqing_(lantern_rite)_(genshin_impact),4,151,
keqing_(opulent_splendor)_(genshin_impact),4,947,
keramon,4,32,
kerberos,4,42,
kermit_the_frog,4,78,
kero,4,1490,
kero_(cardcaptor_sakura),4,257,
keropii,4,79,
keroro,4,471,
keroro_(kemono_friends),4,66,
kersaint_(azur_lane),4,67,
kerykeion,4,138,
kesa_kujiru,4,90,
kess_(coffeechicken),4,45,
kevin_(seiken_densetsu_3),4,73,
kevin_11_(ben_10),4,11,
kevin_graham,4,70,
kevin_kaslana,4,376,
kevin_levin,4,63,
kewl_tune_cue,4,36,
kewl_tune_reco,4,21,
kewpie_(mazohaha),4,34,
key_(cougar1404),4,43,
kfp_employee_(takanashi_kiara),4,318,
kg-6_sleipnir,4,53,
kha'zix,4,59,
khamsin_nbh'w,4,93,
khan_the_swift,4,82,
khezu,4,138,
khiara_(personal_ami),4,230,
khloe_aliapoh,4,47,
khorne,4,46,
khun_aguero_agnis,4,31,
ki-sikil_(yu-gi-oh!),4,351,
ki_(druaga),4,113,
ki_no_rapika,4,36,
ki_song,4,15,
kiana_kaslana,4,4556,
kiana_kaslana_(cramming),4,16,
kiana_kaslana_(divine_prayer),4,130,
kiana_kaslana_(herrscher_of_finality),4,711,
kiana_kaslana_(herrscher_of_flamescion),4,715,
kiana_kaslana_(herrscher_of_the_void),4,664,
kiana_kaslana_(knight_moonbeam),4,161,
kiana_kaslana_(selenic_ripples),4,39,
kiana_kaslana_(valkyrie_ranger),4,124,
kiana_kaslana_(void_drifter),4,276,
kiana_kaslana_(white_comet),4,556,
kiana_kaslana_(wintery_wishes),4,107,
kiara_(kenshin187),4,41,
kiawe_(pokemon),4,422,
kiba,4,35,
kiba_manami,4,141,
kiba_mikoto,4,42,
kibutsuji_muzan,4,181,
kicchou_yachie,4,2433,
kid_(chrono_cross),4,455,
kid_buu,4,80,
kid_cobra,4,38,
kida_masaomi,4,313,
kidagakash,4,62,
kidd_coega,4,63,
kidian_(trickcal),4,42,
kido_hyde,4,139,
kido_jo,4,276,
kido_saori,4,154,
kido_tsubomi,4,903,
kidou_yuuto,4,394,
kidouko_(zakusi),4,334,
kiefer,4,37,
kiera_(hhhemeleon),4,15,
kieran_(fire_emblem),4,46,
kieran_(pokemon),4,3037,
kiev_(azur_lane),4,97,
kihara_amata,4,46,
kihara_atsurou,4,47,
kihara_tsumugu,4,315,
kihel_heim,4,150,
kii-kun_(agnes_tachyon)_(umamusume),4,151,
kii_(azur_lane),4,64,
kii_(monster_musume),4,38,
kiichi_hougen_(fate),4,125,
kijima_hyouka,4,34,
kijima_matako,4,41,
kijima_saki,4,80,
kijima_shia,4,91,
kijin_seija,4,5783,
kijinmaru_kunishige_(tenka_hyakken),4,30,
kijo_kouyou_(fate),4,88,
kijo_kouyou_(third_ascension)_(fate),4,50,
kijo_momiji,4,42,
kikaijima_mogana,4,45,
kiki_(herayoshi),4,45,
kiki_(koba),4,46,
kiki_(little_twin_stars),4,71,
kiki_(majo_no_takkyuubin),4,954,
kiki_(modern_mogal),4,35,
kiki_ajimi,4,37,
kiki_floke,4,31,
kikimora_(monster_girl_encyclopedia),4,72,
kikimora_(puyopuyo),4,41,
kikirara_vivi_(flowglow_uniform),4,20,
kikka_kitamoto,4,48,
kikka_the_steadfast,4,17,
kikkou_sadamune,4,65,
kiku_ichimonji_norimune,4,39,
kikuchi_fuuka,4,34,
kikuchi_makoto,4,4648,
kikuchi_moa,4,32,
kikuchi_tae,4,33,
kikuchiyo_(samurai_7),4,10,
kikuhara_karin,4,54,
kikukawa_azami,4,50,
kikukawa_yukino,4,77,
kikuko_(kazu),4,38,
kikuma_kaya,4,43,
kikunojo_(one_piece),4,137,
kikurage_(dorohedoro),4,70,
kikuri_(touhou),4,225,
kikuri_yuki,4,47,
kikusaka_kochou,4,34,
kikuta_mokutaro,4,104,
kikuzuki_(kancolle),4,769,
kikwi,4,42,
kikyou_(blue_archive),4,1575,
kikyou_(inuyasha),4,249,
kilimanjaro_(girls_und_panzer),4,40,
kill_bear,4,33,
killer_(one_piece),4,161,
killer_bee,4,41,
killer_queen,4,558,
killer_t_(hataraku_saibou),4,154,
killer_whale_(kemono_friends)_(stylecase),4,31,
killia_(disgaea),4,41,
killian_phegor,4,38,
killjoy_(valorant),4,113,
killmonger,4,44,
killua_zoldyck,4,1295,
killy,4,137,
kilo_(nikke),4,43,
kilowattrel,4,44,
kim_(mleth),4,54,
kim_(omori),4,42,
kim_chae-won,4,37,
kim_cheol,4,31,
kim_dokja,4,456,
kim_jaehee,4,115,
kim_joo-joo,4,32,
kim_kaphwan,4,72,
kim_kitsuragi,4,99,
kim_nak-won,4,32,
kim_pine,4,204,
kim_possible,4,148,
kim_yoon_(gondom),4,53,
kimahri_ronso,4,48,
kimberly_(azur_lane),4,39,
kimberly_jackson,4,242,
kimeemaru,4,332,
kimidori-san,4,62,
kimidori_(ico),4,102,
kimidori_emiri,4,307,
kimihara_himeno,4,34,
kimijima_sara,4,207,
kimijima_yayoi,4,37,
kimikage_yui,4,175,
kimiko_(zakusi),4,39,
kimipiyo_(tenmiyakiyo),4,51,
kimishima_ayano,4,61,
kimishima_touka,4,61,
kimiyoshi_natsumi,4,44,
kimono_girl_(pokemon),4,38,
kimun_kamui_(housamo),4,37,
kimura,4,75,
kimura_fumie,4,48,
kimura_kaere,4,235,
kimura_kouichi,4,32,
kimura_natsuki,4,521,
kimura_ryu,4,154,
kimura_seiko,4,136,
kimura_takako,4,34,
kin'iro_ryotei_(umamusume),4,438,
kinagase_tsumugu,4,351,
kinako_(40hara),4,345,
kindred_(league_of_legends),4,718,
kine_(kirby),4,158,
kinemon,4,118,
kinezono_rio,4,43,
king_(nadia),4,131,
king_(nanatsu_no_taizai),4,147,
king_(one-punch_man),4,127,
king_(one_piece),4,193,
king_(snk),4,304,
king_(tekken),4,118,
king_arthur_(eiyuu_senki),4,31,
king_arthur_(mythology),4,47,
king_boo,4,148,
king_bradley,4,101,
king_cheetah_(kemono_friends),4,41,
king_clawthorne,4,54,
king_cobra_(kemono_friends),4,219,
king_crimson_(stand),4,191,
king_dedede,4,942,
king_en_(juuni_kokuki),4,31,
king_gainer,4,39,
king_george_v_(azur_lane),4,102,
king_ghidorah,4,184,
king_ghidorah_(monsterverse),4,71,
king_halo_(casual)_(umamusume),4,75,
king_halo_(evergreen_identity)_(umamusume),4,32,
king_halo_(noble_white_cheer_attire)_(umamusume),4,86,
king_halo_(tonight_we_waltz)_(umamusume),4,26,
king_halo_(umamusume),4,2129,
king_hassan_(fate),4,1054,
king_jikochuu,4,36,
king_k._rool,4,168,
king_kazma,4,83,
king_kittan,4,64,
king_kong,4,100,
king_magnifico,4,65,
king_of_dinosaurs,4,35,
king_of_greed,4,65,
king_penguin_(kemono_friends),4,46,
king_shark_(dc),4,31,
king_slime,4,78,
kingambit,4,38,
kingdra,4,236,
kinger_(the_amazing_digital_circus),4,83,
kingler,4,117,
kingprotea_(fate),4,436,
kingprotea_(second_ascension)_(fate),4,38,
kingu_(fate),4,120,
kinich_(genshin_impact),4,567,
kinich_(parallels_meet)_(genshin_impact),4,12,
kiniro_(mushihime-sama),4,41,
kinjou_tsurugi,4,48,
kinjyou_(shashaki),4,164,
kinkaku_(kemono_friends),4,49,
kinnikuman_(character),4,61,
kino_(kino_no_tabi),4,1077,
kino_aki,4,243,
kino_books,4,39,
kino_himari,4,213,
kino_kuniya,4,33,
kino_makoto,4,1700,
kino_mayumi,4,34,
kinomiya_takao,4,42,
kinomiya_yukari,4,44,
kinomoto_sakura,4,6917,
kinomoto_sakura_(magic_dream_costume),4,45,
kinomoto_touya,4,165,
kinon_bachika,4,266,
kinose_azusa,4,37,
kinoshita_akane,4,35,
kinoshita_hideyoshi,4,425,
kinoshita_hinata,4,274,
kinoshita_kaede,4,45,
kinoshita_kazuya,4,42,
kinoshita_maori,4,26,
kinoshita_ringo,4,31,
kinoshita_ringo_(no-rin),4,49,
kinoshita_rumi,4,33,
kinoshita_shizuka,4,112,
kinoshita_yuuko,4,33,
kinpatsu-chan_(rucchiifu),4,86,
kinshi_no_ane,4,357,
kintaros,4,41,
kintarou,4,35,
kintoki_(sakura_miko),4,284,
kintsuba_(shiranui_flare),4,330,
kinu_(azur_lane),4,142,
kinu_(kancolle),4,963,
kinu_kai_ni_(kancolle),4,154,
kinugasa_(kancolle),4,2024,
kinugasa_kai_ni_(kancolle),4,703,
kinugawa_itsuki,4,100,
kinugawa_sana,4,102,
kinuhata_saiai,4,354,
kinukawa_chinatsu,4,128,
kinzoku_bat,4,70,
kipi-san,4,135,
kira-kira_kiriko,4,31,
kira_(zeebythesea),4,26,
kira_hitomiko,4,36,
kira_izuru,4,38,
kira_miki,4,50,
kira_tsubasa,4,319,
kira_yamato,4,553,
kira_yoshikage,4,1000,
kira_yoshikage_(bites_the_dust),4,115,
kira_yoshikage_(jojolion),4,154,
kiracchu_(pri_chan),4,62,
kiragi_(fire_emblem),4,109,
kirahoshi_ciel,4,294,
kirahoshi_kanna,4,94,
kirakira_(dohna_dohna),4,33,
kirakishou,4,595,
kirameki_mamika,4,46,
kiran_(female)_(fire_emblem),4,109,
kiran_(fire_emblem),4,1044,
kiran_(male)_(fire_emblem),4,517,
kirara_(arknights),4,121,
kirara_(blue_archive),4,1166,
kirara_(cat)_(genshin_impact),4,98,
kirara_(genshin_impact),4,1274,
kirara_(gundam_bf),4,35,
kirara_(inuyasha),4,74,
kirara_(phantom_in_boots)_(genshin_impact),4,110,
kirara_(post_office)_(genshin_impact),4,48,
kirara_bernstein,4,99,
kirara_ookami,4,40,
kirarazaka_marina,4,80,
kirari_hikaru,4,97,
kirasaka_sayaka,4,187,
kirawus_(golden_kamuy),4,50,
kirbella_(yui_hiroshi),4,18,
kirby,4,6752,
kirche_augusta_frederica_von_anhalt_zerbst,4,238,
kireina_(osiimi),4,47,
kirenenko_(usavich),4,59,
kireri_(exs-tia_concert),4,17,
kiri_(sub-res),4,123,
kiri_(trouble_spirit),4,38,
kirie_(kouya_no_kotobuki_hikoutai),4,59,
kirigakure_shura,4,93,
kirigaya_hitsugi,4,54,
kirigaya_suguha,4,1789,
kirigaya_toko,4,102,
kirigiri_jin,4,53,
kirigiri_kyoko,4,3520,
kirigoe_mima,4,127,
kirih_shiraishi_(sword_scream),4,40,
kiriha_(tsugumomo),4,215,
kirihara_jyazue,4,36,
kirihara_mana,4,32,
kirihara_misaki,4,67,
kirihara_tatsugoro_torayasu,4,52,
kirihara_torajyuro_tatsumune,4,41,
kirihara_youichi,4,40,
kirijou_mitsuru,4,1749,
kirika_(peach88),4,101,
kirika_towa_alma,4,107,
kiriko_(black_jack),4,37,
kiriko_(overwatch),4,478,
kirima_syaro,4,2781,
kirin_(gunvolt),4,75,
kirin_(kemono_friends),4,150,
kirin_(monster_hunter),4,92,
kirin_(nijiura_maids),4,112,
kirin_kai-ii,4,39,
kirin_r_yato_(arknights),4,179,
kirino_(blue_archive),4,785,
kirino_(swimsuit)_(blue_archive),4,272,
kirino_aya,4,84,
kirino_ranmaru,4,1696,
kirisaki_chitoge,4,506,
kirisaki_kyouko_(toloveru),4,47,
kirisaki_shidou,4,47,
kirisame_marisa,4,70313,
kirisame_marisa_(pc-98),4,634,
kirisame_marisa_(witch_of_scarlet_dreams),4,34,
kirisawa_juuzou_(character),4,701,
kirishiki_sunako,4,30,
kirishima_(aoki_hagane_no_arpeggio),4,190,
kirishima_(azur_lane),4,81,
kirishima_(kancolle),4,4520,
kirishima_akari,4,42,
kirishima_ayato,4,52,
kirishima_chihiro,4,10,
kirishima_eijirou,4,748,
kirishima_eriko,4,75,
kirishima_kai_ni_(kancolle),4,396,
kirishima_kaito,4,62,
kirishima_kanna,4,136,
kirishima_kano,4,122,
kirishima_kotone,4,39,
kirishima_mana,4,48,
kirishima_mei_(huyumitsu),4,94,
kirishima_reiko,4,42,
kirishima_romin,4,263,
kirishima_sagiri,4,38,
kirishima_sakura,4,40,
kirishima_sakura_(hundred),4,30,
kirishima_shizuku,4,89,
kirishima_shouko,4,63,
kirishima_touka,4,925,
kirishima_yurika,4,60,
kirisu_mafuyu,4,180,
kiritani_haruka,4,588,
kiritani_riria,4,51,
kirito,4,3244,
kirito_(sao-alo),4,313,
kirito_(sao-ggo),4,555,
kiriya_aoi,4,1105,
kiriya_erika,4,41,
kiriya_nozomi,4,95,
kiriyama_rei,4,58,
kiriyama_sakura,4,99,
kiriyama_yui,4,39,
kiriyama_yuzuki,4,16,
kirlia,4,1658,
kiroranke,4,236,
kirov_(azur_lane),4,57,
kirschtaria_wodime,4,420,
kiruko_(tengoku_daimakyou),4,122,
kiryu_coco,4,3822,
kiryu_coco_(1st_costume),4,1725,
kiryu_coco_(3rd_costume),4,493,
kiryu_coco_(dragon),4,176,
kiryu_coco_(new_year),4,82,
kiryu_kazuma,4,539,
kiryu_kuro,4,108,
kiryu_touko,4,113,
kiryu_tsukasa_(idolmaster),4,271,
kiryuu_aika,4,37,
kiryuu_kaoru,4,144,
kiryuu_kyousuke,4,80,
kiryuu_michiru,4,155,
kiryuu_miya,4,71,
kiryuu_moeka,4,291,
kiryuu_nanami,4,45,
kiryuu_sento,4,55,
kiryuu_shino,4,46,
kiryuu_touga,4,55,
kiryuu_yoshiya,4,61,
kiryuuin_aoi,4,237,
kiryuuin_ragyou,4,422,
kiryuuin_satsuki,4,4709,
kiryuuin_souichirou,4,31,
kirze,4,33,
kisaki_(blue_archive),4,5373,
kisaki_(kindergarten_uniform)_(blue_archive),4,78,
kisaki_anko,4,44,
kisaki_emiri,4,43,
kisaki_kanann,4,31,
kisaki_mio,4,55,
kisaki_reina,4,52,
kisaki_souhei,4,31,
kisakinomiya_chihaya,4,60,
kisara_(engage_kiss),4,74,
kisara_(tales),4,117,
kisara_(yu-gi-oh!),4,127,
kisaragi_(azur_lane),4,893,
kisaragi_(criminal_girls),4,42,
kisaragi_(kancolle),4,2217,
kisaragi_(retrofit)_(azur_lane),4,84,
kisaragi_akane,4,33,
kisaragi_alice,4,59,
kisaragi_chihaya,4,4678,
kisaragi_eiji,4,32,
kisaragi_gentarou,4,55,
kisaragi_honey,4,125,
kisaragi_kai_ni_(kancolle),4,473,
kisaragi_louis,4,54,
kisaragi_maaya,4,50,
kisaragi_mifuyu,4,36,
kisaragi_momo,4,654,
kisaragi_ren_(1st_costume)_(vspo!),4,17,
kisaragi_ren_(2nd_costume)_(vspo!),4,15,
kisaragi_ren_(3rd_costume)_(vspo!),4,55,
kisaragi_ren_(4th_costume)_(vspo!),4,10,
kisaragi_ren_(5th_costume)_(vspo!),4,76,
kisaragi_ren_(mahjong_soul),4,56,
kisaragi_ren_(summer_c102)_(vspo!),4,14,
kisaragi_ren_(vspo!),4,418,
kisaragi_ren_(vtuber),4,198,
kisaragi_reona,4,43,
kisaragi_saya,4,98,
kisaragi_shintarou,4,1079,
kisaragi_shuuji,4,37,
kisaragi_tomi,4,82,
kisaragi_tsubasa,4,59,
kise_chiharu,4,45,
kise_hiyoko,4,32,
kise_ryouta,4,351,
kise_saki,4,87,
kise_yayoi,4,2776,
kiseijou_rei,4,70,
kiseijou_rei_(goddess_form),4,36,
kiseki_raki,4,61,
kisero_(kyuri_tizu),4,31,
kishi_mieko,4,77,
kishi_youko,4,50,
kishibe_(chainsaw_man),4,357,
kishibe_(young)_(chainsaw_man),4,100,
kishibe_ayaka,4,75,
kishibe_rohan,4,1660,
kishibe_taiga,4,171,
kishida_chie,4,19,
kishido_temma,4,366,
kishido_temma_(1st_costume),4,49,
kishima_kouma,4,92,
kishimoto_ayase,4,50,
kishimoto_lucia_raimu,4,79,
kishimoto_maria_mirai,4,87,
kishimoto_sae,4,34,
kishin_sagume,4,4144,
kishinami_(kancolle),4,824,
kishinami_hakuno_(female),4,1230,
kishinami_hakuno_(female)_(another_ending),4,31,
kishinami_hakuno_(female)_(mooncancer),4,42,
kishinami_hakuno_(male),4,526,
kishinuma_yoshiki,4,40,
kishirika_kishirisu,4,48,
kishiru_inugami,4,22,
kishitani_shinra,4,184,
kiso_(kancolle),4,4161,
kiso_azuki,4,47,
kiso_kai_ni_(kancolle),4,634,
kiss-shot_acerola-orion_heart-under-blade,4,1011,
kiss_(stand),4,39,
kisugi_hitomi,4,38,
kisuke,4,79,
kisume,4,3636,
kita_hinako,4,227,
kita_ichiban,4,74,
kita_ikuyo,4,5747,
kita_no_miko,4,44,
kita_shinsuke,4,31,
kitagawa_jun,4,33,
kitagawa_mahiro,4,93,
kitagawa_marin,4,4269,
kitagawa_yuusuke,4,431,
kitagou_fumika,4,127,
kitahara_mio,4,109,
kitajima_kaede,4,182,
kitajima_sara,4,179,
kitakami_(kancolle),4,6195,
kitakami_futaba,4,113,
kitakami_kai_(kancolle),4,70,
kitakami_kai_ni_(kancolle),4,433,
kitakami_reika,4,545,
kitakaze_(azur_lane),4,55,
kitakoji_hisui,4,194,
kitakoji_hisui_(2nd_costume),4,31,
kitami_(kaiji),4,42,
kitami_erika,4,76,
kitami_reika,4,47,
kitami_sawako,4,93,
kitami_yuzu,4,367,
kitamori_yaeka,4,42,
kitamura_(splatoon),4,50,
kitamura_eri,4,75,
kitamura_motoyasu,4,41,
kitamura_sora,4,107,
kitamura_yuusaku,4,78,
kitana,4,65,
kitanaga,4,33,
kitanai_ninja,4,90,
kitano_(zekkyon),4,87,
kitaoji_sakura,4,99,
kitaooji_hanabi,4,111,
kitaooji_satsuki,4,119,
kitarou,4,499,
kitasan_black_(jubilant_star_auspicious_crane)_(umamusume),4,60,
kitasan_black_(umamusume),4,3221,
kitashirakawa_anko,4,312,
kitashirakawa_chiyuri,4,688,
kitashirakawa_tamako,4,1022,
kitayama_shizuku,4,46,
kitazato_shigure,4,35,
kitazawa_hagumi,4,209,
kitazawa_shiho,4,1300,
kitazawa_shiho_(private_dress),4,12,
kitchen_dragonmaid,4,208,
kite_(.hack//),4,76,
kite_(hunter_x_hunter),4,118,
kitkallos_(yu-gi-oh!),4,196,
kitora_ai,4,72,
kitou_akari,4,60,
kitsu_(mon-musu_quest!),4,62,
kitsu_chiri,4,463,
kitsugai_sese,4,133,
kitsune_(persona_4),4,52,
kitsune_luigi,4,44,
kitsune_no_botan_(flower_knight_girl),4,35,
kitsune_onee-san_(akitsuki_karasu),4,32,
kitsune_onee-san_(shuugetsu_karasu),4,32,
kitsune_saiguu,4,88,
kitsune_spirit_(doitsuken),4,265,
kitsunegasaki_tametsugu_(tenka_hyakken),4,77,
kitsurubami,4,43,
kitt_(yu-gi-oh!),4,117,
kittan_bachika,4,316,
kitten_(gravity_daze),4,708,
kitty_(liuskin),4,11,
kitty_cat_katarina,4,46,
kitty_pryde,4,37,
kivat-bat_iii,4,62,
kivotos_dog_citizen_(blue_archive),4,11,
kiwi_(cyberpunk),4,80,
kiyal_bachika,4,297,
kiyama_harumi,4,209,
kiyama_hiroto,4,466,
kiyase_suru_kouhai_(kirimmitsu),4,53,
kiyoh_bachika,4,219,
kiyohime_(fate),4,2898,
kiyohime_(kiyohime_in_ribbons)_(fate),4,37,
kiyohime_(swimsuit_lancer)_(fate),4,661,
kiyohime_(swimsuit_lancer)_(first_ascension)_(fate),4,331,
kiyohime_(swimsuit_lancer)_(second_ascension)_(fate),4,67,
kiyohime_(swimsuit_lancer)_(third_ascension)_(fate),4,233,
kiyohime_(third_ascension)_(fate),4,216,
kiyone_suzu,4,77,
kiyoshimo_(kancolle),4,2786,
kiyoshimo_kai_ni_(kancolle),4,72,
kiyosumi_kuro,4,77,
kiyota_yoshinori,4,33,
kiyotaki_keika,4,42,
kiyoura_setsuna,4,112,
kizaki_emi,4,57,
kizaki_erika,4,76,
kizaki_ren,4,242,
kizakura_koichi,4,58,
kizakura_kouichi,4,56,
kizuchi_kanna,4,84,
kizuna_ai,4,1666,
kizuna_ai_(a.i._games),4,171,
kizuna_ai_(anniversary),4,63,
kizuna_ai_(elegant),4,71,
kizuna_ai_(musician),4,67,
kizuna_akari,4,3345,
kizuna_akari_(a.i._voice),4,147,
kizuna_akari_(moe),4,31,
kizuna_akari_(tsubomi),4,136,
kizuna_akari_(vocaloid6),4,28,
kjelle_(fire_emblem),4,58,
kjera_(arknights),4,256,
kjera_(ingenious_servant)_(arknights),4,92,
klan_klein,4,645,
klang,4,37,
klara_(pokemon),4,727,
klarwind,4,99,
klaudia_valentz,4,450,
klaus_von_reinhertz,4,181,
klavier_gavin,4,292,
kleavor,4,50,
klee_(blossoming_starlight)_(genshin_impact),4,349,
klee_(genshin_impact),4,5997,
klefki,4,131,
klein_(fire_emblem),4,52,
klein_(honkai_impact),4,97,
klein_(sao),4,157,
klein_(sao-alo),4,48,
klein_moretti,4,827,
kleken_(alchemy_stars),4,38,
kliff_(fire_emblem),4,63,
klim_nick,4,31,
klin_(girls'_frontline),4,140,
klink,4,87,
klinklang,4,75,
kloe_rinz,4,78,
klonoa,4,206,
klug_(puyopuyo),4,167,
kmt_(tkotu),4,40,
kneeling_girl_(kancolle),4,40,
kneesocks_(psg),4,724,
knifehead,4,41,
knight_(7th_dragon),4,62,
knight_(dungeon_and_fighter),4,272,
knight_(elsword),4,33,
knight_(fft),4,89,
knight_(hollow_knight),4,322,
knight_(ragnarok_online),4,249,
knight_(shichigatsu),4,68,
knight_(yu-gi-oh!),4,157,
knight_blazer,4,67,
knight_emperor_(elsword),4,30,
knight_gundam,4,55,
knight_lautrec_of_carim,4,54,
knight_of_astora_oscar,4,33,
knight_of_despair,4,81,
knight_princess_annelotte,4,112,
knight_servant,4,79,
knives_chau,4,115,
knuckle_bine,4,31,
knuckles_the_echidna,4,888,
ko-yuyuko_(shin'en),4,55,
koakuma,4,14604,
koala_(kemono_friends),4,34,
koala_(one_piece),4,197,
koashi_mutsumi,4,84,
kobayakawa_horan,4,62,
kobayakawa_miyuki,4,219,
kobayakawa_rinko,4,637,
kobayakawa_sae,4,949,
kobayakawa_sena,4,143,
kobayakawa_yutaka,4,556,
kobayashi_(maidragon),4,838,
kobayashi_aika,4,43,
kobayashi_chihiro_(bokuyaba),4,59,
kobayashi_rindou,4,91,
kobayashi_yoshio,4,39,
kobe_bryant,4,32,
kobo_kanaeru,4,739,
kobo_kanaeru_(1st_costume),4,340,
kobold_(monster_girl_encyclopedia),4,39,
koborii_(amaburi),4,130,
kobotoke_nagi,4,31,
kobuchizawa_shirase,4,145,
kobushi_abiru,4,386,
kobushime_(sorobochi),4,71,
koby_(one_piece),4,155,
kochiya_sanae,4,35270,
kochiya_yuriko,4,48,
kochou_kanae,4,269,
kochou_shinobu,4,2375,
koda_michiru,4,128,
kodachi_nagi,4,45,
kodai_susumu,4,80,
kodai_yui,4,38,
kodama,4,146,
kodama's_elder_sister_(sakura_yuki),4,52,
kodama_(sakura_yuki),4,45,
kodama_fumika,4,267,
kodama_izayoi,4,124,
kodama_shichirou,4,112,
kodiak_bear_(kemono_friends),4,120,
kody_(pudgeruffian),4,81,
koenma,4,47,
koffing,4,346,
kofji_(cookie),4,126,
kofu_(pokemon),4,35,
kofune_mio,4,103,
kofune_ushio,4,277,
kog'maw,4,92,
koga_(cookie),4,49,
koga_(pokemon),4,148,
koga_koharu,4,398,
koga_mitsuki,4,328,
koga_norio,4,127,
koga_sayoko,4,49,
koga_tomoe,4,80,
koga_yuika,4,39,
kogami_akira,4,394,
koganei_koito,4,35,
kogara_toto,4,73,
kogarasumaru_(tenka_hyakken),4,39,
kogarasumaru_(touken_ranbu),4,88,
kogasa-san's_father,4,134,
kogasa-san's_mother,4,78,
kogasa-san's_sister,4,38,
kogitsunemaru,4,732,
koguma_(super_cub),4,168,
kogure_kiminobu,4,137,
kogure_ruka,4,367,
kogure_yuuya,4,42,
kohagura_ellen,4,89,
kohaku_(cookie),4,41,
kohaku_(dr._stone),4,152,
kohaku_(fuu),4,33,
kohaku_(riku),4,16,
kohaku_(rune_factory),4,57,
kohaku_(tsukihime),4,1304,
kohaku_(yua),4,311,
kohaku_hearts,4,107,
kohaku_nene,4,31,
kohaku_yuri,4,85,
kohaku_yuri_(1st_costume),4,35,
kohara_konomi,4,39,
koharu_(blue_archive),4,6233,
koharu_(irori),4,35,
koharu_(love-bullet),4,56,
koharu_(morikura_en),4,42,
koharu_(swimsuit)_(blue_archive),4,1409,
koharu_(yume_no_owari),4,103,
koharu_rikka,4,439,
koharu_suzumura,4,71,
koharu_yoshino,4,91,
kohibari_kurumi,4,297,
kohigashi_hitona,4,43,
kohinata_aoi_(dokidoki_sister_aoi-chan),4,127,
kohinata_hayami,4,51,
kohinata_hikari,4,47,
kohinata_kuon,4,35,
kohinata_miho,4,1039,
kohinata_miku,4,917,
kohinata_sumomo,4,49,
kohinata_yukari,4,67,
kohinata_yuuma,4,34,
kohiruimaki_karen,4,65,
kohitsuji_ai,4,90,
koide_natsuno,4,54,
koigakubo_momoko,4,58,
koinoya_mai,4,36,
koinu-chan,4,95,
koinumaru-san,4,40,
koipanion_(josuiji_shinri),4,54,
koishikawa_emma,4,75,
koishikawa_iko,4,85,
koiso_kenji,4,63,
koiso_tsukasa,4,32,
koito_otonoshin,4,656,
koito_yuu,4,646,
koiwai_flora,4,36,
koiwai_yoshino,4,95,
koiwai_yotsuba,4,609,
koizuka_koyume,4,44,
koizumi_akako,4,39,
koizumi_chika,4,37,
koizumi_hanayo,4,3890,
koizumi_itsuki,4,1850,
koizumi_itsuki_(female),4,560,
koizumi_mahiru,4,854,
kojika_juis,4,19,
kojima-senpai_(materu2532),4,36,
kojima_emi,4,234,
kojima_genta,4,55,
kojima_kana,4,30,
kojima_kirie,4,59,
kojo_anna,4,603,
kojo_anna_(2nd_costume),4,52,
kojo_anna_(3rd_costume),4,73,
kokado_shido_(domo),4,143,
kokage-san,4,54,
kokaji_sukoya,4,45,
kokkoro_(ceremonial)_(princess_connect!),4,123,
kokkoro_(new_year)_(princess_connect!),4,117,
kokkoro_(princess)_(princess_connect!),4,68,
kokkoro_(princess_connect!),4,3480,
kokkoro_(real)_(princess_connect!),4,119,
kokkoro_(summer)_(princess_connect!),4,278,
kokkuri-san_(gugukoku),4,85,
koko_(kamitsubaki_studio),4,216,
koko_(kishibe),4,68,
koko_(pokemon),4,41,
koko_hekmatyar,4,204,
kokoa-chan_(pan_(mimi)),4,92,
kokoa_remon,4,81,
kokoa_remon_(primagista),4,44,
kokoda_kouji,4,53,
kokomine_cocona,4,351,
kokona_(blue_archive),4,1946,
kokone_(vocaloid),4,39,
kokonoe_(blazblue),4,395,
kokonoe_rin,4,587,
kokonoe_tamaki,4,62,
kokonoe_tsubaki,4,230,
kokonoi_hajime,4,77,
kokonose_haruka,4,355,
kokoro_(darling_in_the_franxx),4,271,
kokoro_(doa),4,132,
kokoro_(hakui_koyori),4,450,
kokorogari_kijo_momiji,4,39,
kokorowa-hime,4,42,
kokubunji_koyori,4,161,
kokubunji_suou,4,163,
kokuoh_(hokuto_no_ken),4,37,
kokura_asahi,4,44,
kokuriko_(blue_archive),4,99,
kokuryu_kai_(domo),4,53,
kokushibou,4,95,
kokutenshi_hibaru,4,124,
kokutou_azaka,4,199,
kokutou_mikiya,4,309,
kokuu_haruto,4,83,
kokuyou_(tsugumomo),4,79,
koleda_belobog,4,490,
kolibri_(girls'_frontline),4,39,
kolibri_(signalis),4,70,
kolin,4,180,
kollie_(kollerss),4,42,
kolmio,4,42,
kolulu_(granblue_fantasy),4,72,
kolulu_(summer)_(granblue_fantasy),4,35,
koma_(neko_musume_michikusa_nikki),4,47,
koma_ion,4,46,
komachi_panko,4,75,
komachi_panko_(4th_costume),4,25,
komachi_panko_(pankfather),4,15,
komachi_tsugumi,4,70,
komadori_renge,4,119,
komae_nadeshiko,4,31,
komaeda_nagito,4,5850,
komagome_azuzu,4,48,
komahime_(fate),4,124,
komai_hasuki,4,41,
komajirou,4,173,
komaki_ikuno,4,254,
komaki_manaka,4,1042,
komaki_midori,4,56,
komakusa_sannyo,4,431,
komala,4,118,
komamura_sajin,4,53,
komano_aunn,4,1799,
komano_aunn_(komainu),4,92,
komano_manato_(white_heart_silhouette),4,51,
komari_chika,4,185,
komaro-chan,4,104,
komaru_(himouto!_umaru-chan),4,239,
komasan,4,494,
komatsu_ibuki,4,181,
komatsu_nana,4,43,
komatsuzaki_rie,4,45,
komatsuzaki_umi,4,32,
kome-kome_(precure),4,235,
kome-kome_(precure)_(human),4,53,
komeiji_koishi,4,34606,
komeiji_koishi_(cat),4,47,
komeiji_koishi_(heartless_swamp_lady),4,24,
komeiji_satori,4,25658,
komekko,4,317,
komi_(trickcal),4,52,
komi_shouko,4,1966,
komi_shuuko,4,263,
komichi_aya,4,402,
komikado_sachi,4,155,
kominami_asumi,4,33,
kominato_haruichi,4,30,
kominato_ruuko,4,76,
komine_sachi,4,84,
komiya_arisa,4,35,
komiya_ena,4,32,
komiya_kaho,4,1604,
komiya_nonoka,4,51,
komiyama_ai,4,63,
komiyama_kotomi,4,192,
kommo-o,4,78,
komodo_dragon_(kemono_friends),4,114,
komori_kinoko,4,117,
komori_kiri,4,499,
komori_met,4,256,
komori_met_(2nd_costume),4,31,
komori_met_(5th_costume),4,38,
komori_sana,4,35,
komori_shuri,4,88,
komori_yui,4,49,
komoriya_sanaka,4,16,
komugi_(hunter_x_hunter),4,99,
komugi_(lee),4,147,
komugi_(minato_aqua),4,32,
komugi_(wataame27),4,42,
komuro_chinami,4,74,
komuro_takashi,4,62,
kon-el,4,72,
kon_(bleach),4,205,
kon_(fate),4,130,
kon_(inakon),4,31,
kon_(kemono_jihen),4,34,
kon_(tokyo_ravens),4,42,
kon_futaba,4,110,
kon_kanaho,4,816,
kon_rei,4,40,
konami_kirie,4,150,
konan_(naruto),4,311,
konan_mia,4,58,
konata_(kankin_jk),4,175,
konatsu_(owasaki),4,37,
kondou_isami_(fate),4,220,
kondou_isami_(first_ascension)_(fate),4,41,
kondou_isami_(over_the_same_sky)_(fate),4,18,
kondou_isami_(second_ascension)_(fate),4,11,
kondou_isami_(white_kotetsu)_(fate),4,40,
kondou_isao,4,131,
kondou_mikoto,4,32,
kondou_misaka,4,71,
kondou_saki,4,83,
kondou_taeko,4,981,
kondraki,4,46,
koneshima,4,30,
kong_(gyee),4,44,
kong_(monsterverse),4,66,
kongiku,4,214,
kongou_(aoki_hagane_no_arpeggio),4,522,
kongou_(azur_lane),4,173,
kongou_(kancolle),4,13586,
kongou_iroha,4,108,
kongou_kai_ni_(kancolle),4,1229,
kongou_mitsuko,4,167,
kongou_sensei,4,102,
konig_(call_of_duty),4,153,
konishi_saki,4,37,
konjiki_no_yami,4,1620,
konngara_(touhou),4,534,
konno_junko,4,1499,
konno_makoto,4,221,
konno_mitsune,4,120,
konno_natsume,4,31,
konno_yuuki_(sao),4,56,
konnosuke,4,189,
konnyaku_yuuna,4,69,
kono_miyako,4,174,
kono_natsuki,4,30,
konoe_(lamento),4,47,
konoe_a._mercury,4,244,
konoe_fumina,4,34,
konoe_haruka,4,68,
konoe_kanata,4,1293,
konoe_kanata_(kujibikido_swimsuit),4,11,
konoe_konoka,4,324,
konoe_nanami,4,54,
konoe_subaru,4,121,
konoe_sunao,4,40,
konoha_(arcana_heart),4,84,
konoha_(kagerou_project),4,615,
konoha_(nozomi_tsubame),4,52,
konohana_enishi,4,43,
konohana_hikari,4,105,
konohana_lucia,4,196,
konohana_sakuya,4,93,
konohana_suzuka,4,35,
konohanasakuya-hime,4,30,
konohata_mira,4,127,
konohoshi_umika,4,88,
konoka_(blue_archive),4,302,
konomori_kanon,4,153,
konori_mii,4,247,
konpaku_youki,4,801,
konpaku_youki_(ghost),4,211,
konpaku_youmu,4,34762,
konpaku_youmu_(ghost),4,19188,
konparu_nozomi,4,194,
konpira_momo,4,34,
konrad_curze,4,54,
kooh,4,996,
koopa_clown_car,4,82,
koopa_fortuna,4,30,
koopa_paratroopa,4,40,
koopa_troopa,4,213,
koori_chikage,4,120,
kor_meteor,4,60,
kora_(xenoblade),4,30,
korai_(horokusa),4,63,
koraidon,4,467,
kord_(girls'_frontline),4,61,
kordan_(afk),4,24,
korea_(hetalia),4,136,
kori_(trouble_spirit),4,128,
korilakkuma,4,36,
korin_(shironeko_project),4,70,
koro-sensei,4,111,
korok,4,449,
korokoro,4,39,
koromaru_(persona),4,438,
koromo_naruru,4,82,
koromogae_maya,4,34,
koromon,4,165,
koron_chris,4,83,
korone_(ichiban_ushiro_no_daimaou),4,39,
korra,4,903,
korrina_(pokemon),4,294,
korrina_(sygna_suit)_(pokemon),4,31,
korsica_(hi-fi_rush),4,64,
korutopi,4,36,
korwa,4,450,
korwa_(summer)_(granblue_fantasy),4,86,
kos-mos,4,1121,
kos-mos_re:,4,148,
kos-mos_ver._3,4,34,
kos-mos_ver._4,4,348,
kosaka_chihiro,4,113,
kosaka_honoka,4,160,
kosaka_shizuru,4,40,
kosaka_shunpei,4,100,
kosegawa_shiromi,4,207,
koseki_bijou,4,1555,
koseki_bijou_(1st_costume),4,736,
koseki_bijou_(new_year),4,59,
koseki_reina,4,315,
koshi_anko_(shikanoko),4,74,
koshi_torako,4,177,
koshigaya_komari,4,370,
koshigaya_natsumi,4,271,
koshimizu_ami,4,150,
koshimizu_sachiko,4,3305,
koshimizu_toru,4,220,
koshimizu_toru_(1st_costume),4,85,
koshimizu_toru_(2nd_costume),4,55,
koshirae_kenji,4,40,
koshirae_tsurugi,4,505,
koshirae_tsurugi_(m.m),4,47,
kosma,4,156,
kotae_(otomari_koibito_lolita),4,185,
kotama_(blue_archive),4,287,
kotama_(camp)_(blue_archive),4,115,
kotaro_(tokoyami_towa),4,49,
kotatsu_(yatogami_fuma),4,47,
kotegawa_chisa,4,48,
kotegawa_yui,4,739,
kotegiri_gou,4,43,
kotetsu_isane,4,167,
kotetsu_kiyone,4,47,
koto_(kyousougiga),4,131,
kotobuki_hisako,4,36,
kotobuki_minako,4,45,
kotobuki_reiji,4,69,
kotobuki_shiiko,4,42,
kotobuki_tsumugi,4,5624,
kotohara_hinari,4,106,
kotohime_(touhou),4,312,
kotoishi_naru,4,101,
kotoka_torahime,4,206,
kotomine_kirei,4,3219,
kotomine_risei,4,66,
kotomine_shirou_(fanfic),4,95,
kotomura_akane,4,64,
kotona_elegance,4,329,
kotone_(tateha),4,39,
kotone_montagne,4,24,
kotonoha_akane,4,1948,
kotonoha_aoi,4,1726,
kotonomiya_yuki,4,431,
kotora_(toranoana),4,99,
kotori_(blue_archive),4,826,
kotori_(cheer_squad)_(blue_archive),4,569,
kotori_(takanashi_kiara),4,388,
kototora,4,42,
kotoura_haruka,4,160,
kotozume_yukari,4,501,
kotsu_masumi,4,46,
kou_(granblue_fantasy),4,180,
kou_(wagaya),4,46,
kou_uraki,4,32,
koube_shio,4,95,
koubu,4,66,
koubuin_yuuhi,4,72,
koucha_shinshi,4,59,
kouchi_ayako,4,34,
kouchi_no_chouten_radio_roses,4,17,
kouchuu,4,57,
kouda_kouji,4,65,
kouenji_sayuka,4,136,
kouga_(inuyasha),4,32,
kougai,4,40,
kougami_kanon,4,42,
kougami_shin'ya,4,197,
kougami_taiga,4,31,
kouhai-chan_(douki-chan),4,286,
kouhai-chan_(fukutchi),4,55,
kouhai-chan_(mignon),4,80,
kouhai-chan_(tawawa),4,214,
kouhei_(otsukimi),4,83,
koujaku,4,103,
koujiro_frau,4,108,
koukawa_asuka,4,75,
kouki_kokoro,4,55,
koume_(hanamaru_youchien),4,31,
koumi_haruka,4,77,
koumoto_madoka,4,49,
kouno_harumi,4,67,
kouno_miyako,4,80,
kouno_ruruka,4,41,
kouno_sakura,4,35,
kouno_takaaki,4,102,
koupi_(ku_roiko),4,39,
kouryuu_(nijiura_maids),4,30,
kouryuu_kagemitsu,4,36,
kousaka_alice,4,87,
kousaka_ayano,4,39,
kousaka_chihaya,4,57,
kousaka_china,4,284,
kousaka_haruka,4,81,
kousaka_honoka,4,4648,
kousaka_honoka's_mother,4,31,
kousaka_kirino,4,2702,
kousaka_kyousuke,4,942,
kousaka_makoto,4,30,
kousaka_maria,4,81,
kousaka_mayuri,4,34,
kousaka_reina,4,1521,
kousaka_rino,4,59,
kousaka_rui,4,42,
kousaka_shigure,4,88,
kousaka_tamaki,4,2153,
kousaka_tsubaki,4,33,
kousaka_umi,4,586,
kousaka_yukiho,4,275,
kousaka_yuuji,4,33,
kousaka_yuuma,4,42,
kousetsu_samonji,4,326,
kousetsu_samonji_(tenka_hyakken),4,78,
koutari_yuu,4,74,
koutei_(touhou),4,113,
koutetsu_jeeg_(mecha),4,31,
kouya_aotsuki,4,69,
kouyama_mitsuki,4,110,
kouyama_rin,4,37,
kouzaku_mitori,4,66,
kouzuki_anna,4,87,
kouzuki_hiyori,4,149,
kouzuki_kallen,4,2823,
kouzuki_kazuna,4,31,
kouzuki_mahiru,4,377,
kouzuki_momonosuke,4,78,
kouzuki_nana,4,85,
kouzuki_oden,4,129,
kouzuki_sanae,4,30,
kouzuki_yuniko,4,122,
kouzuki_yuuko,4,55,
kowata_makoto,4,94,
koyama_yuzu,4,846,
koyanagi_hanako,4,46,
koyanagi_rou,4,33,
koyanskaya_(assassin)_(first_ascension)_(fate),4,475,
koyanskaya_(assassin)_(second_ascension)_(fate),4,182,
koyanskaya_(assassin)_(third_ascension)_(fate),4,96,
koyanskaya_(chinese_lostbelt_outfit)_(fate),4,313,
koyanskaya_(fate),4,1842,
koyanskaya_(foreigner)_(first_ascension)_(fate),4,259,
koyanskaya_(foreigner)_(second_ascension)_(fate),4,40,
koyanskaya_(lostbelt_beast:iv)_(fate),4,129,
koyansuee-chan,4,44,
koyasu_takehito,4,33,
koyoi_(iroha_(iroha_matsurika)),4,132,
koyomi_(kamen_rider_wizard),4,56,
koyomi_(shinshia),4,44,
koyomi_(shironeko_project),4,109,
koyomi_hare_nanaka,4,34,
koyoru-chan_(zaxwu),4,18,
koyuki_(blue_archive),4,1013,
koyuki_(bunny)_(blue_archive),4,146,
koyuki_(kimetsu_no_yaiba),4,83,
koyuki_(snow_fox),4,41,
kozakura_(urasekai_picnic),4,41,
kozakura_marry,4,1248,
kozakura_shion,4,57,
kozue_mayu,4,34,
kozue_west,4,58,
kozukata_yuuri,4,53,
kozume_kenma,4,335,
krabby,4,163,
kracko,4,104,
kraft_(sousou_no_frieren),4,46,
kraken_(monster_girl_encyclopedia),4,38,
krampus_(grizz),4,44,
krampus_(housamo),4,71,
kratos_(god_of_war),4,153,
kratos_aurion,4,162,
kray_foresight,4,148,
krebskrum,4,48,
kreide_(arknights),4,198,
krekkball,4,51,
kresnik_(housamo),4,74,
kricketot,4,94,
kricketune,4,115,
krieg_(skullgirls),4,108,
kriem,4,105,
kriemhild_(fate),4,228,
kriemhild_(first_ascension)_(fate),4,104,
kriemhild_gretchen,4,164,
krile_mayer_baldesion_(ff14),4,104,
krile_mayer_baldesion_(ff5),4,442,
krino_sandra,4,41,
kris_(deltarune),4,637,
kris_(female)_(fire_emblem),4,69,
kris_(fire_emblem),4,106,
kris_(male)_(fire_emblem),4,53,
kris_(pokemon),4,1672,
kris_(sygna_suit)_(pokemon),4,109,
krista_lenz,4,1975,
kristen_(arknights),4,255,
kristoff_(frozen),4,40,
kristoph_gavin,4,48,
krizalid,4,156,
krohnen,4,38,
krokorok,4,56,
kromer_(project_moon),4,361,
kronie_(ouro_kronii),4,268,
kronshtadt_(animal_agent)_(azur_lane),4,15,
kronshtadt_(azur_lane),4,161,
kronshtadt_(begin_the_rush!)_(azur_lane),4,66,
kronya_(fire_emblem),4,79,
krookodile,4,111,
kroos_(arknights),4,609,
kroos_(the_mag)_(arknights),4,58,
kroos_the_keen_glint_(along_the_corridor)_(arknights),4,50,
kroos_the_keen_glint_(arknights),4,299,
krul_tepes,4,330,
krulcifer_einfolk,4,40,
krystal,4,273,
ks-23_(girls'_frontline),4,32,
ksg_(girls'_frontline),4,75,
kshatriya,4,116,
kson,4,644,
kson_(swimsuit),4,33,
ksvk_(girls'_frontline),4,177,
kua_(cougar1404),4,40,
kuai_liang,4,40,
kuberu_e_pastillage,4,40,
kubfu,4,98,
kubiwa_(kutan),4,278,
kubo_nagisa,4,92,
kubo_takako,4,37,
kubo_yurika,4,33,
kubota_hina,4,30,
kubota_jun,4,30,
kubota_junichirou,4,71,
kubota_miyu,4,45,
kubota_rin,4,82,
kuchiki_byakuya,4,172,
kuchiki_manabu,4,40,
kuchiki_rukia,4,1981,
kuchiki_touko,4,49,
kuchiku_i-kyuu,4,232,
kuchinashi_(needless),4,33,
kuchinashi_(not_on_shana),4,32,
kuchinawa,4,56,
kuchipatchi,4,33,
kuchisake-onna,4,115,
kuchisake-onna_(ishiyumi),4,56,
kudamaki_tsukasa,4,2260,
kudelia_aina_bernstein,4,367,
kudo_raika,4,41,
kudo_shinobu,4,174,
kudoi,4,52,
kudou_aiko,4,31,
kudou_asuka,4,32,
kudou_chitose,4,109,
kudou_fuyuka,4,270,
kudou_gai,4,77,
kudou_jun,4,103,
kudou_michiya,4,52,
kudou_naka,4,31,
kudou_shin'ichi,4,438,
kudou_taiki,4,54,
kudou_yukiko,4,30,
kufei,4,133,
kuga_hiroto,4,82,
kuga_kokage,4,36,
kuga_natsuki,4,700,
kuga_utao,4,43,
kuga_yuuma,4,193,
kugayama_konoka,4,31,
kugimiya_kei,4,60,
kugimiya_madoka,4,78,
kugimiya_rie,4,229,
kugisaki_nobara,4,1799,
kuhouin_murasaki,4,114,
kuimu_lang,4,41,
kuina,4,63,
kuja,4,417,
kujaku_mai,4,201,
kuji_toi,4,59,
kujiin_mika,4,40,
kujikawa_rise,4,2257,
kujo_aya,4,10,
kujo_holy,4,247,
kujo_jolyne,4,3529,
kujo_josefumi,4,61,
kujo_jotaro,4,6804,
kujo_tenn,4,232,
kujou_amane,4,35,
kujou_hikari,4,371,
kujou_karen,4,1047,
kujou_kazuya,4,133,
kujou_miyako,4,260,
kujou_rin,4,49,
kujou_ringo,4,31,
kujou_riu,4,253,
kujou_sakurako,4,34,
kujou_sara,4,2091,
kujou_shion,4,66,
kujou_subaru,4,112,
kujou_tenn,4,161,
kujou_tsukiyo,4,55,
kujou_ume,4,44,
kuka_(princess_connect!),4,76,
kuki_rei,4,75,
kuki_shinobu,4,1330,
kuko_(flower_knight_girl),4,58,
kukrushka_(gnosia),4,84,
kukuchi_heisuke,4,45,
kukui_(pokemon),4,336,
kukulkan_(fate),4,249,
kukulkan_(first_ascension)_(fate),4,79,
kukulkan_(second_ascension)_(fate),4,85,
kukuri_(dokusen_yoku_ga_tsuyo_sugiru_yandere_kai_neko-chan),4,38,
kukuri_(mahoujin_guruguru),4,254,
kukuri_(mawaru),4,409,
kukuri_(tsugumomo),4,63,
kukuri_tomo,4,34,
kukuru_(arc_the_lad),4,105,
kukuru_(dq8),4,72,
kula_diamond,4,1107,
kulumi_(omaru_gyuunyuu),4,14,
kulve_taroth,4,81,
kuma-hina_(31_violence),4,44,
kuma-tan,4,55,
kuma_(2ch),4,52,
kuma_(dohna_dohna),4,30,
kuma_(kancolle),4,3005,
kuma_(persona_4),4,1309,
kuma_(pripara),4,76,
kuma_(tekken),4,40,
kuma_kai_ni_(kancolle),4,127,
kumacy,4,207,
kumada_kazuha,4,10,
kumada_masaru,4,600,
kumagai_yuuko,4,34,
kumagawa_misogi,4,114,
kumai_natsu,4,140,
kumajirou_(hetalia),4,89,
kumakura_mariko,4,62,
kumamakura_kurumi,4,41,
kumamon,4,122,
kumamori_kurumi_(unomiki),4,73,
kumano_(azur_lane),4,189,
kumano_(fancy_waves)_(azur_lane),4,57,
kumano_(kancolle),4,2978,
kumano_kai_ni_(kancolle),4,215,
kumano_maru_(kancolle),4,101,
kumari_kojika,4,41,
kumasawa_chiyo,4,69,
kumashiro_maya,4,269,
kumatetsu,4,33,
kumatora,4,370,
kumazaki_karen,4,77,
kumbhira_(granblue_fantasy),4,517,
kumbhira_(summer)_(granblue_fantasy),4,78,
kume_(touhou),4,37,
kumegawa_botan,4,31,
kumi_(senran_kagura),4,36,
kumi_seika,4,31,
kumiromi_of_harvest,4,61,
kumoi_ichirin,4,6054,
kumojacky,4,43,
kumoko_(kumo_desu_ga_nani_ka?),4,72,
kumon_kaito,4,43,
kumonryuu_eliza_(fate),4,58,
kumu_cotton,4,52,
kumura_(pokemon),4,34,
kumura_hibari_(jissai_no_tokoro),4,98,
kuna_mashiro,4,33,
kunagisa_tomo,4,50,
kunai_nakasato,4,39,
kunashiri_(kancolle),4,400,
kunichika_yuu,4,49,
kunieda_shiho,4,39,
kunigami_rensuke,4,44,
kunihiro_hajime,4,352,
kunikida_(female)_(suzumiya_haruhi),4,31,
kunikida_(suzumiya_haruhi),4,79,
kunikida_hanamaru,4,2380,
kunimasa_ayami,4,30,
kunimi_tama,4,197,
kunimitsu_(tekken),4,56,
kunimitsu_ii,4,59,
kunimune_saburou_(touken_ranbu),4,20,
kunio-kun,4,67,
kuniruri_natsuki,4,39,
kunisaki_rena,4,70,
kunisaki_yukito,4,170,
kunitomi_ryouka,4,60,
kunizuka_yayoi,4,110,
kunkun,4,265,
kunogi_ai,4,58,
kunoichi-chan_(iroha_(iroha_matsurika)),4,97,
kunoichi_(disgaea),4,57,
kunoichi_(sengoku_musou),4,101,
kunoichi_kaen,4,55,
kunoichi_zero,4,33,
kunou_kodachi,4,210,
kunou_tatewaki,4,119,
kunzite_(sailor_moon),4,55,
kuo_shenlin,4,444,
kuon_(hasumi_(hasubatake39)),4,84,
kuon_(shinrabanshou),4,64,
kuon_(utawarerumono),4,299,
kuon_gramred_shutleheim,4,31,
kuon_mashu,4,27,
kuonji_alice,4,567,
kuonji_miyu,4,41,
kuonji_shinra,4,85,
kuonji_shizuka,4,40,
kuonji_ukyou,4,365,
kuouzumiaiginsusutakeizumonokamimeichoujin_mika,4,66,
kura_(en_ciel_rena),4,60,
kura_satomi,4,35,
kurabe_juurou,4,72,
kurachi_terumi,4,32,
kuradoberi_jam,4,748,
kurahashi_(kancolle),4,80,
kurahashi_riko,4,106,
kurai_kako,4,36,
kurai_yonaka,4,106,
kuraishi_tanpopo,4,116,
kurakake_clara,4,31,
kuraki_mizuna,4,34,
kuraki_suzuna,4,235,
kurama_(naruto),4,107,
kurama_(urusei_yatsura),4,38,
kurama_(yu_yu_hakusho),4,254,
kurama_koharu,4,59,
kurama_norihito,4,129,
kuramachi_anna,4,41,
kurame,4,111,
kurameki_kyou,4,39,
kuramitsu_mihoshi,4,211,
kuramochi_meruto,4,431,
kuramochi_meruto_(1st_costume),4,206,
kuramochi_meruto_(school_uniform),4,98,
kuramochi_youichi,4,35,
kuramon,4,33,
kuramoto_china,4,336,
kuramoto_chinatsu,4,42,
kuramoto_erika,4,69,
kuran_arisa,4,100,
kuranami_shiki,4,130,
kurano_ema,4,46,
kurano_mikoto,4,37,
kurano_tomoka,4,35,
kurano_yae,4,38,
kurapika,4,954,
kurara-chan_(suzutsuki_kurara),4,53,
kurari-chan,4,113,
kurari-chan_(iyowa),4,62,
kurasaki_fuuko,4,80,
kurasawa_anzu,4,189,
kurashiki_maiko,4,76,
kurashima_chiyuri,4,117,
kurashina_asuka,4,78,
kurashita_tsukimi,4,35,
kurata_mashiro,4,178,
kurata_megumi_(huyumitsu),4,27,
kurata_sana,4,32,
kurata_sayuri,4,259,
kurata_tome,4,146,
kuratarine,4,46,
kuraue_hinata,4,570,
kurayashiki_tae,4,36,
kurda_smahlt,4,42,
kure_kirika,4,136,
kurebayashi_juri,4,119,
kurebayashi_yuzuki,4,34,
kureha_(sound_voltex),4,53,
kureha_misaki,4,47,
kureha_yuna,4,175,
kureiji_ollie,4,1712,
kureiji_ollie_(1st_costume),4,727,
kureiji_ollie_(2nd_costume),4,90,
kureiji_ollie_(mafia_princess),4,67,
kureiji_ollie_(new_year),4,44,
kureiji_ollie_(scarlet_moonlight_embrace),4,11,
kuremi_kyouko,4,49,
kurena_kukumila,4,54,
kurenagi_eri,4,45,
kurenai_(red_ninja),4,46,
kurenai_yuuya_(jissai_no_tokoro),4,29,
kurenashi_yuuri,4,43,
kuribayashi_shino,4,46,
kuriboh,4,266,
kurihara_chiyo,4,66,
kurihara_mari,4,46,
kurihara_mari_(prison_school),4,62,
kurihara_nagisa,4,36,
kurihara_nene,4,110,
kurihara_touko,4,51,
kurikara_divincarnate,4,58,
kurikoma_komaru,4,276,
kurimu_(yappen),4,31,
kurioshi_fio,4,62,
kuririn,4,741,
kurisu_kokone,4,35,
kurisugawa_kii,4,36,
kuriyama_mirai,4,552,
kuro-chan_(kuro_kosyou),4,89,
kuro_(ao_no_exorcist),4,68,
kuro_(bombergirl),4,38,
kuro_(doko_demo_issyo),4,52,
kuro_(dungeon_meshi),4,72,
kuro_(hitsugi_katsugi_no_kuro),4,61,
kuro_(kurokami),4,35,
kuro_(kuroshima_kurishiro),4,40,
kuro_(little_busters!),4,17,
kuro_(miku_plus),4,57,
kuro_(neural_cloud),4,141,
kuro_kurenai,4,50,
kuro_the_divine_heir,4,131,
kuro_uso-ko,4,34,
kuroba_kaito,4,389,
kuroba_mitsuha,4,56,
kurobe_nanoka's_sister,4,76,
kurobe_natsumi_(shiromanta),4,361,
kurochijo,4,210,
kurochijo_(akitsuki_karasu),4,223,
kuroda_hikari,4,38,
kuroda_kanbee_(sengoku_bushouki_muramasa),4,38,
kuroda_kanna,4,33,
kuroda_kunika,4,194,
kurodani_yamame,4,6141,
kurodani_yamame_(spider),4,61,
kuroe_(kimi_omou_koi),4,64,
kuroe_(madoka_magica),4,176,
kuroe_ayaka,4,50,
kuroe_mayu,4,115,
kuroe_shizuku,4,297,
kuroeda-san,4,156,
kurofune_(racehorse),4,59,
kurogane_(tsubasa_chronicle),4,69,
kurogane_otome,4,71,
kurogane_tama,4,181,
kurogiri_(boku_no_hero_academia),4,30,
kuroha_eve,4,42,
kuroha_neko,4,74,
kurohanya_(niliu_chahui),4,204,
kurohara_tokio_(choujin_x),4,103,
kurohebi,4,302,
kurohime_yuuhi,4,34,
kuroi_mato,4,232,
kuroi_nanako,4,184,
kuroi_shiba,4,59,
kuroike_momimi,4,36,
kuroino_(poco),4,60,
kuroinyan,4,55,
kuroiwa_yuuki,4,87,
kurojishi_(zannen_onna-kanbu_black_general-san),4,60,
kuroka_(high_school_dxd),4,580,
kurokami_fubuki,4,748,
kurokami_medaka,4,185,
kurokami_no_onna,4,31,
kurokawa_akane,4,824,
kurokawa_chiaki,4,216,
kurokawa_eren,4,940,
kurokawa_izana,4,33,
kurokawa_keita_(haozz),4,44,
kurokawa_marin,4,13,
kurokawa_nadi_hanna,4,31,
kuroki_(etra-chan_wa_mita!),4,35,
kuroki_francisca_yuria,4,91,
kuroki_manatsu,4,44,
kuroki_rei,4,212,
kuroki_rio,4,32,
kuroki_tomoki,4,238,
kuroki_tomoko,4,4031,
kuroki_tsutomu,4,135,
kurokiba_ryou,4,55,
kuroko_tetsuya,4,411,
kurokoma_saki,4,1884,
kurokona,4,56,
kuromaru_(mugen),4,31,
kurome_(akame_ga_kill!),4,87,
kuromi,4,809,
kuromine_chiharu,4,235,
kuromitsu_nene,4,37,
kuromiya_raika,4,558,
kuromori_suzu,4,48,
kurona_(neko_musume_michikusa_nikki),4,62,
kurona_ranze,4,64,
kurona_reole,4,34,
kuronami_(lvi),4,218,
kurone_(kurone_no_kimochi),4,167,
kurone_(suimya),4,35,
kuroneko_(trigun),4,46,
kurono-san,4,28,
kurono_genbu,4,111,
kurono_kiria,4,36,
kurono_kurumu,4,216,
kurono_mika,4,38,
kuronuma_sawako,4,162,
kuronushi_(genshin_impact),4,77,
kuroo_tetsurou,4,377,
kurosaki_asami,4,49,
kurosaki_chitose,4,644,
kurosaki_honoka,4,153,
kurosaki_ichigo,4,1666,
kurosaki_isshin,4,85,
kurosaki_karin,4,55,
kurosaki_kazui,4,148,
kurosaki_makoto,4,61,
kurosaki_masaki,4,45,
kurosaki_mea,4,323,
kurosaki_ranmaru,4,38,
kurosaki_ruri,4,180,
kurosaki_sayoko,4,44,
kurosaki_shun,4,86,
kurosaki_yuzu,4,47,
kurosawa_dia,4,2542,
kurosawa_haruto,4,75,
kurosawa_minamo,4,83,
kurosawa_noriko,4,47,
kurosawa_rei,4,82,
kurosawa_rin_(aikatsu!),4,177,
kurosawa_ruby,4,2326,
kurosawa_sae,4,41,
kurose_minami,4,35,
kurose_tsunagu,4,47,
kurose_yuutarou,4,39,
kuroshio_(kancolle),4,1849,
kuroshio_kai_ni_(kancolle),4,245,
kurosu_(nyakelap),4,34,
kurosu_aroma,4,434,
kurosu_hajime,4,36,
kurosu_jun,4,129,
kurosu_owari,4,60,
kurosu_yuri,4,31,
kurotama_rei,4,32,
kurotori_chiyoko,4,42,
kurotowa,4,30,
kurotsuchi_mayuri,4,111,
kurotsuchi_nemu,4,294,
kurousagi_(mondaiji),4,129,
kuroyoru_umidori,4,121,
kuroyukihime,4,585,
kurozumi_tama,4,109,
kursk_(azur_lane),4,46,
kurt_(fire_emblem),4,46,
kurt_vander,4,40,
kurugaya_yuiko,4,627,
kurukuru_(sekai_seifuku),4,161,
kuruma_suuna,4,66,
kurumada_gouichi,4,31,
kurumi_(blue_archive),4,265,
kurumi_(hazakura_hinata),4,102,
kurumi_(jitsuwa_kankin_mankitsu),4,62,
kurumi_(kantoku),4,246,
kurumi_(koutetsu_tenshi_kurumi),4,61,
kurumi_(lycoris_recoil),4,400,
kurumi_(princess_connect!),4,73,
kurumi_(touhou),4,416,
kurumi_(zettai_tenshi_kurumi-chan),4,31,
kurumi_akiha,4,71,
kurumi_erika,4,2150,
kurumi_manaka,4,38,
kurumi_momoka,4,234,
kurumi_noah,4,491,
kurumi_noah_(5th_costume),4,47,
kurumi_nui,4,68,
kurumizaka_ruri,4,92,
kurumizawa_momo_(noripro),4,31,
kururu,4,37,
kururu_(keroro_gunsou),4,100,
kururu_(little_princess),4,147,
kururu_(rhapsody),4,131,
kururugi_suzaku,4,1238,
kururun_(precure),4,206,
kurusu_alexandra,4,71,
kurusu_kanako,4,184,
kurusu_kazuki,4,54,
kurusu_kimihito,4,235,
kurusu_natsume,4,155,
kurusu_natsume_(1st_costume),4,65,
kurusu_shou,4,178,
kurusu_tomari,4,129,
kurusu_yuzuko,4,95,
kurusugawa_ayaka,4,345,
kurusugawa_himeko,4,338,
kurusugawa_serika,4,108,
kuryuu_kohaku,4,68,
kuryuu_megumi,4,30,
kusabue_mitsu,4,69,
kusajishi_yachiru,4,134,
kusaka_kabane,4,75,
kusaka_ryuuji,4,50,
kusakabe_asako,4,41,
kusakabe_atsuya,4,61,
kusakabe_maron,4,156,
kusakabe_mei,4,142,
kusakabe_misao,4,556,
kusakabe_misuzu,4,67,
kusakabe_satsuki,4,152,
kusakabe_wakaba,4,219,
kusakabe_yuuki_(to_heart_2),4,190,
kusakari_rena,4,35,
kusakari_runa,4,36,
kusanagi_(kiyonagi),4,31,
kusanagi_kei,4,37,
kusanagi_kyou,4,396,
kusanagi_motoko,4,1370,
kusanagi_nene,4,1182,
kusano,4,58,
kushala_daora,4,61,
kushana,4,100,
kushida_kikyou,4,123,
kushieda_minori,4,564,
kushikawa_hatoko,4,49,
kushima_kamome,4,313,
kushina_anna,4,67,
kushinada_(p&d),4,39,
kushinada_(uchihime),4,28,
kushiya_inaho,4,38,
kushizaki_(vtuber),4,193,
kusuda_aina,4,63,
kusugawa_sasara,4,693,
kusuha_mizuha,4,199,
kusumoto_asumi,4,32,
kusunoki_kaho,4,52,
kusunoki_midori,4,189,
kusunoki_misako,4,22,
kusunoki_miyako_(temakizushi),4,10,
kusunoki_muu,4,43,
kusunoki_rikka,4,39,
kusunoki_shio,4,131,
kusunoki_suzu,4,38,
kusunoki_tomori,4,123,
kusunoki_yua,4,31,
kusunoki_yukimura,4,173,
kusuriuri-san,4,120,
kusuriuri_(dark),4,34,
kusuriuri_(mononoke),4,278,
kutsugi_kotoha,4,40,
kutsuwada_maki,4,10,
kuu_(haibane),4,40,
kuuhenki_(genshin_impact),4,80,
kuuki_shoujo,4,91,
kuune,4,74,
kuurubiyuutei_gankyou,4,80,
kuuya_amrulineulka,4,34,
kuwabara_kazuma,4,174,
kuwahara_hazuki,4,43,
kuwahara_sayako,4,115,
kuwana_gou_(tenka_hyakken),4,60,
kuwata_io,4,23,
kuwata_leon,4,251,
kuwayama_chiyuki,4,1892,
kuya_(afternoon_daze)_(nu_carnival),4,33,
kuya_(kitsune_dream)_(nu_carnival),4,30,
kuya_(lakeside_spark)_(nu_carnival),4,25,
kuya_(nu_carnival),4,232,
kuybyshev_(azur_lane),4,43,
kuyo_mizuki_(675391969),4,49,
kuzakura_mika,4,55,
kuzakura_yako_(kirihara_aki),4,18,
kuzan_(aokiji),4,168,
kuze_kiriha,4,65,
kuze_masachika,4,122,
kuze_shizuka,4,86,
kuzehashi_akari,4,48,
kuzu_suzumi,4,306,
kuzuha_(1st_costume)_(nijisanji),4,139,
kuzuha_(nijisanji),4,1223,
kuzuki_souichirou,4,225,
kuzuneko,4,31,
kuzunoha_(blue_archive),4,152,
kuzunoha_amehiko,4,98,
kuzunoha_raidou,4,254,
kuzuryu_fuyuhiko,4,611,
kuzuryu_io,4,86,
kuzuryu_natsumi,4,59,
kuzuryuu_amane,4,67,
kuzuryuu_momoko,4,38,
kuzuryuu_yaichi,4,94,
kvasir_(fire_emblem),4,51,
ky_kiske,4,817,
kyan_reki,4,236,
kyara_akaro,4,43,
kyary_pamyu_pamyu,4,31,
kycilia_zabi,4,44,
kyko,4,33,
kyle_(suikoden),4,39,
kyle_broflovski,4,317,
kyle_dunamis,4,108,
kyle_marlon,4,37,
kyler_(sweethex),4,67,
kylo_ren,4,87,
kyo_kaneko,4,127,
kyogre,4,559,
kyoichi_(live_a_hero),4,125,
kyoka_(princess_connect!),4,41,
kyoko_(kunio-kun),4,193,
kyokutei_bakin_(fate),4,109,
kyomu_suzume,4,40,
kyon,4,3854,
kyon's_sister,4,462,
kyon-kyon_(jashin-chan_dropkick),4,63,
kyonko,4,2333,
kyonyuu-chan_(iku),4,62,
kyoshinhei,4,81,
kyou_(ittla),4,69,
kyoubashi_amane,4,39,
kyoudou_maya,4,30,
kyougoku_makoto,4,39,
kyouka_(halloween)_(princess_connect!),4,239,
kyouka_(princess_connect!),4,1201,
kyouka_(real)_(princess_connect!),4,41,
kyouka_(summer)_(princess_connect!),4,41,
kyouka_(tsugumomo),4,30,
kyoukai_(kingdom),4,37,
kyouko's_father_(madoka_magica),4,50,
kyouko_(korezom),4,38,
kyoumachi_seika,4,278,
kyouno_madoka,4,317,
kyouraku_shunsui,4,66,
kyousuke_nanbu,4,65,
kyouyama_anna,4,159,
kyrie,4,51,
kyrie_canaan,4,41,
kyrie_florian,4,85,
kyu_sugardust,4,35,
kyubey,4,8563,
kyuketsuki-chan_(mitsuba_choco),4,51,
kyukkyu-kun,4,146,
kyurem,4,221,
kyururu_(kemono_friends),4,237,
kyuubi_(kemono_friends),4,58,
kyuubi_(uchihime),4,16,
kyuubi_(youkai_watch),4,70,
l'arachel_(fire_emblem),4,183,
l'indomptable_(azur_lane),4,41,
l'opiniatre_(azur_lane),4,72,
l-elf,4,137,
l-gaim,4,42,
l-gaim_mk_ii,4,35,
l.o.a.f.i.,4,11,
l85a1_(upotte!!),4,32,
l_(death_note),4,547,
la+_darknesss,4,4279,
la+_darknesss_(1st_costume),4,2161,
la+_darknesss_(3rd_costume),4,56,
la+_darknesss_(4th_costume),4,40,
la+_darknesss_(5th_costume),4,14,
la+_darknesss_(casual),4,71,
la+_darknesss_(gaming_casual),4,72,
la+_darknesss_(new_year),4,35,
la_aong_(comodox),4,17,
la_brava,4,57,
la_coiffe_(granblue_fantasy),4,31,
la_folia_rihavein,4,71,
la_galissonniere_(azur_lane),4,72,
la_pluma_(arknights),4,1066,
la_pluma_(summer_flowers)_(arknights),4,414,
la_pucelle_(mahoiku),4,177,
label_girl_(dipp),4,507,
labrys_(persona),4,220,
laby_(elsword),4,221,
labyrista_(princess_connect!),4,55,
lacey_(fall_2025)_(pokemon),4,77,
lacey_(pokemon),4,721,
lachesis_(fire_emblem),4,156,
lacrima_the_scarlet_sorrow,4,73,
lacus_clyne,4,852,
ladd_russo,4,68,
ladiva,4,41,
lady_(devil_may_cry),4,363,
lady_(pokemon),4,47,
lady_avalon_(event_portrait)_(fate),4,34,
lady_avalon_(fate),4,465,
lady_avalon_(second_ascension)_(fate),4,318,
lady_bat,4,121,
lady_black_(shy),4,33,
lady_deadpool,4,37,
lady_death_(character),4,32,
lady_hayakawa_(sengoku_musou),4,25,
lady_in_red_(ib),4,77,
lady_j,4,79,
lady_labrynth_of_the_silver_castle,4,61,
lady_lucerne_(ironlily),4,58,
lady_maria_of_the_astral_clocktower,4,570,
lady_nagant,4,232,
lady_noir,4,159,
lady_of_the_lake_(mythology),4,19,
lady_pearl,4,41,
lady_tanith_(elden_ring),4,37,
lady_warrior_noble_(hikaru_na_pori-tan),4,10,
ladybug_(character),4,190,
ladybug_(miraculous_ladybug),4,267,
ladydevimon,4,250,
lae'zel,4,237,
laegjarn_(fire_emblem),4,249,
laegjarn_(summer)_(fire_emblem),4,66,
laetitia_(project_moon),4,88,
laevatein_(fire_emblem),4,153,
laevatein_(ninja)_(fire_emblem),4,37,
laevateinn_(phantom_of_the_kill),4,96,
laffey_(azur_lane),4,2571,
laffey_(bunny_clerk?)_(azur_lane),4,41,
laffey_(bunny_idol_@unmotivated)_(azur_lane),4,82,
laffey_(retrofit)_(azur_lane),4,123,
laffey_(sleep_to_clean_another_day)_(azur_lane),4,34,
laffey_(snow_rabbit_and_candy_apple)_(azur_lane),4,58,
laffey_(white_rabbit's_oath)_(azur_lane),4,75,
laffey_(white_rabbit_welcomes_the_spring)_(azur_lane),4,38,
laffey_ii_(azur_lane),4,92,
laffey_ii_(lady_laffey's_languid_tour)_(azur_lane),4,16,
laffey_ii_(sleepy_on_a_busy_day)_(azur_lane),4,45,
lafiel,4,143,
lafitte,4,33,
lafrenze,4,45,
lafter_frankland,4,135,
lagann,4,268,
lagiacrus,4,77,
lagnus_the_brave,4,37,
lagombi,4,35,
laguna_(granblue_fantasy),4,71,
laguna_loire,4,195,
laharl,4,495,
laharl-chan,4,157,
lahmu_(fate),4,153,
laika_(slime_taoshite_300_nen),4,42,
laika_sputnik_(modern_mogal),4,34,
laila_(queen's_blade),4,63,
lailah_(tales),4,132,
lailaps_(genjitsu_no_yohane),4,67,
laimu_(vtuber),4,79,
lain_paterson,4,764,
lain_paterson_(1st_costume),4,516,
lain_paterson_(2nd_costume),4,41,
laina_(show_by_rock!!),4,65,
lainie_cyan,4,58,
laios_thorden,4,670,
laios_touden,4,1874,
laios_touden_(chimera),4,83,
laios_touden_(demon_king),4,34,
lairon,4,81,
lakiston,4,78,
lakitu,4,144,
lakshmi_(p&d),4,55,
lakshmibai_(fate),4,246,
lal'c_mellk_mal,4,187,
lala_(little_twin_stars),4,71,
lala_(monster_musume),4,257,
lala_satalin_deviluke,4,958,
lala_tramont,4,314,
lalaco_godspeed,4,38,
lalah_sune,4,169,
lalala_(kirby),4,54,
lamb_(league_of_legends),4,695,
lamball,4,48,
lambda-11,4,539,
lambda_(arknights),4,125,
lambdadelta,4,894,
lambo,4,57,
lamia_(last_origin),4,12,
lamia_(npc)_(punishing:_gray_raven),4,41,
lamia_(punishing:_gray_raven),4,205,
lamia_hygieia,4,129,
lamia_loveless,4,161,
lamitt,4,35,
lammy_(um_jammer_lammy),4,40,
lamorak_(granblue_fantasy),4,43,
lampent,4,289,
lamretta,4,104,
lan_(gyee),4,33,
lan_fan,4,104,
lan_hikari_(mega_man),4,272,
lan_sizhui_(young),4,73,
lan_wangji,4,118,
lana's_mother_(pokemon),4,630,
lana_(fire_emblem),4,120,
lana_(hyrule_warriors),4,121,
lana_(pokemon),4,2701,
lana_liddell-hart,4,33,
lance_(pokemon),4,936,
lance_(voltron),4,94,
lance_crown,4,68,
lancelot_(code_geass),4,91,
lancelot_(fate/grand_order),4,628,
lancelot_(fate/zero),4,367,
lancelot_(granblue_fantasy),4,230,
lancelot_du_lac_(mythology),4,10,
lancelot_z-01,4,45,
lancer_(deltarune),4,62,
lancer_mina,4,37,
lancer_servant,4,31,
lancet-2_(arknights),4,115,
land_(sousou_no_frieren),4,305,
landing_ship_no._101_(kancolle),4,55,
landorus,4,75,
landorus_(incarnate),4,43,
landorus_(therian),4,38,
landsknecht_(ironlily),4,32,
lane_aim,4,39,
langley_(azur_lane),4,54,
langley_(kancolle),4,166,
langley_(path_to_nowhere),4,136,
lanmei,4,100,
lanmewko,4,102,
lantern_(honkai_impact),4,142,
lanturn,4,215,
lanz_(xenoblade),4,150,
lao_jiu,4,273,
laojun_(the_legend_of_luoxiaohei),4,105,
laolao_(granblue_fantasy),4,38,
laphicet_(tales),4,149,
lapis_(fire_emblem),4,363,
lapis_(mighty_bride)_(fire_emblem),4,50,
lapis_(sennen_sensou_aigis),4,71,
lapis_lazuli_(houseki_no_kuni),4,349,
lapis_lazuli_(steven_universe),4,121,
lapis_lazuline,4,37,
lapis_rosenberg,4,74,
laplace_(kamitsubaki_studio),4,154,
laplace_(nikke),4,171,
lappet-faced_vulture_(kemono_friends),4,58,
lappland's_mother_(arknights),4,13,
lappland_(arknights),4,4229,
lappland_(refined_horrormare)_(arknights),4,607,
lappland_the_decadenza_(unruly_humbleness)_(arknights),4,79,
lapras,4,954,
laputa_robot,4,78,
lara_(fire_emblem),4,40,
lara_(maplestory),4,32,
lara_croft,4,326,
larcei_(fire_emblem),4,803,
large-spotted_genet_(kemono_friends),4,325,
large_areolae-san,4,32,
large_mouse_(monster_girl_encyclopedia),4,45,
larry_(eddsworld),4,10,
larry_(pokemon),4,533,
larry_butz,4,94,
larry_foulke,4,47,
larry_koopa,4,74,
lars_alexandersson,4,75,
lars_rorschach,4,179,
lars_rorschach_(blue_pearl),4,12,
lars_rorschach_(everyday_outfit),4,13,
lars_rorschach_(mist_city),4,10,
larsa_ferrinas_solidor,4,75,
larten_crepsley,4,105,
larum_(fire_emblem),4,57,
larva_tiamat_(fate),4,360,
larva_tiamat_(first_ascension)_(fate),4,105,
larva_tiamat_(second_ascension)_(fate),4,48,
larva_tiamat_(third_ascension)_(fate),4,129,
larvesta,4,168,
larvitar,4,206,
larxene,4,147,
lary,4,67,
las_(yume-100),4,34,
las_vegas_(accio),4,31,
laserbeak,4,75,
laslow_(fire_emblem),4,99,
lass_(pokemon),4,398,
last_judge_(hollow_knight),4,10,
last_man_battalion,4,34,
last_order_(toaru_majutsu_no_index),4,1839,
last_rite_(arknights),4,245,
lasty_farson,4,31,
lathel_(brown_dust),4,43,
latias,4,1022,
latifa_fleuranza,4,360,
latimeriya_(nanoka_no_kuigami),4,13,
latina_(uchi_no_musume_no_tame_naraba),4,74,
latios,4,763,
latooni_subota,4,175,
latte_(klimspree),4,32,
latte_(precure),4,83,
latte_cookie,4,64,
latvia_(hetalia),4,82,
lauda_neill,4,118,
laufen_(sousou_no_frieren),4,139,
laughing_octopus,4,31,
laundry_dragonmaid,4,556,
laura_(fire_emblem),4,60,
laura_(houtengeki),4,30,
laura_bodewig,4,865,
laura_kinney,4,190,
laura_la_mer,4,732,
laura_matsuda,4,395,
laura_rolla,4,75,
laura_s._arseid,4,187,
laura_stuart,4,47,
laura_toth,4,34,
lauren_iroas,4,169,
lauren_iroas_(1st_costume),4,58,
laurence_the_first_vicar,4,34,
laurent_(fire_emblem),4,67,
laurie_(personal_ami),4,35,
lava_(arknights),4,472,
lava_the_purgatory_(arknights),4,196,
lava_the_purgatory_(dusk_wisteria)_(arknights),4,45,
lavender_(flower_knight_girl),4,37,
laventon_(pokemon),4,106,
lavenza_(persona_5),4,131,
lavi,4,122,
lavie_(lapis_re:lights),4,30,
lavie_head,4,83,
lavinia_whateley_(emerald_float)_(fate),4,62,
lavinia_whateley_(fate),4,750,
lavolpe_(yagisaka_seto),4,209,
law-chan,4,82,
law_(tales),4,48,
lawine_(sousou_no_frieren),4,185,
lawrence_(shiro_seijo_to_kuro_bokushi),4,101,
laxia_(ys),4,53,
laxus_dreyar,4,121,
layer_(mega_man),4,165,
layfon_alseif,4,36,
layla_(genshin_impact),4,903,
layla_(idolmaster),4,579,
layla_(mino),4,156,
layla_(sound_horizon),4,50,
layla_alstroemeria,4,56,
layla_hamilton,4,93,
layla_prismriver,4,178,
layna_lazar,4,41,
layzner,4,63,
lazengann,4,62,
lazflamme,4,35,
lazlo_(suikoden),4,90,
ldshadowlady,4,34,
le_fantasque_(warship_girls_r),4,100,
le_malin_(azur_lane),4,1669,
le_malin_(listless_lapin)_(azur_lane),4,850,
le_malin_(mercredi_at_the_secret_base)_(azur_lane),4,144,
le_malin_(muse)_(azur_lane),4,104,
le_malin_(sleepy_sunday)_(azur_lane),4,153,
le_mars_(azur_lane),4,39,
le_temeraire_(azur_lane),4,220,
le_terrible_(azur_lane),4,61,
le_triomphant_(azur_lane),4,134,
lea_(kingdom_hearts),4,39,
lead_white_(tsurunoka),4,137,
leaf_(arknights),4,57,
leaf_(black_souls),4,83,
leaf_(champion)_(pokemon),4,55,
leaf_(pokemon),4,2210,
leaf_(sygna_suit)_(pokemon),4,105,
leaf_nun_(diva),4,112,
leafa,4,1658,
leafa_(sao),4,35,
leafa_(sao:im),4,46,
leafa_(terraria),4,111,
leafcarpet_(arknights),4,14,
leafeon,4,1441,
league_staff_(pokemon),4,30,
leah_(airisubaka),4,100,
leah_(pokemon),4,34,
leah_(stardew_valley),4,34,
leahs_(master_of_eternity),4,80,
lean_(konosuba),4,48,
leander_(azur_lane),4,151,
leander_(retrofit)_(azur_lane),4,70,
leanne_(fire_emblem),4,98,
lear_(pokemon),4,106,
least_weasel_(kemono_friends),4,46,
leatherface,4,37,
leavanny,4,188,
leaza_(crime_crackers),4,25,
lebanne_(pokemon),4,741,
leberblume,4,53,
lebkuchen_(little_goody_two_shoes),4,53,
leblanc_(league_of_legends),4,324,
lechonk,4,91,
lecia_(granblue_fantasy),4,284,
lecia_(summer)_(granblue_fantasy),4,88,
leda_(fire_emblem),4,53,
ledgem_(rhapsody),4,39,
ledian,4,97,
ledo_(suisei_no_gargantia),4,113,
ledo_vassar,4,65,
ledyba,4,101,
lee-enfield_(girls'_frontline),4,372,
lee:_entropy_(punishing:_gray_raven),4,71,
lee:_hyperreal_(punishing:_gray_raven),4,96,
lee:_palefire_(punishing:_gray_raven),4,51,
lee_(arknights),4,381,
lee_(gyee),4,53,
lee_(punishing:_gray_raven),4,304,
lee_(saraki),4,70,
lee_chaolan,4,43,
lee_gyu-hyuk,4,30,
lee_hoon,4,114,
lee_ji-eun,4,106,
lee_ji-min,4,53,
lee_jooin,4,32,
lee_mi-young_(spoiledmuffin),4,31,
lee_nabi,4,34,
lee_on,4,41,
lee_roha,4,61,
lee_seung-gil,4,93,
lee_sin,4,116,
lee_siu,4,60,
lee_taeho_(xxl),4,11,
leech_queen_(matilda_fiship),4,42,
leen_(grandia),4,63,
leena_(chrono_cross),4,112,
leeron_littner,4,168,
lefiya_viridis,4,42,
left_(atomic_heart),4,63,
legate_(centurii-chan),4,65,
legend_(tiger_&_bunny),4,43,
legion_(titanfall_2),4,35,
legioss,4,47,
legolas,4,87,
legoshi,4,115,
legretta_(tales),4,34,
lehner_(pontarowo),4,14,
lei_bailin,4,62,
lei_fang,4,378,
lei_kuugo,4,46,
lei_lei,4,977,
lei_wulong,4,31,
leia_(g_(genesis1556)),4,30,
leia_rolando,4,336,
leib_(housamo),4,64,
leicia,4,41,
leif_(fire_emblem),4,136,
leif_(master_knight)_(fire_emblem),4,16,
leila_(fire_emblem),4,37,
leila_malcal,4,184,
leilah_(ragnarok_online),4,33,
leilan_(hitozuma_fuumashi_leilan),4,57,
leilan_(p&d),4,140,
leina_(queen's_blade),4,440,
leina_ashta,4,68,
leipzig_(azur_lane),4,112,
leisurely_otter_(genshin_impact),4,182,
leite_jokin,4,77,
leiur_darahim,4,134,
leivinia_birdway,4,84,
leizi_(arknights),4,169,
leki,4,51,
leknaat,4,42,
lelei_la_lalena,4,117,
leliel_(evangelion),4,38,
lelouch_vi_britannia,4,2923,
leman_russ,4,40,
lemmy_koopa,4,82,
lemo_(dragon_ball),4,66,
lemon-chan,4,46,
lemon_irvine,4,69,
lemonade_alpha,4,35,
lemres_(puyopuyo),4,121,
lemrina_vers_envers,4,113,
lemuen_(arknights),4,238,
len_(cat),4,58,
len_(tsukihime),4,1057,
lena_(akroglam),4,32,
lena_(azur_lane),4,41,
lena_(fire_emblem),4,46,
lena_liechtenauer,4,83,
lena_sayers,4,58,
lenalee_lee,4,402,
lene_(fire_emblem),4,133,
lene_(plegian)_(fire_emblem),4,38,
lenga_valentine,4,39,
leni_loud,4,54,
leni_milchstrasse,4,100,
lenna_charlotte_tycoon,4,969,
lennah,4,43,
lenneth_valkyrie,4,297,
lenni_(magi_stop),4,14,
lennon,4,174,
lennon_(little_busters!),4,191,
lenora_(pokemon),4,167,
lens_(arknights),4,94,
lent_marslink,4,82,
leo/need_kaito,4,47,
leo/need_luka,4,62,
leo/need_miku,4,162,
leo/need_rin,4,41,
leo_(fire_emblem),4,609,
leo_(fire_emblem_fates),4,54,
leo_(kemono_friends),4,12,
leo_(mafuyu),4,130,
leo_(mobile_suit),4,34,
leo_(reiga),4,69,
leo_(senran_kagura),4,150,
leo_(summer)_(fire_emblem),4,33,
leo_(warzard),4,39,
leo_aiolia,4,55,
leo_de_la_iglesia,4,120,
leo_kliesen,4,118,
leo_mendez_(jock_studio),4,40,
leo_whitefang,4,95,
leomon,4,60,
leon_(fire_emblem),4,60,
leon_(holiday_2021)_(pokemon),4,32,
leon_(idolmaster),4,44,
leon_(leon_the_professional),4,62,
leon_(pokemon),4,3245,
leon_(rune_factory),4,36,
leon_(sygna_suit)_(pokemon),4,80,
leon_fou_bartford,4,74,
leon_geeste,4,105,
leon_luis,4,50,
leon_magnus,4,99,
leon_s._kennedy,4,1379,
leona_(granblue_fantasy),4,73,
leona_(league_of_legends),4,391,
leona_(nikke),4,69,
leona_garstein,4,42,
leona_heidern,4,1449,
leona_kingscholar,4,517,
leona_of_blood_&_iron,4,73,
leonard_(elden_ring),4,42,
leonard_bistario_harway,4,56,
leonard_mitchell,4,150,
leonardo_(fire_emblem),4,46,
leonardo_(tmnt),4,144,
leonardo_da_vinci,4,36,
leonardo_da_vinci_(active_sailor)_(fate),4,69,
leonardo_da_vinci_(assassin's_creed),4,29,
leonardo_da_vinci_(azur_lane),4,76,
leonardo_da_vinci_(caster)_(fate),4,1012,
leonardo_da_vinci_(fate),4,1904,
leonardo_da_vinci_(kancolle),4,15,
leonardo_da_vinci_(rider)_(fate),4,987,
leonardo_da_vinci_(rider)_(second_ascension)_(fate),4,72,
leonardo_da_vinci_(swimsuit_ruler)_(fate),4,149,
leonardo_watch,4,176,
leone,4,67,
leone_abbacchio,4,734,
leonhardt_(arknights),4,166,
leonidas,4,62,
leonidas_(fate),4,162,
leonie_pinelli,4,520,
leonie_pinelli_(summer),4,51,
leonis_death_magnus,4,70,
leonmitchelli_galette_des_rois,4,226,
leonne_(futagohime),4,101,
leopard_(ex)_(kemono_friends),4,34,
leopard_(kemono_friends),4,118,
leopard_(mahou_shoujo_ni_akogarete),4,79,
leopard_(sorakake),4,30,
leopard_(yatterman),4,369,
leoparde_(mahou_shoujo_ni_akogarete),4,167,
leopardon,4,36,
leorio_paladiknight,4,209,
leos_vincent,4,199,
leos_vincent_(1st_costume),4,83,
leprechaun_(last_origin),4,120,
leska_(arara_cafe_au_lait),4,40,
lessar,4,119,
lesser_dog,4,33,
lessing_(arknights),4,33,
lest_(rune_factory),4,38,
let_me_solo_her,4,61,
lethe_(fire_emblem),4,233,
leto_(arknights),4,99,
lettanya,4,36,
letty_(ogami_kazuki),4,51,
letty_whiterock,4,4815,
leuk_(ikeuchi_tanuma),4,34,
levana_violette_(lusan666),4,75,
levantine,4,389,
levi_(fear_&_hunger),4,162,
levi_(shingeki_no_kyojin),4,1911,
levi_elipha,4,88,
levi_the_slasher,4,273,
levia,4,30,
levia-san,4,44,
levia_(closers),4,239,
levia_(modern_mogal),4,59,
leviathan_(final_fantasy),4,55,
leviathan_(skullgirls),4,567,
leviathan_(the_seven_deadly_sins),4,45,
leviathan_(umineko),4,259,
leviathan_(zettai_bouei_leviathan),4,31,
levy_mcgarden,4,258,
lewis_(girls'_frontline),4,65,
lewis_(girls'_frontline_2),4,56,
lewis_hamilton,4,41,
lewis_smith,4,1478,
lewisia_aquablue,4,110,
lewyn_(fire_emblem),4,57,
lex_(fire_emblem),4,38,
lexaeus,4,68,
lexington_(azur_lane),4,69,
lexington_(cv-16)_(warship_girls_r),4,170,
lexington_(kancolle),4,93,
lexington_(warship_girls_r),4,601,
leyna_koch,4,74,
leysritt_(fate),4,150,
lezard_valeth,4,44,
li'l_judd_(splatoon),4,150,
li-fen,4,76,
li_(rob_ishi),4,139,
li_dailin,4,109,
li_huowang,4,34,
li_jianliang,4,84,
li_meifon,4,50,
li_meiling,4,200,
li_qingning_(the_legend_of_luoxiaohei),4,92,
li_shuwen_(fate),4,304,
li_shuwen_(old)_(fate),4,103,
li_shuwen_(young)_(fate),4,207,
li_sushang,4,273,
li_sushang_(jade_knight),4,203,
li_syaoran,4,784,
li_xiangfei,4,37,
li_xingke,4,140,
li_yuting_(female),4,804,
li_yuting_(male),4,901,
li_yuting_(mouse),4,119,
li_zeyan,4,41,
lian_(aohada_bocchi),4,76,
lian_(pokemon),4,50,
liane_mistlud,4,60,
liang_qi,4,80,
liang_yanmei,4,42,
lianna_(fire_emblem),4,68,
lianshi_(shin_sangoku_musou),4,18,
liar_princess,4,51,
liara_t'soni,4,114,
libe_(hentai_elf_to_majime_orc),4,98,
libeccio_(azur_lane),4,37,
libeccio_(kancolle),4,1650,
liber_(twinkle_star_knights),4,21,
liberty_island_(racehorse),4,34,
libra_(fire_emblem),4,35,
libra_douko,4,48,
librarian_(project_moon),4,152,
lich_(granblue_fantasy),4,119,
lich_(monster_girl_encyclopedia),4,107,
lich_king,4,33,
lichtendahl_tsery,4,34,
lickilicky,4,60,
lickitung,4,143,
licorne_(danganronpa),4,30,
lida_romero,4,33,
lidelle_(puyopuyo),4,186,
lidelle_esquire,4,19,
lidia_sobieska,4,83,
lie_ren,4,149,
liebe_(black_clover),4,40,
liechtenstein_(hetalia),4,304,
liepard,4,245,
lieri_bishop,4,75,
lierre,4,78,
lieselotte_achenbach,4,80,
lieselotte_ewigegnade_(arknights),4,29,
lieselotte_sherlock,4,84,
lieselotte_w._dorssia,4,46,
lieserl_albert_einstein,4,87,
liete_(grandia),4,60,
lieza_(arc_the_lad),4,291,
lieze_lotte,4,36,
liezerota_(disgaea),4,50,
lif_(fire_emblem),4,60,
lif_(ragnarok_online),4,71,
lifeline_(apex_legends),4,499,
lifeweaver_(overwatch),4,34,
light_cruiser_oni,4,353,
light_cruiser_princess,4,243,
light_dragon_(zelda),4,231,
light_elementalist_lux,4,42,
light_green_tamamo_nine_member_(fate),4,12,
light_hello_(umamusume),4,216,
light_valkyrie_(p&d),4,199,
lighter_(zenless_zone_zero),4,145,
lightning_farron,4,878,
lightning_farron_(modern_jacket),4,40,
lightning_mcqueen,4,31,
lihua_lin,4,33,
liko_(pokemon),4,1045,
lil-la_(yu-gi-oh!),4,395,
lil_(funamusea),4,38,
lila_(xenoblade),4,32,
lila_decyrus,4,339,
lilac_(live_a_hero),4,39,
lilco,4,49,
lileep,4,103,
lilele_(granblue_fantasy),4,45,
lili_(kagejitsu),4,11,
lili_(tekken),4,848,
lili_hamilton,4,33,
lili_levinas,4,42,
lilia_(madoka_magica),4,31,
lilia_(null),4,47,
lilia_(ys),4,33,
lilia_chocolanne,4,71,
lilia_vanrouge,4,271,
liliana_(wagaya_no_liliana-san),4,30,
liliana_hart,4,32,
liliane_vehlendorf,4,32,
lilica_felchenerow,4,141,
liliel_(2.5_jigen_no_ririsa),4,36,
lilim_(megami_tensei),4,38,
lilim_(monster_girl_encyclopedia),4,232,
lilim_(shingeki_no_bahamut),4,33,
lilimon,4,211,
lilina_(fire_emblem),4,573,
lilina_(summer)_(fire_emblem),4,42,
lilina_(valentine)_(fire_emblem),4,39,
lilique_kadoka_lipati,4,133,
liliraune_(monster_girl_encyclopedia),4,40,
liliruca_arde,4,209,
lilisette,4,34,
lilisette_illderthane_(lilisettexiv),4,34,
lilith:_daemonissa_(roulette_of_stolen_time)_(pgr),4,11,
lilith_(ayanami_rei),4,83,
lilith_(borderlands),4,40,
lilith_(darkstalkers),4,120,
lilith_(diablo),4,38,
lilith_(evangelion),4,132,
lilith_(fire_emblem),4,150,
lilith_(hazbin_hotel),4,193,
lilith_(kyomaf_2025)_(fate),4,16,
lilith_(lilycious),4,51,
lilith_(machikado_mazoku),4,526,
lilith_(mahou_shoujo_inori),4,46,
lilith_(megami_paradise),4,39,
lilith_(over_the_same_sky)_(fate),4,84,
lilith_(p&d),4,86,
lilith_(saikin_yatotta_maid_ga_ayashii),4,310,
lilith_(shinrabanshou),4,33,
lilith_(statue)_(machikado_mazoku),4,377,
lilith_(the_binding_of_isaac),4,30,
lilith_(true_form)_(machikado_mazoku),4,210,
lilith_(vanpri),4,31,
lilith_(yamibou),4,183,
lilith_aensland,4,2141,
lilith_aileron,4,45,
lilith_clawthorne,4,43,
lilithmon,4,123,
liliweiss_(nikke),4,87,
liliya_(kaetzchen),4,163,
liliya_olenyeva,4,504,
lilka_eleniak,4,258,
lillet_blan,4,79,
lillia_(league_of_legends),4,133,
lillia_greyrat,4,72,
lillian_ljungstrom,4,61,
lillie_(anniversary_2021)_(pokemon),4,149,
lillie_(anniversary_2024)_(pokemon),4,33,
lillie_(new_year's_2021)_(pokemon),4,49,
lillie_(nihilego),4,45,
lillie_(pokemon),4,7196,
lillie_(special_costume)_(pokemon),4,71,
lilligant,4,553,
lillipup,4,175,
lilpa,4,120,
liltotto_lamperd,4,81,
lilulu_(choyoyu),4,34,
lily_(2l),4,36,
lily_(desvitio),4,36,
lily_(duolingo),4,57,
lily_(ender_lilies),4,264,
lily_(gentsuki),4,166,
lily_(granblue_fantasy),4,160,
lily_(moyori),4,31,
lily_(shiei_no_sona-nyl),4,60,
lily_(spy_kyoushitsu),4,85,
lily_(vocaloid),4,528,
lily_(wanko),4,39,
lily_barriere_(oph.lily),4,16,
lily_black,4,673,
lily_bloomerchen,4,119,
lily_c._sherbet,4,57,
lily_evans,4,64,
lily_hawk,4,102,
lily_hirakata_(vtuber),4,10,
lily_hopkins,4,30,
lily_kairui,4,11,
lily_linglan,4,33,
lily_rain,4,71,
lily_strosek,4,83,
lily_white,4,3938,
lilya_(reverse:1999),4,161,
lilya_kyomi_(fiwivt),4,42,
lilynette_gingerbuck,4,41,
lilynna_blueberry,4,71,
lim_kim-liong_(shan),4,47,
lima_(princess_connect!),4,42,
limalisha,4,53,
lime_(among_us),4,49,
lime_(saber_j),4,130,
limone_(gurande),4,33,
limone_(simoun),4,164,
lin-lin,4,47,
lin_(arknights),4,664,
lin_(breath_of_fire),4,213,
lin_(greenopi),4,35,
lin_(hokuto_no_ken),4,65,
lin_(sen_to_chihiro_no_kamikakushi),4,48,
lin_(tower_of_fantasy),4,104,
lin_hu_(nekojishi),4,67,
lin_lee_koo,4,75,
lin_lin_(one-punch_man),4,34,
lin_xue_ya,4,33,
lina_(dota),4,61,
lina_(michihasu),4,238,
lina_(papilionidae),4,10,
lina_davis,4,231,
lina_inverse,4,900,
lina_kontiola,4,289,
linaria_(granblue_fantasy),4,60,
linca_(atelier),4,41,
lincoln_loud,4,65,
lincoro,4,187,
linde_(fire_emblem),4,194,
linde_(octopath_traveler),4,61,
linde_(summer)_(fire_emblem),4,48,
lindoh_flores,4,42,
lindwurm_(last_origin),4,32,
lindy_harlaown,4,269,
line-san,4,43,
linea-chan_(owasaki),4,56,
linebarrel,4,39,
ling_(arknights),4,1268,
ling_(it_does_wash_the_strings)_(arknights),4,42,
ling_qingzhu_(wu_dong_qian_kun),4,33,
ling_shen_hua,4,56,
ling_xiaoyu,4,413,
ling_yao,4,179,
lingsha_(honkai:_star_rail),4,393,
lingyang_(wuthering_waves),4,78,
linhardt_von_hevring,4,348,
linia_pacifica,4,39,
linie_(sousou_no_frieren),4,137,
linith,4,90,
link,4,14530,
link_(shounen_captain),4,112,
linkle,4,201,
linmei_quan,4,52,
linna_yamazaki,4,40,
linne,4,277,
linnea,4,33,
linnwynn_coriwick_(asheltots),4,14,
linoone,4,108,
linse_shileska,4,40,
linus_(fire_emblem),4,34,
linus_falco,4,58,
linus_van_pelt,4,31,
linux-tan,4,35,
lio_convoy,4,36,
lio_fotia,4,2151,
lion_(kemono_friends),4,1029,
lion_(trickster),4,31,
lion_(warship_girls_r),4,63,
lion_el'jonson,4,45,
lionel_messi,4,41,
lionela_heinze,4,46,
lip_(panel_de_pon),4,56,
liptan,4,34,
liquid_metal_slime_(dq),4,41,
liquid_shadow_(kouzaku_mitori),4,17,
liquid_snake,4,106,
lirin_(bae.c),4,53,
liru,4,341,
lisa_(a_sobriquet_under_shade)_(genshin_impact),4,140,
lisa_(armedshipyard),4,10,
lisa_(blackpink),4,109,
lisa_(deel),4,33,
lisa_(genshin_impact),4,2072,
lisa_(ponyo),4,244,
lisa_(pso2),4,67,
lisa_(seiken_no_blacksmith),4,80,
lisa_brunhild,4,13,
lisa_eostre,4,62,
lisa_hamilton,4,100,
lisa_lisa,4,635,
lisa_pacifist,4,50,
lisa_silverman,4,150,
lisa_simpson,4,62,
lisanna_strauss,4,71,
lisara_restall,4,73,
lisbeth_(sao),4,772,
lisbeth_(sao-alo),4,209,
lisesharte_atismata,4,41,
lisette_vertorre,4,36,
lishenna_omen_of_destruction,4,30,
lisia_(new_year's_2023)_(pokemon),4,44,
lisia_(pokemon),4,598,
lisianthus,4,237,
liskarm_(arknights),4,681,
liskarm_(overload)_(arknights),4,46,
liss_meier_(koyashaka),4,74,
lissa_(fire_emblem),4,501,
lissandra_(league_of_legends),4,65,
listener_(inugami_korone),4,489,
litchi_faye_ling,4,396,
liter_(nikke),4,96,
lithia_beryl_(elsword),4,61,
lithos_(punishing:_gray_raven),4,33,
lithuania_(hetalia),4,161,
litleo,4,59,
litten,4,1028,
little_apple_(donkey),4,36,
little_bel_(azur_lane),4,386,
little_blonde_girl_(kozato),4,74,
little_blue_(guin_guin),4,152,
little_blue_whale_(kancolle),4,331,
little_boy_admiral_(kancolle),4,1398,
little_boy_commander_(azur_lane),4,122,
little_cheshire_(azur_lane),4,35,
little_cocon_(umamusume),4,152,
little_enterprise_(azur_lane),4,65,
little_girl_(no_i'm_not_a_human),4,16,
little_girl_admiral_(kancolle),4,311,
little_girl_saniwa_(touken_ranbu),4,121,
little_illustrious_(azur_lane),4,108,
little_legend,4,45,
little_mac,4,248,
little_match_girl_(sinoalice),4,33,
little_mermaid_(beautiful_bubble)_(nikke),4,86,
little_messenger_(honkai_impact),4,55,
little_my,4,36,
little_nurse,4,54,
little_princess_(guardian_tales),4,55,
little_prinz_eugen_(azur_lane),4,56,
little_red_riding_hood_(grimm),4,1665,
little_red_riding_hooded_mercenary,4,121,
little_renown_(azur_lane),4,34,
little_sister_(bioshock),4,52,
little_sister_(navigavi),4,111,
little_specter_(elsword),4,36,
little_xia_(elsword),4,32,
littorio_(azur_lane),4,221,
littorio_(calabria_aurea)_(azur_lane),4,50,
littorio_(kancolle),4,1160,
littorio_(the_glory_of_naples)_(azur_lane),4,44,
litwick,4,1026,
liu_bei,4,40,
liu_mei_fan,4,54,
liu_qingcheng,4,408,
liv:_eclipse_(punishing:_gray_raven),4,112,
liv:_empyrea_(dreamcatcher)_(punishing:_gray_raven),4,45,
liv:_empyrea_(punishing:_gray_raven),4,204,
liv:_empyrea_(wings_of_dawn)_(punishing:_gray_raven),4,36,
liv:_limpidity_(pgr),4,47,
liv:_luminance_(punishing:_gray_raven),4,42,
liv:_lux_(punishing:_gray_raven),4,56,
liv_(punishing:_gray_raven),4,570,
live_twin_ki-sikil,4,148,
live_twin_lil-la,4,151,
liverpool_(azur_lane),4,50,
livia_medeiros,4,36,
living_armor_(dungeon_meshi),4,30,
living_jar_(elden_ring),4,62,
livio_the_doublefang,4,32,
liyuu,4,32,
liz_hohenstein,4,106,
liza_(pokemon),4,141,
lize_helesta,4,2315,
lize_helesta_(1st_costume),4,411,
lize_helesta_(2nd_costume),4,92,
lize_helesta_(3rd_costume),4,79,
lize_helesta_(4th_costume),4,343,
lize_helesta_(5th_costume),4,52,
lize_helesta_(8th_costume),4,61,
lize_helesta_(9th_costume),4,35,
llamrei_(fate),4,82,
llenn_(sao),4,346,
lloyd_(mother),4,89,
lloyd_asplund,4,91,
lloyd_bannings,4,170,
lloyd_de_saloum,4,33,
lloyd_irving,4,368,
llymlaen,4,56,
lo_the_prayers_of_the_voiceless_voice,4,46,
loader_4,4,45,
loba_(apex_legends),4,467,
lobelia_(granblue_fantasy),4,49,
lobelia_carlini,4,120,
lobo_(fate),4,173,
loch_ness_monster,4,57,
loche_(chitosezaka_suzu),4,35,
lochi's_character,4,36,
locke_cole,4,278,
lockon_stratos,4,498,
loco_musica,4,84,
locusta_(fate),4,58,
lofi_girl,4,82,
loftwing,4,75,
log-mi_(tonpuu),4,116,
loggins_(jojo),4,42,
logician_(16personalities),4,35,
logix_ficsario,4,173,
logos_(arknights),4,165,
lois_griffin,4,47,
lois_lane,4,282,
loki_(all-butcher)_(marvel),4,17,
loki_(danmachi),4,44,
loki_(fire_emblem),4,228,
loki_(marvel),4,361,
loki_(matantei_loki_ragnarok),4,34,
loki_(shin_sagi-shi)_(marvel),4,16,
loki_(spring)_(fire_emblem),4,31,
loki_(summer)_(fire_emblem),4,32,
lokulo-chan,4,175,
lokulo-chan_(lokulo_no_mawashimono),4,474,
lola_(pangya),4,38,
lola_(roxxxan),4,33,
lola_bunny,4,111,
lola_loud,4,37,
loli_fox_girl_(mdf_an),4,44,
loli_ruri,4,61,
loliel_(toshizou),4,45,
lolly_(animal_crossing),4,35,
lolo_(klonoa),4,50,
lololo_(kirby),4,54,
loly_aivirrne,4,48,
lombre,4,67,
lon'qu_(fire_emblem),4,79,
london_(azur_lane),4,95,
london_(retrofit)_(azur_lane),4,46,
long-haired_girl_(ishiyumi),4,54,
long-haired_girl_(motto_notto),4,78,
long_(chainsaw_man),4,83,
long_island_(azur_lane),4,279,
long_island_(long_island_-_indoor_slacker)_(azur_lane),4,52,
longhorn,4,34,
longinus_(phantom_of_the_kill),4,47,
longjing_shrimp_(the_tale_of_food),4,50,
loni_dunamis,4,50,
loogchoob_(gaolukchup),4,61,
looker_(pokemon),4,121,
looks_to_the_moon,4,49,
loona_(helluva_boss),4,264,
loopy_(pororo_the_little_penguin),4,13,
lop_(star_wars),4,34,
lopmon,4,136,
loporrit,4,98,
lopunny,4,1591,
lora_(xenoblade),4,305,
loran_cehack,4,242,
lord's_blade_ciaran,4,129,
lord_boros,4,56,
lord_dearche,4,216,
lord_el-melloi_ii,4,945,
lord_knight_(elsword),4,99,
lord_knight_(ragnarok_online),4,657,
lord_of_the_frenzied_flame_(elden_ring),4,46,
lord_prosciutto,4,31,
lord_tenma_(touhou),4,34,
lordgenome,4,194,
lordgenome_(young),4,32,
lordknightmon,4,36,
lordly_trashcan_(honkai:_star_rail),4,41,
lorel_(auraaa),4,48,
lorelei_(pokemon),4,339,
lorelei_(reverse:1999),4,36,
loreley_(girls'_frontline_2),4,59,
lorem_(mazohaha),4,109,
loremaster_(helltaker),4,279,
lorenz_hellman_gloucester,4,302,
lorenz_hellman_gloucester_(summer),4,39,
lorgar_aurelian,4,35,
lori_loud,4,60,
lorian_(elder_prince),4,85,
lorna,4,33,
losse_(personal_ami),4,82,
lost_lace,4,15,
lost_robin_rondo,4,103,
lotad,4,276,
lothric_(younger_prince),4,89,
lotte_jansson,4,485,
lou_(shadows_house),4,62,
lou_magmell,4,24,
lou_roux,4,31,
loud_cloud,4,82,
loudred,4,70,
louie_(pikmin),4,337,
louis_(beastars),4,61,
louis_(fire_emblem),4,78,
louis_(left_4_dead),4,35,
louise_(fire_emblem),4,86,
louise_(shadows_house),4,35,
louise_(touhou),4,328,
louise_francoise_le_blanc_de_la_valliere,4,2416,
louise_halevy,4,229,
louisville_(an_order_of_dreams)_(azur_lane),4,33,
louisville_(azur_lane),4,54,
loussier_ellerensia,4,64,
love_deluxe,4,57,
lovekov,4,32,
lovely_labrynth_of_the_silver_castle,4,796,
loves_only_you_(9927_wishes)_(umamusume),4,128,
loves_only_you_(casual)_(umamusume),4,27,
lovey_(pride_of_eden),4,33,
low_tier_god,4,33,
lowain_(granblue_fantasy),4,50,
lowell_(project_moon),4,114,
lowen_(fire_emblem),4,55,
loz,4,59,
lrl_(last_origin),4,157,
ltlx_7000_(girls'_frontline),4,65,
lu_(lake_of_voices),4,11,
lu_bu,4,45,
lu_bu_(fate),4,51,
lu_guang,4,152,
lu_woh_(granblue_fantasy),4,78,
lu_xueqi_(zhu_xian),4,238,
lu_xun,4,33,
lua_(yu-gi-oh!),4,110,
lua_asuka,4,31,
luan_loud,4,43,
luc_(suikoden),4,102,
luca_(jasdavi),4,92,
luca_(shironeko_project),4,67,
luca_(yu-gi-oh!),4,182,
luca_angeloni,4,64,
luca_balsa,4,105,
luca_balsa_(fugue_for_dawn),4,12,
luca_kaneshiro,4,572,
luca_kaneshiro_(1st_costume),4,165,
luca_truelywaath,4,135,
lucario,4,2395,
lucario_(ruins),4,48,
lucas_(chaos_zero_nightmare),4,14,
lucas_(mother_3),4,857,
lucas_(pokemon),4,1310,
lucas_lee,4,630,
lucca_ashtear,4,530,
lucena_winter,4,125,
luchador_(granblue_fantasy),4,100,
luchino_(identity_v),4,49,
luchs,4,34,
lucia:_crimson_abyss_(punishing:_gray_raven),4,256,
lucia:_crimson_weave_(punishing:_gray_raven),4,178,
lucia:_dawn_(punishing:_gray_raven),4,123,
lucia:_lotus_(punishing:_gray_raven),4,104,
lucia:_plume_(dance_of_ripplets)_(punishing:_gray_raven),4,35,
lucia:_plume_(eventide_glow)_(punishing:_gray_raven),4,66,
lucia:_plume_(punishing:_gray_raven),4,329,
lucia:_pyroath_(punishing:_gray_raven),4,52,
lucia:_pyroath_(rippling_luminescence)_(pgr),4,12,
lucia_(fire_emblem),4,68,
lucia_(lunar),4,65,
lucia_(ogino_atsuki),4,49,
lucia_(pangya),4,138,
lucia_(punishing:_gray_raven),4,899,
lucia_(scott_malin),4,486,
lucia_(toaru_majutsu_no_index),4,45,
lucia_elowen,4,531,
lucia_fex,4,107,
lucia_morgan,4,79,
lucian_(league_of_legends),4,47,
lucian_(pokemon),4,85,
luciana_de_montefio,4,601,
luciana_mazzei,4,129,
lucid_(maplestory),4,193,
lucie_(millie_parfait),4,216,
luciela_r._sourcream,4,534,
lucier_(7th_dragon),4,44,
lucifel_(el_shaddai),4,80,
lucifer_(gundam),4,16,
lucifer_(hazbin_hotel),4,154,
lucifer_(helltaker),4,1731,
lucifer_(monster_strike),4,47,
lucifer_(shin_megami_tensei),4,45,
lucifer_(shingeki_no_bahamut),4,325,
lucifer_(the_seven_deadly_sins),4,30,
lucifer_(umineko),4,366,
lucifer_morningstar_(hazbin_hotel),4,269,
lucifer_rena,4,31,
luciferion,4,74,
lucifero_(guilty_gear),4,457,
lucilius_(granblue_fantasy),4,135,
lucilla_(wuthering_waves),4,217,
lucille_ernella,4,33,
lucina_(brave_princess)_(fire_emblem),4,58,
lucina_(fate's_resolve)_(fire_emblem),4,32,
lucina_(fire_emblem),4,4201,
lucina_(glorious_archer)_(fire_emblem),4,33,
lucina_(hot-spring_scramble)_(fire_emblem),4,26,
lucina_(resplendent)_(fire_emblem),4,43,
lucina_(spring)_(fire_emblem),4,175,
lucina_(summer)_(fire_emblem),4,88,
lucina_(valentine)_(fire_emblem),4,100,
lucio_(granblue_fantasy),4,69,
lucio_(overwatch),4,214,
lucius_(fire_emblem),4,87,
lucius_zogratis,4,33,
luck_voltia,4,31,
lucky_beast_(kemono_friends),4,2012,
lucky_chloe,4,104,
lucky_roux,4,30,
lucoa_(maidragon),4,1241,
lucrecia_crescent,4,36,
lucrezia_noin,4,32,
lucuha,4,35,
lucy_(chrono_ark),4,32,
lucy_(closers),4,55,
lucy_(cyberpunk),4,1306,
lucy_(elfen_lied),4,231,
lucy_(my_time_at_sandrock),4,36,
lucy_(pokemon),4,97,
lucy_(reverse:1999),4,114,
lucy_(the_queen's_game)_(reverse:1999),4,39,
lucy_heartfilia,4,1055,
lucy_kaneshiro,4,52,
lucy_loud,4,110,
lucy_maria_misora,4,432,
lucy_steel,4,135,
lucy_van_pelt,4,37,
lude_(ragnarok_online),4,39,
ludger_will_kresnik,4,301,
ludicolo,4,134,
ludmila_(rune_factory),4,48,
ludmila_lourie,4,54,
ludmilla_(evertale),4,39,
ludmilla_(nikke),4,155,
ludmilla_(winter_owner)_(nikke),4,99,
ludwig_the_accursed,4,49,
ludwig_von_koopa,4,80,
luetzow_(azur_lane),4,123,
luetzow_(everlasting_blood_banquet)_(azur_lane),4,44,
lufas_maphaahl,4,19,
luffyko,4,136,
lugh_(fire_emblem),4,57,
lugh_beowulf,4,33,
lugia,4,717,
lugner_(sousou_no_frieren),4,47,
luigi,4,2281,
luigi_di_savoia_duca_degli_abruzzi_(kancolle),4,334,
luigi_torelli_(halloween)_(kancolle),4,12,
luigi_torelli_(kancolle),4,356,
luis_cammy,4,153,
luis_cammy_(1st_costume),4,34,
luis_sera,4,78,
luka_(alien_stage),4,46,
luka_(honkai:_star_rail),4,69,
luka_(mon-musu_quest!),4,511,
luka_couffaine,4,30,
luka_millfy,4,52,
luka_redgrave,4,38,
lukas_(fire_emblem),4,56,
luke_(chaos_zero_nightmare),4,21,
luke_fon_fabre,4,731,
luke_pearce_(tears_of_themis),4,573,
luke_skywalker,4,215,
luke_sullivan,4,313,
luke_triton,4,143,
luke_venus,4,51,
luki_(dogs),4,40,
luknight_(himemori_luna),4,93,
luli_daxian,4,31,
lulla_(comodomodo),4,70,
lulli,4,32,
lulu_(bang_bravern),4,199,
lulu_(ff10),4,287,
lulu_(league_of_legends),4,1003,
lulu_(pastime774),4,32,
lulu_(warioware),4,51,
lulu_kamiya,4,18,
luluca_(epic_seven),4,52,
luluce_(30ms),4,38,
luluco,4,157,
luluko,4,139,
luluna_(pri_chan),4,57,
lum,4,2527,
luma_(mario),4,1030,
luma_(toipokun_oyashi),4,40,
lume_sangria_(chrysa),4,47,
lumen_(arknights),4,399,
lumen_(golden_dream)_(arknights),4,34,
lumen_(gunvolt),4,203,
lumera_(fire_emblem),4,125,
lumi_(merryweather),4,63,
lumia_waber,4,38,
lumian_lee,4,38,
lumiere,4,122,
lumiere_(duel_masters),4,11,
lumine_(genshin_impact),4,14661,
lumine_(hot_springs)_(genshin_impact),4,77,
lumine_(zhangjiajie)_(genshin_impact),4,37,
lumineon,4,145,
luming_(shining_nikki),4,19,
lumpy_space_princess,4,32,
luna-p,4,259,
luna:_laurel_(punishing:_gray_raven),4,146,
luna:_oblivion_(punishing:_gray_raven),4,57,
luna_(dota),4,35,
luna_(epic_seven),4,107,
luna_(fizintine),4,99,
luna_(konosuba),4,134,
luna_(mujin_wakusei_survive),4,70,
luna_(my_little_pony),4,145,
luna_(myeu),4,21,
luna_(punishing:_gray_raven),4,314,
luna_(rajah_(dajah)),4,92,
luna_(redolent_in_red)_(honkai_impact),4,79,
luna_(sailor_moon),4,573,
luna_(sailor_moon)_(human),4,117,
luna_(shadowverse),4,183,
luna_(till_death_do_us_part)_(honkai_impact),4,80,
luna_aegis_(closers),4,115,
luna_child,4,3001,
luna_gardner,4,15,
luna_loud,4,30,
luna_lovegood,4,104,
luna_luna_(queen's_blade),4,89,
luna_noah,4,61,
luna_platz_(mega_man),4,290,
lunacub_(arknights),4,104,
lunafreya_nox_fleuret,4,278,
lunala,4,278,
lunalu_(granblue_fantasy),4,209,
lunamaria_hawke,4,855,
lunamon,4,47,
lunar_princess_ranni,4,65,
lunaria,4,32,
lunaris_(lunaric_angels),4,33,
lunasa_prismriver,4,3395,
lunastra,4,45,
lunatic_(ragnarok_online),4,106,
lunatic_(tiger_&_bunny),4,213,
lunatic_angel,4,26,
lunatic_knight,4,68,
lunatic_magician,4,35,
lunatic_ninja,4,41,
lunatic_psyker_(elsword),4,68,
lunatone,4,230,
lunch_(bad)_(dragon_ball),4,251,
lunch_(dragon_ball),4,396,
lunch_(good)_(dragon_ball),4,197,
lunderhaus_cord,4,63,
lune_(chikaretsu),4,78,
lune_(kaminomi),4,51,
lune_zoldark,4,124,
luneth,4,32,
lung_wu_(azur_lane),4,47,
luo_binghe,4,76,
luo_tianyi,4,731,
luo_tianyi_(vocaloid3),4,142,
luo_tianyi_(vocaloid4),4,31,
luo_xiaobai,4,80,
luo_xiaohei,4,1190,
luo_xiaohei_(cat),4,577,
luo_xiaohei_(human),4,647,
luocha_(honkai:_star_rail),4,317,
luong,4,61,
luonnotar_(genshin_impact),4,340,
luozhu_(the_legend_of_luoxiaohei),4,171,
lupusregina_beta,4,173,
lurantis,4,294,
lusamine_(pokemon),4,1991,
lusamine_(sygna_suit)_(pokemon),4,69,
lusamine_fused_(pokemon),4,39,
lust_(fma),4,232,
lute_(fire_emblem),4,209,
lute_(hazbin_hotel),4,51,
lutecia_alpine,4,198,
luthica_preventer,4,121,
luthier_(fire_emblem),4,69,
lutonada_(whispered_longing)_(arknights),4,15,
luuk_herssen_(wuthering_waves),4,450,
luvdisc,4,610,
luviagelita_edelfelt,4,365,
luvriel,4,30,
lux_(league_of_legends),4,1117,
lux_arcadia,4,38,
luxio,4,138,
luxion_(mobseka),4,35,
luxord,4,81,
luxray,4,510,
luz_noceda,4,457,
lwmmg_(girls'_frontline),4,178,
lycan_west_(fortnite),4,11,
lycanroc,4,630,
lycanroc_(dusk),4,208,
lycanroc_(midday),4,224,
lycanroc_(midnight),4,286,
lycion,4,276,
lycoris_fubuki,4,101,
lycoris_princess,4,121,
lydia_macarthur,4,107,
lydie_marlen,4,88,
lyfe_bestla,4,48,
lyla_(marvel),4,38,
lyle_collodi_(honkai_impact),4,36,
lyle_dylandy,4,142,
lyme_(azur_lane),4,28,
lyme_(corrupting_trap)_(azur_lane),4,16,
lymee,4,59,
lymle_lemuri_phi,4,122,
lymsleia_falenas,4,54,
lyn_(blade_&_soul),4,497,
lyn_(brave_lady)_(fire_emblem),4,85,
lyn_(bridal)_(fire_emblem),4,68,
lyn_(fire_emblem),4,2232,
lyn_(flame)_(fire_emblem),4,50,
lyn_(lady_of_the_wind)_(fire_emblem),4,35,
lyn_(ninja)_(fire_emblem),4,49,
lyn_(plains_wind)_(fire_emblem),4,95,
lyn_(resplendent)_(fire_emblem),4,31,
lyn_(summer)_(fire_emblem),4,141,
lyn_(valentine)_(fire_emblem),4,54,
lyna_(ff14),4,44,
lyna_(yu-gi-oh!),4,95,
lyna_the_light_charmer,4,87,
lynae_(wuthering_waves),4,1618,
lynel,4,48,
lyner_barsett,4,30,
lynette_(genshin_impact),4,1760,
lynette_bishop,4,2056,
lyney_(genshin_impact),4,1376,
lyney_(tapestry_of_night)_(genshin_impact),4,12,
lynn_lambretta,4,36,
lynn_loud,4,40,
lynn_minmay,4,341,
lynne_(ghost_trick),4,84,
lynx_(chrono_cross),4,31,
lynx_landau,4,144,
lyon_(fire_emblem),4,111,
lyon_(suikoden),4,99,
lyon_rem_helsos,4,96,
lyra_(pokemon),4,2391,
lyra_(summer_2020)_(pokemon),4,48,
lyra_(sygna_suit)_(pokemon),4,59,
lyra_heartstrings,4,34,
lyre_(fire_emblem),4,93,
lyria_(granblue_fantasy),4,1062,
lyrica_prismriver,4,2477,
lyrilusc_-_ensemblue_robin,4,45,
lyrph_(z/x),4,19,
lysandre_(pokemon),4,334,
lyse_hext,4,102,
lysithea_von_ordelia,4,2272,
lysithea_von_ordelia_(a_new_future),4,56,
lysithea_von_ordelia_(tea_party),4,76,
lysithea_von_ordelia_(winter),4,30,
lyudmila_andreyevna_ruslanova,4,45,
lyuri_(riviera),4,42,
lyuritis_(yoru_no_nai_kuni),4,33,
lyza_(made_in_abyss),4,127,
m-chan_(kinbakuman),4,36,
m-ko_(hoojiro_(found1093)),4,32,
m._bison,4,487,
m.o.m.o.,4,279,
m1014_(girls'_frontline),4,54,
m14_(girls'_frontline),4,383,
m14_(mod3)_(girls'_frontline),4,38,
m16a1_(blazer_of_the_trail)_(girls'_frontline),4,43,
m16a1_(boss)_(girls'_frontline),4,427,
m16a1_(girls'_frontline),4,1581,
m16a4_(upotte!!),4,31,
m1887_(girls'_frontline),4,55,
m1897_(girls'_frontline),4,70,
m1911_(girls'_frontline),4,120,
m1918_(bunny_girl)_(girls'_frontline),4,31,
m1918_(girls'_frontline),4,172,
m1919a4_(girls'_frontline),4,65,
m1_garand_(girls'_frontline),4,183,
m200_(girls'_frontline),4,1288,
m249_saw_(girls'_frontline),4,47,
m2hb_(girls'_frontline),4,114,
m37_(girls'_frontline),4,202,
m37_(summer_parader)_(girls'_frontline),4,86,
m3_(girls'_frontline),4,63,
m3gan_(character),4,39,
m4_sopmod_ii_(devourer_of_the_feast)_(girls'_frontline),4,60,
m4_sopmod_ii_(girls'_frontline),4,1513,
m4_sopmod_ii_(mod3)_(girls'_frontline),4,184,
m4_sopmod_ii_jr,4,200,
m4a1_(girls'_frontline),4,1635,
m4a1_(mod3)_(girls'_frontline),4,404,
m4a1_(suspender_of_time)_(girls'_frontline),4,46,
m500_(girls'_frontline),4,64,
m590_(girls'_frontline),4,184,
m82a1_(girls'_frontline),4,49,
m870_(girls'_frontline),4,146,
m950a_(concert_diva!)_(girls'_frontline),4,34,
m950a_(girls'_frontline),4,353,
m99_(girls'_frontline),4,126,
m_(kamo_kamen),4,41,
m_(xenoblade),4,67,
ma_chao,4,51,
ma_dai,4,33,
ma_matsuri,4,30,
maaa,4,47,
maaka_karin,4,105,
maam,4,198,
maare_(moyori),4,31,
maaryan_(to_heart),4,276,
mabel_(black_souls),4,43,
mabel_able_(animal_crossing),4,38,
mabel_pines,4,277,
mabel_raybert,4,30,
mable_west,4,52,
mabosstiff,4,243,
mac-10_(girls'_frontline),4,78,
mac_(foster's),4,34,
macan_(housamo),4,92,
macaron_(amaburi),4,53,
macaron_(ameto_yuki),4,34,
macaron_(kemono_teatime),4,28,
macci_(opossumachine),4,55,
mach_caliber,4,144,
machamp,4,575,
machi_(nagasarete_airantou),4,35,
machi_(zelda),4,36,
machi_komacine,4,178,
machi_kyouko,4,72,
machi_youko,4,52,
machias_regnitz,4,51,
machida_(ojimashu),4,57,
machida_sawako,4,89,
machika_(serenade),4,32,
machiko_ryou,4,133,
machina_(dragonaut),4,75,
machina_x_flayon,4,446,
machina_x_flayon_(1st_costume),4,74,
machina_x_flayon_(2nd_costume),4,44,
machine-g.a.p.,4,45,
machine_(nier),4,148,
machine_herald_viktor,4,22,
machinist_(final_fantasy),4,96,
machio_naruzou,4,53,
machiroon_(machina_x_flayon),4,92,
machita_chima,4,264,
machita_chima_(1st_costume),4,58,
machita_chima_(lace_dress),4,13,
machita_chima_(lolita_maid),4,16,
machita_chima_(loungewear),4,21,
machita_chima_(military),4,12,
machita_chima_(sailor_dress),4,36,
machlian_(girls'_frontline),4,36,
machoke,4,249,
machop,4,163,
macne_nana,4,88,
macota_(cookie),4,56,
macroich_(housamo),4,44,
macrophage_(hataraku_saibou),4,98,
macula_marius,4,82,
mad_bear_(tiger_&_bunny),4,45,
mad_hatter_(alice_in_wonderland),4,436,
mad_maggie_(apex_legends),4,99,
mad_mew_mew,4,33,
mad_moxxi,4,42,
mad_rat_(mad_rat_dead),4,64,
mada_(hi_fi_club),4,11,
madame_ping_(genshin_impact),4,154,
madame_shirley,4,32,
madara_(natsume_yuujinchou),4,45,
madaraki_fran,4,137,
madaraki_veronica,4,37,
madarame_harunobu,4,161,
madarame_ikkaku,4,44,
madarame_setsuna,4,23,
maddy_(minai_mosa),4,32,
maddy_lovecraft,4,31,
made_in_heaven_(stand),4,37,
madeleine_(fantasista_doll),4,39,
madeleine_(master_of_eternity),4,31,
madeleine_cookie,4,70,
madeline_(celeste),4,174,
madeline_(fire_emblem),4,46,
madeline_(woofycakes),4,100,
mademoiselle_(ensemble_stars!),4,62,
mademoiselle_crabaletta,4,277,
madland,4,46,
mado_akira,4,41,
madobe_nanami,4,124,
madoka_aguri,4,563,
madolche_magileine,4,34,
madolche_puddingcess,4,30,
madotsuki,4,1953,
mae_(fire_emblem),4,136,
maebara_keiichi,4,1338,
maeda_inuchiyo,4,61,
maeda_keiji_(sengoku_basara),4,80,
maeda_saika,4,21,
maeda_shiori,4,106,
maeda_toushirou,4,425,
maeda_yuki,4,55,
maedhros,4,33,
maegami-chan_(tawawa),4,83,
maehara_nina,4,62,
maehara_shinobu,4,253,
maekawa,4,60,
maekawa_miku,4,2975,
maeno_aki,4,116,
maes_hughes,4,98,
maestrale_(azur_lane),4,41,
maestrale_(kancolle),4,501,
maestro_(blue_archive),4,34,
maetel,4,184,
mafia_kajita,4,177,
mafiaduck_(nilan),4,73,
mafti_nabiyu_erin,4,45,
mafumafu,4,142,
mafurako,4,78,
mafuteru,4,31,
maga-g,4,201,
maga-reimu,4,70,
magahara_desumi,4,32,
magahara_mitama,4,31,
magaki_(kof),4,33,
magallan_(arknights),4,837,
magallan_(elite_ii)_(arknights),4,97,
magallan_(shaved-ice_memories)_(arknights),4,47,
magami_eiko,4,59,
magatsu_izanagi,4,55,
magatsuchi_shouta,4,277,
magby,4,84,
magcargo,4,97,
mage_(7th_dragon),4,118,
mage_(bikini_warriors),4,55,
mage_(disgaea),4,171,
mage_(dq3),4,206,
mage_(dungeon_and_fighter),4,505,
mage_(ragnarok_online),4,484,
mage_(warcraft),4,82,
magearna,4,144,
magearna_(normal),4,90,
magehound,4,49,
magenta_magenta,4,53,
mages.,4,39,
maggey_byrde,4,31,
maggie_mui,4,44,
magi_magi_magician_gal,4,65,
magia_azul,4,46,
magia_azure,4,136,
magia_baiser,4,645,
magia_magenta,4,143,
magia_sulfur,4,70,
magia_sulphur,4,40,
magic_knight_(disgaea),4,106,
magic_necro,4,10,
magical_amber,4,48,
magical_emi,4,52,
magical_grim,4,34,
magical_mirai_kaito,4,61,
magical_mirai_len,4,93,
magical_mirai_len_(2019),4,32,
magical_mirai_luka,4,55,
magical_mirai_meiko,4,53,
magical_mirai_miku,4,1452,
magical_mirai_miku_(2013),4,65,
magical_mirai_miku_(2014),4,38,
magical_mirai_miku_(2015),4,58,
magical_mirai_miku_(2016),4,303,
magical_mirai_miku_(2017),4,201,
magical_mirai_miku_(2018),4,216,
magical_mirai_miku_(2019),4,185,
magical_mirai_miku_(2020_summer),4,141,
magical_mirai_miku_(2020_winter),4,86,
magical_mirai_miku_(2021),4,220,
magical_mirai_miku_(2022),4,134,
magical_mirai_miku_(2023),4,104,
magical_mirai_miku_(2024),4,73,
magical_mirai_rin,4,87,
magical_mirai_rin_(2019),4,31,
magical_princess,4,56,
magical_ruby,4,1009,
magical_sapphire,4,435,
magician's_red,4,132,
magician's_valkyria,4,34,
magician_(elsword),4,49,
magician_servant,4,39,
magik_(new_millenia_might)_(x-men),4,14,
magik_(x-men),4,66,
magikarp,4,738,
magikoopa,4,34,
magilou_(tales),4,233,
magiquone,4,32,
magisa_(granblue_fantasy),4,404,
magmar,4,106,
magmite_(magni_dezmond),4,42,
magmortar,4,85,
magnamalo,4,51,
magnamon,4,91,
magnemite,4,1018,
magneto,4,69,
magneton,4,196,
magnezone,4,156,
magni_dezmond,4,278,
magnolia_(pokemon),4,30,
magnolia_arch,4,51,
magnus_the_red,4,45,
magolor,4,679,
magolor_soul,4,64,
magrona,4,70,
maguchi_(sakura_miko),4,34,
magus_(chrono_trigger),4,188,
magus_(granblue_fantasy),4,41,
maha_(gentsuki),4,42,
mahado,4,42,
mahan_(warship_girls_r),4,58,
mahira_(granblue_fantasy),4,412,
mahira_(holiday)_(granblue_fantasy),4,24,
mahiru_(princess_connect!),4,53,
mahito_(jujutsu_kaisen),4,367,
maho_(fii-tan_the_figure),4,32,
maho_(princess_connect!),4,183,
maho_(summer)_(princess_connect!),4,35,
mahoraga_(jujutsu_kaisen),4,66,
mahou_shoujo_minky_pinky,4,38,
mai_(avatar),4,92,
mai_(dragon_ball),4,159,
mai_(future)_(dragon_ball),4,60,
mai_(pokemon),4,131,
mai_(popotan),4,31,
mai_(senran_kagura),4,63,
mai_(touhou),4,535,
mai_akari,4,36,
mai_kobayashi,4,61,
mai_natsume,4,597,
maia_(blue_archive),4,166,
maibyou_kusuri,4,33,
maid-chan_(ramchi),4,100,
maid-chou_(maoyuu),4,73,
maid_(etan14),4,71,
maid_(mechanical_buddy_universe),4,60,
maid_(naitou_kouse),4,62,
maid_ane_(maoyuu),4,65,
maid_imouto_(maoyuu),4,33,
maiden_(kasugai_(de-tteiu)),4,61,
maiden_(nikke),4,131,
maiden_(under_the_sun)_(nikke),4,57,
maiden_astraea,4,34,
maiden_in_black,4,156,
maiden_with_eyes_of_blue,4,49,
maihama_ayumu,4,330,
maijima_karen,4,46,
maika_(vocaloid),4,52,
maikaze_(kancolle),4,1306,
maiko_(girls_und_panzer),4,33,
mail_(popful_mail),4,90,
maille-breze_(azur_lane),4,64,
maimoto_keisuke,4,125,
maine_(cyberpunk),4,43,
maintenance_musume_(kancolle),4,116,
mainz_(azur_lane),4,123,
mairin_(pokemon),4,93,
maisie_may,4,52,
maita_rui,4,177,
maitsuki_moe,4,15,
maizono_sayaka,4,1381,
maizuru,4,50,
majic_lin,4,69,
majikina_mina,4,421,
majiko_(emurin),4,79,
majima_(lycoris_recoil),4,87,
majima_goro,4,498,
majin_android_21,4,769,
majin_buu,4,271,
majin_gappa,4,156,
majin_vegeta,4,118,
majokko_(kancolle),4,160,
majolica_le_fay,4,45,
major_(hellsing),4,52,
majora_(entity),4,253,
majorika,4,38,
majorina,4,115,
majorita_(disgaea),4,55,
maka_albarn,4,1134,
makabe_kazuki,4,95,
makabe_konuri,4,34,
makabe_masamune,4,35,
makabe_mizuki,4,1177,
makaino_ririmu,4,1727,
makaino_ririmu_(4th_costume),4,138,
makaino_ririmu_(5th_costume),4,110,
makaino_ririmu_(6th_costume),4,194,
makami_(kemono_friends),4,55,
makar,4,71,
makarios_(fate),4,37,
makarov_(girls'_frontline),4,121,
maki_(blue_archive),4,929,
maki_(camp)_(blue_archive),4,390,
maki_(eru),4,30,
maki_(seikyouiku_series),4,28,
maki_(soredemo_ayumu_wa_yosetekuru),4,30,
maki_honoka,4,37,
maki_makishima_(makimaki),4,42,
maki_natsuo,4,113,
maki_oze,4,218,
makia_(fushigi_na_neko_no_machi_meltier),4,48,
makibi_kiyone,4,93,
makidera_kaede,4,147,
makigami_kimiko,4,35,
makigumo_(kancolle),4,2091,
makigumo_kai_ni_(kancolle),4,141,
makihara_arina,4,169,
makihara_izumi,4,37,
makihara_nodoka,4,36,
makihara_shiho,4,132,
makihatayama_hana,4,187,
makima_(chainsaw_man),4,7069,
makimachi_misao,4,43,
makimura_kaori,4,93,
makimura_miki,4,73,
makina_nakajima,4,447,
makinami_(kancolle),4,240,
makinami_mari_illustrious,4,2541,
makino_(one_piece),4,68,
makino_ikumi,4,57,
makino_kanna,4,127,
makino_mitake,4,65,
makino_nanami,4,58,
makino_ruki,4,184,
makino_yume,4,144,
makino_yuna,4,98,
makinohara_shouko,4,122,
makio_(kimetsu_no_yaiba),4,79,
makise_kurisu,4,3013,
makishima_saori,4,250,
makishima_shougo,4,54,
makishima_yumi,4,38,
makishima_yuusuke,4,64,
makita_yuzu,4,48,
makkachin,4,347,
makken,4,60,
mako-chan_(minami-ke),4,105,
mako-hime,4,31,
mako_(avatar),4,53,
mako_(azuumori),4,133,
mako_(eogks),4,76,
mako_mori,4,79,
makomo_(kimetsu),4,102,
makoto_(blue_archive),4,603,
makoto_(dress)_(blue_archive),4,146,
makoto_(genshin_impact),4,260,
makoto_(minami-ke),4,112,
makoto_(princess_connect!),4,515,
makoto_(street_fighter),4,885,
makoto_(summer)_(princess_connect!),4,191,
makoto_kagutsuchi,4,100,
makoto_nanaya,4,1742,
makuhita,4,97,
makunouchi_ippo,4,31,
makunouchi_ushio,4,35,
makura_(granblue_fantasy),4,118,
makurano_neena,4,36,
makuzawa_ouka,4,38,
malamar,4,79,
malariya,4,120,
malayan_tapir_(kemono_friends),4,120,
malboro,4,52,
male_alear_(fell_child)_(fire_emblem),4,115,
male_builder_(dqb2),4,87,
male_byleth_(academy)_(fire_emblem),4,66,
male_byleth_(awakened)_(fire_emblem),4,989,
male_byleth_(enlightened_one)_(fire_emblem),4,132,
male_byleth_(sothis_regalia)_(fire_emblem),4,18,
male_doctor_(arknights),4,1137,
male_fighter_(dungeon_and_fighter),4,49,
male_mage_(dungeon_and_fighter),4,42,
male_master_(the_tale_of_food),4,71,
male_priest_(dungeon_and_fighter),4,360,
male_professor_(neural_cloud),4,72,
male_protagonist_(live_a_hero),4,174,
male_protagonist_(pokemon_go),4,203,
male_protagonist_(pokemon_pokopia),4,22,
male_rover_(wuthering_waves),4,481,
male_saniwa_(touken_ranbu),4,103,
male_warrior_(disgaea),4,45,
maleficent,4,116,
malenia_blade_of_miquella,4,1264,
malenia_goddess_of_rot,4,300,
malevola_(dispatch),4,193,
malga_naruze,4,87,
malice<p>white_rabbit,4,32,
malice_evermore,4,57,
malik_al-sayf,4,36,
malik_caesars,4,160,
maliketh_the_black_blade,4,88,
malin_(kof),4,57,
malina_(helltaker),4,697,
malkuth_(project_moon),4,366,
malleus_draconia,4,270,
mallow_(mario),4,121,
mallow_(palentine's_2023)_(pokemon),4,36,
mallow_(pokemon),4,2142,
malluel_(granblue_fantasy),4,59,
malon,4,322,
malos_(xenoblade),4,117,
malpha_ravencroft,4,69,
malphite,4,40,
maltese_tiger_(kemono_friends),4,100,
malty_s_melromarc,4,56,
malva_(pokemon),4,124,
malyna_(malberrybush),4,141,
malzahar,4,54,
malzeno_(monster_hunter),4,57,
mama_(cooking_mama),4,32,
mama_(marui_shiro),4,58,
mama_(nier),4,72,
mamahaha,4,87,
maman_(akitsuki_karasu),4,36,
maman_(shuugetsu_karasu),4,36,
mamarissa,4,92,
mambo_(umamusume),4,47,
mamemaru_(shiny_colors),4,42,
mameneko_(leos_vincent),4,145,
mametchi,4,44,
mami_(jonsun),4,39,
mamiina_(simoun),4,133,
mamiya_(hokuto_no_ken),4,54,
mamiya_(kancolle),4,1616,
mamiya_akari,4,34,
mamiya_chiaki,4,95,
mamiya_hasaki,4,57,
mamiya_hina,4,22,
mamiya_inori,4,191,
mamiya_kanoko,4,30,
mamiya_marie,4,35,
mamiya_otaru,4,33,
mamiya_sakura,4,52,
mamiya_seira,4,93,
mamiya_takuji,4,79,
mammon_(reborn),4,85,
mammon_(umineko),4,385,
mammoth_(kemono_friends),4,70,
mamo_(dokidoki!_precure),4,43,
mamoru_(sister_princess),4,99,
mamoswine,4,119,
man_chai_(genshin_impact),4,59,
man_in_the_mirror_(stand),4,30,
mana_(our_battle_has_just_begun!),4,43,
mana_(super_real_mahjong),4,77,
mana_(yu-gi-oh!),4,101,
mana_gloriosa,4,33,
mana_matitia_(okame_nin),4,71,
manabe_itsuki,4,114,
manabe_jin'ichirou,4,70,
manabe_nodoka,4,1013,
manabe_rika,4,88,
manabe_yoshihisa,4,57,
manah,4,80,
manaia_matawhaura_hato,4,48,
manaka_(sumiyao),4,74,
manaka_ao,4,143,
manaka_hitomi,4,174,
manaka_laala,4,1240,
manaka_laala_(young),4,206,
manaka_misato,4,62,
manaka_nemu,4,40,
manaka_non,4,527,
manaka_non_(normal),4,255,
manako,4,216,
manami_(hidden_survivor),4,18,
manami_sangaku,4,47,
manana_(xenoblade),4,35,
manannan_mac_lir_(fate),4,103,
manannan_mac_lir_(first_ascension)_(fate),4,45,
manannan_mac_lir_(second_ascension)_(fate),4,32,
manaphy,4,285,
manatsu_daichi,4,32,
manbagi_rumiko,4,100,
manchester_(azur_lane),4,64,
mandalay_(boku_no_hero_academia),4,83,
mandibuzz,4,72,
mandragora_(arknights),4,141,
mandragora_(final_fantasy),4,77,
mandricardo_(fate),4,287,
mandricardo_(summer_sportswear)_(fate),4,31,
mandy_(dispatch),4,39,
mandy_(grim_adventures),4,104,
manectric,4,161,
maned_wolf_(kemono_friends),4,57,
manekina_(genshin_impact),4,27,
manfred_von_karma,4,70,
manhattan_cafe_(the_bubbles_that_i_see_with_you)_(umamusume),4,82,
manhattan_cafe_(tobasuze_hot_summer!)_(umamusume),4,50,
manhattan_cafe_(umamusume),4,4919,
manhattan_cafe_(verdant_night)_(umamusume),4,132,
manim_(her_shim_cheong),4,34,
maniwa_kamakiri,4,41,
maniwa_koumori,4,36,
maniwa_roka,4,96,
manji_fushicho,4,22,
manjoume_fumi,4,88,
manjoume_jun,4,399,
manjuu_(azur_lane),4,8708,
mankanshoku_barazou,4,151,
mankanshoku_mako,4,2864,
mankanshoku_matarou,4,177,
mankanshoku_sukuyo,4,188,
mankey,4,119,
manmaru_(love_live!),4,76,
mannen_ranko,4,46,
mannosuke,4,151,
manny_ambassada,4,37,
mano_(narumi_arata),4,61,
mano_aloe,4,454,
mano_sakurako,4,36,
mano_youko,4,66,
manon_legrand,4,261,
manticore_(arknights),4,418,
manticore_(girls'_frontline),4,46,
manticore_(invisible_dirge)_(arknights),4,39,
manticore_(monster_girl_encyclopedia),4,110,
manticore_(under_a_veil)_(arknights),4,128,
mantine,4,235,
mantis_(oceanic_harmony)_(marvel),4,38,
mantis_akiyama,4,79,
mantra_(arknights),4,32,
mantyke,4,153,
manuba_(yukataro),4,35,
manuela_casagranda,4,195,
manuela_casagranda_(winter),4,36,
manun-chan,4,41,
manya_(dq4),4,804,
manyuu_chifusa,4,65,
manzairaku,4,36,
manzoku-san,4,34,
mao-chan_(uramakaron),4,137,
mao-chan_(yuzu_lemon),4,38,
mao_(code_geass),4,44,
mao_(darker_than_black),4,135,
mao_(disgaea),4,127,
mao_(endro!),4,59,
mao_(mizuki_kotora),4,44,
mao_(shining_tears),4,38,
mao_(tales),4,38,
mao_(yotaro),4,54,
mao_(yuureidoushi_(yuurei6214)),4,39,
mao_zedong,4,44,
maochao,4,45,
maokai,4,41,
maomao_(kusuriya_no_hitorigoto),4,499,
maou_(maoyuu),4,852,
maou_(mitosansan),4,60,
maou_(yuusha_to_maou_no_rabukome),4,10,
maou_beluzel,4,295,
maou_prier,4,79,
maou_sadao,4,168,
maple_(bofuri),4,197,
maple_(nekopara),4,198,
maquia,4,32,
maquia_(sayoasa),4,36,
mara_(megami_tensei),4,83,
maractus,4,118,
marasai,4,49,
marauder_(doom_eternal),4,31,
marbas_(megido72),4,31,
marblehead_(azur_lane),4,127,
marc_(orange_juice),4,55,
marcel_galliard,4,42,
marceline_abadeer,4,512,
march_(coyote_ragtime_show),4,31,
march_7th_(feast)_(honkai:_star_rail),4,39,
march_7th_(honkai:_star_rail),4,4240,
march_7th_(hunt)_(honkai:_star_rail),4,496,
march_7th_(ice_cake)_(honkai:_star_rail),4,53,
march_7th_(kfc)_(honkai:_star_rail),4,45,
march_7th_(preservation)_(honkai:_star_rail),4,431,
march_hare_(alice_in_wonderland),4,131,
marche_radiuju,4,33,
marchen_von_friedhof,4,90,
marching_andante,4,35,
marci_(dota),4,49,
marcia_(fire_emblem),4,106,
marciana_(nikke),4,258,
marciana_(school_days)_(nikke),4,73,
marcille_donato,4,3956,
marcille_donato_(dungeon_lord),4,106,
marcille_donato_(half-foot),4,48,
marcille_donato_(lord),4,284,
marco_(one_piece),4,250,
marco_bott,4,148,
marco_diaz,4,49,
marco_polo_(azur_lane),4,122,
marco_polo_(the_queen_of_hearts)_(azur_lane),4,34,
marco_rossi,4,112,
marcoh_(fear_&_hunger),4,44,
marcus_(ff9),4,42,
marcus_(naisnow)_(reverse:1999),4,27,
marcus_(reverse:1999),4,207,
marcus_mars,4,35,
marcus_thorne,4,19,
marcy_(chrono_cross),4,113,
marcy_wu,4,258,
mare_(ac8231),4,35,
mare_bello_fiore,4,127,
mare_s._ephemeral,4,115,
mareanie,4,215,
mareep,4,414,
mareeta_(fire_emblem),4,50,
marfusha_(marfusha),4,40,
margaret_(abubu),4,38,
margaret_(persona),4,205,
margaret_(rune_factory),4,48,
margaretha_sorin,4,180,
margarita_blankenheim,4,72,
margay_(kemono_friends),4,416,
marge_simpson,4,50,
margery_daw,4,110,
margit_eberbach,4,57,
margit_the_fell_omen,4,78,
margo_(pokemon),4,40,
margot_knight,4,89,
margret_(lake_of_voices),4,14,
marguerite_(one_piece),4,112,
marguerite_fatima,4,82,
mari_(amazu),4,55,
mari_(blue_archive),4,5301,
mari_(delightfully_fuckable_and_unrefined!!),4,60,
mari_(dream_c_club),4,124,
mari_(faraway)_(omori),4,762,
mari_(genjitsu_no_yohane),4,61,
mari_(headspace)_(omori),4,708,
mari_(maritan),4,98,
mari_(omori),4,1584,
mari_(swimsuit)_(blue_archive),4,163,
mari_(track)_(blue_archive),4,1831,
mari_(twrlare),4,34,
maria_(arakawa),4,55,
maria_(ff2),4,61,
maria_(fire_emblem),4,180,
maria_(hayate_no_gotoku!),4,413,
maria_(housamo),4,54,
maria_(junketsu_no_maria),4,55,
maria_(kasugai_(de-tteiu)),4,83,
maria_(ogino_atsuki),4,43,
maria_(saidaioujou),4,44,
maria_(silent_hill),4,39,
maria_(space_maria),4,79,
maria_(umineko),4,201,
maria_balthasar,4,223,
maria_cadenzavna_eve,4,1156,
maria_campbell,4,137,
maria_gorey,4,39,
maria_grace_fleed,4,48,
maria_graceburt,4,47,
maria_magdalena_dietrich,4,37,
maria_marionette,4,326,
maria_rasputin,4,33,
maria_renard,4,170,
maria_robotnik,4,409,
maria_tachibana,4,168,
maria_theresa_(granblue_fantasy),4,103,
maria_torres,4,33,
maria_tr,4,73,
maria_traydor,4,257,
mariah_(jojo),4,205,
marian_(nikke),4,95,
marian_e._carl,4,57,
marian_kelly,4,36,
mariana_princilla,4,62,
mariandale,4,47,
marianne_(unholy_sanctuary),4,41,
marianne_vi_britannia,4,52,
marianne_von_edmund,4,1733,
marianne_von_edmund_(summer),4,172,
maribel_(dq7),4,405,
maribel_hearn,4,8788,
maribell_(chaos_zero_nightmare),4,21,
maribelle_(fire_emblem),4,127,
marichka,4,40,
marida_cruz,4,319,
marie_(atelier),4,135,
marie_(dies_irae),4,91,
marie_(girls_und_panzer),4,1357,
marie_(kikaijikake_no_marie),4,14,
marie_(persona_4),4,220,
marie_(sister_princess),4,68,
marie_(splatoon),4,3115,
marie_ange,4,50,
marie_antoinette_(alter)_(fate),4,301,
marie_antoinette_(alter)_(first_ascension)_(fate),4,87,
marie_antoinette_(alter)_(third_ascension)_(fate),4,36,
marie_antoinette_(animejapan_2016)_(fate),4,57,
marie_antoinette_(fate),4,1793,
marie_antoinette_(festival_outfit)_(fate),4,78,
marie_antoinette_(formal_dress)_(fate),4,42,
marie_antoinette_(swimsuit_caster)_(fate),4,341,
marie_antoinette_(swimsuit_caster)_(first_ascension)_(fate),4,78,
marie_antoinette_(swimsuit_caster)_(second_ascension)_(fate),4,113,
marie_antoinette_(swimsuit_caster)_(third_ascension)_(fate),4,122,
marie_antoinette_(third_ascension)_(fate),4,157,
marie_en_carlsberg,4,83,
marie_itami,4,34,
marie_makise,4,87,
marie_malisse_(shadowverse:_worlds_beyond),4,11,
marie_parfacy,4,51,
marie_rose,4,1035,
marie_rose_(devilish_servant_against_the_splashing_waves),4,376,
marie_rudel,4,38,
mariel_(wild_arms),4,33,
marielle_(log_horizon),4,43,
marija_(muse_dash),4,85,
marik_ishtar,4,79,
marika_(marie_&_gali),4,34,
marika_(zeddaru),4,41,
marikawa_shizuka,4,178,
mariko_ayaka,4,38,
marikouji_kaede,4,34,
marikyuunn_(classic)_(vtuber),4,22,
marikyuunn_(cyber_cupid)_(vtuber),4,27,
marill,4,777,
marilyn_monroe,4,106,
marimari_(marimari_1.0)_(vtuber),4,22,
marimari_(marimari_2.0)_(vtuber),4,40,
marimari_(show_by_rock!!),4,36,
marimony_manumonica,4,46,
marin_(ragnarok_online),4,57,
marin_(umi_monogatari),4,111,
marin_(zelda),4,152,
marina_(blue_archive),4,485,
marina_(fear_&_hunger),4,326,
marina_(noill),4,46,
marina_(omori),4,57,
marina_(pokemon),4,34,
marina_(qipao)_(blue_archive),4,103,
marina_(splatoon),4,1953,
marina_hayami,4,83,
marina_ismail,4,394,
marina_liteyears,4,32,
marinangemon,4,33,
marine_(ahute),4,51,
marine_nemo_(fate),4,184,
marine_the_raccoon,4,80,
marinette_dupain-cheng,4,562,
marino_(mega_man),4,95,
mario,4,4565,
mario_(pripara),4,111,
marion_(high_school_dxd),4,62,
marion_phauna,4,64,
marion_quinn,4,47,
marionette_(ragnarok_online),4,31,
marisa_(fire_emblem),4,138,
marisa_(street_fighter),4,188,
maritan,4,44,
marius_von_hagen_(tears_of_themis),4,416,
marivel_armitage,4,163,
mariya_mikhailovna_kujou,4,119,
marjorine,4,33,
mark_(coral_island),4,53,
mark_(fire_emblem:_the_blazing_blade),4,59,
mark_grayson,4,47,
mark_kruger,4,62,
mark_nicht,4,34,
mark_sein,4,35,
markl,4,32,
markus_(gyee),4,54,
marl_(shironeko_project),4,99,
marl_barrock,4,31,
marle_(chrono_trigger),4,329,
marle_(puyopuyo),4,83,
marlene_(black_survival),4,35,
marlene_wallace,4,172,
marley_(pokemon),4,151,
marlon_(pokemon),4,81,
marluxia,4,111,
marni_(fire_emblem),4,48,
marnie_(champion)_(pokemon),4,94,
marnie_(omoide_no_marnie),4,109,
marnie_(palentine's_2022)_(pokemon),4,58,
marnie_(pokemon),4,6272,
marnie_(summer_2021)_(pokemon),4,132,
maromi,4,39,
maron_(dragon_ball_z),4,36,
marona_(phantom_brave),4,175,
marota_(character),4,35,
marowak,4,144,
marron_(dragon_ball),4,129,
marron_glace,4,40,
mars_(cookie),4,518,
mars_(pokemon),4,124,
mars_people,4,94,
marseillaise_(azur_lane),4,53,
marshadow,4,156,
marshadow_(gloom),4,63,
marshal_(animal_crossing),4,78,
marshal_(pokemon),4,112,
marshall_d._teach,4,175,
marshall_law,4,51,
marshall_lee,4,51,
marshmallon,4,42,
marshmao_yummy,4,10,
marshtomp,4,182,
marsia_(arc_the_lad),4,41,
marta_lualdi,4,242,
marth_(fire_emblem),4,1180,
marth_(fire_emblem_awakening),4,184,
marth_(groom)_(fire_emblem),4,35,
martha_(aerial_drive)_(fate),4,37,
martha_(fate),4,1660,
martha_(santa)_(fate),4,62,
martha_(swimsuit_ruler)_(fate),4,645,
martha_(swimsuit_ruler)_(first_ascension)_(fate),4,140,
martha_(swimsuit_ruler)_(second_ascension)_(fate),4,173,
martha_(swimsuit_ruler)_(third_ascension)_(fate),4,219,
martha_(throtem),4,52,
martin_blackwood,4,14,
martin_upmont,4,65,
martina_(dq11),4,507,
martina_(project_moon),4,33,
martina_crespi,4,120,
martina_electro,4,33,
marty_mcfly,4,69,
maru-yu-san,4,228,
maru-yu_(kancolle),4,1900,
maru_(cookie),4,104,
maru_(hakuino_hakase),4,10,
maru_(tengoku_daimakyou),4,53,
marufuji_izumi,4,61,
marufuji_ryou,4,150,
marufuji_shou,4,67,
marui_futaba,4,184,
marui_hitoha,4,345,
marui_mitsuba,4,443,
maruki_takuto,4,32,
marulu_val_vol_yelvori,4,23,
maruruk,4,316,
maruuchi_shouko,4,31,
maruyama_akane,4,392,
maruyama_aya,4,923,
maruyama_saki,4,452,
maruzensky_(blasting_off_summer_night)_(umamusume),4,232,
maruzensky_(casual)_(umamusume),4,62,
maruzensky_(formula_r)_(umamusume),4,500,
maruzensky_(hot_summer_night)_(umamusume),4,448,
maruzensky_(umamusume),4,1024,
marvelous_sunday_(kira_doki_waku_mabe)_(umamusume),4,64,
marvelous_sunday_(umamusume),4,421,
marvelousaql_(neptunia),4,30,
marx_(kirby),4,522,
marx_soul,4,61,
mary-san,4,58,
mary_(acefish),4,31,
mary_(bay_goddess)_(nikke),4,84,
mary_(granblue_fantasy),4,84,
mary_(ib),4,880,
mary_(identity_v),4,74,
mary_(medical_rabbit)_(nikke),4,178,
mary_(nikke),4,311,
mary_(soul_hackers),4,47,
mary_anning_(fate),4,76,
mary_celeste_(azur_lane),4,50,
mary_clarissa_christie,4,69,
mary_cochran,4,225,
mary_hunt,4,97,
mary_jane_watson,4,136,
mary_read_(fate),4,298,
mary_read_(swimsuit_archer)_(fate),4,73,
mary_read_(swimsuit_archer)_(first_ascension)_(fate),4,40,
mary_stuart,4,265,
maryland_(azur_lane),4,52,
maryland_(kancolle),4,359,
marz_von_ludowing,4,42,
masachika_kuze,4,64,
masaki_aeka_jurai,4,211,
masaki_gaillard,4,166,
masaki_natsuko,4,32,
masaki_nonoka,4,32,
masaki_sasami_jurai,4,308,
masaki_tenchi,4,162,
masamune_(phantom_of_the_kill),4,45,
masanori_(housamo),4,35,
masaoka_tomomi,4,37,
masato_(josou_jinja),4,44,
maschiff,4,57,
masco_(character),4,64,
mase_yuuko,4,52,
mash_burnedead,4,118,
mash_kyrielight,4,16894,
mash_kyrielight_(dangerous_beast),4,2253,
mash_kyrielight_(enma-tei_uniform),4,68,
mash_kyrielight_(fgo_x_lawson),4,80,
mash_kyrielight_(formal_dress),4,144,
mash_kyrielight_(grand_new_year),4,57,
mash_kyrielight_(ortenaus),4,271,
mash_kyrielight_(senpai_killer_outfit),4,256,
mash_kyrielight_(swimsuit_of_perpetual_summer),4,745,
mash_kyrielight_(swimsuit_of_perpetual_summer_ver.02),4,238,
mash_kyrielight_(under_the_same_sky),4,66,
mash_kyrielight_(welcome_to_the_travelling_circus!),4,52,
mashiko_kaoru,4,50,
mashima_himeko_(show_by_rock!!),4,99,
mashima_moyu,4,95,
mashima_taichi,4,44,
mashiro_(blue_archive),4,564,
mashiro_(solopipb),4,51,
mashiro_(swimsuit)_(blue_archive),4,170,
mashiro_blan_de_windbloom,4,149,
mashiro_kanon,4,42,
mashiro_meme,4,317,
mashiro_meme_(1st_costume),4,140,
mashiro_rima,4,70,
mashiro_tomoya,4,158,
mashiroma_zenima,4,63,
mashu_(control),4,203,
mashymre_cello,4,33,
masked_booby_(kemono_friends),4,40,
masked_lady_(deemo),4,30,
masked_man_(mother_3),4,53,
masked_royal,4,30,
maskfly_(hollow_knight),4,11,
masou_shizuka,4,105,
masquerain,4,169,
masrur,4,68,
mass_production_eva,4,250,
mass_production_nora_cat,4,31,
massachusetts_(azur_lane),4,600,
massachusetts_(dressed_to_impress)_(azur_lane),4,184,
massachusetts_(kancolle),4,96,
mast_(a_pirate's_heart)_(nikke),4,72,
mast_(nikke),4,154,
mastemon,4,36,
master_(aenaluck),4,52,
master_(dokusen_yoku_ga_tsuyo_sugiru_yandere_kai_neko-chan),4,113,
master_(gyee),4,88,
master_(vocaloid),4,624,
master_artoria,4,178,
master_asia,4,164,
master_chief,4,241,
master_gundam,4,73,
master_hand,4,60,
master_mantis,4,42,
master_nemesis,4,143,
master_shiba_(blue_archive),4,48,
master_utsushi,4,85,
master_xehanort,4,42,
master_yi,4,77,
mastermind_(elsword),4,65,
masuko_mika,4,33,
masurao_(sekaiju),4,361,
masurao_2_(sekaiju),4,354,
mata_hari_(fate),4,278,
matangomu-chan,4,246,
matano_seiko,4,44,
matara_kan,4,188,
matara_kan_(1st_costume),4,97,
matara_kan_(casual),4,37,
matara_kan_(evil),4,15,
matara_okina,4,2541,
matatagi_hayato,4,122,
mate_rin,4,39,
maten_matyu,4,11,
matenshi_(touhou),4,43,
materia_(frame_arms_girl),4,38,
mathilda_(fire_emblem),4,49,
mathilda_lando,4,124,
matikane_tannhauser_(blue_turbulence)_(umamusume),4,79,
matikane_tannhauser_(boc'z)_(umamusume),4,46,
matikane_tannhauser_(umamusume),4,1916,
matikanefukukitaru_(casual)_(umamusume),4,80,
matikanefukukitaru_(good_omen_first_storm)_(umamusume),4,42,
matikanefukukitaru_(lucky_tidings)_(umamusume),4,61,
matikanefukukitaru_(umamusume),4,1529,
matikanetannhauser_(casual)_(umamusume),4,99,
matilda_bouanich,4,284,
matilda_bouanich_(the_genius's_holiday),4,54,
matoba_risa,4,1337,
matoi_(pso2),4,783,
matoi_isshin,4,32,
matoi_ryuuko,4,7805,
matoimaru_(arknights),4,107,
matori_(pokemon),4,31,
matori_yoshika_(character),4,43,
matou_byakuya,4,133,
matou_kariya,4,1634,
matou_sakura,4,6146,
matou_sakura_(deen_s&m),4,34,
matou_sakura_(fate/extra),4,110,
matou_sakura_(imaginary_around),4,38,
matou_shinji,4,479,
matou_zouken,4,169,
matsu_(kancolle),4,178,
matsu_(sekirei),4,91,
matsu_(sengoku_basara),4,31,
matsubara_aoi,4,59,
matsubara_honoka,4,58,
matsubara_kanon,4,781,
matsubara_kaoru,4,306,
matsubara_saya,4,66,
matsubara_yuuna,4,158,
matsubayashi_souta,4,155,
matsuda_arisa,4,320,
matsuda_chiyohiko,4,429,
matsuda_jinpei,4,72,
matsuda_takato,4,120,
matsuda_touta,4,30,
matsuda_tsubaki,4,55,
matsuda_yasuke,4,180,
matsudaira_touko,4,478,
matsugane_youko,4,48,
matsuhime_mujina,4,120,
matsukai_mao,4,237,
matsukai_mao_(1st_costume),4,85,
matsukaze_(azur_lane),4,34,
matsukaze_(kancolle),4,591,
matsukaze_rin,4,63,
matsukaze_tenma,4,630,
matsuki_miyu,4,70,
matsuko_(kazu-koto),4,32,
matsumae_ohana,4,482,
matsumi_kuro,4,330,
matsumi_yuu,4,296,
matsumoto_(vivy),4,38,
matsumoto_kouko,4,82,
matsumoto_maya,4,64,
matsumoto_mifuyu,4,38,
matsumoto_rangiku,4,1262,
matsumoto_rise,4,186,
matsumoto_sarina,4,193,
matsumoto_yoriko,4,146,
matsumura_fuuka,4,160,
matsunaga_ayane,4,55,
matsunaga_brigitta_kayo,4,34,
matsunaga_hisahide_(fate),4,125,
matsunaga_ryo,4,340,
matsunaga_sara,4,50,
matsunaga_tsubame,4,34,
matsuno_chifuyu,4,211,
matsuno_chiya,4,119,
matsuno_choromatsu,4,1659,
matsuno_ichimatsu,4,1827,
matsuno_jyushimatsu,4,1828,
matsuno_karamatsu,4,1854,
matsuno_kuusuke,4,51,
matsuno_matsuyo,4,92,
matsuno_matsuzou,4,71,
matsuno_osomatsu,4,1875,
matsuno_todomatsu,4,1579,
matsuo_bashou_(sengoku_collection),4,38,
matsuo_chizuru,4,272,
matsuo_masago,4,49,
matsuoka_chie,4,40,
matsuoka_gou,4,406,
matsuoka_kiyone,4,99,
matsuoka_miu,4,500,
matsuoka_rin,4,465,
matsuoka_shuuzou,4,56,
matsuri_(hidamari_sketch),4,84,
matsuri_(princess_connect!),4,36,
matsuri_(teriyaki),4,185,
matsuri_(yume_no_owari),4,139,
matsurisu,4,148,
matsuro_meru,4,40,
matsushima_koyuki,4,30,
matsushima_michiru,4,158,
matsushita,4,108,
matsuura_ayane,4,42,
matsuura_kanan,4,2638,
matsuura_nanase,4,133,
matsuwa_(kancolle),4,947,
matsuyama_kumiko,4,108,
matsuyuki_atsumu,4,162,
matsuzaka_satou,4,129,
matsuzaki_ami,4,41,
matt_(pokemon),4,151,
matterhorn_(arknights),4,279,
matterhorn_(beach_guard)_(arknights),4,44,
matthew_(fire_emblem),4,48,
matthew_(xenoblade),4,39,
matthew_patel,4,60,
matthias_czernin_(striding_between_realms),4,16,
mattie_(ego_trigger),4,60,
mature_(kof),4,158,
mau-chan_(7name),4,58,
maud,4,61,
mauga_(overwatch),4,98,
mauro_abelard,4,31,
maury_(azur_lane),4,37,
maus_(ash_arms),4,31,
maushold,4,107,
maushold_(family_of_four),4,65,
maushold_(family_of_three),4,35,
mauvier_(fire_emblem),4,51,
mavia_(vtuber),4,58,
mavis_dracula,4,88,
mavis_vermilion,4,71,
mavuika_(genshin_impact),4,734,
mawile,4,715,
maws_(splatoon),4,41,
max_(ctrl+alt+resign),4,11,
max_(pangya),4,54,
max_(pokemon),4,142,
max_(ssss.gridman),4,55,
max_caulfield,4,69,
max_profitt_haltmann,4,34,
maxie_(pokemon),4,315,
maxima,4,96,
maxima_sakuya_enfield,4,86,
maximilian_jenius,4,132,
maxwell_(nikke),4,150,
maxx_c,4,34,
may_(anniversary_2022)_(pokemon),4,52,
may_(arknights),4,64,
may_(guilty_gear),4,1349,
may_(gundam_build_divers_re:rise),4,326,
may_(pokemon),4,6706,
may_(spring_2021)_(pokemon),4,127,
may_(sygna_suit)_(pokemon),4,31,
may_chang,4,119,
may_lee,4,83,
may_of_doom,4,224,
maya_(angel_tear),4,40,
maya_(aoki_hagane_no_arpeggio),4,99,
maya_(azur_lane),4,148,
maya_(borderlands),4,38,
maya_(dewprism),4,39,
maya_(dq11),4,77,
maya_(kancolle),4,3317,
maya_(roadi3),4,44,
maya_elbeth,4,47,
maya_fey,4,856,
maya_kai_ni_(kancolle),4,766,
maya_schrodinger,4,61,
maya_yukiko,4,54,
mayaa_(azumanga_daioh),4,46,
mayano_top_gun_(casual)_(umamusume),4,140,
mayano_top_gun_(formation:_party)_(umamusume),4,48,
mayano_top_gun_(rockin'_mewmeow)_(umamusume),4,42,
mayano_top_gun_(sunlight_bouquet)_(umamusume),4,108,
mayano_top_gun_(umamusume),4,2277,
mayday_parker,4,79,
mayer_(arknights),4,267,
mayjack_(dungeon_meshi),4,75,
mayl_sakurai_(mega_man),4,264,
maylene_(pokemon),4,304,
mayors_(project_moon),4,69,
mayreel_(guardian_tales),4,55,
mayu_(kaikan_change),4,57,
mayu_(vocaloid),4,328,
mayu_(yuizaki_kazuya),4,126,
mayumi_eishin,4,82,
mayumi_thyme,4,77,
mayura,4,66,
mayuri_(date_a_live),4,81,
mayuzumi_fuyuko,4,3253,
mayuzumi_kai,4,204,
mayuzumi_kai_(1st_costume),4,76,
mayuzumi_yukie,4,79,
mayuzumi_yukino,4,44,
mazaki_anzu,4,617,
mazinger_z_(mecha),4,264,
mazinger_zero_(mecha),4,36,
mazinkaiser_(robot),4,76,
mc_lita,4,160,
mc_liz,4,126,
mcgillis_fareed,4,49,
mdr_(cocktail_observer)_(girls'_frontline),4,56,
mdr_(ghost_trap)_(girls'_frontline),4,31,
mdr_(girls'_frontline),4,700,
me-tan,4,744,
mea_koenig,4,40,
mearylis_(yamanasi_mikage),4,65,
meat_lantern_(project_moon),4,31,
mecha-fiora,4,149,
mecha-fiora_(speed_cowling),4,33,
mecha-jk,4,39,
mecha_eli-chan_(fate),4,84,
mecha_eli-chan_mk.ii_(fate),4,54,
mecha_hisui,4,43,
mechagodzilla,4,82,
mechanic_(granblue_fantasy),4,44,
mechanic_(ragnarok_online),4,189,
mechanica_(arms),4,87,
mechanical_arm_tomboy_(nasu),4,14,
mechazawa_shin'ichi,4,60,
medama_oyaji,4,279,
medama_oyaji_(human),4,112,
medb_(alluring_chief_warden_look)_(fate),4,119,
medb_(fate),4,1211,
medb_(first_ascension)_(fate),4,48,
medb_(swimsuit_saber)_(fate),4,129,
medb_(swimsuit_saber)_(second_ascension)_(fate),4,107,
meddy.exe_(mega_man),4,60,
medea,4,74,
medea_(fate),4,1323,
medea_(lily)_(fate),4,249,
medea_solon,4,37,
media_(pani_poni),4,104,
medic_(sekaiju),4,182,
medic_(sekaiju_4),4,55,
medic_(tf2),4,184,
medic_2_(sekaiju),4,136,
medicham,4,137,
medici_(lord_of_the_mysteries),4,68,
medicine_melancholy,4,3513,
medicine_pocket,4,204,
medico_(dohna_dohna),4,36,
meditite,4,78,
medjed_(fate),4,1135,
medjed_(mythology),4,124,
medli,4,179,
medoi,4,89,
medusa_(fate),4,5074,
medusa_(jashin-chan_dropkick),4,134,
medusa_(kid_icarus),4,71,
medusa_(lancer)_(fate),4,700,
medusa_(lancer)_(final_ascension)_(fate),4,31,
medusa_(monster_girl_encyclopedia),4,33,
medusa_(mythology),4,76,
medusa_(omori),4,63,
medusa_(rider)_(fate),4,3981,
medusa_(rider)_(third_ascension)_(fate),4,126,
medusa_(saber)_(fate),4,83,
medusa_(shingeki_no_bahamut),4,439,
medusa_gorgon,4,128,
mee_(sohin),4,47,
meeboo_(arknights),4,36,
meer_campbell,4,885,
meerkat_(kemono_friends),4,403,
meg_(bakuretsu_tenshi),4,74,
meg_(granblue_fantasy),4,49,
meg_(suikoden),4,37,
mega_absol,4,155,
mega_aggron,4,32,
mega_altaria,4,88,
mega_ampharos,4,84,
mega_audino,4,56,
mega_banette,4,110,
mega_barbaracle,4,21,
mega_baxcalibur,4,28,
mega_beedrill,4,35,
mega_blastoise,4,39,
mega_blaziken,4,107,
mega_chandelure,4,84,
mega_charizard_x,4,195,
mega_charizard_y,4,106,
mega_chesnaught,4,113,
mega_chimecho,4,47,
mega_clefable,4,73,
mega_delphox,4,146,
mega_diancie,4,56,
mega_dragalge,4,29,
mega_drampa,4,17,
mega_eelektross,4,60,
mega_emboar,4,50,
mega_excadrill,4,15,
mega_falinks,4,26,
mega_feraligatr,4,74,
mega_floette,4,23,
mega_froslass,4,71,
mega_gallade,4,185,
mega_garchomp,4,48,
mega_gardevoir,4,1586,
mega_gengar,4,111,
mega_greninja,4,110,
mega_gyarados,4,33,
mega_lopunny,4,264,
mega_lucario,4,195,
mega_malamar,4,152,
mega_man_(character),4,1345,
mega_man_volnutt,4,230,
mega_mawile,4,121,
mega_meganium,4,91,
mega_metagross,4,65,
mega_mewtwo_y,4,103,
mega_pidgeot,4,31,
mega_pyroar,4,11,
mega_raichu_x,4,139,
mega_raichu_y,4,145,
mega_rayquaza,4,125,
mega_sableye,4,57,
mega_salamence,4,43,
mega_sceptile,4,59,
mega_scizor,4,58,
mega_scolipede,4,47,
mega_scrafty,4,40,
mega_skarmory,4,33,
mega_starmie,4,241,
mega_swampert,4,52,
mega_tyranitar,4,30,
mega_venusaur,4,38,
mega_zeraora,4,62,
mega_zygarde,4,26,
megaera_(hades),4,106,
megaman.exe,4,562,
meganeko_(battle_spirits),4,33,
meganium,4,351,
megara_(disney),4,60,
megas_(astral_party),4,12,
megatron,4,545,
megatron_(beast_wars),4,41,
megatron_(idw),4,45,
megatron_(kotobukiya_bishoujo),4,54,
megazord,4,50,
megu_(blue_archive),4,504,
megumegu,4,41,
megumi's_mother_(jujutsu_kaisen),4,33,
megumi_(girls_und_panzer),4,288,
megumin,4,8086,
meguno_(wokada),4,57,
megurine_luka,4,11715,
megurine_luka_(toeto),4,222,
megurine_luka_(vocaloid4),4,111,
megurine_luki,4,48,
meguro_miyuki,4,69,
meguru_(cookie),4,314,
mehmed_ii_(fate),4,31,
mehrak_(genshin_impact),4,130,
mei-fang,4,120,
mei_(ayanepuna),4,36,
mei_(danshi_koukousei),4,30,
mei_(honkai_impact),4,120,
mei_(mugen_gacha),4,10,
mei_(overwatch),4,1732,
mei_ema,4,11,
mei_lin_(chaos_zero_nightmare),4,21,
mei_mei_(jujutsu_kaisen),4,292,
meia,4,55,
meia_gisborn,4,32,
meica_(vtuber),4,53,
meicoomon,4,34,
meidri,4,94,
meigo_arisa,4,88,
meika_hime,4,353,
meika_hime_(gynoid_talk),4,98,
meika_mikoto,4,338,
meika_mikoto_(gynoid_talk),4,88,
meika_ruka,4,48,
meikei_yell_(racehorse),4,32,
meikko-chan_(j7w),4,78,
meiko_(inuarashi),4,254,
meiko_(vocaloid),4,5607,
meiko_(vocaloid3),4,182,
meili_portroute,4,89,
meimei_(p&d),4,141,
meina_(atlanta),4,68,
meinya_(made_in_abyss),4,188,
meiou_setsuna,4,431,
meira_(touhou),4,379,
meis_(promare),4,95,
meisho_doto_(dot-o'-lantern)_(umamusume),4,93,
meisho_doto_(racehorse),4,30,
meisho_doto_(umamusume),4,1498,
meito,4,88,
meiza_endust,4,70,
mejiro_ardan_(casual)_(umamusume),4,155,
mejiro_ardan_(umamusume),4,1184,
mejiro_bright_(casual)_(umamusume),4,49,
mejiro_bright_(starry_snow_lolita)_(umamusume),4,57,
mejiro_bright_(umamusume),4,698,
mejiro_dober_(casual)_(umamusume),4,111,
mejiro_dober_(my_thoughts_my_desires)_(umamusume),4,18,
mejiro_dober_(umamusume),4,1364,
mejiro_dober_(vacation_safir)_(umamusume),4,91,
mejiro_family_doctor,4,63,
mejiro_family_matriarch,4,39,
mejiro_haruhiko,4,131,
mejiro_mcqueen_(casual)_(umamusume),4,257,
mejiro_mcqueen_(end_of_sky)_(umamusume),4,166,
mejiro_mcqueen_(racehorse),4,54,
mejiro_mcqueen_(ripple_fairlady)_(umamusume),4,313,
mejiro_mcqueen_(umamusume),4,5728,
mejiro_palmer_(casual)_(umamusume),4,99,
mejiro_palmer_(devil_in_the_moonlight)_(umamusume),4,104,
mejiro_palmer_(umamusume),4,1193,
mejiro_ramonu_(casual)_(umamusume),4,78,
mejiro_ramonu_(umamusume),4,729,
mejiro_ryan_(casual)_(umamusume),4,23,
mejiro_ryan_(umamusume),4,523,
mel_(league_of_legends),4,177,
mel_medarda,4,35,
mel_mellow,4,30,
mela_(pokemon),4,237,
melady_(fire_emblem),4,36,
melan_blue,4,94,
melania_(reverse:1999),4,114,
melanie_malachite,4,59,
melantha_(arknights),4,229,
melantha_(letters_from_wessex)_(arknights),4,45,
melda_deitz,4,52,
meldine_(g_(genesis1556)),4,31,
mele_retanagua,4,38,
melfi,4,35,
melfina_(outlaw_star),4,49,
melia_antiqua,4,906,
meliadoul_tengille,4,57,
melina_(elden_ring),4,779,
melinoe_(hades),4,147,
meliodas,4,295,
melisa_(varniskarnis),4,31,
melisandre_(unicorn_overlord),4,34,
melissa_kinrenka,4,113,
melissa_mao,4,42,
melissa_moretti,4,91,
melissa_renata,4,42,
melissa_seraphy,4,39,
melissa_shield,4,38,
melissabelle,4,149,
melk_(7th_dragon),4,34,
mell_raison,4,30,
melleau,4,106,
melli_(pokemon),4,114,
mello_(death_note),4,87,
melly_plinius,4,40,
melmaid,4,79,
melmetal,4,44,
meloco_kyoran,4,258,
melody_(pokemon),4,35,
melody_(projektmelody),4,477,
melody_(projektmelody)_(1st_costume),4,72,
melody_(projektmelody)_(4th_costume),4,56,
melody_bloom_(infinity_nikki),4,171,
meloetta,4,435,
meloetta_(aria),4,383,
meloetta_(pirouette),4,53,
melon-chan,4,246,
melon-chan_(fg),4,49,
melona_(queen's_blade),4,356,
melone,4,486,
melony_(pokemon),4,805,
melpan_(pri_chan),4,35,
melpha_(queen's_blade),4,102,
meltan,4,105,
melting_love,4,64,
meltryllis_(fate),4,4415,
meltryllis_(second_ascension)_(fate),4,44,
meltryllis_(swimsuit_lancer)_(fate),4,2075,
meltryllis_(swimsuit_lancer)_(first_ascension)_(fate),4,1033,
meltryllis_(swimsuit_lancer)_(second_ascension)_(fate),4,834,
meltryllis_(swimsuit_lancer)_(third_ascension)_(fate),4,111,
meltryllis_(third_ascension)_(fate),4,275,
melty_(suisei_no_gargantia),4,88,
melty_q_melromarc,4,84,
melua_melna_meia,4,44,
melus_(genshin_impact),4,43,
melusine_(fate),4,2053,
melusine_(final_ascension)_(fate),4,39,
melusine_(first_ascension)_(fate),4,154,
melusine_(genshin_impact),4,325,
melusine_(housamo),4,40,
melusine_(ibuki_notsu),4,174,
melusine_(over_the_same_sky)_(fate),4,14,
melusine_(second_ascension)_(fate),4,339,
melusine_(swimsuit_ruler)_(fate),4,399,
melusine_(swimsuit_ruler)_(first_ascension)_(fate),4,259,
melusine_(swimsuit_ruler)_(second_ascension)_(fate),4,75,
melusine_(third_ascension)_(fate),4,86,
melvy_de_florencia,4,31,
melynx,4,72,
mem-mem_(precure),4,153,
memcho,4,440,
meme_(me!me!me!),4,225,
meme_(yume_no_owari),4,92,
memento_(sennen_sensou_aigis),4,57,
memory_(identity_v),4,38,
memphis_(azur_lane),4,71,
men_(amagai_ruka),4,36,
mena_(shingeki_no_bahamut),4,31,
menace_(queen's_blade),4,395,
menace_mamaki,4,41,
menad_shisei,4,31,
menat,4,365,
menchi-aniki,4,11,
mendaku_(komerina),4,14,
mendou_shuutarou,4,95,
menhera-chan_(ezaki_bisuko)_(character),4,132,
meninas_mcallon,4,54,
menjou_hare,4,56,
menogias_(genshin_impact),4,75,
menori,4,90,
menou_(virgin_road),4,41,
menou_kaname,4,271,
menphina,4,77,
menreiki,4,33,
menthe_(genshin_impact),4,33,
menthuthuyoupi,4,40,
meow_(space_dandy),4,63,
meowfficer_(azur_lane),4,471,
meowscarada,4,1149,
meowstic,4,317,
meowstic_(female),4,225,
meowstic_(male),4,201,
meowstress,4,92,
meowth,4,1345,
meowy_(chainsaw_man),4,583,
mephia,4,78,
mephilas_seijin,4,54,
mephiles_the_dark,4,39,
mephisto_(arknights),4,220,
mephisto_(suite_precure),4,30,
mephisto_pheles,4,41,
mephistopheles_(eversoul),4,47,
mephistopheles_(fate),4,219,
mepple,4,90,
mera_azusa,4,92,
merabuchi_kanami,4,50,
meracle_chamlotte,4,124,
merc_(merc_storia),4,45,
mercedes_(maplestory),4,45,
mercedes_(odin_sphere),4,242,
mercedes_von_martritz,4,839,
mercedes_von_martritz_(summer),4,90,
mercedes_von_martritz_(tea_party),4,33,
mercelida_ygvar,4,39,
mercenary_(zero_kara_hajimeru_mahou_no_sho),4,66,
merchant_(dq3),4,125,
merchant_(ragnarok_online),4,237,
merchant_(resident_evil),4,53,
mercuria_(reverse:1999),4,52,
mercurows_(girls'_frontline),4,45,
mercury_(zenless_zone_zero),4,11,
mercury_black,4,31,
mercy_(overwatch),4,3203,
meredy_(tales),4,169,
merel_(reverse:1999),4,71,
mereoleona_vermillion,4,53,
merida_(brave),4,30,
merida_angel,4,73,
merii_(mazohaha),4,149,
merle_(tenkuu_no_escaflowne),4,42,
merlin_(camelot_&_co)_(fate),4,63,
merlin_(fate),4,1222,
merlin_(fate/prototype),4,1102,
merlin_(fate/prototype)_(second_ascension),4,318,
merlin_(fate/prototype)_(third_ascension),4,31,
merlin_(nanatsu_no_taizai),4,65,
merlin_hermes,4,68,
merlin_prismriver,4,2536,
mermaid_(dungeon_meshi),4,26,
mermaid_misty_(pokemon),4,68,
mermaid_peach,4,33,
meroko_yui,4,76,
meroko_yui_(bunny),4,30,
meroune_lorelei,4,205,
merric_(fire_emblem),4,53,
merrin_(fire_emblem),4,195,
merry_(ado),4,139,
merry_(grimgar),4,56,
merry_milk,4,88,
merry_nightmare,4,345,
mershark_(monster_girl_encyclopedia),4,32,
meru_(blue_archive),4,138,
meruccubus_(merunyaa),4,373,
meruem,4,117,
meruru_(oreimo),4,234,
merurulince_rede_arls,4,239,
mervamon,4,47,
mervia_siebel,4,30,
meryl_(tower_of_fantasy),4,33,
meryl_silverburgh,4,104,
meryl_star,4,44,
meryl_stryfe,4,210,
mesmer_jr.,4,49,
mesousa,4,184,
mesprit,4,221,
messengers_(bloodborne),4,61,
messer_(mobile_suit),4,43,
messer_ihlefeld,4,100,
messina_(jojo),4,62,
messmer_the_impaler,4,320,
met_(mega_man),4,143,
meta_knight,4,1223,
metabee,4,96,
metagross,4,439,
metako_(machikado_mazoku),4,74,
metal_crab_(arknights),4,201,
metal_gear_ray,4,30,
metal_gear_rex,4,57,
metal_man,4,116,
metal_slime,4,62,
metal_sonic,4,339,
metalgarurumon,4,89,
metalgreymon,4,131,
metalgreymon_(virus),4,53,
metallica_(majo_to_hyakkihei),4,129,
metallica_(stand),4,71,
metamorphy_(elsword),4,54,
metang,4,102,
metapod,4,207,
meteion,4,568,
meteor_(arknights),4,284,
meteor_(bard's_holiday)_(arknights),4,79,
meteor_(killing_me/killing_you),4,11,
meteora_osterreich,4,121,
meteorite_(arknights),4,151,
metera_(granblue_fantasy),4,330,
methode_(sousou_no_frieren),4,115,
methuss,4,31,
metis_(persona),4,174,
meto_(cat),4,85,
metroid_(creature),4,772,
metsa_(azur_promilia),4,15,
mettaton,4,272,
mettaton_(box),4,53,
mettaton_ex,4,183,
meu_meu,4,38,
meursault_(project_moon),4,695,
mew_(pokemon),4,990,
mew_(words_worth),4,32,
mew_ichigo,4,334,
mew_lettuce,4,88,
mew_mint,4,110,
mew_pudding,4,69,
mew_zakuro,4,115,
mewo,4,314,
mewtwo,4,919,
mexico_salamander_(kemono_friends),4,78,
meyrin_hawke,4,265,
meythia,4,44,
meyuu_(kso),4,65,
mezato_ichi,4,30,
mezul,4,84,
mg36_(girls'_frontline),4,69,
mg3_(girls'_frontline),4,63,
mg42_(girls'_frontline),4,52,
mg4_(girls'_frontline),4,137,
mg5_(girls'_frontline),4,232,
mia_(fire_emblem),4,763,
mia_(golden_sun),4,58,
mia_(halloween)_(fire_emblem),4,95,
mia_(jagaimo_(kkamja)),4,31,
mia_(project_tokyo_dolls),4,23,
mia_(scott_malin),4,46,
mia_(summer)_(fire_emblem),4,89,
mia_(takaharu),4,39,
mia_(world_flipper),4,116,
mia_alice,4,49,
mia_clementis,4,36,
mia_fey,4,304,
mia_flatpaddy,4,105,
mia_karnstein,4,43,
mia_luna_tearmoon,4,32,
mia_skye,4,31,
mia_taylor,4,661,
mia_taylor_(kujibikido_swimsuit),4,24,
miakis_(suikoden),4,156,
miaku_chiru_(wantan_meo),4,94,
miami-chan_(ryusei_hashida),4,66,
mian_(dream_c_club),4,144,
miang_hawwa,4,46,
miao_jiujiu,4,49,
mib_mamizou,4,99,
mibu_chisaki,4,34,
mica_(nikke),4,61,
micaiah_(fire_emblem),4,1265,
micaiah_(hoshidan_summer)_(fire_emblem),4,54,
micaiah_(ninja)_(fire_emblem),4,36,
micaiah_(queen_of_dawn)_(fire_emblem),4,69,
micaiah_(radiant_queen)_(fire_emblem),4,31,
micaiah_(summer)_(fire_emblem),4,75,
micaiah_chevelle,4,30,
micchan_(ohisashiburi),4,190,
mice_(rune_factory),4,52,
micha_jawkan,4,219,
michael_(granblue_fantasy),4,39,
michael_jackson,4,144,
michael_kaiser,4,197,
michael_myers,4,70,
michael_roa_valdamjong,4,88,
michael_shelley,4,52,
michael_trinity,4,64,
michaela_(evillious_nendaiki),4,55,
michalis_(fire_emblem),4,71,
michel_d'alembert,4,30,
michelangelo_(tmnt),4,113,
michele_crispino,4,78,
michelin_man,4,104,
michelle_(bang_dream!),4,362,
michelle_cheung,4,77,
michelle_k._davis,4,31,
michelle_ruff,4,34,
michi_mochievee,4,57,
michiko_(identity_v),4,54,
michiko_malandro,4,43,
michinoku_komaro,4,94,
michiru_(air),4,80,
michiru_(blue_archive),4,492,
michishio_(azur_lane),4,31,
michishio_(kancolle),4,2614,
michishio_kai_ni_(kancolle),4,554,
michishio_nagasumi,4,34,
michishita_masaki,4,33,
mickbell_tomas,4,78,
mickey_krog,4,275,
mickey_mouse,4,533,
micolash_host_of_the_nightmare,4,56,
micro_uzi_(girls'_frontline),4,166,
microphone_waddle_dee,4,60,
mid-boss_(disgaea),4,45,
midare_toushirou,4,1215,
midare_toushirou_(kiwame),4,113,
midare_toushirou_(tenka_hyakken),4,33,
midarezaki_kyouka,4,110,
midd_night,4,55,
midgardsormr,4,36,
midler,4,95,
midna,4,1802,
midna_(true),4,532,
midnight_(arknights),4,66,
midnight_(boku_no_hero_academia),4,289,
midori-chan_(myslot),4,47,
midori_(blue_archive),4,3756,
midori_(cafe-chan_to_break_time),4,59,
midori_(fire_emblem),4,115,
midori_(kancolle),4,83,
midori_(kimi_ga_shine),4,126,
midori_(maid)_(blue_archive),4,674,
midori_(my-otome),4,32,
midori_(shoujo_tsubaki),4,37,
midori_(uchuu_patrol_luluco),4,86,
midori_hemo,4,44,
midori_makibaoo,4,42,
midori_ryo,4,44,
midorikawa_hana,4,164,
midorikawa_lettuce,4,122,
midorikawa_nao,4,2827,
midorikawa_ryuuji,4,137,
midorikawa_sara,4,55,
midorikaze_fuwari,4,107,
midorima_shintarou,4,136,
midoriya_inko,4,118,
midoriya_izuku,4,4900,
midou_kenshirou,4,52,
midou_masato,4,30,
midou_miko,4,30,
midra_lord_of_frenzied_flame,4,36,
midway_princess,4,651,
mie_ai,4,124,
mienfoo,4,69,
mienshao,4,297,
miette_(pokemon),4,57,
mieu_(tales),4,284,
miffy_(character),4,62,
mifilinah_jegell,4,76,
mifune_chihaya,4,58,
mifune_fumiko,4,119,
mifune_kaoruko,4,33,
mifune_miyu,4,931,
mifune_ryuuko,4,103,
mifune_shioriko,4,1219,
mifune_shioriko_(kujibikido_swimsuit),4,24,
mifuyu_(princess_connect!),4,69,
might_guy,4,128,
mighty_strike_freedom_gundam,4,47,
mighty_the_armadillo,4,43,
mighty_yukiko,4,114,
mightyena,4,326,
migi,4,70,
migita_hibiki,4,66,
migiwa_kazuha,4,46,
miguel_(itoko_(ldoll_itk)),4,17,
miguel_caballero_rojo,4,38,
miguel_o'hara,4,537,
miguel_rivera,4,82,
migumi_(niiya),4,44,
mihama_chiyo,4,489,
mihama_chiyo's_father,4,279,
mihama_kouji,4,35,
mihara_(nikke),4,82,
mihara_chiharu,4,60,
mihari_robo,4,28,
miharu_sena_kanaka,4,77,
mihashi_ren,4,41,
mihate_hiura,4,178,
mihirogi_uta,4,41,
miho_(last_origin),4,116,
mihono_bourbon_(code:glassage)_(umamusume),4,99,
mihono_bourbon_(ghosty_and_the_magic_of_halloween)_(umamusume),4,50,
mihono_bourbon_(the_ghost_finds_halloween_magic)_(umamusume),4,71,
mihono_bourbon_(umamusume),4,2362,
mihoshi_(gundam_bf),4,56,
mii-chan,4,32,
mii_(jungle_de_ikou),4,41,
mii_(nintendo),4,226,
mii_(popotan),4,65,
mii_brawler,4,58,
mii_gunner,4,106,
mii_gunner_(smash_4),4,44,
mii_gunner_(smash_ultimate),4,56,
mii_swordfighter,4,37,
miia's_mother,4,51,
miia_(monster_musume),4,1033,
miichiru_(pripara),4,94,
miike-chan,4,92,
miilkywayz,4,107,
mika_(blue_archive),4,7575,
mika_(chaos_zero_nightmare),4,24,
mika_(genshin_impact),4,264,
mika_(girls_und_panzer),4,2790,
mika_(lycoris_recoil),4,95,
mika_melatika,4,201,
mika_melatika_(1st_costume),4,47,
mika_melatika_(2nd_costume),4,44,
mika_returna,4,52,
mikado_(blazblue),4,104,
mikado_iori,4,68,
mikado_mariya,4,48,
mikado_nagi,4,76,
mikado_ryouko,4,93,
mikado_shiina,4,212,
mikagami_hakari,4,37,
mikage_mika,4,32,
mikage_reo,4,210,
mikage_sakurako,4,67,
mikagura_mirei,4,55,
mikagura_seisa,4,38,
mikajima_saki,4,41,
mikami_(vitamin_quest),4,43,
mikami_chiori,4,145,
mikami_kaho,4,30,
mikami_reiko,4,61,
mikami_rika,4,36,
mikami_riku,4,38,
mikami_shiori,4,33,
mikan_(wanko),4,34,
mikanagi_ibuki,4,33,
mikane_sebiri,4,71,
mikasa_(azur_lane),4,356,
mikasa_ackerman,4,3423,
mikaze_ai,4,79,
mikazuki_(azur_lane),4,85,
mikazuki_(kancolle),4,914,
mikazuki_augus,4,275,
mikazuki_munechika,4,1543,
mikazuki_shizuka,4,133,
mikazuki_silvi,4,130,
mikazuki_yozora,4,644,
mike_(warioware),4,54,
mike_haggar,4,102,
mike_kirby,4,36,
mike_morton,4,38,
mike_wazowski,4,81,
mike_zakarius,4,92,
mikejima_madara,4,112,
mikeneko_(1st_costume)_(vtuber),4,91,
mikeneko_(2nd_costume)_(vtuber),4,53,
mikeneko_(3rd_costume)_(vtuber),4,15,
mikeneko_(4th_costume)_(vtuber),4,36,
mikeneko_(vtuber),4,227,
mikeneko_(vtuber)_(1st_costume),4,90,
mikeneko_(vtuber)_(2nd_costume),4,50,
mikeneko_(vtuber)_(old_design),4,41,
miketsukami_soushi,4,116,
mikhail_(drag-on_dragoon),4,105,
mikhail_buran,4,217,
miki-san_(danna_ga),4,40,
miki_(hoozuki_no_reitetsu),4,90,
miki_(shugo_chara!),4,70,
miki_(viper),4,32,
miki_(virtuareal),4,62,
miki_kokoa,4,32,
miki_nozomu,4,64,
miki_sauvester,4,57,
miki_sayaka,4,18150,
miki_sayaka_(buon_natale_grazioso),4,12,
miki_sayaka_(magical_girl),4,148,
mikisugi_aikurou,4,566,
mikko_(girls_und_panzer),4,861,
mikko_leminen,4,76,
mikleo_(tales),4,400,
miko+resurrection,4,30,
miko_kubota,4,36,
mikochi_(hakumei_to_mikochi),4,61,
mikodanye,4,47,
mikogami_nagisa,4,102,
mikogami_riko,4,112,
mikogami_rimu,4,64,
mikoko_(kemomimi_oukoku_kokuei_housou),4,361,
mikono_suzushiro,4,151,
mikoshiba_mikoto,4,232,
mikoshiba_momotarou,4,64,
mikoshiba_seijuurou,4,43,
mikoto_(ff9),4,90,
mikoto_(fire_emblem),4,61,
mikoto_(my-otome),4,44,
mikoto_cluster,4,60,
mikoto_freesia_scarlet_(goma),4,44,
mikoto_rei,4,89,
mikoze_yui,4,48,
miku_(darling_in_the_franxx),4,213,
miku_(lee),4,133,
miku_(yuuki_(yuyuki000)),4,58,
mikudayoo,4,160,
mikuma_(kancolle),4,1245,
mikumo_guynemer,4,762,
mikumo_osamu,4,110,
mikuni_oriko,4,159,
mikuni_sairi,4,92,
mikuni_souichirou,4,39,
mikura_(kancolle),4,483,
mikuri_ayame,4,49,
mikuriya_jin,4,66,
mila_(doa),4,108,
mila_(fire_emblem),4,46,
mila_alexander,4,33,
mila_babicheva,4,140,
milady_(mechanical_buddy_universe),4,68,
milcery,4,211,
milda_(grandia),4,34,
mile_(noukin),4,78,
mileena_(mortal_kombat),4,119,
mileina_vashti,4,110,
miles_(fma),4,43,
miles_(gyee),4,74,
miles_edgeworth,4,765,
miles_morales,4,342,
milfa_(to_heart),4,169,
milfeulle_sakuraba,4,577,
milia_leclerc,4,80,
milim_nava,4,364,
milinda_brantini,4,124,
milith_(treasure_hunter_claire),4,10,
milk-chan_(milk_series),4,68,
milk_(cookie),4,212,
milk_(maimai),4,43,
milk_(nikke),4,33,
milk_(pop'n_music),4,46,
milk_(tonpuu),4,52,
milk_(yes!_precure_5),4,361,
milky_(cocri),4,33,
milky_(ishuzoku_reviewers),4,31,
milky_rose,4,244,
milky_way_cookie,4,40,
milla_maxwell,4,799,
milla_maxwell_(tox2),4,69,
milla_the_temporal_magician,4,35,
millaarc,4,74,
millanoire,4,16,
millenia_(grandia),4,80,
millennium_science_school_student_(blue_archive),4,75,
millennium_science_school_student_a_(blue_archive),4,58,
millennium_science_school_student_b_(blue_archive),4,44,
milleore,4,33,
millhiore_f._biscotti,4,417,
millia_jenius,4,117,
millia_rage,4,1148,
millial_(coefont),4,65,
millicent_(elden_ring),4,140,
millie_(paper_man),4,31,
millie_chliette,4,67,
millie_parfait,4,764,
millie_parfait_(1st_costume),4,108,
millie_parfait_(2nd_costume),4,37,
millie_parfait_(3rd_costume),4,33,
millie_parfait_(5th_costume),4,17,
millions_knives,4,209,
millium_orion,4,160,
milluki_zoldyck,4,41,
milly_ashford,4,404,
milly_thompson,4,63,
milo_(pokemon),4,353,
milotic,4,880,
milreaf,4,33,
milsiril_(dungeon_meshi),4,134,
miltank,4,349,
miltiades_malachite,4,57,
mima_(touhou),4,1961,
mima_sachi,4,158,
mima_shoma,4,13,
mima_takayuki,4,44,
mima_tokiko,4,37,
mime_(fft),4,47,
mime_jr.,4,196,
mimi-chan,4,208,
mimi-sentry,4,90,
mimi_(halloween)_(princess_connect!),4,92,
mimi_(paper_mario),4,46,
mimi_(picarto.tv),4,48,
mimi_(pop'n_music),4,60,
mimi_(princess_connect!),4,490,
mimi_balguerie,4,33,
mimi_houllier_von_schwarzlang,4,225,
mimi_pearlbaton,4,52,
mimic_(dark_souls),4,32,
mimiga,4,61,
mimiko_(jujutsu_kaisen),4,81,
mimikyu,4,1846,
mimino_kurumi,4,403,
mimiru_(.hack//),4,34,
mimizuku_(sky:_children_of_the_light),4,131,
mimlememel,4,58,
mimo_(pokemon),4,38,
mimolette_(galaxy_angel),4,34,
mimori_(blue_archive),4,389,
mimori_(swimsuit)_(blue_archive),4,166,
mimori_suzuko,4,117,
mimosa_vermillion,4,105,
mimura_kanako,4,1679,
min_min_(arms),4,593,
min_suha,4,39,
mina_(blue_archive),4,312,
mina_(hajatenshi_mina),4,10,
mina_(magi_stop),4,29,
mina_(pokemon),4,319,
mina_(shingeki_no_bahamut),4,51,
mina_(twice),4,43,
mina_carolina,4,61,
mina_tepes,4,120,
minae,4,11,
minael,4,35,
minagawa_yuki,4,65,
minagawa_yuuhi,4,59,
minagi_hiyori,4,97,
minagi_koharu,4,123,
minagi_mikoto,4,160,
minaguchi_eri,4,11,
minaho_kazuto,4,59,
minai_karte,4,71,
minakami_(koshotengai_no_hashihime),4,33,
minakami_hina,4,160,
minakami_mai,4,535,
minakami_sayo,4,204,
minakami_yuki,4,161,
minakata_hizuru,4,157,
minami_(anb_draws),4,31,
minami_(niiya),4,38,
minami_chiaki,4,407,
minami_hana_(geewhy),4,40,
minami_haruka,4,239,
minami_kana,4,460,
minami_kenjirou,4,114,
minami_koharu,4,270,
minami_kotori,4,5420,
minami_kotori's_mother,4,66,
minami_kotori_(bird),4,262,
minami_mayu,4,31,
minami_mirei,4,426,
minami_mirei_(normal),4,135,
minami_natsuno,4,73,
minami_rena,4,338,
minami_rio,4,79,
minami_shizuku,4,53,
minami_toshimi,4,53,
minami_touma,4,90,
minami_yume,4,625,
minamimoto_shou,4,58,
minamino_kanade,4,1658,
minamino_karen,4,32,
minamino_nanami,4,31,
minamino_souta,4,59,
minamisawa_atsushi,4,123,
minamito_yui,4,35,
minamiya_natsuki,4,53,
minamizato_ai,4,33,
minamoto_chikaru,4,116,
minamoto_chizuru,4,239,
minamoto_kou,4,58,
minamoto_kouichi,4,34,
minamoto_kouji,4,52,
minamoto_mamori,4,43,
minamoto_momo,4,35,
minamoto_no_hiromasa_(onmyoji),4,36,
minamoto_no_raikou_(fate),4,5655,
minamoto_no_raikou_(swimsuit_lancer)_(fate),4,1242,
minamoto_no_raikou_(swimsuit_lancer)_(first_ascension)_(fate),4,112,
minamoto_no_raikou_(swimsuit_lancer)_(second_ascension)_(fate),4,181,
minamoto_no_raikou_(swimsuit_lancer)_(third_ascension)_(fate),4,127,
minamoto_no_raikou_(traveling_outfit)_(fate),4,70,
minamoto_no_tametomo_(fate),4,45,
minamoto_sakura,4,1216,
minamoto_shizuka,4,336,
minase_(azur_lane),4,34,
minase_akiko,4,600,
minase_ichigo,4,60,
minase_inori,4,128,
minase_iori,4,4532,
minase_ito,4,39,
minase_koito,4,64,
minase_koto,4,31,
minase_kou,4,47,
minase_nagisa,4,76,
minase_nayuki,4,693,
minase_rio,4,239,
minase_sakurako,4,30,
minase_shia,4,44,
minase_sumomo,4,32,
minase_suzu,4,53,
minase_yuka,4,39,
minashiro_orihime,4,67,
minashiro_soushi,4,100,
minashiro_tsubaki,4,40,
minato_(zegapain),4,65,
minato_aqua,4,8151,
minato_aqua_(1st_costume),4,1912,
minato_aqua_(8th_costume),4,68,
minato_aqua_(aqua_iro_in_wonder_land),4,52,
minato_aqua_(aqua_iro_super_dream),4,159,
minato_aqua_(hololive_summer_2019),4,279,
minato_aqua_(new_year),4,85,
minato_aqua_(sailor),4,1637,
minato_aqua_(school_uniform),4,375,
minato_aya,4,103,
minato_hikaru,4,37,
minato_kageaki,4,61,
minato_matsuki,4,71,
minato_mio,4,156,
minato_shachiko,4,65,
minato_tomoka,4,314,
minato_yukina,4,734,
minazuki_(azur_lane),4,62,
minazuki_(kancolle),4,639,
minazuki_chika,4,34,
minazuki_haruka_(twin_angel),4,79,
minazuki_hotaru_(amatsutsumi),4,32,
minazuki_karen,4,723,
minazuki_kashou,4,39,
minazuki_kotoko,4,31,
minazuki_kyoka,4,10,
minazuki_kyouko,4,129,
minazuki_ruka,4,91,
minazuki_sarami,4,88,
minazuki_shigure,4,93,
minazuki_sho,4,33,
minazumi_kasane,4,39,
minccino,4,483,
mine_(akame_ga_kill!),4,56,
mine_(blue_archive),4,342,
mine_fujiko,4,415,
mine_riko,4,57,
minea_(dq4),4,379,
minegishi_ayano,4,203,
minegumo_(kancolle),4,743,
mineru_(zelda),4,63,
minerva_(fire_emblem),4,234,
minerva_(fire_emblem_awakening),4,32,
minerva_(p&d),4,39,
minerva_(re:zero),4,83,
minervamon,4,44,
mineta_minoru,4,389,
minette,4,34,
minette_(skullgirls),4,184,
mineva_lao_zabi,4,437,
minfilia_warde,4,146,
ming_(mg),4,56,
ming_yi,4,38,
mingyin_meion_(vtuber),4,53,
mini-ikamusume,4,162,
mini_crewmate_(among_us),4,47,
mini_cu-chan_(fate),4,124,
mini_durin_(genshin_impact),4,193,
mini_nobu_(fate),4,190,
miniature_ranni,4,107,
minimalist_(arknights),4,74,
minion_(despicable_me),4,150,
minion_1_(zannen_onna-kanbu_black_general-san),4,218,
minion_2_(zannen_onna-kanbu_black_general-san),4,243,
minion_3_(zannen_onna-kanbu_black_general-san),4,162,
minior,4,245,
minior_(blue_core),4,62,
minior_(core),4,137,
minior_(green_core),4,39,
minior_(orange_core),4,32,
minior_(red_core),4,76,
minior_(violet_core),4,30,
minior_(yellow_core),4,49,
minis,4,76,
miniwa_tsumiki,4,137,
minji_(newjeans),4,61,
mink_(dragon_half),4,90,
mink_(dramatical_murder),4,42,
minky_momo,4,79,
minna-dietlinde_wilcke,4,1269,
minneapolis_(azur_lane),4,325,
minneapolis_(halloween)_(kancolle),4,16,
minneapolis_(wild_huntress_schoolgirl)_(azur_lane),4,49,
minnie_may_hopkins,4,63,
minnie_mouse,4,122,
minnie_parker,4,118,
minori_(blue_archive),4,137,
minori_(log_horizon),4,75,
minori_(senran_kagura),4,190,
minori_yumeko,4,35,
minos_(jashin-chan_dropkick),4,195,
minoto,4,516,
minowa_gin,4,212,
minowa_hikari,4,49,
minsk_(azur_lane),4,72,
minstrel_(ragnarok_online),4,108,
mint_(arknights),4,199,
mint_(dewprism),4,162,
mint_(elite_ii)_(arknights),4,39,
mint_(flower_knight_girl),4,50,
mint_(nikke),4,237,
mint_(uchi_no_pet_jijou),4,45,
mint_adenade,4,173,
mint_blancmanche,4,513,
mint_castella,4,64,
mint_fantome,4,267,
minthara,4,208,
minun,4,547,
minwu,4,66,
minya_(nyanko_daisensou),4,89,
mio5,4,73,
mio_(dororo),4,46,
mio_(dream_c_club),4,44,
mio_(needless),4,31,
mio_(tsuki_ga_michibiku_isekai_douchuu),4,46,
mio_(xenoblade),4,1214,
mio_sasuga,4,41,
miochun,4,59,
mioda_ibuki,4,1350,
miofa_(ookami_mio),4,131,
mion_(htol#niq),4,56,
miori_(alice_parade),4,41,
miori_celesta,4,259,
miori_celesta_(2nd_costume),4,40,
miorine_rembran,4,4830,
mioto_(cookie),4,39,
mipha,4,614,
mipple,4,82,
miquella_(elden_ring),4,609,
mira_(kendeshi),4,89,
mira_(pokemon),4,61,
mira_(sumaga),4,39,
mira_kimishima,4,52,
mirabel_madrigal,4,34,
mirabilis_(fire_emblem),4,58,
miracle_matter,4,48,
mirae_(closers),4,273,
mirage_(apex_legends),4,454,
mirage_(transformers),4,46,
mirage_farina_jenius,4,247,
mirage_koas,4,43,
mirai_(kemono_friends),4,284,
mirai_(senran_kagura),4,282,
mirai_akari,4,461,
mirai_senshi,4,49,
mirai_suzu,4,87,
mirai_yashima,4,70,
miraidon,4,408,
mirajane_strauss,4,119,
mirakurun,4,87,
miramikaru_riran,4,414,
miranda_(feguimel),4,38,
miranda_(nikke),4,67,
miranda_(quiz_magic_academy),4,30,
miranda_(wakfu),4,66,
miranda_lawson,4,64,
miranda_lotto,4,31,
miranjo,4,51,
mirei-san_(suterii),4,66,
mireille_(.hack//),4,37,
mireille_bouquet,4,85,
mireille_lerner,4,33,
mirelia_q_melromarc,4,43,
mireyu,4,183,
miria_(claymore),4,85,
miria_(iriam),4,47,
miria_harvent,4,81,
miria_marigold_mackenzie,4,131,
miriallia_haw,4,173,
miriam_(bloodstained),4,196,
miriam_(pokemon),4,446,
miriam_hildegard_von_gropius,4,158,
miriel_(fire_emblem),4,140,
mirim,4,62,
mirin_(granblue_fantasy),4,98,
mirko,4,4256,
miroku_(duel_masters),4,17,
miroku_(inuyasha),4,82,
mirokuji_yuuya,4,64,
mirror_kirby,4,32,
mirror_maiden_(genshin_impact),4,143,
miru_(ormille),4,84,
miruka_(yamibou),4,21,
miruku_(cutesuu),4,63,
mirumo,4,53,
miruna_swiftfable_(saverpengu),4,14,
miruro_(futagohime),4,51,
miruru_(rune_(dualhart)),4,51,
miruzu_(dqb2),4,48,
miry,4,67,
misaka_imouto,4,1024,
misaka_imouto_10032,4,102,
misaka_imouto_10032's_cat,4,123,
misaka_imouto_9982,4,81,
misaka_kaori,4,143,
misaka_mikoto,4,8985,
misaka_misuzu,4,81,
misaka_shiori,4,300,
misaka_worst,4,592,
misaki_(agent_aika),4,34,
misaki_(blue_archive),4,744,
misaki_(doa),4,42,
misaki_(jonsun),4,48,
misaki_(princess_connect!),4,124,
misaki_(summer)_(princess_connect!),4,41,
misaki_(swimsuit)_(blue_archive),4,116,
misaki_akeno,4,331,
misaki_mei,4,370,
misaki_minato,4,35,
misaki_nako,4,43,
misaki_runo,4,35,
misaki_sango,4,142,
misaki_shiki,4,127,
misaki_shiki_(rg),4,14,
misaki_shizuno,4,61,
misaki_yuria,4,64,
misakino_kukuru,4,109,
misako_(kunio-kun),4,158,
misakura_rin,4,30,
misato_(princess_connect!),4,212,
misato_(senran_kagura),4,37,
misato_(summer)_(princess_connect!),4,116,
misawa_daichi,4,48,
misawa_elena,4,30,
misawa_hanei,4,38,
misawa_maho,4,140,
misdreavus,4,541,
misery-chan_(ehrrr),4,32,
misery_(doukutsu_monogatari),4,63,
misha_(arknights),4,45,
misha_(honkai:_star_rail),4,180,
misha_(pita_ten),4,119,
misha_arsellec_lune,4,137,
mishaguji,4,727,
mishima_akane,4,72,
mishima_heihachi,4,155,
mishima_kazumi_(tekken),4,87,
mishima_kazuya,4,547,
mishima_reika,4,31,
mishina_eikichi,4,81,
mishou_mai,4,528,
mishy,4,131,
misia_(ichiri),4,61,
mismagius,4,749,
misogi_(halloween)_(princess_connect!),4,48,
misogi_(princess_connect!),4,524,
misogi_(real)_(princess_connect!),4,33,
misono_chiaya,4,47,
misono_karin,4,753,
misono_karin_(halloween_ver.),4,53,
misono_kirika,4,120,
misora_(princess_connect!),4,301,
misora_(summer)_(princess_connect!),4,59,
misora_inaho,4,94,
miss_barbara,4,34,
miss_cloud,4,977,
miss_crane_(fate),4,94,
miss_crane_(second_ascension)_(fate),4,49,
miss_fortune_(league_of_legends),4,674,
miss_goldenweek,4,57,
miss_monochrome_(character),4,63,
miss_siamour,4,68,
miss_siamour_(human),4,30,
miss_spencer,4,48,
miss_valentine,4,67,
miss_x,4,31,
missile_(ace_attorney),4,43,
missile_(ghost_trick),4,56,
missingno.,4,56,
missouri_(pacific),4,31,
missouri_(warship_girls_r),4,126,
mist_(fire_emblem),4,373,
mist_(rune_factory),4,35,
mist_dragon,4,43,
mister_bug_(miraculous_ladybug),4,49,
mister_bushido,4,53,
misterbug_(character),4,47,
mistilteinn_(closers),4,158,
mistimagi_(character),4,38,
mistletear,4,189,
mistorene_callus,4,199,
mistral_(metal_gear_rising),4,67,
mistral_nereis,4,36,
mistress_(dungeon_and_fighter),4,62,
mistress_9,4,73,
misty_(pokemon),4,3658,
misty_sheikh,4,36,
misumaru_yurika,4,136,
misumi_mikoto,4,16,
misumi_nagisa,4,1857,
misumi_uika,4,601,
misumi_uika_(perro),4,120,
mitachurl_(genshin_impact),4,53,
mitaka_asa,4,1399,
mitaka_asahi,4,54,
mitake_miyao,4,35,
mitake_ran,4,1168,
mitama_(fire_emblem),4,141,
mitama_mayo,4,89,
mitarai_ryota,4,85,
mitarai_shouta,4,250,
mitarai_yuuna,4,37,
mitarashi_anko,4,205,
miteiru_(shirakami_fubuki),4,243,
mithos_yggdrasill,4,59,
mithrun,4,1711,
mithrun's_brother,4,45,
mithrun_(young),4,94,
mitm_(under_surgical_lights)_(arknights),4,11,
mito_(sao),4,207,
mito_anji,4,138,
mito_ikumi,4,219,
mito_mashiro,4,126,
mito_youhei,4,164,
mitoko_(tsuchikure),4,71,
miton-chan_(miton_(turuyasann)),4,76,
mitsuba_greyvalley,4,133,
mitsuba_sousuke,4,64,
mitsugashira_enoko,4,324,
mitsuha_(kentairui),4,38,
mitsui_hisashi,4,286,
mitsui_honoka,4,49,
mitsuishi_kotono,4,57,
mitsuka_souji,4,50,
mitsukai_dokuro,4,270,
mitsukasa_ayase,4,227,
mitsuki_(naruto),4,87,
mitsuki_(princess_connect!),4,33,
mitsuki_felicia,4,322,
mitsuki_kaede,4,32,
mitsuki_sohara,4,86,
mitsumata,4,31,
mitsumine_mashiro,4,299,
mitsumine_yuika,4,776,
mitsumo,4,52,
mitsuru-kun_(kusanagi_tonbo),4,75,
mitsuru_(darling_in_the_franxx),4,167,
mitsurugi_lia,4,84,
mitsurugi_meiya,4,337,
mitsurugi_ryouko,4,64,
mitsuya_takashi,4,62,
mitsuya_yuki,4,33,
mitsuzuri_ayako,4,155,
mittelt,4,76,
mitty_(made_in_abyss),4,297,
mitty_(made_in_abyss)_(furry),4,70,
mitty_(made_in_abyss)_(human),4,50,
miu_(dumbxaela),4,46,
miuka_(bunny_garden),4,55,
miura_(rnd.jpg),4,65,
miura_akane,4,44,
miura_asahi,4,78,
miura_azusa,4,3011,
miura_cat,4,64,
miura_daisenpai,4,46,
miura_haru,4,95,
miura_keitarou,4,55,
miura_miki,4,70,
miura_rinaldi,4,100,
miura_yumiko,4,73,
miwa_ai,4,34,
miwa_kasumi,4,189,
miwa_konekomaru,4,58,
miwa_mitsune,4,218,
miwa_shuuji,4,38,
miwajou,4,80,
mix_(aquarion),4,135,
miya_(myakuro),4,57,
miya_(sk8),4,31,
miya_atsumu,4,133,
miya_clochette,4,33,
miya_osamu,4,73,
miya_utsutsu,4,182,
miyabi_(ninin_ga_shinobuden),4,61,
miyabi_(senran_kagura),4,232,
miyabi_(xenoblade),4,38,
miyabi_reiji,4,31,
miyabi_shigure,4,97,
miyadeguchi_mizuchi,4,183,
miyafuji_miina,4,128,
miyafuji_yoshika,4,2608,
miyagawa_takane,4,771,
miyagi_ryouta,4,371,
miyagi_shiori,4,202,
miyaguchi_hiromi,4,52,
miyaguchi_kanna,4,45,
miyaguchi_kei,4,61,
miyahara_chisaki,4,51,
miyakawa_hikage,4,31,
miyake_aoi,4,38,
miyake_hinata,4,152,
miyake_shinobu,4,133,
miyako_(blue_archive),4,2982,
miyako_(halloween)_(princess_connect!),4,34,
miyako_(hidamari_sketch),4,847,
miyako_(kuavera),4,56,
miyako_(princess_connect!),4,255,
miyako_(swimsuit)_(blue_archive),4,1307,
miyako_(yakob_labo),4,52,
miyako_(young)_(blue_archive),4,144,
miyako_hinano,4,54,
miyako_miyuri,4,55,
miyako_miyuri_(1st_costume),4,40,
miyako_yoshika,4,6146,
miyako_yoshika_(living),4,80,
miyama_kei,4,98,
miyama_sana,4,32,
miyama_yuuna,4,105,
miyamae_kanako,4,96,
miyamae_shiho_(jack_dempa),4,227,
miyamae_tomoka,4,59,
miyamizu_mitsuha,4,1165,
miyamizu_yotsuha,4,61,
miyamori_aoi,4,551,
miyamoto_akiyo,4,50,
miyamoto_frederica,4,2074,
miyamoto_iori_(fate),4,678,
miyamoto_iroha,4,35,
miyamoto_konatsu,4,82,
miyamoto_musashi_(fate),4,4248,
miyamoto_musashi_(first_ascension)_(fate),4,342,
miyamoto_musashi_(second_ascension)_(fate),4,308,
miyamoto_musashi_(swimsuit_berserker)_(fate),4,1490,
miyamoto_musashi_(swimsuit_berserker)_(first_ascension)_(fate),4,191,
miyamoto_musashi_(swimsuit_berserker)_(second_ascension)_(fate),4,1064,
miyamoto_musashi_(swimsuit_berserker)_(third_ascension)_(fate),4,145,
miyamoto_musashi_(third_ascension)_(fate),4,597,
miyamoto_musashi_(traveling_outfit)_(fate),4,68,
miyamoto_musashi_(vagabond),4,43,
miyamoto_rei,4,214,
miyamoto_ruri,4,61,
miyamura_izumi,4,182,
miyamura_miyako,4,211,
miyanaga_saki,4,861,
miyanaga_teru,4,424,
miyano_akemi,4,46,
miyano_mai,4,41,
miyano_shiho,4,249,
miyano_yashizaku,4,33,
miyanokouji_mizuho,4,100,
miyanoshita_satsuki,4,37,
miyao_miya,4,482,
miyasaka_ryou,4,360,
miyasato_haruka,4,58,
miyashiro_karin,4,89,
miyashiro_takuru,4,31,
miyashita,4,67,
miyashita_ai,4,1302,
miyashita_ai_(kujibikido_swimsuit),4,24,
miyasumi_tatsuru,4,36,
miyata_akira,4,59,
miyata_sayaka,4,37,
miyauchi_hikage,4,49,
miyauchi_lemmy,4,74,
miyauchi_renge,4,376,
miyaura_sanshio,4,482,
miyawaki_sakura,4,30,
miyawaki_sana,4,118,
miyazaki_(watamote),4,55,
miyazaki_chisaki,4,33,
miyazaki_hiyori,4,47,
miyazaki_miyako,4,86,
miyazaki_nodoka,4,445,
miyazawa_fuuka,4,103,
miyazawa_kengo,4,239,
miyazawa_yukine,4,102,
miyazawa_yukino,4,62,
miyazen_sakura,4,162,
miyazono_kawori,4,344,
miyoshi_(joker_game),4,57,
miyoshi_karin,4,200,
miyoshi_kaya,4,30,
miyoshi_sana,4,252,
miyoshi_saya,4,40,
miyoshino_shiki,4,51,
miyouji,4,46,
miyu_(blue_archive),4,3803,
miyu_(swimsuit)_(blue_archive),4,1152,
miyu_(tiny_evil),4,89,
miyu_(vampire_princess_miyu),4,52,
miyu_edelfelt,4,2753,
miyu_edelfelt_(beast_style),4,297,
miyu_greer,4,64,
miyu_katou,4,78,
miyu_ottavia,4,49,
miyuki_(azur_lane),4,57,
miyuki_(kancolle),4,2192,
miyuki_(nyaa),4,45,
miyuki_kai_ni_(kancolle),4,71,
miyuki_kazuya,4,206,
mizi_(alien_stage),4,183,
mizore_ito_(sketchmenot),4,24,
mizrak_(castlevania),4,55,
mizu_fei,4,32,
mizugaiya,4,37,
mizugame_mia,4,31,
mizuguchi_aki,4,60,
mizuha_(toraware_no_kami-sama),4,123,
mizuhara_arisa,4,44,
mizuhara_chizuru,4,573,
mizuhara_erika,4,36,
mizuhara_hayari,4,62,
mizuhara_koyomi,4,434,
mizuhara_saki,4,31,
mizuhashi_kaori,4,85,
mizuhashi_parsee,4,11350,
mizuho_(kancolle),4,597,
mizukami_satoshi_(world_trigger),4,55,
mizuki-chan_(kanabun),4,48,
mizuki_(arknights),4,930,
mizuki_(gegege_no_kitarou),4,156,
mizuki_(kamisama_hajimemashita),4,89,
mizuki_(kutan),4,165,
mizuki_(quilt),4,43,
mizuki_(senri_gan),4,35,
mizuki_(summer_feast)_(arknights),4,58,
mizuki_(vtuber),4,147,
mizuki_kotori_(yu-gi-oh!),4,243,
mizuki_nana,4,198,
mizuki_saori,4,60,
mizuki_sasahara,4,61,
mizuki_seira,4,300,
mizuki_shiori,4,64,
mizuki_shiranui,4,120,
mizuki_wao_(waon_(43ctw)),4,27,
mizuki_yukikaze,4,618,
mizukoshi_mako,4,47,
mizukoshi_mio,4,44,
mizukoshi_saki,4,34,
mizumiya_su_(flowglow_uniform),4,17,
mizumoto_yukari,4,581,
mizunashi_akari,4,1422,
mizuno_ai,4,1183,
mizuno_ami,4,2129,
mizuno_fuka,4,19,
mizuno_kaede,4,74,
mizuno_makoto_(green),4,61,
mizuno_midori,4,96,
mizuno_nanatsu,4,85,
mizuno_rin,4,33,
mizuno_souma,4,52,
mizuno_youko,4,242,
mizuno_yui,4,31,
mizuo_kurage,4,42,
mizuori_shizuku,4,107,
mizusaki_tsubame,4,280,
mizusawa_mao,4,366,
mizusawa_matsuri,4,36,
mizusawa_suzuka,4,31,
mizushima_airi,4,32,
mizushima_asa,4,134,
mizushima_saki,4,319,
mizushima_sayori,4,31,
mizushima_serika,4,37,
mizushiro_celica,4,111,
mizushiro_kanon,4,50,
mizutani_eri,4,641,
mizutani_shizuku,4,56,
mizutsune,4,109,
mj_(zombie_high_school),4,71,
mk23_(girls'_frontline),4,184,
mk23_(new_term_begins_with_a_meow)_(girls'_frontline),4,33,
mk48_(girls'_frontline),4,140,
mlynar_(arknights),4,393,
mm_(kemeko_deluxe),4,58,
mo_chengwei,4,615,
mo_qingxian,4,67,
mo_ran,4,41,
moa_(show_by_rock!!),4,158,
moana_waialiki,4,85,
mob-sensei,4,71,
mob_(dohna_dohna),4,32,
mobile_doll_may,4,51,
mobile_infantry,4,37,
mobius_(daughter_of_corals)_(honkai_impact),4,57,
mobius_(honkai_impact),4,918,
mobius_1,4,45,
moblin,4,80,
moblit_berner,4,168,
mobu_yuri,4,30,
moby_(elsword),4,144,
moca-chan,4,32,
mochen,4,47,
mochi_(ebihara_beniko),4,58,
mochi_(touhou),4,51,
mochi_hiyoko,4,84,
mochida_arisa,4,163,
mochida_yuka,4,30,
mochikomame,4,31,
mochimon,4,75,
mochiya_(cookie),4,41,
mochizuki_(kancolle),4,1127,
mochizuki_anna,4,950,
mochizuki_ayako,4,66,
mochizuki_chiyome_(fate),4,307,
mochizuki_erena,4,33,
mochizuki_haru,4,11,
mochizuki_hijiri,4,263,
mochizuki_himari,4,108,
mochizuki_honami,4,381,
mochizuki_mari,4,32,
mochizuki_meiko,4,45,
mochizuki_momiji,4,138,
mochizuki_nonoka,4,55,
mochizuki_ryouji,4,541,
moco_(captain_earth),4,34,
moco_(fushigi_na_neko_no_machi_meltier),4,154,
mococo_abyssgard,4,2632,
mococo_abyssgard_(1st_costume),4,1454,
mococo_abyssgard_(dog),4,65,
mococo_abyssgard_(new_year),4,116,
model_a_(mega_man),4,70,
model_w_(mega_man),4,216,
model_warrior_julianne,4,35,
model_x_(mega_man),4,134,
model_z_(mega_man),4,96,
model_zx_(mega_man),4,129,
modernia_(first_affection)_(nikke),4,80,
modernia_(nikke),4,286,
modernia_(second_affection)_(nikke),4,44,
modeus_(helltaker),4,1491,
moe_(blue_archive),4,1310,
moe_(bosshi),4,53,
moe_(splatoon),4,60,
moe_(swimsuit)_(blue_archive),4,573,
moedog,4,40,
moegi_emo,4,135,
moegi_homi,4,71,
moenbryda_wilfsunnwyn,4,31,
moeta_kaoruko,4,181,
moetarou,4,54,
mof's_silver_haired_twintailed_girl,4,124,
mofetousu_furuna,4,82,
moffle,4,74,
mofu_mofuko_(ryusei_hashida),4,63,
mofurun_(mahou_girls_precure!),4,285,
mog,4,125,
mogador_(azur_lane),4,185,
mogador_(kancolle),4,224,
mogador_(locker_room_lechery)_(azur_lane),4,118,
mogami_(azur_lane),4,40,
mogami_(kancolle),4,2851,
mogami_(warship_girls_r),4,38,
mogami_kai_ni_(kancolle),4,132,
mogami_shizuka,4,923,
mogami_shizuka_(private_dress),4,10,
mogami_yoshiaki_(sengoku_collection),4,33,
moge-ko,4,67,
mogeko_(mogeko_castle),4,53,
mogu_(miori_celesta),4,48,
mohammed_avdol,4,858,
mohg_lord_of_blood,4,165,
mohn_(pokemon),4,35,
moira_(nijisanji),4,199,
moira_(overwatch),4,80,
moira_burton,4,51,
moirai_(project_moon),4,48,
mojo_(dennou_coil),4,79,
mojo_jojo,4,47,
mokke_(jibaku_shounen_hanako-kun),4,36,
mokoi_(megami_tensei),4,41,
mokona,4,182,
mokota_mememe,4,111,
mokuren_(kunoichi_tsubaki_no_mune_no_uchi),4,112,
molayne_(pokemon),4,32,
molcar,4,320,
mollie_(pokemon),4,40,
molly_(omori),4,57,
molly_hale,4,77,
molly_mcgee,4,32,
moloch_(azazel-san),4,21,
moltres,4,283,
momdroid_(mechanical_buddy_universe),4,240,
momiji_(binbougami_ga!),4,171,
momiji_(blue_archive),4,206,
momiji_(kutatsu),4,37,
momiji_(makuran),4,37,
momiji_(ninja_gaiden),4,122,
momiji_ayaka,4,65,
momijiyama_teru,4,162,
momioka_risa,4,107,
momo-chan_(dagasi),4,116,
momo_(breath_of_fire),4,135,
momo_(granblue_fantasy),4,58,
momo_(gundam_build_divers),4,109,
momo_(idolish7),4,105,
momo_(kancolle),4,154,
momo_(last_origin),4,55,
momo_(matara_kan),4,32,
momo_(ming),4,44,
momo_(miracle_nikki),4,96,
momo_(nikki),4,132,
momo_(sasai_saji),4,66,
momo_(shinigami_no_ballad),4,58,
momo_(twice),4,31,
momo_no_sei_(onmyoji),4,47,
momo_velia_deviluke,4,1037,
momobami_kirari,4,156,
momobami_ririka,4,33,
momochi_tamate,4,101,
momochi_zabuza,4,54,
momoe_maria,4,134,
momoe_nagisa,4,1082,
momogaa_(girls_und_panzer),4,196,
momohara_natsuki,4,32,
momohime,4,314,
momoi_(blue_archive),4,4358,
momoi_(maid)_(blue_archive),4,684,
momoi_airi,4,442,
momoi_azuki,4,179,
momoi_saki,4,34,
momoi_satsuki,4,130,
momoka_(blue_archive),4,323,
momoki_run,4,147,
momoko_(bombergirl),4,66,
momoko_(kaeru314),4,31,
momoko_(kof),4,32,
momoko_(momokyun),4,36,
momomeno_(7th_dragon),4,153,
momomiya_ichigo,4,404,
momone_chinoi,4,32,
momone_momo,4,256,
momono_megumi,4,32,
momono_shiori,4,59,
momonosuke_(one_piece),4,312,
momose_akari,4,49,
momose_amane,4,57,
momose_ginko,4,1808,
momose_ginko_(swimsuit),4,54,
momose_hikaru,4,60,
momose_kurumi,4,170,
momose_narumi,4,88,
momose_rio,4,489,
momoshina_fumika,4,45,
momoshiro_chiyoko,4,32,
momosuzu_nene,4,2241,
momosuzu_nene_(1st_costume),4,662,
momosuzu_nene_(casual),4,260,
momosuzu_nene_(cheerleader),4,98,
momosuzu_nene_(new_year),4,39,
momosuzu_nene_(old_design),4,269,
momosuzu_nene_(seal),4,30,
momota_(sunaba_suzume),4,46,
momota_kaito,4,1764,
momotaros,4,74,
momotarou_(character),4,42,
momote_(vtuber),4,32,
momoyama_mirai,4,231,
momoyuki_(snow_fox),4,40,
momozono_love,4,1285,
momozono_momo_(high_school_dxd),4,33,
momozono_nanami,4,73,
mon3tr_(arknights),4,285,
mona_(2ch),4,90,
mona_(destiny_child),4,34,
mona_(genshin_impact),4,7690,
mona_(pact_of_stars_and_moon)_(genshin_impact),4,204,
mona_(shingeki_no_bahamut),4,55,
mona_(warioware),4,315,
mona_meria,4,33,
monaco_(hetalia),4,53,
monai-chan_(nii_manabu),4,92,
monara,4,36,
monarch_(amalee),4,56,
monarch_(azur_lane),4,350,
monarch_(black_gerard)_(azur_lane),4,90,
monch_(arknights),4,32,
mondo_(crazy_raccoon),4,35,
mondragon_m1908_(girls'_frontline),4,47,
mone,4,34,
moneko_(null-meta),4,61,
moneko_(nyanko_daisensou),4,33,
monero-chan,4,31,
monet_(one_piece),4,173,
monferno,4,61,
moni_moni_skeleton_(yatara),4,41,
monica_(little_witch_nobeta),4,131,
monica_(romancing_saga_3),4,31,
monica_adenauer,4,77,
monica_kruszewski,4,135,
monica_von_ochs,4,130,
monika_(doki_doki_literature_club),4,1675,
monika_ellmenreich,4,33,
monika_weisswind,4,496,
monique_(arknights),4,52,
monita_(matataku),4,47,
monjiro_(sorobochi),4,54,
monk_(asgard),4,13,
monk_(fft),4,201,
monk_(final_fantasy),4,248,
monk_(ragnarok_online),4,178,
monk_(sekaiju),4,183,
monk_2_(sekaiju),4,97,
monk_4_(sekaiju),4,53,
monkey_d._dragon,4,77,
monkey_d._garp,4,146,
monkey_d._luffy,4,4507,
monme_(yuureidoushi_(yuurei6214)),4,30,
mono_(little_nightmares),4,30,
mono_(shadow_of_the_colossus),4,130,
mono_(sifserf),4,52,
monodam,4,55,
monoe,4,271,
monoeye,4,39,
monokid,4,50,
monoko,4,383,
monokuma,4,2183,
monoma_neito,4,45,
monomi_(danganronpa),4,1364,
mononobe_alice,4,590,
mononobe_alice_(1st_costume),4,184,
mononobe_alice_(3rd_costume),4,41,
mononobe_kyoma,4,128,
mononobe_no_futo,4,9151,
monophanie,4,71,
monosuke,4,61,
monotaro_(danganronpa),4,97,
monoyoshi_sadamune,4,202,
monsoon_(metal_gear_rising),4,43,
monster_energy-chan,4,34,
monster_hunter_(character),4,3566,
monster_in_kamata,4,53,
monster_kid_(undertale),4,76,
monster_tom_(eddsworld),4,12,
montjeu_(umamusume),4,52,
montmorency_margarita_la_fere_de_montmorency,4,46,
montpelier_(azur_lane),4,173,
monty_oum_(creator),4,31,
monzaemon,4,42,
moo_deng,4,65,
moody_blues_(stand),4,77,
moofie_(vtuber),4,30,
moogle,4,1515,
moomintroll,4,211,
moon_(zelda),4,111,
moon_carver_(genshin_impact),4,57,
moon_knight,4,32,
moon_presence,4,63,
moon_rabbit_extra_(touhou),4,140,
moona_hoshinova,4,1437,
moona_hoshinova's_younger_brother,4,38,
moona_hoshinova_(1st_costume),4,578,
moona_hoshinova_(3rd_costume),4,86,
moonbyul_(mamamoo),4,40,
moonlight's_anti-soul_(touhou),4,55,
moonlight_cookie,4,43,
moonlight_flower,4,413,
moose_(kemono_friends),4,839,
morag_ladair_(obligatory_leave)_(xenoblade),4,100,
morag_ladair_(xenoblade),4,628,
moran_(nikke),4,78,
mordecai_(fire_emblem),4,52,
mordekaiser,4,97,
mordred_(fate),4,5754,
mordred_(fate/apocrypha),4,4803,
mordred_(formal_dress)_(fate),4,91,
mordred_(granblue_fantasy),4,30,
mordred_(memories_at_trifas)_(fate),4,1001,
mordred_(swimsuit_rider)_(fate),4,748,
mordred_(swimsuit_rider)_(first_ascension)_(fate),4,524,
mordred_(swimsuit_rider)_(second_ascension)_(fate),4,105,
mordret_(shadow_slave),4,70,
more_more_jump!_kaito,4,30,
more_more_jump!_len,4,35,
more_more_jump!_miku,4,155,
more_more_jump!_rin,4,62,
morel_mackernasey,4,53,
morelull,4,168,
morgan_(female)_(fire_emblem),4,471,
morgan_(fire_emblem),4,598,
morgan_(male)_(fire_emblem),4,209,
morgan_(nikke),4,49,
morgan_(shadow_slave),4,36,
morgan_le_fay_(chaldea_satellite_station)_(fate),4,121,
morgan_le_fay_(fate),4,3274,
morgan_le_fay_(fgo_fes._2023)_(fate),4,40,
morgan_le_fay_(mythology),4,14,
morgan_le_fay_(queen_of_winter)_(fate),4,209,
morgan_le_fay_(valentine_witches)_(fate),4,50,
morgan_le_fay_(water_princess)_(fate),4,268,
morgana_(fata_morgana_no_yakata),4,47,
morgana_(league_of_legends),4,387,
morgana_(persona_5),4,929,
morganite_(houseki_no_kuni),4,49,
morgiana,4,650,
morgott_the_omen_king,4,83,
morgrem,4,35,
mori_(gj-bu),4,30,
mori_calliope,4,8271,
mori_calliope_(1st_costume),4,2397,
mori_calliope_(3rd_costume),4,186,
mori_calliope_(6th_costume),4,234,
mori_calliope_(9th_costume),4,94,
mori_calliope_(gold_unbalance),4,18,
mori_calliope_(new_underworld_order),4,36,
mori_calliope_(new_year),4,173,
mori_calliope_(sheriff),4,121,
mori_calliope_(sleepwear),4,106,
mori_calliope_(streetwear),4,1105,
mori_calliope_(the_story_thus_far),4,65,
mori_hikiko,4,68,
mori_nagayoshi_(fate),4,217,
mori_sonou,4,105,
mori_tatsuki,4,84,
mori_yoshihara,4,48,
mori_yuki,4,331,
moriah,4,55,
morichika_rinnosuke,4,9577,
morikawa_ayako,4,43,
morikawa_yuki,4,54,
moriko_kyoho,4,31,
morikubo_nono,4,2234,
morimi_saki,4,54,
morimiya_aono,4,68,
morimoto_(ryou),4,89,
morimoto_chio,4,48,
morimoto_yuni,4,108,
morimura_chihiro,4,34,
morimura_konoha,4,55,
morinaka_kazaki,4,678,
morinas_(simoun),4,74,
morino_ichigo,4,151,
morino_kirin,4,94,
morino_korisu,4,120,
morino_mari,4,41,
morino_rinze,4,1887,
morino_ryoushi,4,71,
morinozuka_takashi,4,36,
morioka_moriko,4,32,
morisaki_nao,4,39,
morisato_keiichi,4,58,
morisawa_chiaki,4,289,
morisawa_yuu,4,136,
morishima_haruka,4,722,
morishima_hodaka_(tenki_no_ko),4,72,
morishita_michiru,4,44,
morita_ouka,4,130,
morita_tetsuo,4,86,
moritaka_(housamo),4,127,
moritake_medias,4,71,
moritomo_nozomi,4,33,
moriya_suwako,4,18811,
moriya_suwako_(frog),4,33,
moriyama_shiemi,4,228,
morizono_rikka,4,42,
morizono_wakana,4,101,
mornye_(wuthering_waves),4,1368,
moro_(mononoke_hime),4,77,
moro_no_ichizoku,4,130,
moroboshi_ataru,4,312,
moroboshi_kirari,4,1809,
moroda_shiori,4,48,
moroha,4,102,
morpeko,4,2173,
morpeko_(full),4,1855,
morpeko_(hangry),4,375,
morpheus_(arknights),4,75,
morpho_knight,4,112,
morpho_knight_(butterfly),4,42,
morridow_(boss)_(girls'_frontline),4,49,
morridow_(girls'_frontline),4,77,
morrigan_(dragon_age),4,43,
morrigan_aensland,4,5266,
morrighan,4,125,
mortarion,4,68,
morte_(arknights),4,296,
mortefi_(wuthering_waves),4,32,
morticia_addams,4,31,
morton_koopa_jr.,4,70,
morty_(fall_2021)_(pokemon),4,34,
morty_(pokemon),4,528,
morty_smith,4,58,
morvay_(bat)_(nu_carnival),4,29,
morvay_(nu_carnival),4,61,
moses_(project_moon),4,71,
moses_sandor,4,31,
mosin-nagant_(girls'_frontline),4,271,
mosin-nagant_(mod3)_(girls'_frontline),4,88,
mosin-nagant_(moonlit_ocean)_(girls'_frontline),4,47,
mospeada_(mecha),4,94,
mosquito_musume,4,56,
moss_(pikmin),4,49,
mossa_(mossacannibalis),4,34,
mossgrub_(hollow_knight),4,19,
mosslax,4,57,
mostima_(arknights),4,2581,
mostima_(spellbreaker)_(arknights),4,114,
mostima_(sports)_(arknights),4,71,
moth_(diddms1999),4,68,
mother_(pso2),4,31,
mother_(the_coffin_of_andy_and_leyley),4,70,
mother_(yoru_mac),4,306,
mother_brain,4,50,
mother_lumi_(matilda_fiship),4,33,
mother_spider_demon_(kimetsu_no_yaiba),4,61,
mother_superior_(diva),4,59,
motherv3,4,43,
mothim,4,73,
mothra,4,131,
mothra_(monsterverse),4,57,
motoba_kirie,4,112,
motohashi_iori,4,39,
motomiya_daisuke,4,158,
motoori_kosuzu,4,3342,
motoori_shiro,4,406,
motoyama_tomomichi,4,47,
motozaki_tooru,4,94,
moudoku_denpa_shoujo_purple_lollipop,4,32,
moukaku,4,65,
mount_lady,4,345,
mountain_(arknights),4,1521,
mountain_(book_reader)_(arknights),4,73,
mountain_hare_(kemono_friends),4,107,
mountain_of_smiling_bodies,4,74,
mountain_shaper_(genshin_impact),4,49,
mountain_tapir_(kemono_friends),4,38,
mountain_tim,4,70,
mouri_kogoro,4,68,
mouri_motonari_(sengoku_basara),4,280,
mouri_ran,4,450,
mouri_toushirou,4,53,
mouse_girl_(yuuki_(yuyuki000)),4,166,
mouse_marisa_(yuasan),4,61,
mousse_(arknights),4,216,
mousse_(campfire_cooking_smoke)_(arknights),4,36,
mousse_(duck)_(ranma_1/2),4,94,
mousse_(ranma_1/2),4,213,
movie_thief,4,48,
moze_(honkai:_star_rail),4,292,
mozu_(fire_emblem),4,84,
mozumi_pichi,4,46,
mp-443_(girls'_frontline),4,40,
mp-446_(girls'_frontline),4,43,
mp40_(girls'_frontline),4,616,
mp41_(girls'_frontline),4,96,
mp5_(girls'_frontline),4,231,
mp7_(girls'_frontline),4,502,
mp7_(lollipop_ammo)_(girls'_frontline),4,76,
mr._bright,4,35,
mr._c.b._(boc'z)_(umamusume),4,32,
mr._c.b._(umamusume),4,1857,
mr._chang,4,38,
mr._chin,4,48,
mr._compress,4,56,
mr._dolphin_(guilty_gear),4,79,
mr._door,4,54,
mr._fox_(path_to_nowhere),4,35,
mr._game_&_watch,4,205,
mr._grizz_(splatoon),4,37,
mr._jawsum,4,35,
mr._koiwai,4,167,
mr._krabs,4,34,
mr._l,4,39,
mr._mime,4,212,
mr._nothing_(arknights),4,137,
mr._plantegg_(omori),4,157,
mr._rime,4,45,
mr._satan,4,84,
mr._shine,4,36,
mr._squeaks_(hakos_baelz),4,796,
mr._x_(resident_evil),4,59,
mr.monster_(araido_kagiri),4,35,
mrs._kujo,4,53,
ms._acey,4,60,
ms._battlefield_(kyata_ti666),4,10,
ms._fortune_(skullgirls),4,592,
ms._marvel,4,127,
ms._smith,4,93,
ms._tsu_(ms._tsu),4,12,
ms_anne_(erubo),4,37,
mu-12,4,412,
mu-class_light_cruiser,4,16,
mu_(caligula),4,48,
mu_la_flaga,4,43,
mu_qing_(tianguan_cifu),4,51,
mu_xiaokui_(phantom_blade),4,51,
mualani_(genshin_impact),4,826,
muarim_(fire_emblem),4,34,
mucchan,4,38,
muchimaro-chan,4,90,
mucus_toad_(monster_girl_encyclopedia),4,31,
mudbray,4,39,
mudkip,4,1148,
mudou_setsuna,4,49,
mudrock_(arknights),4,3201,
mudrock_(elite_ii)_(arknights),4,883,
mudrock_(obsidian)_(arknights),4,315,
mudrock_(silent_night)_(arknights),4,589,
mudrock_colossus_(arknights),4,60,
mudsdale,4,136,
muelsyse_(arknights),4,916,
muffet,4,340,
mugen_(samurai_champloo),4,84,
mugen_lion,4,31,
mugen_silhouette,4,34,
mugendramon,4,81,
mugetsu_(touhou),4,499,
mughi,4,40,
mugi_(cookie),4,53,
mugimaru,4,49,
muginami,4,198,
mugino_shizuri,4,439,
mugman,4,44,
muguruma_kensei,4,45,
muguruma_miyako,4,32,
mui_mui_(snk),4,34,
muimi_(princess_connect!),4,55,
muji-muji_daruma_(genshin_impact),4,128,
mujina,4,328,
muk,4,166,
mukago_(kimetsu_no_yaiba),4,46,
mukai_(kof),4,37,
mukai_(ojimashu),4,58,
mukai_hinata,4,55,
mukai_suzu,4,69,
mukai_takumi,4,992,
mukaido_manaka,4,561,
mukku,4,54,
mukkuru,4,84,
mukoda_saeko,4,51,
mukou_aoi_(totono),4,38,
mukoujima_takurou,4,36,
muku-chan_(muroku),4,99,
mukuhara_kazui,4,36,
mukumuku,4,32,
mukuro_(sakiyo_cake),4,70,
mukuro_(yu_yu_hakusho),4,33,
mulberry_(arknights),4,344,
mulberry_(plant_crude_drug)_(arknights),4,66,
mulberry_(reflection_that_of_the_moons)_(arknights),4,48,
mullany_(azur_lane),4,50,
multi_(to_heart),4,247,
multimouse_(miraculous_ladybug),4,30,
mumbies_(kirby),4,33,
mumbo_jumbo_(youtuber),4,39,
mumei_(kabaneri),4,822,
mumen_rider,4,42,
mumi_hime_(vtuber),4,10,
munak,4,67,
munakata_atsumi,4,414,
munakata_hinano,4,115,
munakata_isaomi,4,71,
munakata_kyousuke,4,188,
munakata_misae,4,30,
munakata_reishi,4,37,
munakata_shiho,4,36,
munakata_souta,4,93,
munakata_souta_(chair),4,32,
munchie_(dq8),4,48,
munchlax,4,465,
munechika,4,35,
munetani_mashiro,4,227,
munkidori,4,38,
munna,4,389,
muppo,4,632,
murakami-san_(misskey.io),4,66,
murakami_(girls_und_panzer),4,405,
murakami_fumio,4,82,
murakami_mozu_(cyclone),4,50,
murakami_natsumi,4,106,
murakami_shizuru,4,174,
murakami_tamotsu,4,165,
murakami_tomoe,4,306,
murakumo_(kancolle),4,7259,
murakumo_(senran_kagura),4,146,
murakumo_kagetsu,4,35,
murakumo_kai_ni_(kancolle),4,1548,
muramatsu_sakura,4,212,
murana_(muramasa_mikado),4,50,
murano_sayaka,4,2339,
muranushi_sayuri,4,42,
murasa_minamitsu,4,6998,
murasaki_(kyokugen_dasshutsu),4,36,
murasaki_(lightsource),4,79,
murasaki_(senran_kagura),4,312,
murasaki_nakoruru,4,51,
murasaki_shikibu_(fate),4,1382,
murasaki_shikibu_(purple_eye)_(fate),4,30,
murasaki_shikibu_(swimsuit_rider)_(fate),4,315,
murasaki_shikibu_(swimsuit_rider)_(first_ascension)_(fate),4,226,
murasaki_shikibu_(swimsuit_rider)_(third_ascension)_(fate),4,54,
murasaki_shion,4,4230,
murasaki_shion_(1st_costume),4,1345,
murasaki_shion_(gothic_lolita),4,658,
murasaki_shion_(hololive_summer_2019),4,205,
murasaki_shion_(magical_girl_maid),4,127,
murasaki_shion_(new_year),4,55,
murasaki_shion_(qi_idol),4,34,
murasaki_shion_(school_uniform),4,114,
murasakibara_atsushi,4,135,
murasame_(halloween)_(kancolle),4,45,
murasame_(kancolle),4,3504,
murasame_(senren),4,522,
murasame_kai_ni_(kancolle),4,1139,
murasame_oshizu,4,56,
murasame_reine,4,59,
murashige_yuzuki,4,34,
murata_himeko,4,1124,
murata_himeko_(arctic_kriegsmesser),4,70,
murata_himeko_(battle_storm),4,142,
murata_himeko_(blood_rose),4,80,
murata_himeko_(scarlet_fusion),4,50,
murata_himeko_(vermillion_knight),4,241,
murata_ugetsu,4,255,
murayama_(high_school_dxd),4,62,
murayama_sakura,4,102,
murayama_yuiri,4,37,
murdock_(pokemon),4,38,
murian_(fate),4,33,
murkrow,4,374,
murmansk_(azur_lane),4,100,
murmansk_(sceneries_of_pure_snow)_(azur_lane),4,39,
murmeltier,4,31,
murofushi_risa,4,125,
muromi-san,4,104,
murosaki_miyo,4,902,
muroto_aki,4,34,
murr_hart,4,42,
murrue_ramius,4,159,
musashi_(aoki_hagane_no_arpeggio),4,40,
musashi_(azur_lane),4,796,
musashi_(horizon),4,32,
musashi_(kancolle),4,5275,
musashi_(purest_wisteria)_(azur_lane),4,38,
musashi_(the_purple_rabbit's_marksmanship)_(azur_lane),4,41,
musashi_(violet_moonglow)_(azur_lane),4,62,
musashi_kai_(kancolle),4,424,
musashi_kai_ni_(kancolle),4,1821,
musashibo_benkei_(fate),4,72,
musashibou_benkei_(ikkitousen),4,33,
musashino_kazuhiko,4,41,
muse_(amaburi),4,188,
muse_(seihou),4,33,
musha_miko_tomoe,4,330,
musharna,4,324,
mushoku_kika,4,38,
mushoku_loli_(character),4,70,
mushroom_parent,4,39,
muska,4,121,
musse_(falkyrie_no_monshou),4,47,
musse_egret,4,121,
musso_(gyee),4,49,
mustadio_bunansa,4,69,
mustard_(pokemon),4,40,
mustard_seeds,4,121,
musu,4,31,
musubi,4,209,
musubime_yui,4,117,
musujime_awaki,4,232,
musume_(yuunama),4,162,
musumi_kiyoka,4,31,
muta_kokichi,4,58,
mute_(trickcal),4,20,
muten_roushi,4,353,
mutio,4,190,
muto_yugi,4,87,
mutou_hana,4,108,
mutou_kazuki,4,34,
mutou_megumi,4,37,
mutou_tooru,4,32,
mutou_yuugi,4,639,
mutsu-no-kami_yoshiyuki,4,440,
mutsu_(azur_lane),4,166,
mutsu_(gintama),4,39,
mutsu_(kancolle),4,5635,
mutsu_(snail),4,167,
mutsu_kai_ni_(kancolle),4,288,
mutsuba_asaka,4,59,
mutsuki_(azur_lane),4,507,
mutsuki_(blue_archive),4,3708,
mutsuki_(dress)_(blue_archive),4,368,
mutsuki_(flowery_charms)_(blue_archive),4,46,
mutsuki_(iroha_(iroha_matsurika)),4,107,
mutsuki_(kancolle),4,2398,
mutsuki_(new_year)_(blue_archive),4,405,
mutsuki_(suit)_(blue_archive),4,72,
mutsuki_kai_ni_(kancolle),4,638,
mutsuki_tooru,4,133,
mutsumi_(utawarerumono),4,31,
mutsura_yuuto,4,89,
mutsushika_misumi,4,157,
muu_muyu,4,49,
muu_shuwuu,4,65,
muzet_(tales),4,67,
muzzle_(trigger),4,35,
my_melody,4,832,
my_sunshine,4,82,
my_sweet_piano,4,35,
myaku-myaku,4,162,
myamu,4,129,
mydei_(alternate_spacetime)_(honkai:_star_rail),4,29,
mydei_(chimerric_park)_(honkai:_star_rail),4,27,
mylene_jenius,4,429,
mylene_rafa_holfort,4,48,
mym_(dragalia_lost),4,172,
myne_(honzuki_no_gekokujou),4,447,
myo_(project_moon),4,78,
myoudouin_itsuki,4,1353,
myoue,4,31,
myoujin_yahiko,4,33,
myoukou_(azur_lane),4,31,
myoukou_(kancolle),4,1685,
myoukou_kai_ni_(kancolle),4,230,
myr_(p&d),4,62,
myria_loussier,4,38,
myriam_(saga),4,65,
myrrh_(arknights),4,104,
myrrh_(fire_emblem),4,417,
myrrh_(halloween)_(fire_emblem),4,81,
myrtle_(arknights),4,826,
myrtle_(light_gold_celebration)_(arknights),4,80,
myrtle_(summer_flowers)_(arknights),4,157,
mysta_rias,4,561,
mysta_rias_(1st_costume),4,191,
mysterious_construct,4,17,
mysterious_heroine_x_(fate),4,855,
mysterious_heroine_x_(third_ascension)_(fate),4,93,
mysterious_heroine_x_alter_(fate),4,1507,
mysterious_heroine_x_alter_(first_ascension)_(fate),4,690,
mysterious_heroine_x_alter_(second_ascension)_(fate),4,335,
mysterious_heroine_x_alter_(third_ascension)_(fate),4,117,
mysterious_heroine_xx_(fate),4,2025,
mysterious_heroine_xx_(second_ascension)_(fate),4,34,
mysterious_heroine_xx_alter_(fate),4,66,
mysterious_idol_x_alter_(fate),4,92,
mysterious_man_(fire_emblem),4,64,
mysterious_ranmaru_x_(fate),4,126,
mystia_lorelei,4,14759,
mystia_lorelei_(bird),4,293,
mystic_(fft),4,39,
mystic_(tera_online),4,34,
mystic_knight,4,67,
mystica_sanctus,4,18,
mystical_elf,4,33,
mystina_(valkyrie_profile),4,31,
mystique,4,33,
mytho_(princess_tutu),4,51,
mythos_zero_(mega_man),4,61,
mythra_(massive_melee)_(xenoblade),4,676,
mythra_(radiant_beach)_(xenoblade),4,532,
mythra_(xenoblade),4,6286,
myu_(quiz_magic_academy),4,44,
myucel_foalan,4,144,
myuri_(spice_and_wolf),4,103,
myuria_tionysus,4,81,
mzd,4,47,
n'doul,4,123,
n-z,4,37,
n102_(miracle_fairy)_(nikke),4,40,
n102_(nikke),4,82,
n_(anniversary_2021)_(pokemon),4,61,
n_(murder_drones),4,65,
n_(plentyofempty),4,14,
n_(pokemon),4,2152,
n_(summer_2022)_(pokemon),4,41,
n_(xenoblade),4,59,
na'el_(xenoblade),4,129,
na_sera,4,55,
naala,4,30,
naba_chizuru,4,100,
nabari_(ogami_kazuki),4,38,
nabatame_hitomi,4,45,
nabeshima_chiyori,4,21,
nabi_(wonnikon),4,43,
nabooru,4,91,
nacchan_(ohisashiburi),4,205,
nachetanya_loei_piena_augustra,4,55,
nachi_(aoki_hagane_no_arpeggio),4,38,
nachi_(kancolle),4,1992,
nachi_kai_ni_(kancolle),4,189,
nachoneko,4,250,
nacht_faust,4,57,
nacli,4,31,
nadeko_(cookie),4,136,
nadeshiko_(carrot_robosquat),4,54,
nadeshiko_(flower_knight_girl),4,34,
nadeshiko_(inukami),4,40,
nadeshiko_(mahjong_soul),4,55,
nadia_la_arwall,4,1024,
nadia_rayne,4,86,
nadie,4,101,
nadja_applefield,4,144,
naegi_komaru,4,500,
naegi_makoto,4,2017,
naegino_sora,4,217,
naesala_(fire_emblem),4,38,
naga_(fire_emblem),4,52,
naga_(nikke),4,243,
naga_(staygarden),4,41,
naga_siren_(dota),4,31,
naga_the_serpent,4,307,
naga_u-chan,4,137,
nagachika_hideyoshi,4,43,
nagae_iku,4,6617,
nagai_kanako,4,64,
nagai_noa_(sironora),4,45,
nagakura_shinpachi_(fate),4,107,
nagami_suzuka,4,67,
nagamine_kaede,4,79,
nagamori_mizuka,4,58,
naganadel,4,70,
naganami_(azur_lane),4,67,
naganami_(kancolle),4,3709,
naganami_kai_ni_(kancolle),4,873,
naganohara_mio,4,713,
naganohara_yoshino,4,30,
nagant_revolver_(astral_bond)_(girls'_frontline),4,50,
nagant_revolver_(girls'_frontline),4,522,
nagant_revolver_(mod3)_(girls'_frontline),4,124,
nagao_kagetora_(fate),4,569,
nagao_kei,4,93,
nagaoka_shiho,4,64,
nagara_(azur_lane),4,140,
nagara_(kancolle),4,800,
nagare_ryoma,4,157,
nagasaki_soyo,4,2634,
nagasawa_yuki_(assault_lily),4,131,
nagase_daisuke,4,36,
nagase_iori,4,76,
nagase_jun,4,36,
nagase_kaede,4,176,
nagase_kotono,4,107,
nagase_mana,4,104,
nagase_minato,4,122,
nagase_miyako,4,65,
nagase_riko,4,37,
nagase_sayaka,4,40,
nagasone_kotetsu,4,267,
nagato_(azur_lane),4,1155,
nagato_(azur_lane)_(old_design),4,40,
nagato_(great_fox's_respite)_(azur_lane),4,290,
nagato_(great_fox's_white_gown)_(azur_lane),4,42,
nagato_(guardian_fox's_shining_furisode)_(azur_lane),4,37,
nagato_(kancolle),4,9584,
nagato_(meta)_(azur_lane),4,33,
nagato_(naruto),4,40,
nagato_kai_ni_(kancolle),4,491,
nagato_yuki,4,8868,
nagato_yuuki,4,233,
nagatomi_hasumi,4,132,
nagatoro_hayase,4,1655,
nagatsuka_saki,4,99,
nagatsuki_(azur_lane),4,45,
nagatsuki_(kancolle),4,1906,
nagatsuki_sanae,4,167,
nagayama_kaede_(yukimoto_shuuji_(gurigura)),4,42,
nagayoshi_subaru,4,463,
nagi_(akito),4,115,
nagi_(fire_emblem),4,48,
nagi_(kannagi),4,1199,
nagi_akasa,4,34,
nagi_seishirou,4,296,
nagihara_suzuna,4,31,
nagino_mashiro,4,57,
nagira_yoshinori,4,58,
nagisa_(blue_archive),4,1413,
nagisa_(kantoku),4,47,
nagisa_(maid_in_heaven),4,38,
nagisa_(psp2i),4,84,
nagisa_kaworu,4,2953,
nago,4,267,
nago_(kirby),4,87,
nagomi_yui,4,616,
nagone_mako,4,34,
nagoriyuki,4,110,
nagumo_(sakamoto_days),4,90,
nagumo_haruya,4,293,
nagumo_midori,4,57,
nagumo_shinobu,4,35,
nagumo_tetora,4,129,
nagura_setsuko,4,64,
nagusa_(blue_archive),4,209,
nah_(fire_emblem),4,235,
nahia_(some1else45),4,101,
nahida_(genshin_impact),4,6828,
nahyuta_sahdmadhi,4,76,
naib_subedar,4,84,
naidong,4,36,
naihe_(female)_(touqi_guaitan),4,278,
naihe_(male)_(touqi_guaitan),4,75,
naihe_(touqi_guaitan)_(female),4,162,
naihe_(touqi_guaitan)_(male),4,41,
naila_(shirakami_fubuki),4,25,
nailah_(fire_emblem),4,61,
naima_(ado),4,148,
naiolo_(exs-tia),4,20,
naishi-chan,4,74,
naito_mare,4,32,
naito_mare_(vtuber),4,55,
naitou,4,37,
naitou-kun,4,41,
naitou_maia,4,99,
naitou_shouko,4,33,
naiz_(master_of_eternity),4,31,
naka_(kancolle),4,3723,
naka_kai_ni_(kancolle),4,554,
nakabeni_yua,4,266,
nakagawa_kanon,4,182,
nakagawa_nana,4,389,
nakagawa_natsuki,4,872,
nakahara_(takayama_toshinori),4,81,
nakahara_chuuya,4,203,
nakahara_komugi,4,235,
nakahara_mai,4,41,
nakahara_masaru,4,122,
nakahara_misaki,4,233,
nakahara_mizuki,4,157,
nakahara_sumi,4,40,
nakai_hisao,4,166,
nakaji_uto,4,34,
nakajima_(girls_und_panzer),4,456,
nakajima_atsushi_(bungou_stray_dogs),4,120,
nakajima_kazuko_(boku_no_himitsu_taiken),4,60,
nakajima_nishiki,4,52,
nakajima_nobuyo,4,37,
nakajima_sanae,4,35,
nakajima_youko,4,160,
nakajima_yua,4,38,
nakajima_yuuko,4,31,
nakajima_yuuto,4,37,
nakajou_amane,4,35,
nakajou_tatsuya,4,147,
nakakouji_ayano,4,42,
nakamachi_kana,4,55,
nakamori_aoko,4,215,
nakamura_(ryou),4,30,
nakamura_aika,4,40,
nakamura_ayamo,4,48,
nakamura_kana,4,63,
nakamura_misaki,4,50,
nakamura_yuri,4,1315,
nakamura_yuto,4,33,
nakamura_yuuichi,4,98,
nakamura_yuuto,4,98,
nakanishi_aiko,4,38,
nakanishi_toshimi,4,30,
nakano_(sewayaki_kitsune_no_senko-san),4,32,
nakano_ayaka,4,60,
nakano_azusa,4,8856,
nakano_hinata,4,36,
nakano_ichika,4,1681,
nakano_itsuki,4,1745,
nakano_miku,4,3424,
nakano_nino,4,3636,
nakano_yotsuba,4,3039,
nakano_yuka,4,460,
nakanoshima_tae,4,35,
nakarai_keijin,4,37,
nakaseko_kaori,4,254,
nakashima_naomi,4,42,
nakasu_kasumi,4,1567,
nakasu_kasumi_(kujibikido_swimsuit),4,22,
nakasuga_emi,4,123,
nakata_sae,4,283,
nakatani_iku,4,578,
nakatsu_shizuru,4,432,
nakatsugawa_ui,4,46,
nakatsugi_kyuuma,4,61,
nakatsukasa_tsubaki,4,168,
nakayama_festa_(casual)_(umamusume),4,93,
nakayama_festa_(entrust_myself_to_the_dice)_(umamusume),4,36,
nakayama_festa_(festival_game)_(umamusume),4,42,
nakayama_festa_(umamusume),4,922,
nakayama_haruki,4,87,
nakazawa_kaori,4,74,
nakazawa_minori,4,39,
naked_snake,4,212,
nakigitsune,4,315,
nakigitsune's_fox,4,278,
nakime_(kimetsu_no_yaiba),4,36,
nakiri_alice,4,292,
nakiri_asahi,4,98,
nakiri_ayame,4,4009,
nakiri_ayame_(1st_costume),4,1140,
nakiri_ayame_(5th_costume),4,391,
nakiri_ayame_(8th_costume),4,26,
nakiri_ayame_(9th_costume),4,34,
nakiri_ayame_(cutie_jersey),4,139,
nakiri_ayame_(girly),4,259,
nakiri_ayame_(hololive_summer_2019),4,167,
nakiri_ayame_(new_year),4,82,
nakiri_ayame_(off-work),4,48,
nakiri_ayame_(shrine_maiden),4,123,
nakiri_ayame_(streetwear),4,41,
nakiri_erina,4,740,
nako_ryu,4,47,
nakoruru,4,702,
nalica_(animeflux),4,58,
namahoshi-chan,4,30,
namakeruda,4,52,
namari_(dungeon_meshi),4,115,
namatame_chitaru,4,54,
namazu,4,171,
namazuo_toushirou,4,1255,
namazuo_toushirou_(kiwame),4,35,
namazuo_toushirou_(tenka_hyakken),4,30,
namba_emi,4,136,
nameko_(osawari_tantei),4,104,
nameless_(kof),4,74,
nameless_bard_(genshin_impact),4,148,
nameless_king,4,151,
nameless_priest_(blue_archive),4,32,
nameless_selfless_(infinity_nikki),4,34,
namgung_minyoung,4,23,
nami_(league_of_legends),4,261,
nami_(one_piece),4,5840,
nami_(teranen),4,64,
namikaze_minato,4,227,
namiki_meiko,4,95,
namiko,4,55,
namine,4,515,
namine_ritsu,4,248,
namipon_(wuthering_waves),4,337,
namori_(character),4,71,
namuna_(7th_dragon),4,110,
nan_(tales),4,34,
nana_(darling_in_the_franxx),4,51,
nana_(elfen_lied),4,74,
nana_(girls_band_cry),4,109,
nana_(ice_climber),4,249,
nana_(kemono_friends),4,172,
nana_(krt_girls),4,52,
nana_(kurisustinah),4,65,
nana_(mega_man_x:_command_mission),4,39,
nana_asta_deviluke,4,533,
nana_muted_xilofon,4,30,
nanaba,4,59,
nanachi_(made_in_abyss),4,1340,
nanachi_(made_in_abyss)_(human),4,44,
nanaco_(hott0g111),4,49,
nanael_(queen's_blade),4,234,
nanahikari_rami,4,40,
nanahira,4,108,
nanahoshi_milily,4,34,
nanahoshi_ren,4,49,
nanahoshi_shizuka,4,59,
nanaka_(neural_cloud),4,61,
nanaka_(princess_connect!),4,43,
nanaka_(tenka_hyakken),4,39,
nanakase_yashiro,4,64,
nanako_(chibikki),4,86,
nanako_(houkago_no_pleiades),4,71,
nanako_(jujutsu_kaisen),4,81,
nanako_(melty_blood),4,85,
nanako_(to_heart_2),4,82,
nanakorobi_nene,4,54,
nanakura_koharu,4,105,
nanakusa_hazuki,4,456,
nanakusa_nazuna_(kouji_(campus_life)),4,57,
nanakusa_nazuna_(yofukashi_no_uta),4,494,
nanakusa_nichika,4,798,
nanaly_(sennen_sensou_aigis),4,45,
nanaly_fletch,4,84,
nanamatsu_koheita,4,34,
nanamegi_nagisa,4,149,
nanami:_pulse_(punishing:_gray_raven),4,107,
nanami:_starfarer_(punishing:_gray_raven),4,55,
nanami:_storm_(punishing:_gray_raven),4,39,
nanami_(punishing:_gray_raven),4,240,
nanami_(suikoden),4,150,
nanami_(virtuareal),4,56,
nanami_ao,4,61,
nanami_chiaki,4,9544,
nanami_haruka,4,298,
nanami_izu,4,102,
nanami_kanata,4,36,
nanami_kento,4,1750,
nanami_lucia,4,273,
nanami_lucia_(idol),4,62,
nanami_lucia_(mermaid),4,64,
nanami_lucia_(super_idol),4,31,
nanami_mami,4,180,
nanami_minami,4,36,
nanami_mizuki,4,55,
nanami_reina,4,38,
nanami_touko,4,607,
nanami_yachiyo,4,913,
nanami_yachiyo_(pajamas_costume),4,35,
nanami_yuki_(vtuber),4,30,
nanami_yuuno,4,82,
nanamo_ul_namo,4,71,
nanao_yuriko,4,1088,
nanasaki_ai,4,1771,
nanasaki_nicole,4,52,
nanase_(amagamido),4,44,
nanase_(street_fighter),4,65,
nanase_(under_night_in-birth),4,57,
nanase_eru,4,31,
nanase_haruka_(free!),4,491,
nanase_kaoru,4,30,
nanase_kureha,4,183,
nanase_kurumi_(menhera-chan),4,136,
nanase_nanami_(gundam_build_divers),4,71,
nanase_nanami_(heaven_burns_red),4,33,
nanase_ren,4,50,
nanase_riku,4,204,
nanase_rumi,4,53,
nanase_sena,4,42,
nanase_yoshino,4,49,
nanase_yui,4,97,
nanashi_(ganesagi),4,143,
nanashi_(shin_megami_tensei_iv_final),4,41,
nanashi_mumei,4,7228,
nanashi_mumei_(1st_costume),4,2167,
nanashi_mumei_(casual),4,606,
nanashi_mumei_(emo),4,645,
nanashi_mumei_(new_year),4,249,
nanashi_mumei_(owl),4,112,
nanatsuki_nana,4,33,
nanatsumori_minoru,4,30,
nanawo_akari,4,106,
nanaya_shiki,4,235,
nanba_hibito,4,49,
nanba_mutta,4,65,
nanba_yu,4,34,
nanbara_chizuru,4,102,
nanbu_chitose,4,44,
nanbu_kaguya,4,208,
nancy_lee,4,120,
nandaba_naota,4,232,
nandi_(puchirisu),4,83,
nani_(vtuber),4,12,
nani_pelekai,4,40,
nanika_(azumi_inori),4,212,
nanjo_hikaru,4,317,
nanjo_kumiko,4,10,
nanjou_ao,4,47,
nanjou_kei,4,51,
nanjou_misao,4,50,
nanjou_terumasa,4,80,
nanjou_yoshino,4,67,
nankai_(kancolle),4,111,
nankaitarou_chouson,4,33,
nankyoku_sakura,4,31,
nanna_(fire_emblem),4,140,
nanno_hachirou,4,45,
nano-nano_pudding,4,87,
nano_(nanoless),4,45,
nanobana_kinako,4,240,
nanoca_flanka,4,69,
nanoha_(when_distant_winds_rise)_(stella_sora),4,12,
nanohana_jiyuu,4,33,
nanosheep_(character),4,36,
nansen_ichimonji,4,56,
nanto_yaya,4,129,
nanu_(pokemon),4,221,
nao_(dream_c_club),4,162,
nao_(kuzuyu),4,126,
nao_(mabinogi),4,619,
nao_(otosuki),4,41,
naoe_kanetsugu_(hyakka_ryouran),4,70,
naoe_riki,4,839,
naoe_tayu,4,52,
naoe_yamato,4,53,
naoi_ayato,4,426,
naoise,4,54,
naoki_miki,4,314,
naoko-san,4,343,
naomasa_(horizon),4,31,
naomi_(agent_aika),4,55,
naomi_(girls_und_panzer),4,777,
naomi_evans,4,75,
naotsugu_(log_horizon),4,74,
naoya_(devil_survivor),4,45,
napier,4,32,
napoleon_(one_piece),4,35,
napoleon_bonaparte,4,40,
napoleon_bonaparte_(fate),4,2331,
napoleon_bonaparte_(ladies_&_gentlemen)_(fate),4,40,
napoli_(azur_lane),4,40,
nappa,4,153,
napstablook,4,123,
nara_haramaung,4,65,
nara_shikadai,4,56,
nara_shikamaru,4,436,
naraka_(1st_costume)_(nijisanji),4,51,
naraka_(nijisanji),4,131,
naraku_(inuyasha),4,42,
naraku_(senran_kagura),4,75,
narancia_ghirga,4,997,
narantuya_(arknights),4,43,
narantuya_(the_chainsaw_nurse)_(arknights),4,15,
narasaka_touru,4,33,
narberal_gamma,4,207,
narcia,4,39,
narcian_(fire_emblem),4,37,
narciso_anasui,4,571,
narehate_(mahou_shoujo_no_majo_saiban),4,20,
nargacuga,4,133,
nari_(cougar1404),4,192,
narimasu_ichirou,4,45,
narimasu_mizuho,4,53,
narisoko_nai_(narisokonai),4,14,
narita_(kyata_ti666),4,35,
narita_brian_(casual)_(umamusume),4,42,
narita_brian_(hungry_wolves)_(umamusume),4,39,
narita_brian_(umamusume),4,1852,
narita_miho,4,124,
narita_taishin_(casual)_(umamusume),4,117,
narita_taishin_(difference_engineer)_(umamusume),4,38,
narita_taishin_(umamusume),4,1611,
narita_top_road_(casual)_(umamusume),4,30,
narita_top_road_(umamusume),4,1102,
narmaya_(granblue_fantasy),4,3269,
narmaya_(holiday)_(granblue_fantasy),4,98,
narmaya_(summer)_(granblue_fantasy),4,460,
narmaya_(the_black_butterfly)_(granblue_fantasy),4,56,
narmaya_(valentine)_(granblue_fantasy),4,100,
narrative_gundam,4,38,
narugami_yuzuriha,4,33,
narugino_mikatan,4,31,
narukami_aki_(female),4,32,
narukami_arashi,4,162,
narukami_youta,4,31,
narukami_yuu,4,3778,
narukawa_hime,4,55,
narukaze_minamo,4,37,
naruko_(naruto),4,511,
naruko_shoukichi,4,30,
narumi_akiko,4,40,
narumi_nakuru,4,41,
narumi_shirabe,4,15,
narumi_tsubame,4,56,
narumi_tsuyu,4,236,
narumi_yui,4,103,
narumiya_inori,4,30,
narumiya_suzu,4,95,
narumiya_yume,4,310,
narusawa_ryouka,4,459,
narusawa_yui,4,123,
naruse_ibara,4,184,
naruse_jun,4,58,
naruse_manami_(girlfriend_(kari)),4,19,
naruse_maria,4,126,
naruse_mio,4,242,
naruse_naru,4,31,
naruse_shiroha,4,575,
naruse_yuu,4,215,
narusegawa_naru,4,288,
narutaki_fumika,4,80,
narutaki_fuuka,4,84,
narvy_(heaven_burns_red),4,42,
narwhal_(kemono_friends),4,278,
narynn_(character),4,36,
nasca_dopant,4,30,
nase_hiroomi,4,56,
nase_mitsuki,4,93,
nase_yukana,4,30,
nash_latkje,4,56,
nasu_kinoko,4,58,
nasu_no_yoichi,4,129,
nasu_no_yoichi_(drifters),4,44,
nasu_rei,4,68,
nasuhara_anastasia,4,74,
nasus,4,142,
nata_(closers),4,55,
natali_(rune_(dualhart)),4,42,
natalia_(idolmaster),4,893,
natalia_kaminski,4,57,
natalia_luzu_kimlasca_lanvaldear,4,376,
natalia_luzu_kimlasca_lanvaldear_(beloved_princess),4,40,
natalia_poklonskaya,4,75,
natalie_(epic_battle_fantasy),4,30,
natarle_badgiruel,4,69,
natasha_(fire_emblem),4,49,
natasha_(honkai:_star_rail),4,120,
natasha_(sekai_seifuku),4,188,
natasha_romanoff,4,205,
nate_(champion)_(pokemon),4,35,
nate_(pokemon),4,1239,
nate_mitotsudaira,4,196,
nathan_drake,4,50,
nathan_seymour,4,488,
nathaniel_(nat_the_lich),4,34,
nato-kun,4,82,
natora_einus,4,38,
natori_(kancolle),4,792,
natori_sana,4,1853,
natori_sayaka,4,39,
natsu_(band)_(blue_archive),4,375,
natsu_(blue_archive),4,1754,
natsu_(soulcalibur),4,31,
natsu_(yes!_precure_5),4,38,
natsu_dragneel,4,385,
natsu_megumi,4,895,
natsu_ryoko,4,56,
natsugumo_(kancolle),4,156,
natsuiro_matsuri,4,3581,
natsuiro_matsuri_(1st_costume),4,954,
natsuiro_matsuri_(casual),4,322,
natsuiro_matsuri_(gaming_casual),4,105,
natsuiro_matsuri_(hololive_summer_2019),4,155,
natsuiro_matsuri_(matsuri's_day_off),4,362,
natsuiro_matsuri_(new_year),4,40,
natsuiro_matsuri_(re:start),4,40,
natsuiro_matsuri_(summer_2020),4,61,
natsukawa_kuina,4,81,
natsukawa_kuroba,4,47,
natsukawa_masuzu,4,52,
natsukawa_rena,4,38,
natsuki-chan_(natsuki_teru),4,41,
natsuki_(bosstseng),4,66,
natsuki_(doki_doki_literature_club),4,1107,
natsuki_(natsuyasumi.),4,33,
natsuki_karin,4,245,
natsuki_kruger,4,200,
natsuki_mikuru,4,118,
natsuki_misaka,4,14,
natsuki_nahoko,4,22,
natsuki_rin,4,552,
natsuki_subaru,4,1673,
natsume_(decadence),4,91,
natsume_(hidamari_sketch),4,74,
natsume_ai,4,30,
natsume_an-an,4,663,
natsume_asako,4,33,
natsume_atsuko,4,36,
natsume_aya,4,98,
natsume_eri_(vtuber),4,30,
natsume_inori,4,56,
natsume_kako,4,93,
natsume_konoha,4,38,
natsume_kyousuke,4,728,
natsume_masako,4,47,
natsume_maya,4,117,
natsume_minami,4,46,
natsume_mio,4,33,
natsume_nono,4,53,
natsume_remon,4,67,
natsume_rin,4,1604,
natsume_takashi,4,172,
natsumezaka_shiki,4,53,
natsumi-chan_(kanabun),4,64,
natsumi_(date_a_live),4,160,
natsumi_(gurande),4,48,
natsumi_schwarz,4,58,
natsusaki_yomi,4,32,
natsusora_aona,4,35,
natsusora_wakana,4,90,
natsuumi_manatsu,4,638,
natsuzuka_(ryou),4,85,
natt_(made_in_abyss),4,42,
natu,4,407,
nausicaa,4,489,
nautica_(transformers),4,71,
nautilus_(azur_lane),4,31,
nautilus_(league_of_legends),4,45,
nautilus_(nadia),4,32,
navarre_(fire_emblem),4,32,
navi,4,638,
navi-nyan,4,12,
navia_(genshin_impact),4,1810,
navigator_(alchemy_stars),4,112,
navka_(hetza),4,32,
nayeon_(twice),4,46,
nayru,4,49,
nayuki_hiori,4,81,
nayuta_(chainsaw_man),4,652,
nayuta_(wu_wei)_(nikke),4,81,
naze_youka,4,53,
nazgul,4,78,
nazomaki_(blue_archive),4,57,
nazono_mito,4,77,
nazrik_(afk),4,26,
nazrin,4,13388,
nazrin_(mouse),4,64,
nazuka_(stella_sora),4,97,
nazume_mikuru,4,57,
nazuna_(flower_knight_girl),4,75,
nazuna_(hidamari_sketch),4,277,
nazuna_(log_horizon),4,31,
ncr_veteran_ranger,4,37,
ne-class_heavy_cruiser,4,369,
nea_(chihuri),4,501,
near_(death_note),4,96,
near_(sound_voltex),4,77,
nearl_(arknights),4,1165,
nearl_(shimmering_dew)_(arknights),4,74,
nearl_the_radiant_knight_(arknights),4,381,
necalli,4,30,
nechika-sama,4,24,
neco-arc,4,738,
neco-arc_chaos,4,63,
necro-san,4,63,
necro_(guilty_gear),4,429,
necro_(street_fighter),4,58,
necromancer_(final_fantasy),4,38,
necromancer_(sekaiju),4,67,
necromancer_2_(sekaiju),4,45,
necronomicon_(persona_5),4,35,
necrozma,4,121,
necrozma_(dusk_mane),4,30,
necrozma_(normal),4,40,
necrozma_(ultra),4,41,
needle_knight_leda,4,102,
neeko's_father_(aldehyde),4,22,
neeko's_mother,4,60,
neeko's_mother_(aldehyde),4,60,
neeko_(aldehyde),4,206,
neeko_(league_of_legends),4,446,
neena_hagen,4,32,
neet_girl_(baalbuddy),4,20,
neferpitou,4,562,
nefertari_(fate),4,55,
nefertari_(tsukudani),4,61,
nefertari_vivi,4,574,
neffy_(valis),4,31,
negatone,4,34,
negev_(girls'_frontline),4,735,
negev_(little_drifter)_(girls'_frontline),4,97,
negi_springfield,4,284,
nehan_(granblue_fantasy),4,56,
nehelenia_(sailor_moon),4,47,
nei,4,74,
nei_akutsu,4,54,
neige_hausen,4,82,
neighbor_quartz,4,43,
neil_bowman,4,32,
neil_dylandy,4,86,
neimi_(fire_emblem),4,46,
nejima_kitsune_(shirakami_fubuki),4,118,
nejitsu_(nucomas),4,32,
nekki_basara,4,333,
nekko_(momosuzu_nene),4,423,
neko-kun,4,32,
neko_(k-project),4,59,
neko_(minato_aqua),4,771,
neko_(naomi),4,47,
neko_(taiko_no_tatsujin),4,11,
nekobus,4,97,
nekoha_shizuku,4,114,
nekojirou,4,44,
nekokoneko,4,32,
nekoma_karin,4,132,
nekomamushi,4,32,
nekomancer_(granblue_fantasy),4,53,
nekomata_(disgaea),4,73,
nekomata_(megami_tensei),4,38,
nekomata_(youkai_hyakki-tan!),4,36,
nekomata_okayu,4,7341,
nekomata_okayu_(1st_costume),4,2127,
nekomata_okayu_(3rd_costume),4,667,
nekomata_okayu_(8th_costume),4,64,
nekomata_okayu_(cat),4,76,
nekomata_okayu_(membership),4,184,
nekomata_okayu_(new_year),4,70,
nekomata_okayu_(oversized_shirt),4,996,
nekomata_okayu_(wonderland),4,238,
nekomia_(kaptivate),4,57,
nekomiya_(dokusen_yoku_ga_tsuyo_sugiru_yandere_kai_neko-chan),4,37,
nekomiya_hinata,4,704,
nekomiya_mana,4,440,
nekomiya_nono,4,110,
nekomiya_ryuu,4,206,
nekomiya_yoshiko,4,30,
nekomugi_tororo,4,39,
nekomura_iroha,4,263,
nekomusume,4,1540,
nekomusume_(gegege_no_kitarou_5),4,364,
nekomusume_(gegege_no_kitarou_6),4,1013,
nekoname_tuna,4,37,
nekone_(utawarerumono),4,86,
nekonoki_mochi,4,91,
nekonyaa_(girls_und_panzer),4,357,
nekoronbusu,4,40,
nekoseki_rion,4,32,
nekota_tsuna,4,423,
nekota_tsuna_(1st_costume),4,161,
nekotsuki_kohime_(kagarimachi_konatsu),4,76,
nekoyama_nae,4,82,
nekoyama_shien,4,51,
nekoyanagi_kirio,4,104,
nekoyashiki_mayu,4,411,
nekoyashiki_yuki,4,496,
nekoyashiki_yuki_(cat),4,126,
nekoyo_chloe,4,59,
nel_(fire_emblem),4,139,
nel_zelpher,4,260,
nelio,4,33,
nelke_von_luchetam,4,46,
nell_(pangya),4,43,
nelliel_tu_odelschwanck,4,478,
nelliel_tu_odelschwanck_(young),4,40,
nellko_agogo,4,91,
nellu_(geenymous),4,31,
nelly_(xyronii),4,66,
nelson_(azur_lane),4,348,
nelson_(kancolle),4,870,
nelson_(warship_girls_r),4,84,
nelu_(rob_ishi),4,37,
nemesis_(girls'_frontline_2),4,56,
nemesis_(hades),4,31,
nemesis_(resident_evil),4,124,
nemesis_(tower_of_fantasy),4,50,
nemesis_sudou,4,55,
nemissa,4,87,
nemo_(fate),4,785,
nemo_(mobile_suit),4,45,
nemo_(nadia),4,52,
nemo_(santa)_(fate),4,46,
nemona_(pokemon),4,1549,
nemone,4,143,
nemoto_hina,4,1236,
nemu_(ceres_fauna),4,84,
nemu_(haibane),4,46,
nemurin,4,101,
nen_master_(dungeon_and_fighter),4,31,
nena_trinity,4,455,
nene_(oda_nobuna_no_yabou),4,38,
nene_(sengoku_musou),4,141,
nene_(toji_no_miko),4,30,
nene_nene,4,111,
nene_romanova,4,51,
neneka_(new_year)_(princess_connect!),4,37,
neneka_(princess_connect!),4,269,
nenekirimaru,4,30,
neneko_(rariatto),4,52,
neneko_(yumeria),4,46,
neneko_mashiro,4,111,
nenerobo,4,54,
nenohi_(kancolle),4,893,
neo_asari,4,78,
neo_metal_sonic,4,40,
neo_politan,4,951,
neo_queen_serenity,4,104,
neo_universe_(casual)_(umamusume),4,51,
neo_universe_(umamusume),4,823,
neo_universe_(universe-naut)_(umamusume),4,552,
neo_zeong,4,30,
neodym,4,32,
neon_(blue_ocean)_(nikke),4,70,
neon_(nikke),4,332,
neon_(valorant),4,103,
neon_harper,4,35,
neon_katt,4,69,
neon_nostrade,4,41,
nepgear,4,1342,
nepgyaa,4,43,
nepheli_loux,4,47,
nephelia,4,37,
nephenee_(fire_emblem),4,229,
nephrite_(sailor_moon),4,48,
nephthys_(p&d),4,87,
nephtim_(world_flipper),4,77,
neptune_(azur_lane),4,279,
neptune_(neptunia),4,2036,
neptunite_(houseki_no_kuni),4,32,
nereid_(last_origin),4,40,
nergigante,4,120,
nerine,4,318,
nerine_(flower_knight_girl),4,60,
neris_(shining_hearts),4,42,
nerissa_ravencroft,4,2500,
nerissa_ravencroft_(1st_costume),4,1093,
nerissa_ravencroft_(new_year),4,44,
nero_(devil_may_cry),4,518,
nero_(nikke),4,72,
nero_alice,4,82,
nero_claudius_(bath_robe)_(fate),4,44,
nero_claudius_(bride)_(fate),4,1841,
nero_claudius_(bride)_(second_ascension)_(fate),4,503,
nero_claudius_(bride)_(third_ascension)_(fate),4,291,
nero_claudius_(fate),4,9918,
nero_claudius_(fate/extra),4,4866,
nero_claudius_(formal_dress)_(fate),4,66,
nero_claudius_(idol_emperor)_(fate),4,44,
nero_claudius_(modern_costume_of_crimson)_(fate),4,157,
nero_claudius_(olympian_bloomers)_(fate),4,549,
nero_claudius_(red_lightning)_(fate),4,53,
nero_claudius_(swimsuit_caster)_(fate),4,2127,
nero_claudius_(swimsuit_caster)_(third_ascension)_(fate),4,482,
nero_tol_scaeva,4,36,
nero_turner,4,40,
neroli_(pokemon),4,171,
nerthuz_(divine_abundance)_(fire_emblem),4,22,
nerthuz_(fire_emblem),4,98,
neru_(blue_archive),4,3015,
neru_(bunny)_(blue_archive),4,1306,
ness_(mother_2),4,1119,
nessa_(fractale),4,46,
nessa_(pokemon),4,3082,
nessen_(live_a_hero),4,157,
nessie_(respawn),4,445,
netaballerina,4,30,
nether_angel_(housamo),4,54,
netherlands_(hetalia),4,115,
netzach_(project_moon),4,530,
neuro-sama,4,322,
neuro-sama_(dog),4,14,
neuroi,4,235,
neuroi_girl,4,78,
neutral_chao,4,57,
neuvillette_(genshin_impact),4,2041,
nevada_(kancolle),4,179,
nevada_kai_(kancolle),4,40,
nevan,4,34,
neve_(nikke),4,63,
neviril_(simoun),4,162,
new_(lk),4,126,
new_armor_x_(mega_man),4,32,
new_battleship_princess,4,33,
new_jersey_(azur_lane),4,1126,
new_jersey_(black_blur_prelude)_(azur_lane),4,104,
new_jersey_(exhilarating_steps!)_(azur_lane),4,438,
new_jersey_(midsummer_leisure)_(azur_lane),4,128,
new_jersey_(pacific),4,42,
new_jersey_(snow-white_ceremony)_(azur_lane),4,102,
new_orleans_(azur_lane),4,50,
new_orleans_(warship_girls_r),4,34,
new_submarine_princess,4,179,
newcastle_(apex_legends),4,55,
newcastle_(azur_lane),4,138,
newt_(xenoblade),4,45,
newt_scamander,4,73,
next_black,4,39,
next_purple,4,97,
next_white,4,43,
neytharone_(drill_(emilio)),4,57,
nezha_(fate),4,157,
nezha_(the_legend_of_luoxiaohei),4,145,
nezu_kojirou,4,47,
nezumi_(majisuka_gakuen),4,51,
nezumi_(no.6),4,160,
nezumi_otoko,4,77,
nezusuke_(blue_archive),4,47,
nhk_(voiceroid),4,123,
ni-class_destroyer,4,226,
ni-ni_the_mirror_mikanko,4,77,
nia_(blade)_(xenoblade),4,1205,
nia_(fancy_sundress)_(xenoblade),4,101,
nia_(xenoblade),4,2804,
nia_teppelin,4,3091,
niall_ardanach,4,38,
nian_(arknights),4,2432,
nian_(unfettered_freedom)_(arknights),4,550,
niao_sun,4,41,
nibutani_shinka,4,893,
nice_holystone,4,62,
nice_nature_(casual)_(umamusume),4,213,
nice_nature_(converging_wishes)_(umamusume),4,76,
nice_nature_(run&win)_(umamusume),4,699,
nice_nature_(umamusume),4,3566,
nichi_keito,4,47,
nicholas_(azur_lane),4,93,
nicholas_(granblue_fantasy),4,35,
nicholas_d._wolfwood,4,601,
nichts_(fatalbug896),4,71,
nick_carlyle,4,46,
nick_fury,4,30,
nick_holt,4,31,
nick_wilde,4,235,
nickit,4,101,
nicky_angler,4,31,
nicky_blake,4,84,
nico_(devil_may_cry),4,95,
nico_(doa),4,55,
nico_olvia,4,30,
nico_robin,4,3962,
nicol_ascart,4,34,
nicola_(granblue_fantasy),4,204,
nicola_cepheus,4,36,
nicolas_brown,4,57,
nicole_(class_of_09),4,101,
nicole_demara,4,2099,
nicole_quadriga,4,39,
nicole_the_holo-lynx,4,31,
nicole_watterson,4,71,
nidai_nekomaru,4,300,
nidalee,4,355,
nidhogg_(ff14),4,33,
nidoking,4,273,
nidoqueen,4,157,
nidoran,4,230,
nidoran_(female),4,153,
nidoran_(male),4,185,
nidorina,4,106,
nidorino,4,118,
nidothing,4,62,
nie_xiaoqian,4,35,
nier_(brother),4,50,
nier_(granblue_fantasy),4,488,
nier_(lover_by_the_lily_lake)_(granblue_fantasy),4,75,
nier_(young),4,261,
nieve_(rabi_ribi),4,32,
niffler,4,60,
niffty_(hazbin_hotel),4,59,
nifl_(fire_emblem),4,89,
nifl_(summer)_(fire_emblem),4,33,
nifuji_hirotaka,4,79,
night_angel_(last_origin),4,148,
night_gaunt_(monster_girl_encyclopedia),4,35,
night_seeker_(sekaiju),4,60,
night_seeker_2_(sekaiju),4,45,
night_strait_princess_(black),4,77,
night_strait_princess_(white),4,54,
night_watcher_(elsword),4,51,
nightingale_(an_elegy)_(arknights),4,65,
nightingale_(arknights),4,387,
nightingale_(gundam),4,50,
nightingale_(path_to_nowhere),4,131,
nightmare_(arknights),4,132,
nightmare_(kirby),4,72,
nightmare_(mazohaha),4,47,
nightmare_(nanashi_mumei),4,240,
nightmare_(soulcalibur),4,37,
nightmare_apprentice,4,51,
nights_(character),4,58,
nightwing,4,208,
niguredou_julia,4,30,
nihachu,4,34,
nihei_tetsuzou,4,54,
nihilego,4,488,
nihilister_(nikke),4,109,
nihongou_(touken_ranbu),4,218,
nii_(ao_no_exorcist),4,58,
niihashi_noel,4,110,
niijima_ibuki,4,46,
niijima_makoto,4,1490,
niijima_sae,4,276,
niimi_haruka_(photokano),4,57,
niimi_kakeru,4,31,
niimi_kaoru,4,147,
niimi_sora,4,221,
niimura_akane,4,45,
niio_(niiochi)_(person),4,38,
niiya_serina,4,42,
niiyama_nico,4,42,
niizuki_(azur_lane),4,58,
nijie-tan,4,67,
nijigaoka_mashiro,4,1012,
nijihara_ink,4,168,
nijiiro_nino,4,139,
nijimura's_father,4,31,
nijimura_kei,4,74,
nijimura_keicho,4,118,
nijimura_okuyasu,4,744,
nijino_saki,4,47,
nijino_yume,4,364,
nijino_yurika,4,41,
nijinosaki_dia,4,71,
nijou_aki,4,126,
nijou_izumi,4,41,
nijou_noriko,4,446,
nijou_ryuu,4,280,
nijou_touka,4,51,
nijouin_hazuki,4,68,
nika_(flesh_blood_&_concrete),4,35,
nika_nanaura,4,429,
nikaido_hiro,4,1615,
nikaido_yamato,4,46,
nikaido_yuzu,4,87,
nikaidou_(dorohedoro),4,302,
nikaidou_aya,4,39,
nikaidou_benimaru,4,72,
nikaidou_chizuru,4,315,
nikaidou_kouhei,4,51,
nikaidou_mari,4,35,
nikaidou_miki,4,80,
nikaidou_misato,4,50,
nikaidou_reika,4,64,
nikaidou_rui,4,31,
nikaidou_saki,4,761,
nikaidou_shinku,4,155,
nikaidou_shion,4,42,
nike_(mahoujin_guruguru),4,81,
nike_(monster_strike),4,23,
nikka_edvardine_katajainen,4,776,
nikkari_aoe,4,270,
nikki_(miracle_nikki),4,157,
nikki_(nikki),4,172,
nikki_(swapnote),4,160,
niko_(blue_archive),4,552,
niko_(oneshot),4,190,
nikol_(xenoblade),4,44,
nikola_orsinov,4,37,
nikola_tesla_(fate),4,181,
nikolai_gogol_(bungou_stray_dogs),4,36,
nikotama_mai,4,52,
niku_miku_(nankai),4,37,
nikuko_(galko),4,40,
nil_sunna,4,86,
nila_(cyancapsule),4,48,
nila_(telepurte),4,100,
nilah_(league_of_legends),4,38,
niles_(fire_emblem),4,221,
nilgiri_(girls_und_panzer),4,87,
nill_(dogs),4,37,
nilou_(breeze_of_sabaa)_(genshin_impact),4,321,
nilou_(genshin_impact),4,4461,
nils_(fire_emblem),4,58,
nils_nielsen,4,36,
nimbus_(world_flipper),4,85,
nimogen_(girls'_frontline),4,30,
nimu_(1st_costume)_(vtuber),4,10,
nimu_(2nd_costume)_(vtuber),4,25,
nimu_(3rd_costume)_(vtuber),4,34,
nimu_(vtuber),4,84,
nimu_(vtuber)_(3rd_costume),4,33,
nina_(akroglam),4,32,
nina_(anz32),4,39,
nina_(breath_of_fire_i),4,159,
nina_(breath_of_fire_ii),4,382,
nina_(breath_of_fire_iii),4,244,
nina_(breath_of_fire_iv),4,242,
nina_(breath_of_fire_v),4,407,
nina_(fire_emblem),4,987,
nina_(girls_und_panzer),4,295,
nina_(greentanuki),4,42,
nina_(hoshidan_festival_of_bonds)_(fire_emblem),4,12,
nina_(resplendent)_(fire_emblem),4,78,
nina_(thief)_(fire_emblem),4,135,
nina_(tiny_evil),4,41,
nina_(valis),4,44,
nina_(wokada),4,92,
nina_(words_worth),4,32,
nina_antalk,4,40,
nina_dragnot,4,40,
nina_einstein,4,149,
nina_geminis,4,31,
nina_kalinina,4,34,
nina_klatt,4,62,
nina_klein,4,44,
nina_kosaka,4,647,
nina_kosaka_(1st_costume),4,132,
nina_kosaka_(2nd_costume),4,78,
nina_lazydaisy,4,44,
nina_saotome,4,61,
nina_tucker,4,57,
nina_wang,4,218,
nina_williams,4,199,
ninagawa_amuro,4,46,
ninamori_eri,4,143,
nincada,4,78,
nine-colored_deer,4,148,
nine_(dark),4,44,
nine_(fft-0),4,32,
nine_(lord_of_heroes),4,60,
nine_(sonic),4,38,
nine_alpha,4,66,
nine_tail_(ragnarok_online),4,39,
ninetales,4,412,
ning_(smc),4,32,
ning_hai_(azur_lane),4,498,
ning_hai_(moon_palace_rabbit)_(azur_lane),4,43,
ning_hai_(summer_hunger)_(azur_lane),4,104,
ning_hai_(warship_girls_r),4,125,
ning_rongrong_(douluo_dalu),4,116,
ningguang_(genshin_impact),4,2384,
ningguang_(orchid's_evening_gown)_(genshin_impact),4,285,
ningguang_(pizza_hut)_(genshin_impact),4,36,
ningyo_(youkai_watch),4,41,
ningyo_hime_(sinoalice),4,103,
nini_yuuna,4,145,
ninian_(bridal)_(fire_emblem),4,79,
ninian_(fire_emblem),4,606,
ninja_(fft),4,57,
ninja_(final_fantasy),4,356,
ninja_(ragnarok_online),4,189,
ninja_(tera_online),4,72,
ninja_(yzpyn),4,70,
ninjara_(arms),4,60,
ninjask,4,136,
ninny_spangcole,4,67,
nino_(arakawa),4,120,
nino_(fire_emblem),4,448,
nino_(sunaba_suzume),4,174,
ninokuru_soga,4,33,
ninomae_ina'nis,4,8367,
ninomae_ina'nis_(1st_costume),4,2653,
ninomae_ina'nis_(3rd_costume),4,92,
ninomae_ina'nis_(5th_costume),4,314,
ninomae_ina'nis_(casual),4,643,
ninomae_ina'nis_(loungewear),4,114,
ninomae_ina'nis_(new_year),4,211,
ninomae_ina'nis_(pastry_chef),4,110,
ninomiya_asuka,4,1468,
ninomiya_hana,4,84,
ninomiya_masataka,4,66,
ninomiya_rui,4,59,
ninon_(princess_connect!),4,53,
ninon_beart,4,30,
ninose_shizuku,4,77,
ninten,4,213,
nintendo_switch_(personification),4,78,
ninti_apokalypse,4,45,
ninto_(senran_kagura),4,58,
ninym_ralei,4,71,
nio_altugle,4,41,
niounomiya_izumu,4,39,
nipako,4,103,
nippaku_zanmu,4,412,
nippon_ichi_(neptunia),4,55,
nira-chan,4,133,
nirasaki_hinata,4,33,
nirasawa_hiyoko,4,36,
nire_hikari,4,40,
nirei_akihiko,4,61,
nirei_nozomi,4,97,
nirvana_(blazblue),4,78,
nirvash,4,86,
nirvatia_(pgr),4,51,
nise_maou_dokuzeru,4,35,
nise_maou_kanizeru,4,119,
nisei_muramasa,4,41,
nisha_(1st_costume)_(vtuber),4,14,
nisha_(elsword),4,91,
nisha_(old_design)_(vtuber),4,13,
nisha_(vtuber),4,66,
nisha_labyrinth_(elsword),4,57,
nishi_hayato,4,49,
nishi_kinuyo,4,1595,
nishi_kozue,4,10,
nishi_minami,4,90,
nishi_yuuko,4,206,
nishida_rinko,4,34,
nishida_satono,4,1478,
nishidate_haku,4,95,
nishiga_hachi,4,86,
nishigaki_nana,4,109,
nishigoori_axel,4,115,
nishigoori_loop,4,115,
nishigoori_lutz,4,115,
nishigoori_takeshi,4,58,
nishigoori_yuuko,4,124,
nishihara_tetsuya,4,114,
nishihara_yasoko,4,128,
nishijima_kai,4,107,
nishijima_masumi,4,47,
nishijima_ren,4,54,
nishijima_waon,4,79,
nishijou_nanami,4,72,
nishijou_takumi,4,32,
nishikata,4,371,
nishikata_chii,4,134,
nishikawa_honami,4,67,
nishikawa_youko,4,76,
nishiki_asumi,4,32,
nishiki_ryouma,4,44,
nishikigi_chisato,4,5809,
nishikino_maki,4,7339,
nishikino_maki's_mother,4,57,
nishikitaitei-chan,4,309,
nishikiyama_akira,4,79,
nishimi_kaoru,4,59,
nishimikado_tami,4,35,
nishimiya_mari,4,34,
nishimiya_momo,4,81,
nishimiya_shouko,4,306,
nishimiya_yuzuru,4,76,
nishimori_misa,4,30,
nishimori_yusa,4,125,
nishimura_akane,4,94,
nishimura_chiharu,4,53,
nishimura_haru_(7th_dragon),4,32,
nishimura_hiroyuki_(morenatsu),4,75,
nishimura_hiroyuki_(person),4,16,
nishimura_konomi,4,35,
nishimura_nanami,4,38,
nishina_kazuki,4,41,
nishina_kurumi,4,33,
nishina_toriko,4,196,
nishinaka_takashi,4,49,
nishino_ayane,4,16,
nishino_flower_(casual)_(umamusume),4,51,
nishino_flower_(sweet_juneberry)_(umamusume),4,32,
nishino_flower_(umamusume),4,775,
nishino_kanako,4,46,
nishino_tsukasa,4,72,
nishinosora_yoichi,4,58,
nishinoya_yuu,4,130,
nishio_akira,4,31,
nishio_nishiki,4,35,
nishio_rina,4,84,
nishiro_nya,4,65,
nishiura_sora,4,96,
nishiwaki_yuna_(gen),4,28,
nishiwaki_yuuko,4,43,
nishizawa_ayumu,4,163,
nishizawa_momoka,4,74,
nishizawa_shizuku,4,35,
nishizawa_yoshiko,4,49,
nishizono_chigusa,4,233,
nishizono_chigusa_(1st_costume),4,83,
nishizono_chigusa_(2nd_costume),4,47,
nishizono_honoka,4,45,
nishizono_midori,4,95,
nishizono_mio,4,511,
nishizono_shinsuke,4,163,
nishizumi_maho,4,5701,
nishizumi_miho,4,9328,
nishizumi_shiho,4,1996,
nishizumi_tsuneo,4,136,
nisshin_(kancolle),4,438,
nita_(pokemon),4,35,
nito_nazuna,4,261,
nitocris_(fate),4,2962,
nitocris_(swimsuit_assassin)_(fate),4,759,
nitocris_(swimsuit_assassin)_(second_ascension)_(fate),4,370,
nitocris_(swimsuit_assassin)_(third_ascension)_(fate),4,101,
nitocris_(third_ascension)_(fate),4,105,
nitocris_alter_(fate),4,251,
nitocris_alter_(first_ascension)_(fate),4,51,
nitocris_alter_(second_ascension)_(fate),4,92,
nitori_aiichirou,4,147,
nitori_shuuichi,4,97,
nitta_emi,4,52,
nitta_io,4,88,
nitta_minako,4,81,
nitta_minami,4,3530,
nitta_yui,4,51,
nitya_nil,4,47,
niwa_(genshin_impact),4,64,
niwa_hitomi,4,97,
niwa_makoto,4,58,
niwa_nagahide_(oda_nobuna_no_yabou),4,53,
niwamaru_(niwarhythm),4,425,
niwatari_kutaka,4,1667,
niya,4,49,
niya_(blue_archive),4,186,
niyon_(granblue_fantasy),4,279,
nizimine_kakoi,4,59,
nk_cell_(hataraku_saibou),4,47,
nnoitra_gilga,4,72,
no.21's_buddy_(punishing:_gray_raven),4,54,
no.21:_feral_scent_(punishing:_gray_raven),4,198,
no.21:_xxi_(punishing:_gray_raven),4,147,
no.21:_xxi_(solar_frost)_(punishing:_gray_raven),4,39,
no.21_(punishing:_gray_raven),4,418,
no._21:_feral_(pgr),4,218,
no._21:_feral_(revival_remedy)_(pgr),4,45,
no._21:_feral_(tiny_bad_wolf)_(pgr),4,38,
no_(sengoku_musou),4,64,
no_name_assassin_(fate),4,36,
no_reason_(casual)_(umamusume),4,15,
no_reason_(speedy_red_armor)_(umamusume),4,62,
no_reason_(umamusume),4,150,
noa_(blue_archive),4,3900,
noa_(granblue_fantasy),4,108,
noa_(mikeyymc),4,14,
noa_(shironeko_project),4,63,
noah_(fate),4,57,
noah_(jasdavi),4,84,
noah_(little_noah),4,62,
noah_(nikke),4,43,
noah_(p&d),4,38,
noah_(project_moon),4,62,
noah_(second_ascension)_(fate/grand_order),4,77,
noah_(sound_voltex),4,86,
noah_(xenoblade),4,436,
noah_ebalon,4,88,
noan_(punishing:_gray_raven),4,34,
nobel_gundam,4,71,
nobeta,4,587,
nobi_nobita,4,384,
nobi_tamako,4,37,
noblesse_(elsword),4,139,
nobunaga_hazama,4,52,
nocchi_(perfume),4,111,
noctis_(punishing:_gray_raven),4,66,
noctis_(shadow_slave),4,46,
noctis_lucis_caelum,4,718,
noctowl,4,178,
nocturne_(league_of_legends),4,49,
nocturne_de_vien,4,18,
noda_(angel_beats!),4,238,
noda_kotone,4,68,
noda_megumi,4,40,
noda_miki,4,63,
noddy_(kirby),4,43,
node_(black_souls),4,31,
nodocchi,4,31,
nodoka_(blue_archive),4,263,
nodoka_(hot_spring)_(blue_archive),4,105,
noel_(cookie),4,170,
noel_(mermaid_melody_pichi_pichi_pitch),4,43,
noel_(sora_no_method),4,200,
noel_(tsukihime),4,115,
noel_anderson,4,41,
noel_cerquetti,4,91,
noel_chandler,4,35,
noel_kreiss,4,47,
noel_levine,4,46,
noel_maresse_ascot,4,57,
noel_seeker,4,81,
noel_vermillion,4,1697,
noele_(toosaka_asagi),4,63,
noelle_(genshin_impact),4,1820,
noelle_(kfc)_(genshin_impact),4,148,
noelle_francesca,4,39,
noelle_holiday,4,226,
noelle_silva,4,438,
nogami_aoi,4,231,
nogami_ryoutarou,4,42,
nogi_shuichi,4,34,
nogi_sonoko,4,181,
nogi_wakaba,4,55,
nogisaka_motoka,4,34,
nogizaka_haruka,4,151,
nogizaka_mika,4,69,
noh-p.u.n.k._ze_amin,4,39,
nohara_himawari,4,50,
nohara_hiroshi,4,72,
nohara_misae,4,116,
nohara_rin,4,123,
nohara_shinnosuke,4,249,
nohotoke_honne,4,53,
noi_(dorohedoro),4,631,
noibat,4,136,
noihara_himari,4,415,
noir_(black_rabbit)_(nikke),4,62,
noir_(nikke),4,463,
noir_(noworld),4,60,
noir_corne_(arknights),4,91,
noir_dedede,4,35,
noir_vesper,4,236,
noir_vesper_(old_design),4,65,
noir_vinocacao,4,51,
noire_(fire_emblem),4,166,
noire_(neptunia),4,1612,
noire_(summer)_(fire_emblem),4,33,
noire_kooshe,4,70,
noise_(classic_diva)_(nikke),4,36,
noise_(nikke),4,110,
noise_(suite_precure),4,42,
noise_(symphogear),4,78,
noivern,4,185,
noiz_(dramatical_murder),4,85,
nojiko,4,94,
nojima_chika,4,42,
noki_(dogs),4,40,
nokia,4,31,
nola_moon_(girl_cafe_gun),4,40,
nolan_grayson,4,85,
noland_(pokemon),4,31,
nomad_(housamo),4,60,
nomiya_yuu,4,30,
nomura_(higurashi),4,30,
nomura_kasumi,4,37,
nomura_miki,4,89,
nomura_taeko,4,79,
non-human_admiral_(kancolle),4,2811,
nona_(yeun),4,63,
nonaka_ai,4,32,
nonaka_haru,4,68,
nonaka_kokona,4,43,
nonaka_kurumi,4,55,
nonaka_yoshiko_(boku_no_himitsu_taiken),4,18,
nonaka_yuki,4,112,
nonette_enneagram,4,35,
nonna_(girls_und_panzer),4,2261,
nono_(koucha_rakkyo),4,38,
nono_(top_wo_nerae_2!),4,320,
nono_hana,4,624,
nono_kotori,4,52,
nonohara_akane,4,332,
nonohara_hime,4,61,
nonohara_himeko,4,35,
nonohara_nagisa,4,30,
nonohara_yuzuko,4,514,
nonoka_(awakened)_(arcaea),4,22,
nonomi_(blue_archive),4,3007,
nonomi_(swimsuit)_(blue_archive),4,1428,
nonomiya_shiho,4,31,
nonomura_ami,4,42,
nonomura_ayumi,4,72,
nonomura_sora,4,93,
nonono_futaba,4,37,
nonosaki_tsubasa,4,36,
nonowa,4,349,
nonoyama_fuu,4,19,
nonoyama_rui,4,18,
noodle_(gorillaz),4,86,
nool,4,54,
nophica,4,160,
noptidha_lukchup,4,45,
nora_(nikke),4,12,
nora_arento,4,96,
nora_cat,4,199,
nora_valkyrie,4,312,
norah_bright,4,54,
norba_shino,4,88,
norea_du_noc,4,148,
noredo_nug,4,56,
norfolk_(azur_lane),4,59,
norge_(kancolle),4,65,
nori_(hidamari_sketch),4,364,
norimaki_arale,4,312,
norimaki_gajira,4,39,
norma_beatty,4,80,
normad,4,186,
normal_miku_(project_voltage),4,78,
norman_(pokemon),4,114,
norman_(yakusoku_no_neverland),4,253,
norn_greyrat,4,110,
norne_(fire_emblem),4,44,
noro_(tokyo_ghoul),4,34,
noroiko,4,54,
north_carolina_(azur_lane),4,377,
north_carolina_(the_heart's_desire)_(azur_lane),4,120,
north_flight_(casual)_(umamusume),4,31,
north_flight_(looking_fly!)_(umamusume),4,105,
north_flight_(umamusume),4,151,
north_island_giant_moa_(kemono_friends),4,31,
north_kaiou,4,58,
northa_(fresh_precure!),4,32,
northampton_(azur_lane),4,62,
northampton_(kancolle),4,182,
northampton_(warship_girls_r),4,32,
northampton_kai_(kancolle),4,38,
northeastern_ocean_princess_(roshiakouji-chan),4,32,
northern_goshawk_(kemono_friends),4,136,
northern_italy_(hetalia),4,520,
northern_little_sister,4,103,
northern_ocean_princess,4,6697,
northern_water_princess,4,117,
northern_white-faced_owl_(kemono_friends),4,1672,
northstar_(titanfall),4,46,
norton_campbell,4,95,
norton_campbell_(dazzling_lone_wolf),4,17,
norway_(hetalia),4,151,
nosa_kouko,4,110,
nosaki_(kancolle),4,71,
nose_genki,4,63,
nosepass,4,139,
nosferatu_(project_moon),4,53,
noshime_ruka,4,73,
noshiro_(azur_lane),4,687,
noshiro_(dressed-up_date)_(azur_lane),4,45,
noshiro_(hold_the_ice)_(azur_lane),4,59,
noshiro_(kancolle),4,1949,
noshiro_(uncharted_festival_grounds?)_(azur_lane),4,30,
noshiro_(xanadu's_eventide)_(azur_lane),4,37,
noshiro_kai_ni_(kancolle),4,154,
noss_(rariatto),4,332,
nosuri,4,46,
note-chan,4,182,
note_(dragon_ball),4,75,
nothing_there,4,80,
noto_mamiko,4,104,
nott_(fire_emblem),4,32,
notte_(dragalia_lost),4,63,
nougami_neuro,4,125,
nouhime_(sengoku_basara),4,30,
nouhime_(sengoku_musou),4,31,
noumi_(kancolle),4,105,
noumi_kudryavka,4,1963,
noumu_(boku_no_hero_academia),4,162,
nova_(exnezo),4,11,
nova_(rayearth),4,33,
nova_(starcraft),4,75,
nova_(warframe),4,37,
nove_(nanoha),4,179,
novel_(nikke),4,48,
november_11_(darker_than_black),4,36,
novice_(ragnarok_online),4,147,
nowa_(queen's_blade),4,128,
nowaki_(kancolle),4,1164,
nowareno_(azuma_shino),4,148,
nowi_(fire_emblem),4,676,
nowi_(halloween)_(fire_emblem),4,92,
nox_(path_to_nowhere),4,101,
noya_(lingering_sunlight)_(stella_sora),4,35,
noyamano_ringo,4,84,
nozaki_namiko,4,92,
nozaki_sakura,4,77,
nozaki_umetarou,4,350,
nozaki_yuuki,4,117,
nozama_tomoko,4,118,
nozomi_(akitokage),4,35,
nozomi_(blue_archive),4,1846,
nozomi_(mom's_touch)_(blue_archive),4,39,
nozomi_(princess_connect!),4,299,
nozomi_(summer)_(princess_connect!),4,44,
nqrse,4,159,
nrvnqsr_chaos,4,104,
nt-tan,4,113,
ntw-20_(girls'_frontline),4,416,
ntw-20_(op._blazing_sun)_(girls'_frontline),4,50,
ntw-20_(the_aristocrat_experience)_(girls'_frontline),4,70,
nu-13,4,1115,
nu-class_light_aircraft_carrier,4,174,
nu_(chrono_trigger),4,48,
nu_(kagejitsu),4,24,
nu_gundam,4,413,
nu_wa,4,32,
nue_(tayutama),4,35,
nueno_meisuke,4,62,
nuernberg_(azur_lane),4,121,
nui_(modern_mogal),4,32,
nui_sociere,4,760,
nui_sociere_(1st_costume),4,275,
nui_sociere_(2nd_costume),4,49,
nui_sociere_(4th_costume),4,32,
nui_sociere_(6th_costume),4,74,
nuko_(shoujo_shuumatsu_ryokou),4,223,
nukui_hayu,4,52,
nukumizu_kaju,4,116,
nukumizu_kazuhiko,4,77,
numachi_rouka,4,53,
numako_(pizza_kanon),4,143,
numakura_manami,4,39,
numbuh_1,4,44,
numbuh_3,4,56,
numbuh_4,4,44,
numbuh_5,4,56,
numby_(honkai:_star_rail),4,436,
numel,4,116,
numemon,4,68,
nun_(marchen),4,30,
nun_(mdf_an),4,33,
nun_bora,4,267,
nun_bora_(1st_costume),4,45,
nun_bora_(2nd_costume),4,127,
nunnally_vi_britannia,4,681,
nuno_kargan,4,61,
nunotaba_shinobu,4,61,
nunu_(league_of_legends),4,64,
nura_rikuo,4,56,
nureha_(log_horizon),4,60,
nurgle,4,68,
nuri,4,32,
nuriko_(fushigi_yuugi),4,36,
nurse_(silent_hill),4,40,
nurse_akali,4,54,
nurse_dragonmaid,4,100,
nurse_nemo_(fate),4,131,
nurse_robot_type_t,4,155,
nursery_rhyme_(fate),4,1207,
nurude_sasara,4,43,
nurude_sasara_(tdd_era),4,21,
nurugai,4,53,
nush_(xter),4,65,
nuts_(yes!_precure_5),4,106,
nuwa_(honkai_impact),4,32,
nuzleaf,4,98,
nya_lapucea,4,35,
nyaa-tan,4,54,
nyako_(idolmaster),4,77,
nyalra_(author),4,36,
nyami_(pop'n_music),4,52,
nyamou,4,85,
nyamsas,4,42,
nyan_cat,4,135,
nyandex,4,31,
nyanko-sensei,4,165,
nyanko_(marl_kingdom),4,41,
nyanlathotep,4,41,
nyano,4,49,
nyanta_(log_horizon),4,63,
nyantan,4,79,
nyao_signyal_cat,4,11,
nyarla_(osiimi),4,256,
nyarlathotep,4,164,
nyarlathotep_(nyaruko-san),4,894,
nyaromon,4,59,
nyatasha_nyanners,4,322,
nyatasha_nyanners_(1st_costume),4,97,
nyatasha_nyanners_(6th_costume),4,45,
nyatoran_(precure),4,105,
nyleth_(hollow_knight),4,20,
nymph_(arknights),4,58,
nymph_(last_origin),4,33,
nymph_(sora_no_otoshimono),4,341,
nyon_(cookie),4,664,
nyopu,4,151,
nyotengu,4,411,
nyotengu_(scarlet-tinged_hot_spring_vacation)_(doa),4,41,
nyto_(generic)_(girls'_frontline),4,70,
nyto_(girls'_frontline),4,438,
nyubara_reona,4,177,
nyuu,4,52,
nyx_(fire_emblem),4,151,
nyx_(hades),4,62,
nyx_(kart_prowler),4,18,
nyx_(queen's_blade),4,115,
nyx_avatar,4,36,
nz75_(girls'_frontline),4,64,
o'bannon_(warship_girls_r),4,37,
oak_casket_(path_to_nowhere),4,53,
oasis_(stand),4,90,
oatchi_(pikmin),4,242,
obake-chan_(yozora_mel),4,61,
obelisk_the_tormentor,4,67,
oberon_(fate),4,2078,
oberon_(moody_summer_oberon)_(fate),4,35,
oberon_(refreshing_summer_prince)_(fate),4,71,
oberon_(sao),4,31,
oberon_(third_ascension)_(fate),4,1012,
oberonia_rhea,4,61,
obey_your_master_(umamusume),4,34,
obi-wan_kenobi,4,309,
obishima_yukari,4,34,
obkatiekat,4,38,
oboro_(fire_emblem),4,216,
oboro_(iron_saga),4,76,
oboro_(kancolle),4,3008,
oboro_(ragnarok_online),4,44,
oboro_(taimanin_asagi),4,143,
oboro_(utawarerumono),4,55,
oboro_kai_(kancolle),4,47,
observer_alpha_(azur_lane),4,135,
obsidian_(houseki_no_kuni),4,31,
obstagoon,4,269,
ocean_prince,4,88,
ocelot_(kemono_friends),4,76,
ochanomizu_hiroshi,4,70,
ochanomizu_mirie,4,46,
ochanomizu_ran,4,31,
ochiai_(kinjo_no_hito_no_nakimushi),4,75,
ochibana_ame,4,44,
octane_(apex_legends),4,734,
octavia,4,30,
octavia_melody,4,37,
octavio,4,89,
octillery,4,191,
octoball,4,36,
octoling_boy,4,930,
octoling_girl,4,2648,
octoling_player_character,4,4262,
octopus_devil_(chainsaw_man),4,133,
octorok,4,50,
octotrooper,4,146,
oda-sama_(yatterman),4,44,
oda_kippoushi_(fate),4,131,
oda_kou,4,48,
oda_nanami,4,160,
oda_nobuhime,4,67,
oda_nobukatsu_(fate),4,948,
oda_nobuna,4,83,
oda_nobunaga_(drifters),4,57,
oda_nobunaga_(fate),4,3244,
oda_nobunaga_(koha-ace),4,2015,
oda_nobunaga_(maou_avenger)_(fate),4,564,
oda_nobunaga_(sengoku_collection),4,117,
oda_nobunaga_(sengoku_otome),4,45,
oda_nobunaga_(swimsuit_berserker)_(fate),4,526,
oda_nobunaga_(swimsuit_berserker)_(first_ascension)_(fate),4,282,
oda_nobunaga_(swimsuit_berserker)_(second_ascension)_(fate),4,185,
oda_raika,4,45,
odagiri_futaba,4,71,
odagiri_hidetoshi,4,57,
odajima_kosuzu,4,40,
odajima_mayu,4,36,
odd-eyes_pendulum_dragon,4,31,
oddish,4,643,
odessa_silverberg,4,41,
odin_(azur_lane),4,60,
odin_(final_fantasy),4,53,
odin_(fire_emblem),4,90,
odokawa_hiroshi,4,48,
odori_momoha,4,77,
odst,4,46,
odysseus_(fate),4,136,
oerba_dia_vanille,4,182,
oerba_yun_fang,4,145,
oersted,4,42,
ofanimon,4,50,
ofelia_(gogalking),4,61,
office_lady_(eu03),4,30,
office_lady_(madoka_magica),4,50,
office_lady_(senukin),4,60,
office_worker_(pokemon),4,39,
officer_caitlyn,4,107,
officer_d.va,4,92,
officer_vi,4,79,
oga-san,4,70,
oga_tatsumi,4,47,
ogami_banri,4,21,
ogami_koga,4,100,
ogami_matoi,4,61,
ogami_sakura,4,355,
ogami_shirou,4,148,
ogami_tamaki,4,494,
ogami_tsumiki,4,91,
ogasawara_akiko,4,48,
ogasawara_haruka,4,112,
ogasawara_hikari,4,34,
ogasawara_hisame,4,55,
ogasawara_kaya,4,81,
ogasawara_rinko,4,115,
ogasawara_sachiko,4,578,
ogata_airi,4,53,
ogata_chieri,4,1003,
ogata_garaiya,4,82,
ogata_hyakunosuke,4,1112,
ogata_matake,4,52,
ogata_nenji,4,46,
ogata_rina,4,100,
ogata_rizu,4,124,
ogawa_ikue,4,37,
ogawa_shinji_(symphogear),4,58,
ogawa_sumireko,4,150,
ogawa_yui_(girlfriend_(kari)),4,22,
ogerpon,4,499,
ogerpon_(teal_mask),4,152,
ogin_(girls_und_panzer),4,421,
ogino_chihiro,4,542,
ogino_ichiko,4,103,
oginome_momoka,4,35,
oginome_ringo,4,253,
oginouchihara_rei,4,32,
oginouchihara_yuki,4,60,
ogiso_setsuna,4,175,
ogiue_chika,4,324,
ogiwara_kyouko,4,45,
ogiwara_sayu,4,76,
ogma_(fire_emblem),4,33,
ogre_(dq10),4,140,
ogre_(granblue_fantasy),4,105,
oguchi_magami,4,37,
ogura_megumi,4,17,
ogura_shion,4,65,
ogura_yui,4,45,
oguri_cap_(gray_monster)_(umamusume),4,45,
oguri_cap_(miraculous_white_star)_(umamusume),4,66,
oguri_cap_(starlight_beat)_(umamusume),4,1772,
oguri_cap_(umamusume),4,2614,
oh_jiyu,4,44,
oh_sangwoo,4,52,
ohara_mari,4,2089,
ohara_michiru,4,138,
ohara_rinne,4,50,
ohdo_yuamu,4,127,
ohgi_kaname,4,45,
ohime_the_manifested_mikanko,4,34,
ohishi_izumi,4,392,
ohitome_kohane,4,128,
ohmu,4,93,
ohnaruto_muni,4,39,
ohnishi_yuriko,4,77,
ohno_kanako,4,271,
ohnuma_kurumi,4,203,
ohr_(blue_archive),4,242,
ohta_yuu,4,66,
ohtani_shohei,4,42,
ohtsuka_miyako_(calm_mashiro),4,35,
ohtsuki_yui,4,2482,
ohya_ichiko,4,41,
oichi_(sengoku_basara),4,111,
oichi_(sengoku_musou),4,65,
oikawa_shizuku,4,1379,
oikawa_tooru_(haikyuu!!),4,232,
oikura_sodachi,4,248,
oimo_kitsune-chan_(kyoujyua),4,33,
oinari-sama_(kemono_friends),4,186,
oingo,4,66,
oinomori_may,4,188,
oinomori_may_(1st_costume),4,129,
ojama_black,4,40,
ojama_green,4,40,
ojama_yellow,4,57,
ojelo_gabel,4,64,
oji_(norahasu),4,57,
ojiro_mashirao,4,134,
ojou_(galko),4,70,
ojou_(nameo),4,57,
oka_asahi,4,940,
oka_megumi,4,41,
okabe_rintarou,4,1078,
okada_akane,4,283,
okada_haruna,4,39,
okada_izou_(dog)_(fate),4,53,
okada_izou_(fate),4,736,
okada_izou_(i'm_one_dapping_fella)_(fate),4,59,
okada_izou_(second_ascension)_(fate),4,44,
okada_izou_(third_ascension)_(fate),4,30,
okada_nana,4,52,
okada_yuriko,4,38,
okajima_rokuro,4,144,
okami_ranka,4,54,
okamoto_manami,4,38,
okamoto_miyu,4,57,
okamoto_natsuhi,4,55,
okamura_nao,4,173,
okano_kei,4,120,
okapi_(kemono_friends),4,142,
okariin_(vtuber),4,41,
okazaki_kei,4,114,
okazaki_norie,4,35,
okazaki_tomoya,4,778,
okazaki_ushio,4,593,
okazaki_yasuha,4,195,
okazaki_yumemi,4,1071,
okhotsk_yukari,4,38,
oki_ardana,4,37,
oki_kouji,4,54,
okidogi,4,50,
okiku_(banchou_sarayashiki),4,91,
okikurumi_(ookami),4,48,
okinami_(kancolle),4,800,
okinami_kai_ni_(kancolle),4,95,
okinawa_habu_(kemono_friends),4,119,
okino_tsukasa,4,215,
okita_j._souji_(fate),4,709,
okita_j._souji_(first_ascension)_(fate),4,382,
okita_j._souji_(third_ascension)_(fate),4,261,
okita_juuzou,4,30,
okita_kyouko,4,36,
okita_mitsuba,4,34,
okita_sawa,4,187,
okita_sougo,4,765,
okita_souji,4,52,
okita_souji_(fate),4,7069,
okita_souji_(hakuouki),4,67,
okita_souji_(koha-ace),4,4963,
okita_souji_alter_(fate),4,1396,
okita_souji_alter_(first_ascension)_(fate),4,427,
okita_souji_alter_(swimsuit_saber)_(fate),4,168,
okita_souji_alter_(swimsuit_saber)_(first_ascension)_(fate),4,105,
okiura_mizuki,4,73,
okiya_subaru,4,41,
okkotsu_tsurugi,4,14,
okkotsu_yuuka,4,26,
okkotsu_yuuta,4,691,
oklahoma_(azur_lane),4,57,
okonogi_tetsurou,4,47,
okonogi_yuuko,4,320,
oktavia_von_seckendorff,4,989,
oktyabrskaya_revolyutsiya_(kancolle),4,50,
okuda_manami,4,40,
okuda_nao,4,57,
okudaira_akira,4,86,
okudera_miki,4,40,
okudera_momiji,4,40,
okukawa_minako,4,70,
okuma_tanukichi,4,35,
okumura_eiji,4,75,
okumura_haru,4,1144,
okumura_rin,4,456,
okumura_yukio,4,306,
okuni_(sengoku_musou),4,33,
okunoda_miyoi,4,577,
okusawa_misaki,4,779,
okuwaka_tsubomi,4,79,
okuyama_saori,4,167,
okuyama_sumire,4,92,
okuzaki_akira,4,63,
okuzora_kohaku,4,51,
okuzumi_yuiko,4,65,
okyou_(bleach),4,11,
ol-chan_(ol_mahonanoka),4,83,
ol-chan_(udon),4,81,
olaf_(frozen),4,98,
olaf_(league_of_legends),4,52,
olberic_eisenberg,4,102,
old_coco,4,52,
old_dorothy,4,53,
old_man_(guin_guin),4,277,
old_snake,4,125,
older_twin_sister_(muninshiki),4,53,
oldrin_zevon,4,33,
oleana_(pokemon),4,335,
olette,4,43,
olga_discordia,4,131,
olga_hodrewa,4,33,
olga_marie_animusphere,4,791,
olha_(ys),4,35,
olimar,4,968,
olive_laurentia,4,263,
oliver_(vocaloid),4,250,
oliver_evans,4,144,
oliver_evans_(1st_costume),4,59,
oliver_fog,4,34,
olivert_reise_arnor,4,62,
olivia_(asobi_asobase),4,58,
olivia_(fear_&_hunger),4,48,
olivia_(fire_emblem),4,463,
olivia_(kureiji_ollie),4,101,
olivia_(matilda_fiship),4,30,
olivia_(mobseka),4,66,
olivia_(paper_mario),4,46,
olivia_(performing_arts)_(fire_emblem),4,70,
olivia_(pokemon),4,267,
olivia_(summer)_(fire_emblem),4,35,
olivia_park,4,36,
olivier_(heartcatch_precure!),4,55,
olivier_(kagejitsu),4,13,
olivier_(project_moon),4,37,
olivier_mira_armstrong,4,212,
olivine_(aqua_bloom)_(nu_carnival),4,11,
olivine_(holy_confession)_(nu_carnival),4,21,
olivine_(nu_carnival),4,116,
olivine_(radiant_admiral)_(nu_carnival),4,13,
olmine,4,50,
olrox,4,56,
olruggio_(tongari_boushi_no_atelier),4,30,
olrun_(fate),4,37,
olwen_(fire_emblem),4,69,
olympia_(pokemon),4,32,
oma_(our_battle_has_just_begun!),4,34,
oma_kokichi,4,6262,
omaida_takashi,4,67,
omaneko,4,50,
omanyte,4,235,
omaru_polka,4,2710,
omaru_polka_(1st_costume),4,943,
omaru_polka_(3rd_costume),4,157,
omaru_polka_(5th_costume),4,47,
omaru_polka_(new_year),4,46,
omaru_polka_(school_uniform),4,129,
omaru_polka_(street_casual),4,34,
omastar,4,132,
omega-f,4,73,
omega-xis_(mega_man),4,56,
omega_(final_fantasy),4,93,
omega_(mega_man),4,105,
omega_alpha,4,116,
omega_auru,4,129,
omega_auru_(primagista),4,47,
omega_ray,4,50,
omega_rei,4,68,
omega_rio,4,119,
omega_rugal,4,31,
omegamon,4,283,
omni-man,4,88,
omori_(omori),4,1933,
on'na_eshi_(fang_qiao),4,37,
onaga_akino,4,30,
oncidium_(flower_knight_girl),4,37,
onda_aka,4,66,
one_(cevio),4,432,
one_(drag-on_dragoon),4,71,
onee-san_(pen_nee_(pensis)),4,46,
onee-san_(penguin_highway),4,37,
onemine_nene,4,44,
oni_giri_(vox_akuma),4,34,
onibahime_(sennen_sensou_aigis),4,34,
onigami_mei,4,41,
onigami_mutsumi,4,36,
onigawara_rin,4,40,
onigiri_(vtuber),4,60,
onigirya_(nekomata_okayu),4,463,
onii-san_(tawawa),4,81,
onikabuto_(genshin_impact),4,59,
onimaru_miki,4,53,
onimiko,4,52,
onion_knight,4,207,
onishima_homare,4,119,
onitsuka_natsumi,4,336,
onitsuka_tomari,4,202,
onix,4,223,
onizaki_kirara,4,67,
onizuka_ao,4,41,
onizuka_hime,4,62,
onizuka_saori,4,76,
onjouji_toki,4,266,
onka,4,77,
only_one_(nikke),4,70,
onna_kishi_(maoyuu),4,105,
onna_mahoutsukai_(maoyuu),4,39,
onna_shachou,4,44,
ono_daisuke,4,59,
ono_ikumi,4,70,
ono_shiragiku,4,32,
onoda_sakamichi,4,43,
onoda_yura,4,59,
onodera_haru,4,62,
onodera_karen,4,153,
onodera_kosaki,4,369,
onodera_punpun,4,50,
onodera_raika,4,62,
onoe_serika,4,81,
onogami_tetsuya,4,69,
onohara_asami,4,88,
onomachi_haruka,4,65,
ononoki_yotsugi,4,823,
onozuka_komachi,4,8841,
onsen_tagamo_(okitaima),4,20,
onsoku_no_sonic,4,222,
onsokumaru,4,161,
ooama_no_ake_no_mitori,4,213,
ooba_eimi,4,44,
ooba_juri,4,114,
ooba_minato,4,50,
ooba_minori,4,372,
oodenta_mitsuyo,4,77,
ooe_kanade,4,39,
ooe_kintarou,4,31,
ooedo_shinya,4,40,
oofusa_shizuko,4,35,
oogaki_chiaki,4,532,
oogaki_hinata,4,36,
oogama_(youkai_watch),4,46,
oogami_ichirou,4,137,
oogami_marina,4,96,
oogami_sachi,4,336,
oogie_boogie,4,32,
oohashi_akiko,4,64,
oohashi_maiko,4,31,
oohashi_sumika,4,46,
oohoshi_awai,4,198,
ooi_(kancolle),4,5224,
ooi_kai_(kancolle),4,61,
ooi_kai_ni_(kancolle),4,532,
ooishi_kuraudo,4,86,
ooiwa_wataru,4,426,
ooji_mochizou,4,549,
ookado_tsubasa,4,47,
ookami_mio,4,5440,
ookami_mio_(10th_costume),4,79,
ookami_mio_(1st_costume),4,1024,
ookami_mio_(3rd_costume),4,925,
ookami_mio_(another_ookami_mio),4,83,
ookami_mio_(casual),4,107,
ookami_mio_(hololive_summer_2019),4,338,
ookami_mio_(new_year),4,108,
ookami_mio_(street),4,480,
ookami_mio_(wonderland),4,72,
ookami_ryouko,4,291,
ookanehira_(touken_ranbu),4,134,
ooki_futaba,4,59,
ooki_ikutoshi,4,53,
ookouchi_akira,4,90,
ookouchi_shino,4,39,
ookubo_rumi,4,43,
ookuma_satomi,4,299,
ookura_miyako,4,68,
ookurikara,4,517,
ookusa_manami,4,47,
oolong,4,100,
oomichi_miyabi,4,63,
oomikado_aoi,4,40,
oomikado_himari,4,34,
oomikado_itsuki,4,36,
oomiya_shinobu,4,308,
oomori_midori,4,32,
oomori_yuuko,4,810,
oomuro_hanako,4,261,
oomuro_nadeshiko,4,168,
oomuro_sakurako,4,1391,
oonami_kizuna,4,46,
oono_akira,4,91,
oono_aya,4,574,
oono_makoto,4,83,
oono_mayu,4,106,
oora_kanako,4,117,
oosaka_naru,4,36,
oosaki_minato,4,135,
oosanshouuo-san,4,130,
oosawa_aya,4,303,
oosawa_fusatarou,4,56,
oosawa_maria,4,120,
ooshima_isuzu,4,41,
ooshio_(azur_lane),4,92,
ooshio_(kancolle),4,1294,
ooshio_kai_ni_(kancolle),4,357,
ooshiro_mashiro,4,30,
oosuki_mamako,4,317,
oosuki_masato,4,32,
oota_kouichirou,4,30,
oota_ushio,4,36,
ootani_ikue,4,31,
ootani_yoshitsugu_(sengoku_basara),4,35,
ootani_yuri,4,85,
ootengu_(onmyoji),4,57,
ooto_ai,4,131,
ootomo_sourin_(sengoku_otome),4,41,
ootonari_nagi,4,43,
ootori_akio,4,32,
ootori_amane,4,41,
ootori_chacha,4,41,
ootori_chihaya,4,193,
ootori_emu,4,1529,
ootori_kanae_(soukou_akki_muramasa),4,74,
ootori_kyouya,4,41,
ootori_naru,4,40,
ootori_sakuya,4,35,
ootori_tatsuta,4,237,
ootori_tatta,4,221,
ootsuka_akio,4,47,
ootsuki_(kaiji),4,55,
ootsuki_makoto,4,68,
ootsuki_mina,4,30,
ootsuki_yoyoko,4,47,
ootsutsuki_kaguya,4,44,
ooya_kunimitsu,4,75,
ooyama_(angel_beats!),4,186,
ooyodo_(kancolle),4,6094,
ooyodo_kai_(kancolle),4,90,
oozaru,4,43,
oozeki_koyui,4,48,
oozora_ako,4,41,
oozora_haruka_(danball_senki),4,40,
oozora_haruka_(harukana_receive),4,90,
oozora_hibari,4,30,
oozora_hiro,4,57,
oozora_subaru,4,5509,
oozora_subaru_(1st_costume),4,939,
oozora_subaru_(8th_costume),4,86,
oozora_subaru_(9th_costume),4,69,
oozora_subaru_(casual),4,387,
oozora_subaru_(hololive_summer_2019),4,527,
oozora_subaru_(loungewear),4,143,
oozora_subaru_(new_year),4,87,
oozora_subaru_(starlight),4,98,
oozora_subaru_(work),4,848,
opal_(pokemon),4,173,
opened_can_of_wellcheers,4,44,
opera_brest,4,34,
opera_vectra,4,81,
operator_21o,4,61,
operator_6o,4,81,
ophelia,4,38,
ophelia_(bigrbear),4,111,
ophelia_(fire_emblem),4,770,
ophelia_(madoka_magica),4,113,
ophelia_(master_of_eternity),4,38,
ophelia_(merryweather),4,35,
ophelia_(resplendent)_(fire_emblem),4,43,
ophelia_(starlit_maiden)_(fire_emblem),4,34,
ophelia_phamrsolone,4,324,
ophelia_von_margeline,4,10,
ophilia_clement,4,220,
ophion_(housamo),4,32,
ophis_(high_school_dxd),4,44,
ophiuchus_shaina,4,47,
optimus_primal,4,71,
optimus_prime,4,927,
optimus_prime_(kotobukiya_bishoujo),4,76,
optimus_prime_(shattered_glass),4,34,
oracle_(shinkai_no_valkyrie),4,55,
orange_(among_us),4,87,
orange_(touhou),4,205,
orange_amber_(rainbow_bubblegem),4,11,
orange_heart_(neptunia),4,213,
orange_pekoe_(girls_und_panzer),4,1970,
orange_piccolo,4,84,
oranguru,4,64,
orator_(fft),4,48,
orbeetle,4,110,
orbie,4,12,
orbot,4,39,
orbulon,4,71,
orc_(ii_orc_no_hi),4,61,
orca_(chonkyorca),4,138,
orca_(haze_(7h4ze)),4,44,
orca_(kemono_friends),4,117,
orca_(pochincoff),4,38,
orchid_(arknights),4,103,
orchid_(maplestory),4,99,
orchis,4,160,
order-sol,4,85,
oreki_houtarou,4,1563,
orfevre_(casual)_(umamusume),4,40,
orfevre_(control)_(umamusume),4,528,
orfevre_(umamusume),4,793,
orfevre_(umamusume)_(old_design),4,47,
orga_itsuka,4,162,
orgun,4,32,
orgus_(f-kare),4,81,
orguss_(mecha),4,33,
ori_(kitavana),4,13,
oriana_thomason,4,129,
orianna_(league_of_legends),4,128,
oribe_chika,4,43,
oribe_mafuyu,4,73,
oribe_ririko,4,31,
oribe_shiori,4,108,
oribe_tsubasa,4,135,
oribe_yasuna,4,1428,
oricorio,4,302,
oricorio_(baile),4,79,
oricorio_(pa'u),4,64,
oricorio_(pom-pom),4,149,
oricorio_(sensu),4,107,
orie_ballardiae_harada,4,438,
orie_hakua,4,54,
orie_mishiro,4,38,
orie_rin,4,39,
orifushi_akina,4,84,
orifushi_mafuyu,4,94,
orifushi_natsumi,4,67,
origami_bird_(honkai:_star_rail),4,79,
origami_cyclone,4,285,
origami_hina,4,30,
origami_yukari,4,39,
origami_yukari_(ff14_character),4,30,
origamine_ouka,4,77,
origin_alpha,4,110,
original_zero,4,33,
originium_slug_(arknights),4,221,
orihara_izaya,4,728,
orihara_kozue,4,40,
orihara_kururi,4,183,
orihara_mairu,4,187,
orihara_sumika,4,109,
orihime_(tanabata),4,163,
orimiya_yui,4,40,
orimoto_izumi,4,85,
orimoto_rika,4,273,
orimura_chifuyu,4,121,
orimura_ichika,4,218,
orin_the_red,4,257,
orion_(alterkyon),4,20,
orion_(bear)_(fate),4,262,
oriotorai_makiko,4,42,
orisa_(overwatch),4,39,
orizuru_kanade,4,24,
orla_(pokemon),4,52,
ornn,4,36,
oro_(street_fighter),4,62,
orochi_(fire_emblem),4,123,
orochi_(kof),4,41,
orochi_(youkai_watch),4,86,
orochi_leona,4,74,
orochi_shermie,4,50,
orochimaru_(naruto),4,178,
ororo_munroe,4,34,
ororon_(genshin_impact),4,144,
orphen,4,236,
orpheus_(identity_v),4,55,
orpheus_(persona),4,77,
orsola_aquinas,4,149,
ortega_(pokemon),4,131,
orter_madl,4,37,
ortfine_fredericka_von_eylstadt,4,109,
ortho_shroud,4,153,
orthworm,4,36,
ortina_lillibel_(yashiro_sousaku),4,59,
ortlinde_(fate),4,366,
ortlinde_(swimsuit_assassin)_(fate),4,31,
oruyanke_(shirakami_fubuki),4,317,
oryou_(fate),4,587,
oryou_(girls_und_panzer),4,528,
oryou_(lancer)_(fate),4,43,
oryzae-tan,4,94,
os9,4,41,
osage_(nukunuku_nigirimeshi),4,154,
osagiri_shuka,4,33,
osahime_kotori,4,58,
osaka_shizuku,4,601,
osaka_sogo,4,161,
osaka_sougo,4,135,
osakabe_itoko,4,42,
osakabe_makie,4,39,
osakabehime_(fate),4,1516,
osakabehime_(foxy_lady)_(fate),4,49,
osakabehime_(swimsuit_archer)_(fate),4,220,
osakabehime_(swimsuit_archer)_(first_ascension)_(fate),4,66,
osakabehime_(swimsuit_archer)_(second_ascension)_(fate),4,121,
osaki_akane_(akane-banashi),4,42,
osaki_amana,4,1761,
osaki_nana,4,85,
osaki_tenka,4,1424,
osana_najimi_(komi-san_wa_komyushou_desu),4,159,
osana_naruka,4,67,
osanai_(shashaki),4,199,
osanai_shouko,4,52,
osanai_yuki,4,70,
osanai_yuuta,4,59,
osananajimi_(hanekoto),4,40,
osano_rui,4,33,
osaragi_(sakamoto_days),4,61,
osaragi_hazumu,4,175,
osatou_(character),4,68,
osawa_rurino,4,2383,
osawa_rurino_(very!_very!_coconatsu_casual),4,10,
oscar_(fire_emblem),4,69,
oscar_(fortnite),4,37,
oscar_francois_de_jarjayes,4,179,
oscar_pine,4,33,
oscurol_(shironeko_project),4,32,
ose_(housamo),4,43,
ose_(op_na_yarou),4,12,
oshawott,4,1695,
oshida_(girls_und_panzer),4,1711,
oshiego-chan_(mignon),4,52,
oshimizu_nako,4,258,
oshimoto_yuri,4,50,
oshino_meme,4,160,
oshino_ougi,4,1116,
oshino_shinobu,4,4736,
oshirase-chan_(kure~pu),4,30,
osiris_the_sky_dragon,4,90,
oskar_(jasdavi),4,36,
oskar_(sframboob),4,22,
oskar_von_reuenthal,4,51,
osoko_(osomatsu-san),4,55,
ostrich_(kemono_friends),4,86,
oswald_(odin_sphere),4,103,
oswald_(project_moon),4,31,
osx,4,46,
otabek_altin,4,211,
otachi,4,30,
otako_(galko),4,123,
otani_yoshitsugu_(sengoku_musou),4,13,
otegine,4,307,
othinus,4,254,
otodama_tamako,4,65,
otogari_adonis,4,130,
otogi_(blue_archive),4,325,
otogi_ryuuji,4,42,
otogibara_era,4,256,
otoha_(h2o),4,32,
otohime_mutsumi,4,82,
otoishi_akira,4,38,
otokado_ruki,4,33,
otokura_yuuki,4,910,
otomachi_una,4,1028,
otomachi_una_(spicy),4,112,
otomachi_una_(sugar),4,128,
otomachi_una_(talkex),4,244,
otome_(gnosia),4,33,
otome_sakura,4,37,
otomo_(cecilia_immergreen),4,39,
otomore_(shashaki),4,134,
otomune_kozue,4,2955,
otonari_yoko,4,17,
otonashi_ayana,4,50,
otonashi_etsuko,4,38,
otonashi_fumiko,4,39,
otonashi_haruna,4,315,
otonashi_ichie,4,30,
otonashi_io,4,43,
otonashi_kiruko,4,173,
otonashi_kotori,4,1699,
otonashi_kyouko,4,134,
otonashi_meru,4,228,
otonashi_ryouko,4,117,
otonashi_saya,4,227,
otonashi_yuzuru,4,695,
otonose_kanade,4,463,
otori-tan,4,60,
otori_akira,4,31,
otori_michiru,4,51,
otori_teruya,4,38,
otosaka_ayumi,4,132,
otosaka_yuu,4,198,
otoshiro_noel,4,60,
otoshiro_seira,4,181,
otouge_azuki,4,58,
otouto_(92m),4,217,
otowa_rui_(saibou_shinkyoku),4,137,
otowa_yuri,4,10,
ots-12_(girls'_frontline),4,143,
ots-14_(destined_love)_(girls'_frontline),4,39,
ots-14_(flurry_of_petals)_(girls'_frontline),4,53,
ots-14_(girls'_frontline),4,664,
ots-14_(ruler_of_the_banquet)_(girls'_frontline),4,100,
ots-14_(sangria_succulent)_(girls'_frontline),4,116,
ots-44_(girls'_frontline),4,42,
otta_(dungeon_meshi),4,126,
otta_ely_(choujin_x),4,68,
otter_spirit_(touhou),4,457,
ottilie_(spindle_(aidenr0)),4,48,
ottilie_kittel,4,31,
otto_(nanoha),4,57,
otto_apocalypse,4,189,
otto_suewen,4,94,
ou_kijin,4,36,
ou_taiga,4,56,
ouga_saki,4,159,
ouka_(.hack//),4,55,
ouka_(kazuki_seihou),4,31,
ouka_miko,4,51,
ouka_nagisa,4,88,
ouka_september,4,32,
oukawa_kohaku,4,166,
ouken,4,62,
ouma_kennosuke_tokisada,4,38,
ouma_mana,4,46,
ouma_shuu,4,168,
ouma_zi-o,4,41,
oumae_kumiko,4,2145,
oume_ayumu,4,37,
oumi_(a_failed_escape?)_(azur_lane),4,39,
oumi_(azur_lane),4,74,
oumi_megumi,4,30,
oumiya_emma,4,45,
oura_rukako,4,214,
oura_rukako_(1st_costume),4,48,
oura_rukako_(2nd_costume),4,64,
ouro_kronii,4,6818,
ouro_kronii_(1st_costume),4,1431,
ouro_kronii_(4th_costume),4,148,
ouro_kronii_(casual),4,596,
ouro_kronii_(new_year),4,103,
ouro_krono,4,36,
ouroboros_(girls'_frontline),4,288,
ouroboros_(granblue_fantasy),4,105,
ouroboros_(lord_of_the_mysteries),4,51,
ourobunny,4,55,
ousaka_hikari,4,97,
ousaka_nanami,4,213,
ousaka_shizuku,4,1006,
ousaka_shouko,4,34,
outis_(project_moon),4,906,
ouzuka_mai,4,60,
ovelia_atkascha,4,135,
overhaul_(boku_no_hero_academia),4,103,
owada_mondo,4,519,
owain_(fire_emblem),4,159,
owari_(azur_lane),4,567,
owari_(shimmering_forsythia)_(azur_lane),4,133,
owari_akane,4,471,
owari_hajime,4,67,
owen_(chaos_zero_nightmare),4,20,
owen_(mahoutsukai_no_yakusoku),4,45,
owl_girl_(gomulgong),4,48,
owlbear,4,43,
oyaji_(dennou_coil),4,68,
oyama_mahiro,4,5363,
oyama_mahiro_(male),4,69,
oyama_matsuri,4,80,
oyama_mihari,4,1733,
oyashio_(kancolle),4,1416,
oyashio_kai_ni_(kancolle),4,59,
oyasu_miyo_(vreparty),4,63,
oyuki_(urusei_yatsura),4,72,
oz_(genshin_impact),4,594,
oz_(maplestory),4,55,
oz_sorcerer_(elsword),4,54,
oz_vessalius,4,117,
ozaki_reiko,4,97,
ozato_fumika,4,64,
ozawa_ari,4,70,
ozawa_yumi,4,41,
ozen,4,481,
oziko_(ooji_cha),4,94,
ozma_lee,4,57,
ozoi,4,51,
ozora_akari,4,601,
ozu_(yojouhan),4,37,
ozu_kanon,4,105,
ozu_shion,4,82,
ozymandias_(fate),4,630,
p-3_(atomic_heart),4,62,
p-chan,4,454,
p-chan_(suite_precure),4,31,
p-head_producer,4,2510,
p08_(girls'_frontline),4,44,
p226_(girls'_frontline),4,32,
p22_(girls'_frontline),4,43,
p38_(girls'_frontline),4,78,
p7_(girls'_frontline),4,159,
p90_(girls'_frontline),4,712,
p90_(scarlet_turbo)_(girls'_frontline),4,64,
p90_(the_girl_from_b.e.l)_(girls'_frontline),4,95,
p_(motorslice),4,32,
pa-15_(alluring_larkspur)_(girls'_frontline),4,64,
pa-15_(girls'_frontline),4,514,
pa-15_(high_school_thrills)_(girls'_frontline),4,74,
pa-15_(marvelous_yam_pastry)_(girls'_frontline),4,42,
pa-san,4,712,
pac-man,4,436,
pachimari,4,79,
pachira,4,255,
pachirisu,4,873,
pacifica_casull,4,42,
pacifica_northwest,4,120,
packpatty_(dungeon_meshi),4,55,
padko,4,36,
padme_amidala,4,82,
padparadscha_(houseki_no_kuni),4,267,
paffel,4,39,
paffy_pafuricia,4,151,
page_one_(one_piece),4,81,
pai-chan_(nao),4,101,
pai_chan,4,80,
paildramon,4,41,
paimon_(genshin_impact),4,6004,
paimon_(magi),4,51,
pain_(naruto),4,143,
paine_(ff10),4,96,
painleve_(azur_lane),4,55,
painting_woman,4,31,
painwheel_(skullgirls),4,310,
paisu-chan_(yashiro_sousaku),4,41,
pajamei,4,35,
pakkoyan,4,34,
pakkun_(naruto),4,30,
pakky_(bachera),4,33,
paku_paku,4,61,
paku_romi,4,33,
pakunoda,4,72,
paladin_(baalbuddy),4,66,
paladin_(final_fantasy),4,446,
paladin_(ragnarok_online),4,119,
paladin_(sekaiju),4,167,
paladin_(warcraft),4,58,
paladin_2_(sekaiju),4,123,
palafin,4,53,
palanquin_d.va,4,92,
paldea_mother,4,104,
paldean_wooper,4,266,
pale_fox_(kemono_friends),4,56,
pale_king_(hollow_knight),4,32,
palina_(pokemon),4,71,
palkia,4,383,
palkia_(origin),4,37,
palla_(fire_emblem),4,424,
palla_(spring)_(fire_emblem),4,39,
pallapalla_(sailor_moon),4,71,
pallas's_cat_(kemono_friends),4,99,
pallas_(arknights),4,361,
pallas_(heritage)_(arknights),4,42,
pallette_(mega_man),4,82,
pallo,4,35,
palm_(mushihime-sama),4,30,
palmer_(pokemon),4,56,
palmon,4,266,
palmtop_tiger,4,267,
palom,4,75,
palossand,4,115,
palpatine,4,32,
palpitoad,4,75,
palutena,4,1991,
pam-pam_(precure),4,192,
pam-pam_(precure)_(human),4,60,
pam_patterson,4,12,
pamela_ibiss,4,86,
pami_namal_(wingedwasabi),4,47,
pamiat_merkuria_(azur_lane),4,635,
pamiat_merkuria_(caged_minx)_(azur_lane),4,72,
pamiat_merkuria_(retrofit)_(azur_lane),4,36,
pamiat_merkuria_(sweet_cherry_memories)_(azur_lane),4,43,
pan-nya,4,81,
pan_(dragon_ball),4,780,
pan_(panqlao),4,75,
pan_(xeno)_(dragon_ball),4,47,
pan_jing_(the_legend_of_luoxiaohei),4,37,
panam_palmer,4,46,
pancake_nun_(diva),4,34,
pancham,4,228,
panchito_pistoles,4,31,
panda_(jujutsu_kaisen),4,208,
panda_(tekken),4,36,
panda_meiling_(seki_(red_shine)),4,148,
pandemonica_(helltaker),4,491,
pandora_(mega_man),4,252,
pandora_(p&d),4,136,
pandora_(re:zero),4,98,
pandora_(saint_seiya),4,39,
pandora_acherona_(nat_the_lich),4,80,
pandora_smith,4,45,
pandoria_(xenoblade),4,363,
pandreo_(fire_emblem),4,212,
pandy_(geistbox),4,49,
panette_(fire_emblem),4,312,
panettone_(girls_und_panzer),4,40,
pang_(sdorica),4,31,
pangoro,4,111,
pannacotta_fugo,4,870,
panne_(fire_emblem),4,96,
panpour,4,133,
pansage,4,226,
pansear,4,127,
pantalone_(genshin_impact),4,101,
pantheon_(league_of_legends),4,169,
pantheon_(mega_man),4,45,
panther_chameleon_(kemono_friends),4,225,
pantherlily,4,67,
panty_(psg),4,2192,
papalymo_totolymo,4,35,
papas,4,32,
papel,4,60,
papi_(monster_musume),4,553,
papika_(flip_flappers),4,290,
pappii_(paprika_shikiso),4,51,
paprika_(arknights),4,37,
paprika_(character),4,49,
paptimus_scirocco,4,77,
papuru_(bombergirl),4,32,
papyrus_(arknights),4,33,
papyrus_(undertale),4,520,
para_(1st_costume)_(vtuber),4,34,
para_(2nd_costume)_(vtuber),4,13,
para_(3rd_costume)_(vtuber),4,11,
para_(len'en),4,66,
para_(vtuber),4,81,
parace_l'sia,4,45,
paracelsus,4,133,
paracelsus_(fate),4,108,
paracelsus_(guilty_gear),4,135,
paradise_(swd3e2),4,84,
paradox_(yu-gi-oh!),4,31,
paragus_(dragon_ball_z),4,44,
paraietta_(simoun),4,81,
parakeet_girl_(yukimoto_shuuji_(gurigura)),4,32,
parallel_canon,4,40,
parappa,4,59,
paras,4,230,
parasect,4,167,
parashu,4,33,
parasister_(vtuber),4,51,
parasol_kirby,4,63,
parasoul_(skullgirls),4,409,
pardofelis,4,60,
pardofelis_(honkai_impact),4,390,
parfait_(gachigachi),4,83,
parfait_(lamune),4,42,
parfy_(parfait_ehmy),4,40,
paris_(fate),4,96,
pariston_hill,4,53,
pariya,4,34,
park_dona,4,143,
park_mok-hwa,4,37,
park_moo-hyun,4,232,
park_noah,4,74,
park_soae,4,15,
parlor_dragonmaid,4,268,
parn_(lodoss),4,49,
parted_grey_nun_(diva),4,35,
parvati_(fate),4,258,
parvati_(p&d),4,47,
parvati_iv,4,44,
parviz_(gundam_build_divers_re:rise),4,43,
pas'_black-haired_catperson,4,30,
pasca_kanonno,4,38,
pascal_(free_spirit)_(tales),4,32,
pascal_(tales),4,395,
paseri_(cookie),4,153,
passenger_(arknights),4,231,
passenger_(young)_(arknights),4,31,
passenger_(young)_(dream_in_a_moment)_(arknights),4,16,
passenger_pigeon_(kemono_friends),4,172,
passimian,4,53,
passionlip_(fate),4,1302,
passionlip_(third_ascension)_(fate),4,125,
pastel_(twinbee),4,73,
pastel_ink,4,150,
patamon,4,301,
patches_(from_software),4,104,
patchouli_(lunacid),4,15,
patchouli_knowledge,4,34400,
patchoung_(aoshima),4,30,
pathfinder_(apex_legends),4,396,
patissier_(gindoro),4,56,
patissiere_peach,4,35,
patrasche_(re:zero),4,47,
patrat,4,123,
patricia_(madoka_magica),4,78,
patricia_abelheim,4,73,
patricia_caulfield,4,32,
patricia_martin,4,226,
patricia_schade,4,47,
patricia_thompson,4,146,
patricia_wagon,4,46,
patrick_(shadows_house),4,31,
patrick_bateman,4,36,
patrick_colasour,4,77,
patrick_star,4,142,
patriot_(arknights),4,130,
pattadol,4,228,
patty_(fire_emblem),4,133,
patty_(pso2),4,98,
patty_fleur,4,208,
patxi_(fate),4,48,
paul_(pokemon),4,171,
paul_bunyan_(fate),4,835,
paul_bunyan_(festival_outfit)_(fate),4,33,
paul_bunyan_(third_ascension)_(fate),4,136,
paul_greyrat,4,37,
paul_phoenix,4,42,
paul_von_oberstein,4,37,
paula_(mother_2),4,454,
paula_(one_piece),4,43,
paula_(suikoden),4,67,
paulie,4,56,
pauline_(mario),4,254,
paulo_(pokemon),4,38,
paundit,4,39,
pavia_(reverse:1999),4,68,
pavianne_(ragnarok_online),4,44,
pavolia_reine,4,1280,
pavolia_reine_(1st_costume),4,348,
pavolia_reine_(2nd_costume),4,137,
pavolia_reine_(peahen),4,35,
pavolia_reine_(streetwear),4,87,
pawmi,4,398,
pawmo,4,86,
pawmot,4,245,
pawn_(dragon's_dogma),4,144,
pawniard,4,117,
pawshies_(vtuber),4,10,
paya_(zelda),4,409,
payila_(granblue_fantasy),4,155,
paz_ortega_andrade,4,84,
pazu,4,107,
pc_(personification),4,35,
peach_(girls_und_panzer),4,53,
peach_maki,4,319,
peach_panther_(kemono_friends),4,192,
peachette,4,74,
peacock_(skullgirls),4,362,
peafowl_(kemono_friends),4,80,
peakychu,4,264,
peanuts-kun,4,254,
pear-pal_(infinity_nikki),4,13,
pearl_(azur_lane),4,102,
pearl_(fallen_angel_in_the_dark_castle)_(azur_lane),4,35,
pearl_(splatoon),4,1479,
pearl_(steven_universe),4,110,
pearl_drone_(splatoon),4,120,
pearl_fey,4,242,
pearlescentmoon,4,51,
pebble_(koseki_bijou),4,188,
pecharunt,4,144,
peco_peco,4,91,
pecorine_(new_year)_(princess_connect!),4,108,
pecorine_(princess)_(princess_connect!),4,42,
pecorine_(princess_connect!),4,3251,
pecorine_(real)_(princess_connect!),4,95,
pecorine_(summer)_(princess_connect!),4,603,
pedobear,4,93,
pegasus_(sailor_moon),4,60,
pegasus_j_crawford,4,35,
pegasus_koga,4,41,
pegasus_seiya,4,117,
pegitan_(precure),4,77,
peke,4,365,
peke-kun,4,74,
peko-chan,4,70,
pekodam,4,41,
pekomama,4,1293,
pekomama_(1st_costume),4,225,
pekomama_(angel),4,16,
pekomon_(usada_pekora),4,1023,
pekora_(jashin-chan_dropkick),4,180,
pekorin_(precure),4,70,
pekoyama_peko,4,776,
pela_(honkai:_star_rail),4,222,
pelipper,4,244,
pell,4,45,
pelleas_(fire_emblem),4,40,
penance_(arknights),4,832,
penance_(occasionally_flushed)_(arknights),4,159,
pencil_case_(pebro),4,12,
penelo,4,380,
penelope_(azur_lane),4,55,
penelope_(hathaway's_flash),4,118,
pengin_pina,4,39,
penguin_(one_piece),4,116,
penguin_1-gou,4,199,
penguin_2-gou,4,221,
penguin_3-gou,4,241,
penguin_keeper_(diva),4,85,
pengy_(granblue_fantasy),4,131,
peni_parker,4,685,
pennsylvania_(azur_lane),4,33,
penny_(inspector_gadget),4,34,
penny_(pokemon),4,1072,
penny_(stardew_valley),4,33,
penny_crygor,4,106,
penny_polendina,4,316,
pennybug_(miraculous_ladybug),4,11,
pennywise,4,108,
penomena,4,41,
penpen,4,246,
pentakill_sona,4,36,
penthesilea_(amazones_ceo)_(fate),4,37,
penthesilea_(fate),4,318,
pentomo_(petra_gurin),4,88,
peone_(panapana),4,56,
peonia_(pokemon),4,39,
peony_(fire_emblem),4,120,
peony_(fruitful_dream)_(fire_emblem),4,11,
peony_(pokemon),4,111,
peony_ix,4,32,
peorth_(aa_megami-sama),4,79,
pepe_(arknights),4,179,
pepe_the_frog,4,215,
pepelogoo,4,34,
pepo_(flower_knight_girl),4,41,
peppa_pig,4,31,
pepper_(nikke),4,84,
pepper_(ocean_vitamin)_(nikke),4,57,
pepper_cat,4,41,
pepper_potts,4,31,
peppermint_(hi-fi_rush),4,41,
pepperoni_(girls_und_panzer),4,1855,
peppino_spaghetti,4,91,
peppy_(honkai:_star_rail),4,104,
pepsiman,4,38,
percival_(fate),4,217,
percival_(granblue_fantasy),4,385,
percival_(sonic),4,32,
percy_(fire_emblem),4,33,
peregrine_falcon_(kemono_friends),4,54,
perfect_cell,4,236,
perfectheart_(omori),4,52,
perfumer_(arknights),4,308,
perfumer_(species_plantarum)_(arknights),4,43,
peri_(fire_emblem),4,186,
peridot_(jewelpet),4,67,
peridot_(steven_universe),4,87,
perisie_(star_ocean),4,115,
perl_(vertigris),4,81,
perla_pucci,4,38,
perlica_(arknights),4,155,
pero_(dqb2),4,35,
perona,4,1059,
peroro_(blue_archive),4,2086,
perorozilla_(blue_archive),4,45,
perrault_(last_origin),4,169,
perrin_(pokemon),4,421,
perrine_h._clostermann,4,2136,
perro-kun_(dagasi),4,36,
perroccino_(fuwamoco),4,282,
perrserker,4,43,
perry_(dqb2),4,39,
perry_steam_(umamusume),4,50,
perry_the_platypus,4,36,
pers_(genshin_impact),4,141,
persephone_(jashin-chan_dropkick),4,35,
persephone_(p&d),4,44,
persephone_ii,4,72,
perseus_(azur_lane),4,714,
perseus_(fate),4,54,
perseus_(spring_lackadaisical_leisure)_(azur_lane),4,39,
perseus_(unfamiliar_duties)_(azur_lane),4,363,
persia_(mahou_no_yousei_persia),4,45,
persia_(rune_factory),4,50,
persian_(pokemon),4,179,
persica_(girls'_frontline),4,203,
persicaria_(neural_cloud),4,196,
perth_(kancolle),4,873,
perturabo,4,32,
perun_(xenoblade),4,37,
pesci,4,290,
pet_(sekaiju),4,47,
pet_robot_hunter_(kato_takuji),4,33,
pet_shop,4,130,
"pete_""maverick""_mitchell",4,43,
pete_(bokujou_monogatari),4,39,
petelgeuse_romaneeconti,4,117,
peter_(miku_plus),4,37,
peter_b_parker,4,173,
peter_griffin,4,264,
peter_pan_(character),4,91,
peter_parker,4,354,
peter_quill,4,85,
peter_strasser_(a_moment_frozen_in_pure_white)_(azur_lane),4,31,
peter_strasser_(azur_lane),4,162,
peter_strasser_(chronos's_kalendae)_(azur_lane),4,31,
peter_white,4,32,
petilil,4,280,
petit_dragon,4,38,
petite_miku,4,44,
petoko,4,38,
petra_(granblue_fantasy),4,30,
petra_gurin,4,889,
petra_gurin_(1st_costume),4,271,
petra_gurin_(2nd_costume),4,148,
petra_gurin_(3rd_costume),4,41,
petra_itta,4,100,
petra_johanna_lagerkvist,4,117,
petra_leyte,4,186,
petra_macneary,4,553,
petra_ral,4,237,
petralka_anne_eldant_iii,4,90,
petrel_(pokemon),4,86,
petya_(darker_than_black),4,86,
pfle,4,42,
ph1lza,4,100,
phaetusa_(girls'_frontline_2),4,31,
phainon_(alternate_spacetime)_(honkai:_star_rail),4,45,
phalaenopsis_(msa_(fary_white)),4,174,
phalanx_(sekaiju),4,110,
phalanx_2_(sekaiju),4,79,
pham_thi_ran,4,33,
phanpy,4,159,
phantas-moon,4,36,
phantom_(arknights),4,269,
phantom_(elite_ii)_(arknights),4,26,
phantom_(focus)_(arknights),4,61,
phantom_(gavis_bettel),4,257,
phantom_(happinesscharge_precure!),4,169,
phantom_(hollow_knight),4,63,
phantom_(zelda),4,44,
phantom_gundam,4,42,
phantom_of_the_opera_(fate),4,63,
phantom_thief_(kkmomo67),4,85,
phantom_thief_lapin,4,84,
phantump,4,274,
phara_suyuf,4,163,
pharah_(overwatch),4,1128,
pharaoh_(cat),4,101,
pharaoh_(monster_girl_encyclopedia),4,37,
pharos,4,122,
phenice_walholl,4,69,
phenny_(project_sekai),4,49,
phenomaman_(dispatch),4,90,
pheromosa,4,378,
phichit_chulanont,4,250,
philena_ivy,4,118,
philia_(sao),4,144,
philia_ell,4,54,
philia_felice,4,77,
philia_salis,4,37,
philip_(kamen_rider),4,116,
philip_(project_moon),4,41,
philippe_(pokemon),4,144,
philuffy_aingram,4,38,
philyshy_(alchemy_stars),4,81,
phina_(fire_emblem),4,60,
phineas_flynn,4,40,
phinks_magcub,4,83,
phione,4,100,
phobos_(vampire),4,58,
phoebe_(granblue_fantasy),4,58,
phoebe_(pokemon),4,276,
phoenix_(azur_lane),4,43,
phoenix_(final_fantasy),4,36,
phoenix_(kancolle),4,57,
phoenix_(last_origin),4,31,
phoenix_(tales),4,170,
phoenix_(x-men),4,42,
phoenix_ikki,4,42,
phoenix_wright,4,1101,
phoenix_wright_(nostalgic_sweater),4,44,
pholia,4,227,
phonon_(under_night_in-birth),4,58,
phosphophyllite,4,2290,
phosphophyllite_(10000),4,50,
phosphophyllite_(ll),4,822,
phosphora,4,69,
photoshop_flowey,4,34,
phrenapates_(blue_archive),4,211,
phrolova_(wuthering_waves),4,41,
phyllis_(cat)_(little_witch_nobeta),4,81,
phyllis_(human)_(little_witch_nobeta),4,38,
phyllis_(little_witch_nobeta),4,120,
physis,4,31,
pi_(.hack//),4,47,
pi_(space_maria),4,33,
piana_(atelier),4,89,
piccolo,4,874,
piccolo_daimaou,4,62,
pichu,4,1144,
pickle_(grappler_baki),4,81,
pickle_pee_pump-a-rum_crow,4,36,
pickles_(reverse:1999),4,72,
picnicker_(pokemon),4,32,
pico_(boku_no_pico),4,55,
pico_(muv-luv_girls_garden),4,10,
pico_(rune_factory),4,41,
picodevimon,4,39,
pictomancer_(final_fantasy),4,80,
pidge_gunderson,4,150,
pidgeot,4,408,
pidgeotto,4,207,
pidgey,4,439,
pidove,4,251,
pieck_finger,4,251,
pien_cat_(needy_girl_overdose),4,496,
pierre_bichelberger,4,281,
pierro_(genshin_impact),4,63,
piers_(pokemon),4,1586,
piers_nivans,4,340,
pietro_maximoff,4,42,
pietro_pakapuka,4,37,
pieyon,4,56,
pig_(buta_no_liver_wa_kanetsu_shiro),4,58,
pig_(kemono_friends),4,133,
pig_(minecraft),4,46,
pignite,4,126,
pika_(pokemon),4,78,
pikachu,4,11755,
pikachu_belle,4,36,
pikachu_libre,4,68,
pikachu_phd,4,30,
pikachu_pop_star,4,51,
pikachu_rock_star,4,30,
pikala_(pokemon),4,24,
pikario_(precure),4,76,
pikipek,4,160,
pikl_(elira_pendora),4,365,
pikupiku,4,49,
pilaf,4,43,
pilar_(cyberpunk),4,38,
pile_(voice_actor),4,49,
pillowdear,4,32,
piloswine,4,106,
pilot_(titanfall_2),4,129,
pim_pimling,4,45,
pina_(blue_archive),4,143,
pina_(guide)_(blue_archive),4,61,
pina_(sao),4,441,
pina_co_lada_(gate),4,40,
pina_korata,4,347,
pinako_rockbell,4,34,
pincurchin,4,162,
pine-chan_ver._1,4,39,
pine_(bombergirl),4,612,
pineco,4,83,
pinecone_(arknights),4,378,
pinecone_(sing_a_song)_(arknights),4,77,
ping-yi,4,39,
ping_hai_(azur_lane),4,628,
ping_hai_(osmanthus_moon_rabbit)_(azur_lane),4,52,
ping_hai_(retrofit)_(azur_lane),4,33,
ping_hai_(summer_vacation)_(azur_lane),4,134,
ping_hai_(warship_girls_r),4,93,
ping_myu_ring_(tandohark),4,109,
pingtsi_(chainsaw_man),4,102,
pingu,4,42,
pink-haired_girl_(kay_yu),4,67,
pink-haired_nun_(404notfound),4,42,
pink_(among_us),4,72,
pink_(konkichi),4,48,
pink_(ohasi),4,140,
pink_delmo,4,50,
pink_loli_(rinechun),4,61,
pink_mercy,4,134,
pink_ranger,4,32,
pink_shoes_(project_moon),4,111,
pinkie_pie,4,389,
pinku_(vtuber),4,90,
pinky-paca_(blue_archive),4,53,
pinky_(pac-man),4,53,
pinky_pop_hepburn,4,152,
pinne_(nikke),4,60,
pino_(boku_no_hero_academia),4,34,
pino_(jashin-chan_dropkick),4,155,
pinocchio_(lies_of_p),4,55,
pinocchio_(sinoalice),4,125,
pinoko,4,195,
pinon_(pripara),4,59,
pinsir,4,179,
pinstress_(hollow_knight),4,11,
pintail_(sword_girls),4,51,
pio_(potion_maker),4,34,
pioneer_(azki),4,55,
pip_bernardotte,4,54,
pipe_(decadence),4,33,
piper_wheel,4,337,
pipimi,4,1232,
pipkin_pippa,4,316,
pipkin_pippa_(1st_costume),4,141,
piplup,4,2523,
pippi_(osu!),4,73,
piranha_plant,4,606,
pirate_(sekaiju),4,60,
piro,4,145,
pirotess,4,196,
piruluk,4,44,
pisaro,4,50,
pisces_aphrodite,4,54,
pish,4,110,
pit_(kid_icarus),4,1427,
pitch_(kirby),4,111,
pitohui_(sao),4,57,
pittman_(alchemy_stars),4,74,
pittsburgh_(azur_lane),4,62,
pittsburgh_(the_bartender's_gambit)_(azur_lane),4,32,
pix_(league_of_legends),4,243,
pixie-bob_(boku_no_hero_academia),4,54,
pixie_(megami_tensei),4,180,
pixie_(monster_farm),4,42,
pixiv-tan,4,427,
pixiv_red,4,245,
piyoko,4,91,
piyoko_(uruha_rushia),4,246,
piyomon,4,220,
piyon_(hunter_x_hunter),4,36,
piyotan_(girls_und_panzer),4,216,
piz,4,32,
pizza_delivery_sivir,4,43,
pk_(girls'_frontline),4,121,
pk_(pmd-explorers),4,46,
pkp_(girls'_frontline),4,260,
plachta,4,198,
plague_doctor_(darkest_dungeon),4,30,
plain_doll,4,601,
plain_girl_(kamisimo_90),4,32,
plains_zebra_(kemono_friends),4,177,
plamja-sama,4,122,
plana_(blue_archive),4,4314,
planol_note,4,51,
plasm_wraith,4,37,
plasma-chan_(kancolle),4,548,
platelet_(hataraku_saibou),4,779,
platinum_(arknights),4,1171,
platinum_(shimmering_dew)_(arknights),4,226,
platinum_the_trinity,4,779,
player_(god_eater_2),4,32,
player_(god_eater_burst),4,79,
player_2_(cloba),4,48,
player_avatar_prototype_(woman)_(kemono_friends),4,31,
player_character_(degrees_of_lewdity),4,61,
player_character_(lineage),4,64,
player_character_(lineage_2),4,148,
player_character_(mabinogi),4,419,
player_character_(mabinogi_heroes),4,85,
player_character_(roblox),4,56,
player_character_(street_fighter_6),4,32,
player_character_(wow),4,850,
playmaker,4,33,
pleiadean,4,78,
pleinair,4,466,
plesioth,4,38,
plotmon,4,59,
plue,4,56,
plug_cryostat,4,34,
plugg_(kirby),4,41,
plume_(arknights),4,348,
plumeria_(fire_emblem),4,177,
plumeria_(pokemon),4,220,
plushmallow,4,203,
plushmallow_(lyn),4,47,
plusle,4,541,
pluto_(omori),4,56,
plymouth_(azur_lane),4,246,
plymouth_(heart-throbbing_refreshment)_(azur_lane),4,54,
pmaru-sama,4,54,
pneuma_(xenoblade),4,911,
pocahontas_(disney),4,50,
pochacco,4,145,
pochi_wanmaru,4,37,
pochimaru_(1st_costume)_(vtuber),4,13,
pochimaru_(2nd_costume)_(vtuber),4,12,
pochimaru_(3rd_costume)_(vtuber),4,15,
pochimaru_(4th_costume)_(vtuber),4,53,
pochimaru_(vtuber),4,150,
pochita_(chainsaw_man),4,1498,
pocket_(deadlock),4,31,
pocketcat_(fear_&_hunger),4,42,
poco_muerte,4,70,
pod_(nier:automata),4,1389,
podenco_(arknights),4,179,
podenco_(wake_up_from_a_nap)_(arknights),4,40,
podo_(hrodvitnir),4,43,
podone,4,30,
poe_dameron,4,37,
poet_(pop'n_music),4,34,
pogranichnik_(arknights),4,104,
pohwaran,4,111,
poi_(last_origin),4,188,
point_(vocaloid),4,59,
poipole,4,174,
poison_(final_fight),4,733,
poison_ivy,4,318,
poison_miku_(project_voltage),4,110,
poke_kid_(pokemon),4,255,
pokemon_breeder_(pokemon),4,72,
pokemon_ranger_(pokemon),4,107,
pokemon_tower_ghost,4,72,
pokka_kanko,4,38,
pokobee,4,515,
pola_(azur_lane),4,552,
pola_(kancolle),4,2238,
pola_(seaside_coincidence)_(azur_lane),4,289,
poland_(hetalia),4,149,
polar_bear_(kemono_friends),4,103,
polari_(super_mario_galaxy),4,35,
polaris_(shinrabanshou),4,51,
polaris_mask_(live_a_hero),4,46,
poli_(nikke),4,121,
police_(helltaker),4,31,
politis_(epic_seven),4,37,
politoed,4,222,
poliwag,4,341,
poliwhirl,4,190,
poliwrath,4,165,
polka_(trusty_bell),4,69,
pollo_(evillious_nendaiki),4,41,
pollux_(fate),4,334,
pollux_(housamo),4,78,
polof,4,64,
polt,4,139,
poltchageist,4,86,
polteageist,4,310,
poltergeist_(reverse:1999),4,36,
polterpup,4,60,
pom-pom_(honkai:_star_rail),4,687,
pomegranate_cookie,4,30,
pomemori,4,46,
pomni_(the_amazing_digital_circus),4,869,
pompompurin,4,339,
pomu_rainpuff,4,1472,
pomu_rainpuff_(1st_costume),4,457,
pomu_rainpuff_(2nd_costume),4,81,
pomu_rainpuff_(3rd_costume),4,60,
pomu_rainpuff_(4th_costume),4,32,
pomudachi_(pomu_rainpuff),4,136,
pon-chan_(mikeneko),4,43,
pon_de_lion,4,204,
poncirus_(arknights),4,92,
poniko,4,411,
poniko_(lielos),4,114,
ponpoko_(vtuber),4,331,
ponta_(kounoike_tsuyoshi),4,86,
pontiff_sulyvahn,4,39,
ponto_nei,4,118,
ponto_nei_(1st_costume),4,58,
ponyo,4,177,
ponyta,4,195,
ponytail_girl_(kamisimo_90),4,88,
poo_(mother_2),4,227,
poochyena,4,251,
poogie,4,65,
pooh,4,163,
pooka_(odin_sphere),4,54,
pool_monitor_part-timer_(dytm),4,60,
pool_party_caitlyn,4,48,
pool_party_leona,4,62,
pool_party_miss_fortune,4,32,
pool_party_zoe,4,31,
pop_(dragon_quest_dai_no_daibouken),4,30,
pop_(smile_precure!),4,51,
pope_(ragnarok_online),4,53,
pope_joan_(fate),4,98,
popee_(popee_the_performer),4,31,
popeye,4,36,
popo_(gigi_murin),4,38,
popo_(ice_climber),4,207,
popoi,4,124,
popoi_(puyopuyo),4,41,
popola,4,157,
popori,4,43,
poporing,4,131,
poporon_(jashin-chan_dropkick),4,118,
poporu_(kemono_friends),4,86,
poppi_(reimu_endou),4,116,
poppi_(xenoblade),4,553,
poppi_alpha_(xenoblade),4,218,
poppi_pipopapo,4,52,
poppi_qt_(xenoblade),4,109,
poppi_qtpi_(xenoblade),4,277,
poppingummy_gochizo,4,11,
popplio,4,1259,
poppy_(animal_crossing),4,39,
poppy_(league_of_legends),4,519,
poppy_(pokemon),4,582,
poppy_bros_jr,4,67,
poppy_girl_(surio),4,35,
popstar_ahri,4,95,
popukar_(arknights),4,186,
popuko,4,1471,
popuri_(fushigi_mahou_fun_fun_pharmacy),4,44,
porco_galliard,4,224,
porco_rosso_(character),4,66,
poring,4,740,
porky_minch,4,72,
porno_(dohna_dohna),4,139,
porno_dianno,4,51,
poro_(league_of_legends),4,305,
porom,4,123,
poromon,4,31,
port-de-paix_mauga,4,10,
portgas_d._ace,4,1173,
portgas_d._anne,4,42,
portgas_d._rouge,4,110,
portland_(azur_lane),4,318,
portland_(retrofit)_(azur_lane),4,37,
portugal_(hetalia),4,35,
porun,4,52,
poruneu,4,57,
porygon,4,218,
porygon-z,4,239,
porygon2,4,181,
poryphone,4,43,
poshul_(chrono_cross),4,33,
pot_of_greed,4,60,
potato_(air),4,86,
potato_(pui_pui_molcar),4,126,
potemayo_(character),4,63,
potemkin_(guilty_gear),4,106,
potpourri_(heartcatch_precure!),4,254,
powai_pichori,4,35,
powder_(arcane),4,101,
power_(chainsaw_man),4,4688,
power_girl,4,383,
powered_buttercup,4,259,
powered_ciel,4,114,
poyomon,4,38,
poyoroid,4,80,
poyoyo_(nakiri_ayame),4,286,
pozyomka_(arknights),4,694,
pozyomka_(snowy_plains_in_words)_(arknights),4,96,
pp-19_(girls'_frontline),4,45,
pp-90_(girls'_frontline),4,54,
ppk_(foliage_romance)_(girls'_frontline),4,38,
ppk_(girls'_frontline),4,337,
ppk_(mach_tempest)_(girls'_frontline),4,35,
pps-43_(girls'_frontline),4,46,
ppsh-41_(girls'_frontline),4,137,
pq_(lamune),4,31,
praetorian_(centurii-chan),4,54,
prairie_(mega_man),4,98,
pram_(phantom_kingdom),4,154,
pramanix_(arknights),4,1093,
pramanix_(caster's_frost)_(arknights),4,74,
pramanix_the_prerita_(arknights),4,222,
pratty,4,64,
praxis_(xenoblade),4,99,
preceptor_seluvis,4,49,
precia_testarossa,4,109,
precis_neumann,4,332,
predator_(character),4,233,
prefect_team_member_(blue_archive),4,86,
prelati_(symphogear),4,53,
presa_(tales),4,75,
preschooler_(pokemon),4,61,
presea_combatir,4,236,
present_mic,4,188,
presia_zenoskis,4,42,
president_(danshi_koukousei),4,49,
president_(pikmin),4,32,
president_maa,4,200,
prester_johanna,4,31,
pretty_sammy_(character),4,72,
priana,4,86,
priapus_a._tarou,4,224,
pride_(fma),4,113,
pride_royal_ivy,4,37,
priecia,4,58,
prier,4,349,
priest_(dq3),4,722,
priest_(ragnarok_online),4,992,
priest_(tera_online),4,82,
priest_(warcraft),4,70,
priest_seto,4,33,
priestess_(arknights),4,160,
priestess_(goblin_slayer!),4,587,
priestess_(ishiyumi),4,33,
priite_hari_(torriet),4,193,
prima_aspallas,4,38,
primal_groudon,4,82,
primal_kyogre,4,93,
primarina,4,710,
primeape,4,127,
primiera_(saga),4,92,
primm,4,126,
primordial_albedo,4,53,
primrose_azelhart,4,227,
primula,4,267,
prince_(sennen_sensou_aigis),4,108,
prince_bubba_gumball,4,37,
prince_demande,4,53,
prince_fluff,4,46,
prince_kanata,4,32,
prince_matthew_(eddsworld),4,13,
prince_of_lan_ling_(eastern_socialite_attire)_(fate),4,47,
prince_of_lan_ling_(fate),4,513,
prince_of_lorasia,4,414,
prince_of_samantoria,4,358,
prince_of_wales_(azur_lane),4,471,
prince_of_wales_(sun_shining_upon_windsor)_(azur_lane),4,98,
prince_of_wales_(the_laureate's_victory_lap)_(azur_lane),4,44,
prince_of_wales_(warship_girls_r),4,125,
princess_(7th_dragon),4,186,
princess_(dynazenon),4,52,
princess_(princess_principal),4,462,
princess_(sekaiju),4,150,
princess_(slay_the_princess),4,97,
princess_2_(sekaiju),4,104,
princess_aeolian,4,68,
princess_allura,4,92,
princess_athena,4,199,
princess_aurora_(child_of_light),4,28,
princess_bitch,4,31,
princess_bonnibel_bubblegum,4,469,
princess_bullet_bill,4,36,
princess_chain_chomp,4,229,
princess_daisy,4,1951,
princess_elise_the_third,4,44,
princess_fumizuki_(arknights),4,31,
princess_goomba,4,30,
princess_guinevere,4,169,
princess_hilda,4,130,
princess_juliette,4,50,
princess_kakyuu,4,45,
princess_king_boo,4,1679,
princess_kraehe,4,73,
princess_laura,4,132,
princess_leia,4,49,
princess_leia_organa_solo,4,256,
princess_leona,4,64,
princess_luna,4,35,
princess_marco_turdina,4,16,
princess_maria_(itoko_(ldoll_itk)),4,13,
princess_mercury,4,30,
princess_minnie_(dq8),4,12,
princess_of_moonbrook,4,788,
princess_of_the_crystal,4,530,
princess_peach,4,6255,
princess_peach_(sunshine),4,30,
princess_peach_(swimwear),4,44,
princess_peach_(wedding),4,105,
princess_piranha_plant,4,43,
princess_ruto,4,232,
princess_sapphire,4,75,
princess_serenity,4,592,
princess_shokora,4,75,
princess_silver,4,35,
princess_tutu_(character),4,194,
princess_white_rose,4,67,
princess_wriggle,4,57,
princess_yan,4,66,
princess_yoshi,4,55,
princess_zelda,4,11344,
princeton_(azur_lane),4,33,
princi_(chainsaw_man),4,72,
principal_(hidamari_sketch),4,31,
principal_(to_love-ru),4,31,
prinny,4,930,
prinplup,4,110,
prinz_adalbert_(after-hours_service)_(azur_lane),4,32,
prinz_adalbert_(azur_lane),4,109,
prinz_eugen_(azur_lane),4,4420,
prinz_eugen_(brilliant_touchdown)_(azur_lane),4,48,
prinz_eugen_(cordial_cornflower)_(azur_lane),4,185,
prinz_eugen_(final_lap)_(azur_lane),4,344,
prinz_eugen_(kancolle),4,5762,
prinz_eugen_(kindred_evening_spirits)_(azur_lane),4,51,
prinz_eugen_(profusion_of_flowers)_(azur_lane),4,137,
prinz_eugen_(symphonic_fate)_(azur_lane),4,153,
prinz_eugen_(unfading_smile)_(azur_lane),4,1098,
prinz_eugen_(warship_girls_r),4,95,
prinz_heinrich_(azur_lane),4,465,
prinz_heinrich_(fireworks_and_tapestries)_(azur_lane),4,45,
prinz_heinrich_(rabbit_on_watch)_(azur_lane),4,36,
prinz_rupprecht_(azur_lane),4,162,
priscilla_(claymore),4,35,
priscilla_(fire_emblem),4,117,
priscilla_(gunxsword),4,45,
priscilla_asagiri,4,86,
priscilla_barielle,4,131,
priscilla_the_crossbreed,4,264,
prishe,4,213,
prism_(dispatch),4,54,
prisma_illya,4,1501,
prisma_illya_(zwei_form),4,46,
prisoner_(elden_ring),4,111,
privaty_(nikke),4,290,
privaty_(unkind_maid)_(nikke),4,171,
problem_solver_sensei_(blue_archive),4,235,
probopass,4,69,
producer_(idolmaster),4,8741,
producer_(idolmaster_anime),4,383,
producer_(idolmaster_cinderella_girls_anime),4,1694,
producer_(idolmaster_cinderella_girls_u149),4,66,
producer_(idolmaster_side-m),4,39,
producer_(idolmaster_side-m_anime),4,63,
professor_(kilsturgeon),4,13,
professor_(neural_cloud),4,151,
professor_(ragnarok_online),4,318,
professor_nemo_(fate),4,142,
professor_niyaniya_(blue_archive),4,680,
professor_ozpin,4,43,
professor_sabaku,4,38,
professor_shinonome,4,513,
professor_tangrowth,4,40,
professor_um,4,82,
professor_utonium,4,42,
project_bunny,4,240,
projekt_red_(arknights),4,897,
projekt_red_(light_breeze)_(arknights),4,212,
prometheus_(honkai_impact),4,102,
prometheus_(mega_man),4,88,
promised_consort_radahn,4,61,
prompto_argentum,4,375,
pronama-chan,4,47,
pronghorn_(kemono_friends),4,136,
prosciutto,4,657,
prospera_mercury,4,175,
protagonist_(caligula),4,89,
protagonist_(crave_saga),4,257,
protagonist_(devil_survivor),4,99,
protagonist_(devil_survivor_2),4,43,
protagonist_(digimon_world),4,33,
protagonist_(doki_doki_literature_club),4,90,
protagonist_(eiyuu_senki),4,36,
protagonist_(elona),4,61,
protagonist_(f-kare),4,50,
protagonist_(light_and_night_love),4,88,
protagonist_(lost_property_control_organization),4,112,
protagonist_(love_and_deepspace),4,256,
protagonist_(love_and_producer),4,67,
protagonist_(metaphor:_refantazio),4,70,
protagonist_(no_i'm_not_a_human),4,55,
protagonist_(pso2),4,503,
protagonist_(romancing_saga_2),4,46,
protagonist_(smtv),4,524,
protagonist_(susanghan_messenger),4,34,
protagonist_(the_murder_of_sonic_the_hedgehog),4,37,
protagonist_(tokimemo_gs2),4,73,
protagonist_(tokimemo_gs3),4,190,
protagonist_(tokimemo_gs4),4,77,
protagonist_(yomawari),4,78,
protagonist_1_(housamo),4,205,
protagonist_2_(housamo),4,436,
protagonist_3_(housamo),4,1080,
protagonist_4_(housamo),4,429,
protagonist_5_(housamo),4,127,
protean_assassin_melona,4,314,
proto_man,4,259,
proto_miku_(cheri_zao),4,60,
protoman.exe,4,80,
proton_(pokemon),4,123,
prototype_bulin_mkii_(azur_lane),4,56,
prototype_labiata,4,117,
provence_(arknights),4,401,
provence_(casual_vacation)_(arknights),4,97,
prowl_(transformers),4,77,
prunce_(precure),4,125,
prune_(bombergirl),4,44,
prunechi,4,161,
prusena_(haevest),4,70,
prushka,4,355,
prussia_(hetalia),4,571,
pryce_(pokemon),4,82,
ps5_chan,4,93,
psg-1_(girls'_frontline),4,31,
psychic_(7th_dragon),4,48,
psychic_miku_(project_voltage),4,250,
psycho_mantis,4,40,
psychos_(one-punch_man),4,70,
psyco_gundam,4,58,
psyco_gundam_mk_ii,4,40,
psyduck,4,869,
psylocke,4,236,
psylocke_(fleeting_butterfly),4,18,
pt_imp_group,4,196,
pteromon,4,42,
ptilopsis_(arknights),4,817,
ptilopsis_(elite_ii)_(arknights),4,107,
ptilopsis_(serenity)_(arknights),4,78,
ptolemy_(fate),4,76,
ptrd_(girls'_frontline),4,76,
puar,4,121,
pubraseer_(live_a_hero),4,80,
puchiko,4,237,
puck_(berserk),4,92,
puck_(re:zero),4,502,
pudding_(arknights),4,59,
pudding_(tonpuu),4,58,
pudding_(zoza),4,76,
puff_(go!_princess_precure),4,116,
pukamon,4,47,
pulao:_dragontoll_(punishing:_gray_raven),4,47,
pulao_(punishing:_gray_raven),4,93,
pulao_wind_of_the_yang_zing,4,36,
pulcinella_(genshin_impact),4,40,
pullum_purna,4,33,
pulonia_(genshin_impact),4,198,
pumpka_phantom_(stella_sora),4,13,
pumpkaboo,4,441,
punch_up_(dispatch),4,27,
punchy_(animal_crossing),4,54,
puni_(atelier),4,138,
puni_(miku_plus),4,229,
punicorn,4,33,
punimon,4,35,
puniru_(puniru_wa_kawaii_slime),4,345,
punishing_bird,4,209,
punk_girl_(pokemon),4,136,
punt_(kienbiu),4,100,
pupitar,4,62,
puppy_(bbybluemochi),4,52,
puppycat,4,34,
purah,4,1157,
pure_vanilla_cookie,4,43,
purestream_(arknights),4,61,
puri_puri_prisoner,4,38,
purifier_(azur_lane),4,91,
purifying_wind_(infinity_nikki),4,82,
puris_(master_of_eternity),4,36,
purple_(among_us),4,80,
purple_haired_elf_(houtengeki),4,70,
purple_haze_(stand),4,125,
purple_heart_(goddesses'_promise),4,61,
purple_heart_(lilac_cool)_(neptunia),4,22,
purple_heart_(lost_purple)_(neptunia),4,516,
purple_heart_(neptunia),4,1622,
purple_heart_(ninja_wars)_(neptunia),4,21,
purple_kecleon,4,47,
purple_pikmin,4,449,
purple_sister,4,340,
purple_sister_(lilac_mk2),4,74,
purrloin,4,300,
pursena_adoldia,4,52,
puru-see_(hoshizuki_(seigetsu)),4,682,
puru_two,4,643,
purugly,4,114,
pururun,4,62,
pururut,4,309,
puss_in_boots_(shrek),4,126,
putin_(usavich),4,31,
putotyra_(ooo_combo),4,42,
putty_(phantom_brave),4,54,
puu_(amagami),4,31,
puui_(grandia),4,118,
puyo_(puyopuyo),4,703,
puzzle_(arknights),4,68,
px4_storm_(girls'_frontline),4,88,
pyke_(league_of_legends),4,46,
pyo_ih-yeon,4,38,
pyocomon,4,53,
pyonkichi,4,34,
pyonko,4,55,
pyonta,4,3012,
pyotr_(madoka_magica),4,221,
pyra_(pro_swimmer)_(xenoblade),4,972,
pyra_(xenoblade),4,7033,
pyra_(xenoblade)_(prototype),4,31,
pyramid_head,4,413,
pyrite_(ironbunz),4,56,
pyro_(tf2),4,379,
pyro_jack,4,116,
pyroar,4,71,
pyroar_(female),4,34,
pyroar_(male),4,41,
pyron,4,42,
pyrrha_alexandra,4,95,
pyrrha_nikos,4,670,
python_(fire_emblem),4,79,
python_(girls'_frontline),4,100,
pyukumuku,4,445,
pzb39_(girls'_frontline),4,32,
q-bee,4,267,
q-feuille,4,34,
q-tarou,4,37,
q.e.deux_(duel_masters),4,10,
q_(control),4,133,
q_(street_fighter),4,63,
qanipalaat_(arknights),4,34,
qbby,4,31,
qbu-88_(girls'_frontline),4,90,
qbz-191_(girls'_frontline),4,68,
qi_sili,4,67,
qi_xi,4,32,
qian_renxue_(douluo_dalu),4,188,
qian_ye_(qys3),4,80,
qiao_ling,4,59,
qifrey_(tongari_boushi_no_atelier),4,47,
qin_liangyu_(chainsaw_of_the_dead)_(fate),4,50,
qin_liangyu_(fate),4,447,
qin_yi_(shining_nikki),4,129,
qinglong_(housamo),4,104,
qingque_(honkai:_star_rail),4,428,
qingyi_(zenless_zone_zero),4,781,
qiqi_(genshin_impact),4,2815,
qiu_(19_tian),4,25,
qiu_tong,4,60,
qiu_yue_(vtuber),4,42,
qiubai_(arknights),4,81,
qiya_(kia_098),4,51,
qiyana_(league_of_legends),4,240,
qol_(kabane_(rjev8385)),4,103,
qrow_branwen,4,81,
qt_(space_dandy),4,56,
qu_(punishing:_gray_raven),4,134,
quackity,4,130,
quagsire,4,534,
qualia_qu,4,43,
quan_(fire_emblem),4,71,
quanxi_(chainsaw_man),4,854,
quaquaval,4,170,
quarantine_722_wraith,4,91,
quatre_raberba_winner,4,85,
quatre_salision,4,40,
quattro_(nanoha),4,81,
quattro_bajeena,4,330,
quaxly,4,801,
quaxwell,4,64,
qubeley,4,191,
qubeley_mk_ii,4,84,
queadluun-rau,4,37,
queen_(deltarune),4,33,
queen_(one_piece),4,51,
queen_(snow_white),4,43,
queen_aldra,4,108,
queen_anne's_revenge_(azur_lane),4,110,
queen_anne's_revenge_(call_of_the_creeping_embrace)_(azur_lane),4,68,
queen_dizzy,4,123,
queen_draco_(beast_vi/s)_(fate),4,39,
queen_draco_(fate),4,669,
queen_draco_(first_ascension)_(fate),4,133,
queen_draco_(second_ascension)_(fate),4,205,
queen_draco_(third_ascension)_(fate),4,176,
queen_elizabeth_(azur_lane),4,742,
queen_grimhilde,4,30,
queen_marika_the_eternal,4,408,
queen_mirage,4,95,
queen_of_hatred,4,187,
queen_of_hearts_(alice_in_wonderland),4,215,
queen_of_mane,4,40,
queen_of_pain_(dota),4,35,
queen_of_sheba_(fate),4,573,
queen_of_sunlight_gwynevere,4,147,
queen_sectonia,4,141,
queen_serenity,4,37,
queen_tia_(mega_man),4,39,
queen_zeal,4,39,
queenie_(mechanical_buddy_universe),4,43,
queequeg_(project_moon),4,35,
quelaag's_sister,4,45,
quency_(escape_queen)_(nikke),4,106,
quency_(nikke),4,138,
quercus_(arknights),4,106,
quess_paraya,4,126,
quest_receptionist_(monster_hunter_3_ultimate),4,42,
quetzalcoatl_(fate),4,648,
quetzalcoatl_(samba_santa)_(fate),4,73,
quick_camel,4,43,
quick_man,4,122,
quickie_(tales),4,84,
quicksilver,4,59,
quiet_(metal_gear),4,273,
quilava,4,357,
quildren_(ike_eveland),4,57,
quilladin,4,34,
quina_quen,4,140,
quincy_(ancient_ceremony)_(nu_carnival),4,12,
quincy_(arctic_warden)_(nu_carnival),4,11,
quincy_(azur_lane),4,37,
quincy_(blossoming_legend)_(nu_carnival),4,15,
quincy_(buckeye_miracle)_(nu_carnival),4,18,
quincy_(distant_promise)_(nu_carnival),4,24,
quincy_(nu_carnival),4,181,
quincy_(shackled_thug)_(nu_carnival),4,25,
quincy_(smoked_timber)_(nu_carnival),4,21,
quincy_(snow_patrol)_(nu_carnival),4,12,
quincy_(summer_landfall)_(nu_carnival),4,17,
quincy_(warship_girls_r),4,126,
quinella,4,164,
quinn_(league_of_legends),4,84,
quirrel,4,41,
quistis_trepe,4,202,
quna_(pso2),4,185,
quon_tama,4,39,
quote_(doukutsu_monogatari),4,195,
qwilfish,4,106,
r-9a_arrowhead,4,49,
r-trus_(machina_x_flayon),4,37,
r._blackriver_agogo,4,86,
r2-d2,4,99,
r93_(girls'_frontline),4,83,
r93_(holiday_lucky_star)_(girls'_frontline),4,48,
r_daneel_olivaw,4,134,
r_dorothy_wayneright,4,211,
rabbid,4,78,
rabbit_yukine,4,1275,
rabi-tan,4,35,
rabii,4,81,
rabimea_(ichiri),4,45,
rabirin_(precure),4,143,
rabite,4,91,
raboot,4,355,
rabu_(blue_archive),4,153,
racaseal,4,42,
raccoon_(trickster),4,30,
raccoon_girl_(batrobin_k),4,11,
rachael_foley,4,44,
rachel_(master_of_eternity),4,44,
rachel_(ninja_gaiden),4,58,
rachel_(pokemon),4,69,
rachel_(seisou_fude_no_tabibito),4,34,
rachel_alucard,4,1055,
rachel_gardner,4,361,
rachel_ransom,4,32,
rachel_shiori_guardian,4,69,
rachnera_arachnera,4,530,
racing_miku,4,1231,
racing_miku_(2010),4,39,
racing_miku_(2011),4,88,
racing_miku_(2012),4,47,
racing_miku_(2013),4,122,
racing_miku_(2013_sepang_ver.),4,50,
racing_miku_(2014),4,119,
racing_miku_(2015),4,72,
racing_miku_(2016),4,35,
racing_miku_(2017),4,40,
racing_miku_(2018),4,45,
racing_miku_(2020),4,39,
racing_miku_(2021),4,36,
racing_miku_(2022),4,497,
racing_miku_(2023),4,58,
racing_miku_(2024),4,32,
rackam_(granblue_fantasy),4,129,
rad_shiba,4,31,
radagon_of_the_golden_order,4,141,
radian_(paradiso_guardian),4,42,
radiant_soul_(elsword),4,40,
raditz,4,219,
rae_(rob_ishi),4,51,
rae_(ryuuxin),4,11,
rae_taylor,4,179,
rafael_(coral_island),4,56,
rafal_(fire_emblem),4,61,
rafayel_(love_and_deepspace),4,168,
raffina_(puyopuyo),4,143,
rafululu_love_(duel_masters),4,54,
rag_uralo,4,33,
ragatha_(the_amazing_digital_circus),4,188,
ragdoll_(boku_no_hero_academia),4,95,
raggy_(infinity_nikki),4,11,
raging_bolt,4,60,
ragna_the_bloodedge,4,1421,
ragnarok_(demon_sword),4,109,
ragnarok_(phantom_of_the_kill),4,33,
rahu_(path_to_nowhere),4,406,
rahulk_(forever_7th_capital),4,77,
raichu,4,911,
raideen_(mecha),4,36,
raiden_(hayabusa),4,40,
raiden_(metal_gear),4,448,
raiden_mei,4,3701,
raiden_mei_(apho),4,335,
raiden_mei_(class_preparation),4,10,
raiden_mei_(crimson_impulse),4,82,
raiden_mei_(danzai_spectramancer),4,118,
raiden_mei_(herrscher_of_origin),4,290,
raiden_mei_(herrscher_of_thunder),4,1071,
raiden_mei_(lightning_empress),4,131,
raiden_mei_(shadow_dash),4,48,
raiden_mei_(striker_fulminata),4,155,
raiden_mei_(ultramarine_octave),4,13,
raiden_mei_(valkyrie_bladestrike),4,189,
raiden_shogun,4,14690,
raiden_shogun_(2nd_anniversary),4,92,
raiden_shogun_(magatsu_mitake_narukami_no_mikoto),4,174,
raiden_shuga,4,42,
raidy,4,82,
raifort_(pokemon),4,99,
raigh_(fire_emblem),4,79,
raihan_(anniversary_2022)_(pokemon),4,72,
raihan_(pokemon),4,3238,
raijin,4,39,
raiju_(monster_girl_encyclopedia),4,39,
raika_(rune_(dualhart)),4,68,
raika_grace,4,58,
raikoh_(paradiso_guardian),4,40,
raikou,4,385,
raimon_natsumi,4,267,
rain_(sao),4,67,
rain_(shadow_slave),4,72,
rain_mikamura,4,245,
rain_toushulkuru_(kyuutou),4,69,
rainbow_dash,4,453,
rainbow_dash_(equestria_girls),4,45,
rainbow_mika,4,931,
raine_sage,4,120,
rainfall_&_blossoms_(infinity_nikki),4,64,
rainhoe,4,49,
raisa_pottgen,4,141,
raising_heart,4,2154,
raising_heart_(accel_mode),4,237,
raising_heart_(accel_mode)(2nd),4,44,
raising_heart_(buster_mode),4,71,
raising_heart_(cannon_mode),4,48,
raising_heart_(device_mode),4,85,
raising_heart_(device_mode)(1st),4,111,
raising_heart_(exceed_mode),4,103,
raising_heart_(exelion_mode),4,63,
raising_heart_(standby_mode),4,240,
raising_heart_estrea,4,31,
raito-kun_(uenomigi),4,181,
rajaki_(oboro_muramasa),4,33,
rajang,4,182,
rakan_(league_of_legends),4,196,
rakeru_(dokidoki!_precure),4,184,
rakka_(haibane),4,277,
rakkun_sutaru,4,56,
rakshata_chawla,4,47,
rakugaki-chan,4,85,
rakushun_(juuni_kokuki),4,35,
ral-san,4,70,
rald_schwarz,4,53,
ralf_jones,4,147,
rally_vincent,4,182,
ralsei,4,291,
ralts,4,739,
ram_(neptunia),4,400,
ram_(re:zero),4,2784,
ram_(shadows_house),4,39,
rama_(fate),4,246,
ramattra_(overwatch),4,69,
ramba_ral,4,36,
ramblin'_evil_mushroom,4,49,
ramiel_(evangelion),4,107,
ramina_(baallore),4,102,
ramirisu,4,35,
ramlethal_valentine,4,1883,
rammus,4,35,
ramon_(kof),4,52,
ramon_salazar,4,30,
ramona_(the_prey),4,54,
ramona_flowers,4,266,
rampardos,4,73,
rampart_(apex_legends),4,256,
ramuh,4,32,
ramza_beoulve,4,398,
ran-ran,4,63,
ran_(7th_dragon),4,61,
ran_(elsword),4,31,
ran_(mitama_~shinobi~),4,35,
ran_(shugo_chara!),4,87,
ran_(urusei_yatsura),4,130,
ran_nagisa,4,277,
ran_straherz,4,112,
rana_(queen's_blade),4,113,
rana_(vocaloid),4,67,
ranamon,4,65,
ranboo,4,131,
rance,4,231,
rance_(dokidoki!_precure),4,132,
rand_(gyee),4,76,
randal_orlando,4,39,
randall_boggs,4,68,
randi,4,94,
randolph_orlando,4,113,
randou_rino,4,50,
randou_serika,4,55,
range_(mondi_hl),4,36,
ranger_(2022_race_queen)_(kancolle),4,17,
ranger_(azur_lane),4,85,
ranger_(elsword),4,36,
ranger_(final_fantasy),4,45,
ranger_(kancolle),4,434,
ranger_(ragnarok_online),4,303,
ranger_(sekaiju),4,83,
ranger_(warship_girls_r),4,46,
ranger_2_(sekaiju),4,33,
rangers_(arknights),4,56,
rani_viii,4,75,
ranka_lee,4,2339,
ranma-chan,4,2211,
ranni_the_witch,4,1844,
ranpha_(princess_connect!),4,93,
ranpha_franboise,4,350,
ransei_(mahjong_soul),4,32,
ranulf_(considerate_gaze)_(fire_emblem),4,19,
ranulf_(fire_emblem),4,123,
ranzal_(dragalia_lost),4,79,
raoh_(hokuto_no_ken),4,159,
raora_panthera,4,968,
raora_panthera_(1st_costume),4,42,
raoul_(ohayousan_084),4,46,
rapha_galthena,4,74,
raphael_(tmnt),4,140,
raphael_kirsten,4,208,
raphica_(zelda),4,15,
raphiel_shiraha_ainsworth,4,271,
raphtalia,4,1268,
raphtalia_(young),4,463,
rapi_(classic_vacation)_(nikke),4,126,
rapi_(hashiko_nowoto),4,23,
rapi_(nikke),4,812,
rapi_(red_hood)_(cherished_red)_(nikke),4,92,
rapidash,4,271,
rapier-chan_(centurii),4,33,
rapp_(grandia),4,52,
rappa_(honkai:_star_rail),4,62,
rappy,4,87,
rapua_qive,4,79,
rapunzel_(disney),4,287,
rapunzel_(grimm),4,58,
rapunzel_(nikke),4,174,
rapunzel_(sinoalice),4,72,
rapute_(migihidari),4,61,
raqio,4,217,
raquel_applegate,4,92,
rara_(g_(genesis1556)),4,67,
raraiya_monday,4,92,
rarity_(my_little_pony),4,358,
rashid_(street_fighter),4,106,
rashinban_musume,4,177,
rasis,4,200,
raspberyl,4,311,
rasputin_(fate),4,104,
rat_god_(mad_rat_dead),4,68,
ratatos_browntail_(arknights),4,54,
ratatoskr_(fire_emblem),4,70,
ratatoskr_(monster_girl_encyclopedia),4,32,
ratchet_(transformers),4,112,
ratchet_altair,4,55,
ratel_(kemono_friends),4,50,
rath_(fire_emblem),4,32,
rathalos,4,215,
rathalos_s_noir_corne_(arknights),4,38,
rathian,4,90,
raticate,4,219,
ratna_petit,4,368,
ratna_petit_(1st_costume),4,54,
ratna_petit_(2nd_costume),4,58,
ratna_petit_(5th_costume),4,34,
rattata,4,356,
ratti_(modern_mogal),4,31,
rauru_(tears_of_the_kingdom),4,105,
ravage_(transformers),4,55,
ravel_phenex,4,213,
raven_(dc),4,1196,
raven_(fate),4,56,
raven_(fire_emblem),4,57,
raven_(guilty_gear),4,43,
raven_(honkai_impact),4,222,
raven_(notorious_teacher)_(tales),4,38,
raven_(path_to_nowhere),4,42,
raven_(tales),4,626,
raven_beak_(metroid),4,30,
raven_branwen,4,139,
raven_cronwell,4,296,
ravi_(epic_seven),4,35,
raviel,4,32,
ravio,4,77,
ravness_loxaerion,4,74,
ray_(arknights),4,226,
ray_(thunder_emperor)_(aotu_world),4,18,
ray_(yakusoku_no_neverland),4,246,
ray_littlechamber,4,49,
ray_lovelock,4,30,
ray_the_flying_squirrel,4,30,
rayearth_(character),4,45,
rayet_areash,4,86,
rayfa_padma_khura'in,4,63,
rayman,4,32,
raymond_(animal_crossing),4,162,
raynare,4,236,
rayne_(bloodrayne),4,35,
rayne_ames,4,65,
rayquaza,4,619,
raze_(valorant),4,42,
razia,4,212,
raziel_(granblue_fantasy),4,150,
raziel_(page_71_book_of_mischief_on_cataclysms)_(granblue_fantasy),4,15,
raziel_(summer)_(granblue_fantasy),4,87,
razmi_(indivisible),4,69,
razor_(genshin_impact),4,941,
rche_(beatmania),4,89,
re-class_battleship,4,2302,
re-gz,4,31,
re-ka-chan,4,30,
re-l_mayer,4,70,
re_mii,4,284,
reah_(ys),4,60,
reala_(tales),4,163,
rean_schwarzer,4,564,
reanbell,4,76,
reaper_(final_fantasy),4,182,
reaper_(overwatch),4,543,
reaper_(tera_online),4,100,
reaper_1_(sekaiju),4,52,
rebecca_(cyberpunk),4,1709,
rebecca_(fire_emblem),4,149,
rebecca_(one_piece),4,178,
rebecca_anderson,4,69,
rebecca_arcane,4,49,
rebecca_bluegarden,4,188,
rebecca_chambers,4,223,
rebecca_hopkins,4,36,
rebecca_miyamoto,4,479,
rebecca_streisand,4,121,
rebel_pilot,4,57,
rebellion_(ragnarok_online),4,99,
reborn,4,67,
reborns_gundam,4,41,
reccoa_londe,4,36,
receptionist_girl_(amagi_shino),4,88,
recette_lemongrass,4,80,
recipipi,4,46,
reckless_fist_(elsword),4,74,
reco,4,149,
recoome,4,49,
recri,4,68,
red-eared_slider_(kemono_friends),4,72,
red-eyes_black_dragon,4,59,
red-leg_zeff,4,43,
red_(among_us),4,286,
red_(angry_birds),4,46,
red_(champion)_(pokemon),4,39,
red_(dq8),4,39,
red_(konkichi),4,52,
red_(neptunia),4,46,
red_(npc)_(arknights),4,70,
red_(pokemon),4,4801,
red_(saga_frontier),4,33,
red_(sygna_suit)_(pokemon),4,163,
red_(sygna_suit)_(thunderbolt)_(pokemon),4,41,
red_(transistor),4,38,
red_(warioware),4,142,
red_amitie,4,40,
red_arcueid,4,110,
red_arremer,4,45,
red_beryl_(houseki_no_kuni),4,50,
red_blood_cell_(hataraku_saibou),4,422,
red_crown_(cult_of_the_lamb),4,119,
red_demoman_(tf2),4,59,
red_desire_(umamusume),4,446,
red_dragon_(kemono_friends),4,86,
red_dragon_archfiend,4,50,
red_engineer_(tf2),4,112,
red_eruma,4,44,
red_fox_(kemono_friends),4,135,
red_girl_(yuuhagi_(amaretto-no-natsu)),4,122,
red_haired_cure_(bomber_girls_precure)_(happinesscharge_precure!),4,31,
red_haired_girl_(nagioka),4,37,
red_hare_(fate),4,57,
red_heavy_(tf2),4,94,
red_hood_(black_souls),4,64,
red_hood_(dc),4,144,
red_hood_(nikke),4,537,
red_hood_(nonsense_red)_(nikke),4,95,
red_hood_(retro_days)_(nikke),4,141,
red_junglefowl_(kemono_friends),4,30,
red_little_pig_(sinoalice),4,35,
red_mage_(final_fantasy),4,417,
red_mask_(arizuka),4,31,
red_medic_(tf2),4,85,
red_panda_(ex)_(kemono_friends),4,116,
red_panda_(kemono_friends),4,171,
red_pikmin,4,912,
red_pyro_(tf2),4,228,
red_ranger,4,37,
red_riding_hood_(sinoalice),4,332,
red_ruby_(rainbow_bubblegem),4,10,
red_scout_(tf2),4,91,
red_sniper_(tf2),4,81,
red_soldier_(tf2),4,72,
red_sonja,4,54,
red_spy_(tf2),4,65,
red_toad_(mario),4,351,
red_velvet_cookie,4,41,
red_xiii,4,436,
redluck,4,38,
redman_(character),4,34,
redmane_freyja,4,33,
reed_(arknights),4,750,
reed_(emerald_holiday)_(arknights),4,31,
reed_the_flame_shadow_(arknights),4,403,
reed_the_flame_shadow_(curator)_(arknights),4,55,
reed_the_flame_shadow_(summer_flowers)_(arknights),4,64,
reese_(mk001black),4,33,
reeshaddoll_wendikurhu,4,12,
reeve_tuesti,4,50,
refia,4,91,
reficul_(haiiro_teien),4,44,
refithea_(brown_dust),4,46,
regal_bryan,4,71,
regene_regetta,4,92,
regensburg_(azur_lane),4,156,
regensburg_(dark_dragon_brilliant_beach)_(azur_lane),4,74,
regice,4,191,
regidrago,4,57,
regieleki,4,70,
regigigas,4,173,
regina_(dino_crisis),4,100,
regina_(dokidoki!_precure),4,758,
regina_mercedes,4,78,
reginn_(fire_emblem),4,97,
regirock,4,151,
regis_(world_flipper),4,31,
regis_altare,4,425,
registeel,4,186,
regrush_lionheart,4,65,
regu_(made_in_abyss),4,715,
regult,4,88,
regulus_(reverse:1999),4,439,
rehydrated_ganondorf,4,45,
rei-chan_(konachiu),4,52,
rei_(breath_of_fire),4,73,
rei_(chaos_zero_nightmare),4,45,
rei_(cookie),4,588,
rei_(cosmic_break),4,71,
rei_(granblue_fantasy),4,69,
rei_(guilty_gear),4,201,
rei_(hokuto_no_ken),4,90,
rei_(len'en),4,41,
rei_(nikke),4,59,
rei_(nu_carnival),4,48,
rei_(persona_q),4,32,
rei_(pokemon),4,827,
rei_(princess_connect!),4,178,
rei_(puyopuyo),4,66,
rei_(summer)_(princess_connect!),4,32,
rei_(urusei_yatsura),4,32,
rei_chikita,4,59,
rei_membami,4,42,
rei_shimobe,4,87,
reid_hershel,4,162,
reiga_mieru,4,154,
reigen_arataka,4,772,
reiji_(gundam_bf),4,146,
reijo_(blue_archive),4,578,
reika_(dream_c_club),4,71,
reika_(lucadark_art),4,12,
reika_(time_gal),4,42,
reiko_(super_cub),4,68,
reiko_(tofuubear),4,84,
reiko_holinger,4,121,
reimu_endou,4,619,
reimu_endou_(1st_costume),4,84,
reimu_endou_(2nd_costume),4,48,
reimusan_(jotti),4,88,
rein_(futagohime),4,281,
reina_(fire_emblem),4,41,
reina_(maitetsu),4,38,
reina_(mon-musu_quest!),4,44,
reina_(phantom_rose),4,56,
reina_(tekken),4,247,
reina_(xipuria),4,32,
reina_prowler,4,396,
reindeer_(kemono_friends),4,158,
reiner_braun,4,1487,
reines_el-melloi_archisorte,4,1240,
reinesia_el_arte_cowen,4,49,
reinforce,4,755,
reinforce_zwei,4,867,
reinhard_van_astrea,4,137,
reinhard_von_lohengramm,4,100,
reinhardt_(alchemy_stars),4,31,
reinhardt_(fire_emblem),4,215,
reinhardt_(overwatch),4,324,
reinhardtzar,4,113,
reiroukan_misaya,4,46,
reis_duelar,4,48,
reisa_(blue_archive),4,1322,
reisa_(magical)_(blue_archive),4,819,
reisalin_stout,4,3553,
reisalin_stout_(late_night_alchemist),4,47,
reisen_(touhou_bougetsushou),4,851,
reisen_udongein_inaba,4,26936,
reisen_udongein_inaba_(bunny),4,44,
reith,4,34,
reiuji_utsuho,4,17874,
reiuji_utsuho_(bird),4,1502,
reiyu_guigui,4,45,
reiza,4,61,
reizei_hisako,4,37,
reizei_mako,4,3021,
rekenber_guard,4,48,
reki_(haibane),4,144,
reki_(hidan_no_aria),4,51,
relena_peacecraft,4,212,
relic_hunter_shantae,4,11,
relicanth,4,114,
relius_clover,4,60,
rellana_twin_moon_knight,4,117,
relm_arrowny,4,301,
rem_(death_note),4,84,
rem_(re:zero),4,8960,
rem_galeu,4,125,
rem_kanashibari_(1st_costume),4,12,
remi_altava,4,31,
remi_puguna,4,38,
remilia_nephys,4,36,
remilia_nephys_(remi_1.0),4,17,
remilia_scarlet,4,52085,
remilia_scarlet_(bat),4,35,
reml,4,104,
remnan_(gnosia),4,225,
remoraid,4,191,
remus_john_lupin,4,37,
remy_(elsword),4,144,
remy_(street_fighter),4,51,
ren_(dears),4,56,
ren_(dramatical_murder),4,111,
ren_(fragile),4,55,
ren_(witch's_weapon),4,66,
ren_hakuei,4,72,
ren_hakuryuu,4,99,
ren_kougyoku,4,258,
ren_kouha,4,58,
ren_wu_ying,4,32,
ren_zotto,4,157,
rena_(jiseki_rena),4,72,
rena_(piratescat01),4,58,
rena_(sky-freedom),4,48,
rena_(uchihime),4,11,
rena_(watamote),4,57,
rena_erindel,4,789,
rena_geminis,4,30,
rena_lanford,4,428,
renais_cardiff_shishiou,4,50,
renamon,4,500,
renard_beauchene_(nat_the_lich),4,82,
renata_alekseevna_tsvetaeva,4,154,
renata_glasc,4,30,
renboukouji_akira,4,40,
rene_(kuramochi_meruto),4,57,
renee_(negative_hero),4,156,
renee_costa,4,109,
renekton,4,120,
renga_(yakihebi),4,106,
rengar,4,143,
renge_(bishoujo_mangekyou),4,71,
renge_(blue_archive),4,342,
renge_(ngetyan),4,47,
renge_miyamoto,4,35,
rengeteki_(touhou),4,46,
rengoku_(fate),4,127,
rengoku_(first_ascension)_(fate),4,70,
rengoku_kyoujurou,4,1067,
rengoku_ruka,4,42,
rengoku_senjurou,4,103,
rengoku_shinjurou,4,49,
renjouji_beru,4,129,
renka_(senran_kagura),4,102,
renkin_arthur,4,45,
rennala_queen_of_the_full_moon,4,161,
renne_(eiyuu_densetsu),4,479,
reno_(azur_lane),4,438,
reno_(biggest_little_cheerleader)_(azur_lane),4,138,
reno_(ff7),4,366,
reno_(reno_bunnino)_(azur_lane),4,126,
reno_(summer_spin-off)_(azur_lane),4,54,
renoa_(chaos_zero_nightmare),4,59,
renown_(azur_lane),4,110,
renown_(warship_girls_r),4,121,
rensouhou-chan,4,5992,
rensouhou-kun,4,1608,
renton_thurston,4,251,
renz_(rirene_rn),4,68,
renzu_(mushishi),4,82,
reo_(haozz),4,33,
reona_west,4,429,
repede_(tales),4,311,
replica_(world_trigger),4,32,
reporter_(diva),4,11,
reporter_waddle_dee,4,78,
reppuu_(kancolle),4,137,
repulse_(azur_lane),4,120,
repulse_(warship_girls_r),4,33,
rera,4,30,
rerir_(genshin_impact),4,278,
rery,4,72,
rescue_officer_(pikmin),4,281,
reset_kalar,4,122,
resha_(cosmic_break),4,43,
reshiram,4,720,
reshitelny_(warship_girls_r),4,55,
resi,4,31,
resna_sternenlicht,4,104,
resplendent_quetzal_(kemono_friends),4,46,
restya,4,31,
reszurre,4,143,
retar,4,57,
retia_adolf,4,86,
reticulated_giraffe_(kemono_friends),4,436,
retoree_(show_by_rock!!),4,266,
retsuko,4,59,
reu_(cookie),4,520,
reu_daikon,4,47,
reuniclus,4,434,
reunion_soldier_(arknights),4,184,
revali,4,262,
revenant_(apex_legends),4,395,
revenant_(doom),4,35,
reverie_metherlence,4,93,
revia_serge,4,38,
revive_revival,4,71,
revolver_knuckle,4,387,
revolver_ocelot,4,158,
revy_(black_lagoon),4,967,
revya,4,48,
revya_(female),4,46,
rex_(xenoblade),4,1563,
rex_lapis_(genshin_impact),4,423,
rex_zero_1_(girls'_frontline),4,33,
rexer_(live_a_hero),4,40,
rey_(star_wars),4,144,
rey_za_burrel,4,60,
reyn_(xenoblade),4,89,
reyna_(valorant),4,101,
reyson_(fire_emblem),4,36,
reze_(chainsaw_man),4,2121,
rfb_(girls'_frontline),4,478,
rfb_(how_rfb_stole_xmas)_(girls'_frontline),4,54,
rhaast,4,66,
rhajat_(fire_emblem),4,93,
rhea_(fire_emblem),4,930,
rhea_(halloween)_(fire_emblem),4,43,
rhea_(stryker324),4,22,
rhea_(summer)_(fire_emblem),4,220,
rhea_(virtuareal),4,32,
rhein_kraft_(casual)_(umamusume),4,47,
rhein_kraft_(dream_successor)_(umamusume),4,149,
rhein_kraft_(umamusume),4,326,
rhodes_island_medic_(arknights),4,42,
rhydon,4,194,
rhyhorn,4,110,
rhyperior,4,81,
rhys_(fire_emblem),4,72,
rhythm_(duet_night_abyss),4,17,
ri-class_heavy_cruiser,4,769,
ri_kouran,4,170,
rianastia_flugel,4,72,
rias_gremory,4,1374,
riasu-chan_(ayuma_sayu),4,106,
ribbon_(happinesscharge_precure!),4,84,
ribbon_(kirby),4,408,
ribbon_(kitavana),4,11,
ribbon_(rabi-ribi),4,75,
ribbon_girl_(arms),4,108,
ribbons_almark,4,92,
ribeyrolles_(girls'_frontline),4,303,
ribombee,4,347,
ricardo_milos,4,45,
ricardo_soldato,4,33,
rice_shower_(boc'z)_(umamusume),4,47,
rice_shower_(happiness_just_around_the_bend)_(umamusume),4,55,
rice_shower_(longed-for_scenery)_(umamusume),4,51,
rice_shower_(make_up_vampire!)_(umamusume),4,517,
rice_shower_(umamusume),4,5946,
rice_shower_(vampire_makeover!)_(umamusume),4,763,
rice_shower_(yummy_dreamy_fairy)_(umamusume),4,53,
richard_(tales),4,262,
richard_i_(fate),4,43,
richard_p._leary_(halloween)_(kancolle),4,40,
richard_ranashinha_de_vulpian,4,35,
richard_sterling_(art_dealer),4,12,
richea_spodune,4,32,
richelieu_(azur_lane),4,476,
richelieu_(fleuron_of_the_waves)_(azur_lane),4,197,
richelieu_(kancolle),4,1421,
richelieu_(warship_girls_r),4,160,
richter_(elsword),4,40,
richter_(sousou_no_frieren),4,41,
richter_abend,4,53,
richter_belmont,4,337,
rick_(kirby),4,141,
rick_astley,4,54,
rick_dias,4,72,
rick_hunter,4,46,
rick_sanchez,4,59,
ricken_(fire_emblem),4,38,
rickshaw_student_(blue_archive),4,162,
ricky_(doko_demo_issyo),4,10,
ricky_(shadows_house),4,43,
rico_(gunslinger_girl),4,91,
rico_(mega_man),4,142,
rico_brzenska,4,70,
ricotta_(ys),4,43,
ricotta_elmar,4,182,
rida_(vibrantrida),4,55,
riddhe_marcenas,4,76,
riddle_rosehearts,4,278,
ride_armor,4,60,
rider_(fate/samurai_remnant),4,97,
riderman,4,53,
rideword_(ragnarok_online),4,39,
ridget_(suisei_no_gargantia),4,62,
ridley,4,301,
ridley_timberlake,4,50,
rie-chan,4,79,
rie_petoriyacowa,4,219,
riela_marcellis,4,102,
ries_argent,4,71,
riesbyfe_stridberg,4,306,
riesz,4,1340,
rifa_tellu_anelethea,4,37,
rift_stalker_wraith,4,36,
riful,4,33,
rigantona_(umamusume),4,37,
right_(atomic_heart),4,62,
rigurudo_(tensei_shitara_slime_datta_ken),4,35,
riiya_(akazukin_chacha),4,31,
rije_(ikeuchi_tanuma),4,54,
riju,4,310,
rika_(agent_aika),4,35,
rika_(m_k),4,399,
rika_(pokemon),4,2316,
rika_(touhou),4,295,
rika_eastre,4,43,
rikaritta_aries,4,71,
rikei-chan_(tawawa),4,50,
riki_(kunio-kun),4,31,
riki_(xenoblade),4,135,
rikiel,4,68,
rikimatsu_ariko,4,108,
rikka_(dq9),4,49,
rikka_(holostars),4,304,
rikku_(ff10),4,484,
riko_(machikado_mazoku),4,115,
riko_(made_in_abyss),4,515,
riko_(shuz),4,45,
rikotan_(vtuber),4,44,
riku_(jonsun),4,67,
riku_(kemurikusa),4,48,
riku_(kingdom_hearts),4,565,
riku_(kino_no_tabi),4,30,
riku_(xenoblade),4,34,
rikudou_reika,4,37,
rikudou_yura,4,77,
rikumu,4,33,
rikuson,4,37,
rilakkuma,4,97,
riley_(pokemon),4,159,
riley_fairfeather,4,85,
riliane_lucifen_d'autriche,4,562,
rillaboom,4,263,
rilliona_(yu-gi-oh!),4,128,
rim_(kamitsubaki_studio),4,536,
rime_(cevio),4,193,
rimuru_tempest,4,1097,
rimuru_tempest_(slime),4,305,
rimururu,4,185,
rimururu_(rasetsu),4,28,
rin-chan_(kame_(3t)),4,34,
rin_(blue_archive),4,668,
rin_(bunny_garden),4,91,
rin_(catherine),4,43,
rin_(chaos_zero_nightmare),4,39,
rin_(dungeon_meshi),4,68,
rin_(girls_band_cry),4,45,
rin_(inuyasha),4,268,
rin_(kemurikusa),4,166,
rin_(muse_dash),4,86,
rin_(omo_omochi_zzz),4,17,
rin_(princess_connect!),4,60,
rin_(shelter),4,77,
rin_(torikissa!),4,80,
rin_(yu-gi-oh!),4,171,
rin_no_youchuu,4,39,
rin_penrose,4,45,
rina_(durindana_7),4,115,
rina_(hunyan),4,47,
rina_(kemurikusa),4,130,
rina_atherina,4,342,
rindou_(kunoichi_tsubaki_no_mune_no_uchi),4,31,
rindou_aya_(meshimase_idol),4,43,
rindou_mikoto,4,775,
rindou_mikoto_(1st_costume),4,87,
rindou_ruri,4,42,
rindr_(fate),4,35,
rinea_(fire_emblem),4,63,
ring_(ring_fit_adventure),4,93,
ring_fit_trainee,4,102,
ring_fit_trainee_(female),4,87,
ring_fit_trainee_(male),4,33,
ringabel,4,92,
ringe_(ngetyan),4,31,
ringlets_tamamo_nine_member_(fate),4,10,
ringo-chan_(danshi_koukousei),4,78,
ringo-chan_(otokuyou),4,550,
ringo_(soul_hackers_2),4,37,
ringo_(touhou),4,1803,
ringo_roadagain,4,42,
ringorou_(idolmaster),4,149,
rinia_dedoldia,4,72,
rinkah_(fire_emblem),4,109,
rinkou_ashelia,4,72,
rinn_(flou),4,31,
rinna_mayfield,4,54,
rinna_milford,4,94,
rinne_(pretty_rhythm),4,114,
rinne_(rinrinne),4,145,
rinne_(sennen_sensou_aigis),4,78,
rinne_berlinetta,4,123,
rino_(princess_connect!),4,180,
rinoa_heartilly,4,718,
rinoa_heartilly_(student_sorceress),4,50,
rinoda_mano,4,34,
rinon_(ano_natsu_de_matteru),4,89,
rinpoo_chuan,4,437,
rinrin_(sister_princess),4,66,
rinu_(stpri),4,74,
rinwell_(tales),4,135,
rio_(blue_archive),4,5178,
rio_(g_(genesis1556)),4,98,
rio_(otosuki),4,30,
rio_rollins,4,325,
rio_wezley,4,132,
riolu,4,691,
rion_flina,4,48,
riou_(suikoden),4,102,
rip_van_winkle,4,71,
ripe-tan,4,101,
ripper_(girls'_frontline),4,117,
ripple_(mahoiku),4,89,
ripple_star_queen,4,100,
rir-chan,4,219,
riran_youkyu,4,31,
riri_(kemurikusa),4,41,
ririka_(#compass),4,52,
ririsya,4,42,
rirumu_(mirumo_de_pon!),4,33,
riruru,4,40,
riruru_(doraemon),4,50,
risa_(pokemon),4,46,
rise_(alice_or_alice),4,38,
riselia_ray_crystalia,4,165,
risette_twinings,4,86,
rishetta_(30ms),4,53,
risika_dotharl_(yanderisika),4,11,
rising_freedom_gundam,4,33,
risky_boots,4,164,
risotto_nero,4,609,
rissma_(maewix),4,36,
ristarte_(kono_yuusha_ga_ore_tueee_kuse_ni_shinchou_sugiru),4,89,
risty_(queen's_blade),4,214,
risu_(dorohedoro),4,331,
risukuma_(puyopuyo),4,35,
rita_(rune_(dualhart)),4,53,
rita_(shingeki_no_bahamut:_genesis),4,54,
rita_(sweethex),4,92,
rita_bernal,4,44,
rita_drake,4,48,
rita_henschel,4,63,
rita_kanisuka,4,31,
rita_mordio,4,790,
rita_mordio_(catgirl_waitress),4,39,
rita_mordio_(kitty_cat_waitress),4,42,
rita_rossweisse,4,1505,
rita_rossweisse_(argent_knight:_artemis),4,92,
rita_rossweisse_(artemis),4,200,
rita_rossweisse_(fallen_rosemary),4,197,
rita_rossweisse_(phantom_iron),4,96,
rita_rossweisse_(spina_astera),4,76,
rita_rossweisse_(summer_night's_dream),4,42,
rita_rossweisse_(umbral_rose),4,289,
rita_vrataski,4,33,
ritsu_(blue_archive),4,184,
ritsu_(kemurikusa),4,115,
ritsuko_kubel_kettenkrad,4,85,
ritual_beast_tamer_lara,4,32,
ritz_malheur,4,71,
rivalun,4,37,
rivalz_cardemonde,4,89,
riven_(league_of_legends),4,722,
riventla_nuck,4,43,
riveria_ljos_alf,4,39,
rivier_(kuzuyu),4,130,
rivulet_(rain_world),4,38,
rixia_mao,4,259,
riyo_servant_(babydoll)_(fate),4,82,
riyo_servant_(bunnygirl)_(fate),4,133,
riza_hawkeye,4,837,
riza_wildman,4,127,
rizna_lanfebit,4,34,
rizu-kyun,4,306,
rk900_(detroit),4,29,
rmb-93_(girls'_frontline),4,46,
ro-500_(kancolle),4,4657,
ro-class_destroyer,4,357,
ro635_(girls'_frontline),4,1135,
ro635_(mod3)_(girls'_frontline),4,145,
road_kamelot,4,104,
roadhog_(overwatch),4,190,
roamini,4,13,
roana_(epic_seven),4,42,
roark_(pokemon),4,147,
rob_lucci,4,209,
robba-san_(wangphing),4,77,
robbie_(identity_v),4,34,
robbie_(zelda),4,30,
robbie_the_rabbit,4,61,
robelu,4,31,
robert_(nina_kosaka),4,32,
robert_e._o._speedwagon,4,515,
robert_garcia,4,104,
robert_robertson,4,250,
roberta_(arknights),4,189,
roberta_(black_lagoon),4,270,
roberta_(summer_flowers)_(arknights),4,46,
roberto_(saga),4,50,
robin_(arknights),4,476,
robin_(batrobin_k),4,248,
robin_(dc),4,551,
robin_(female)_(fell_tactician)_(fire_emblem),4,86,
robin_(female)_(fire_emblem),4,2092,
robin_(female)_(halloween)_(fire_emblem),4,85,
robin_(female)_(summer)_(fire_emblem),4,323,
robin_(female)_(valentine)_(fire_emblem),4,58,
robin_(fire_emblem),4,3490,
robin_(gift_of_wild)_(arknights),4,41,
robin_(honkai:_star_rail),4,2716,
robin_(male)_(fire_emblem),4,1541,
robin_(male)_(winter)_(fire_emblem),4,37,
robin_hood_(disney)_(character),4,43,
robin_hood_(fate),4,592,
robin_hood_(summer_hunter)_(fate),4,52,
robin_sena,4,33,
robo-fortune,4,46,
robo-ky,4,79,
robo_(chrono_trigger),4,221,
robobot_armor,4,76,
roboco-san,4,1047,
roboco-san_(1st_costume),4,172,
roboco-san_(dark_bride),4,57,
roboco-san_(high-spec_t-shirt),4,31,
roboco-san_(hoodie),4,226,
roboco-san_(new_year),4,36,
robocop_(character),4,44,
roboko_(sekai_seifuku),4,51,
robonyan,4,43,
roboro,4,32,
robosaa_(roboco),4,63,
robot_girl_(gomulgong),4,31,
roboute_guilliman,4,80,
roca_rourin,4,65,
rocbouquet_(saga),4,93,
roche_(p&d),4,43,
rock_(kasugai_(de-tteiu)),4,26,
rock_(tezuka_osamu),4,65,
rock_bison,4,138,
rock_howard,4,161,
rock_lee,4,225,
rock_miku_(project_voltage),4,77,
rock_pigeon_(kemono_friends),4,31,
rock_pikmin,4,213,
rocket_raccoon,4,100,
rockhopper_penguin_(kemono_friends),4,546,
rockrock_(arknights),4,119,
rockrock_(before_singing)_(arknights),4,38,
rockruff,4,388,
rocma_(ice_scream),4,34,
rococo_(girl_cafe_gun),4,51,
rococo_(omori),4,35,
rococo_urupa,4,74,
rocoroco,4,71,
rodan,4,73,
rodan_(monsterverse),4,41,
roddick_farrence,4,35,
roderika_(elden_ring),4,66,
rodimus,4,58,
rodin,4,32,
rodion_(project_moon),4,639,
rodney_(azur_lane),4,227,
rodney_(future_seaside_admiral)_(azur_lane),4,34,
rodney_(kancolle),4,133,
rodney_(warship_girls_r),4,149,
rodoreamon_(simoun),4,100,
rodrick_heffley,4,11,
rody_roughnight,4,216,
rody_soul,4,65,
rogal_dorn,4,43,
roger_(guilty_gear),4,714,
roger_s._huxley,4,15,
roger_smith,4,80,
roggenrola,4,93,
rogue_(7th_dragon),4,88,
rogue_(ragnarok_online),4,163,
rogue_(warcraft),4,48,
rogue_(x-men),4,236,
rogue_titan,4,241,
rohne_(trickcal),4,19,
rokkaku_shiori,4,75,
rokudou_mukuro,4,230,
rokudou_rinne,4,39,
rokuhira_chihiro,4,99,
rokujou_miyuki,4,50,
rokurou_rangetsu,4,166,
rokusaki_coney,4,44,
rokusho_(medarot),4,38,
rokuta_(paradox_live),4,86,
rokuya_nagi,4,42,
roland_(fate),4,88,
roland_(ms_pigtails),4,35,
roland_(project_moon),4,758,
roland_(punishing:_gray_raven),4,46,
rolento,4,39,
rolf_(fire_emblem),4,52,
roll.exe_(mega_man),4,313,
roll_(mega_man),4,1679,
roll_caskett_(mega_man),4,879,
rolling_bubbles,4,243,
rollo_(tales),4,118,
rollo_flamme,4,37,
rolo_lamperouge,4,242,
rolo_noir,4,33,
rolycoly,4,37,
rom_(neptunia),4,424,
rom_(show_by_rock!!),4,34,
roma_(azur_lane),4,43,
roma_(kancolle),4,1080,
roman_torchwick,4,111,
romani_(zelda),4,64,
romani_archaman,4,743,
romania_(hetalia),4,42,
romeo_king_of_puppets,4,14,
romeo_montague,4,67,
romero_(zombie_land_saga),4,146,
romg,4,233,
romg_the_jaguar,4,57,
romulus_(fate),4,250,
romulus_quirinus_(fate),4,219,
ron_weasley,4,150,
ronald_mcdonald,4,495,
ronaldo_(kyuuketsuki_sugu_shinu),4,34,
ronaldo_castroneves,4,40,
ronan_lynch,4,51,
ronarona,4,37,
rondoline_e_effenberg,4,31,
ronin_(disgaea),4,61,
ronin_(titanfall_2),4,32,
ronixis_kenni,4,37,
ronomiya_hinagiku,4,56,
ronoue_genji,4,80,
ronove_(umineko),4,278,
ronye_arabel,4,141,
rook_hunt,4,132,
rookidee,4,182,
roomi,4,56,
roon_(azur_lane),4,904,
roon_(dark_red_grin)_(azur_lane),4,96,
roon_(muse)_(azur_lane),4,110,
roon_(viridescent_lullaby)_(azur_lane),4,44,
root_(stpri),4,42,
rope_(arknights),4,256,
rope_(summer_flowers)_(arknights),4,46,
rope_snake,4,84,
rori_poster's_oc,4,13,
rorisakyubasu-chan_(mochiyuki),4,109,
roro_(gunvolt),4,235,
roro_(shirobako),4,30,
roroboshi-chan,4,35,
rorolina_frixell,4,101,
roromiya_karuta,4,302,
roronoa_zoro,4,3904,
rororina_fryxell,4,478,
rorschach,4,114,
rory_mercury,4,513,
rosa_(arknights),4,738,
rosa_(champion)_(pokemon),4,41,
rosa_(holiday_2019)_(pokemon),4,79,
rosa_(masterpiece)_(arknights),4,111,
rosa_(pokemon),4,6469,
rosa_(tears_of_themis),4,841,
rosa_farrell,4,554,
rosado_(fire_emblem),4,243,
rosalie_de_hemricourt_de_grunne,4,91,
rosalina,4,2822,
rosalina_(halloween),4,35,
rosalina_(swimwear),4,41,
rosalinde_(unicorn_overlord),4,137,
rosalyn_(hololive),4,53,
rosamia_(granblue_fantasy),4,52,
rosamia_badam,4,58,
rosanna_(chic_ocean)_(nikke),4,148,
rosanna_(nikke),4,207,
rosaria_(genshin_impact),4,1277,
rosaria_(to_the_church's_free_spirit)_(genshin_impact),4,62,
rosaria_le_friede,4,37,
rose_(blackpink),4,69,
rose_(dragon_crisis!),4,40,
rose_(dragoon),4,34,
rose_(elsword),4,94,
rose_(fire_emblem),4,15,
rose_(mahoutsukai_rose_no_sado_life),4,112,
rose_(ohayousan_084),4,81,
rose_(pokemon),4,288,
rose_(rose_to_tasogare_no_kojou),4,56,
rose_(street_fighter),4,327,
rose_(tales),4,159,
rose_(zaiyuki),4,37,
rose_fryberg,4,48,
rose_lalonde,4,62,
rose_pacifica,4,60,
rose_quartz_universe,4,36,
rose_tomas,4,49,
rosebud_(rosemi_lovelock),4,33,
rosehip_(girls_und_panzer),4,1738,
roselia_(pokemon),4,261,
roselle_gustav,4,35,
rosemary_(precure),4,39,
rosemary_(throtem),4,40,
rosemary_bergamot,4,33,
rosemary_winters,4,33,
rosemi_lovelock,4,673,
rosemi_lovelock_(1st_costume),4,208,
rosemi_lovelock_(2nd_costume),4,54,
rosemon,4,81,
rosen-tai,4,67,
roserade,4,349,
rosetta,4,33,
rosetta:_rigor_(punishing:_gray_raven),4,51,
rosetta_(granblue_fantasy),4,425,
rosetta_(punishing:_gray_raven),4,153,
rosetta_(summer)_(granblue_fantasy),4,31,
rosetta_passel,4,107,
rosette_(ikeuchi_tanuma),4,30,
rosette_christopher,4,92,
rosia_(show_by_rock!!),4,164,
rosie_(animal_crossing),4,103,
rosie_(hazbin_hotel),4,33,
rosmontis_(arknights),4,1243,
rosmontis_(become_anew)_(arknights),4,69,
ross_(senyuu),4,100,
rosseland_(genshin_impact),4,87,
rossi_(arknights),4,1609,
rossiu_adai,4,325,
rossweisse,4,592,
rostina_cosmos,4,39,
roswaal_l._mathers,4,75,
roto_(dq3),4,664,
roto_(kanae),4,166,
rotom,4,3047,
rotom_(fan),4,64,
rotom_(frost),4,57,
rotom_(heat),4,92,
rotom_(mow),4,55,
rotom_(normal),4,401,
rotom_(other),4,44,
rotom_(wash),4,90,
rotom_dex,4,435,
rotom_phone,4,2014,
rottytops,4,217,
rou_(brown_dust),4,63,
rou_leila,4,56,
rouge_(nikke),4,50,
rouge_(power_stone),4,61,
rouge_the_bat,4,1285,
rouge_the_bat_(business_tycoon),4,73,
rouji_chante,4,57,
roux_louka,4,221,
rover_(animal_crossing),4,40,
rover_(wuthering_waves),4,1054,
row_(dq11),4,40,
rowan_(pokemon),4,67,
rowen_j._ilbert,4,123,
rowlet,4,2758,
roxanne_(fall_2023)_(pokemon),4,36,
roxanne_(isekai_meikyuu_de_harem_wo),4,83,
roxanne_(pokemon),4,423,
roxanne_richter,4,49,
roxas,4,747,
roxie_(pokemon),4,803,
roxie_richter,4,39,
roxy_(final_fight),4,45,
roxy_migurdia,4,1523,
roy_(arknights),4,39,
roy_(brave_lion)_(fire_emblem),4,35,
roy_(fire_emblem),4,950,
roy_(pokemon),4,286,
roy_(valentine)_(fire_emblem),4,31,
roy_campbell,4,34,
roy_focker,4,69,
roy_koopa,4,85,
roy_mustang,4,776,
royal_arsenal,4,96,
royal_candy,4,32,
royal_family_(the_royal_family),4,91,
royal_fortune_(azur_lane),4,124,
royal_fortune_(eyes_on_the_prize)_(azur_lane),4,40,
royal_guard_(ragnarok_online),4,110,
royal_hope_(the_royal_family),4,43,
royal_james_(azur_lane),4,34,
royal_james_(the_forbidden_slurp)_(azur_lane),4,16,
royal_ludroth,4,33,
royal_penguin_(kemono_friends),4,638,
royce_and_royce_(umamusume),4,69,
royd_(dispatch),4,15,
roynase_(msa_(fary_white)),4,124,
roza_(bunnimals),4,34,
rozalin,4,441,
rozaliya_olenyeva,4,684,
rozaliya_olenyeva_(fervent_tempo),4,99,
rozenmarine_(little_goody_two_shoes),4,34,
rozzi_(black_survival),4,42,
rpk-16_(boss)_(girls'_frontline),4,33,
rpk-16_(girls'_frontline),4,970,
rpk-16_(renate)_(girls'_frontline),4,214,
rpr,4,66,
rta-chan,4,46,
ru-class_battleship,4,1163,
rua,4,32,
ruan_mei_(honkai:_star_rail),4,1037,
ruan_mei_(lambda's_friend)_(honkai:_star_rail),4,34,
ruan_miemie,4,52,
rubber_soul,4,49,
rubesto_daimon,4,10,
rubia_natwick,4,33,
rubicante,4,44,
rubuska,4,271,
ruby-ko,4,16,
ruby_(ff9),4,48,
ruby_(jewelpet),4,83,
ruby_(nox),4,35,
ruby_(tower_of_fantasy),4,48,
ruby_(zenless_zone_zero),4,34,
ruby_heart,4,66,
ruby_rose,4,3218,
ruca_milda,4,109,
rucora_(fushigi_na_neko_no_machi_meltier),4,65,
rude_(ff7),4,179,
rudeus_(haevest),4,53,
rudeus_greyrat,4,601,
rudia_of_the_moon_smile,4,71,
rudolph_the_red_nosed_reindeer,4,88,
rudolph_von_stroheim,4,118,
rudy_(ikeuchi_tanuma),4,109,
rudy_(rariatto),4,60,
rue_(dewprism),4,39,
rue_(princess_tutu),4,114,
rueppell's_fox_(kemono_friends),4,49,
rufflet,4,97,
rufus_albarea,4,37,
rufus_shinra,4,166,
rugal_bernstein,4,182,
ruggie_bucchi,4,240,
ruhuyu_(show_by_rock!!),4,62,
rui_(dream_c_club),4,131,
rui_(kimetsu_no_yaiba),4,52,
rui_(pokemon),4,67,
ruida,4,55,
ruin_guard_(genshin_impact),4,141,
ruka_(cookie),4,45,
ruka_(princess_connect!),4,57,
rukawa-chan_(namagome_negi),4,38,
rukawa_kaede,4,450,
rukawa_sara,4,30,
ruki_(senyuu),4,123,
rukia_(incise_soul),4,37,
rukino_saki,4,132,
rukkhadevata_(genshin_impact),4,302,
rukuriri_(girls_und_panzer),4,667,
ruler_(mahoiku),4,96,
rulue_(puyopuyo),4,208,
rulutieh,4,94,
rum_(falkyrie_no_monshou),4,32,
rum_(girls_und_panzer),4,249,
rumble_(league_of_legends),4,41,
rumble_(transformers),4,44,
rumeld_othmayer,4,105,
rumi_(blue_archive),4,500,
rumi_(girls_und_panzer),4,334,
rumi_(small)_(blue_archive),4,93,
rumia,4,18934,
rumia_(darkness),4,92,
rumia_tingel,4,137,
run_elsie_jewelria,4,123,
runa_(maritan),4,33,
runar,4,34,
runaway_girl_(jojo),4,53,
runaway_girl_(kiman),4,45,
rune_knight_(ragnarok_online),4,257,
rune_master_(sekaiju),4,53,
rune_master_2_(sekaiju),4,32,
rune_slayer_(elsword),4,77,
runerigus,4,67,
runie_ruse,4,40,
ruoshui_(the_legend_of_luoxiaohei),4,84,
rupa_(girls_band_cry),4,741,
rupee_(nikke),4,431,
rupee_(rabbit_deluxe)_(nikke),4,86,
rupee_(winter_shopper)_(nikke),4,95,
rupika_(pso2),4,61,
ruquia,4,154,
ruri_(aohada_bocchi),4,90,
ruri_moth_(vtuber),4,17,
rurikawa_tsubaki,4,31,
rurima_(cookie),4,216,
rurine_luna,4,86,
ruru_(dqb2),4,61,
ruru_(phantom_world),4,56,
ruru_amour,4,448,
rurubell,4,34,
rurudo_lion,4,282,
rurudo_lion_(1st_costume),4,151,
ruruie_(shinrabanshou),4,41,
rurumo,4,32,
rurun_rururica,4,132,
rusalka_schwagerin,4,98,
rush_(mega_man),4,134,
russ_(pikmin),4,38,
russell_seager,4,30,
russia_(hetalia),4,707,
rutee_katrea,4,124,
rutger_(fire_emblem),4,41,
ruthenium77's_character,4,159,
ruthtria_(bloodline),4,32,
rutile_(houseki_no_kuni),4,141,
ruty_(mafuyu),4,34,
ruu_(queen's_blade),4,50,
ruua_(idaten93),4,68,
ruuji_familon,4,46,
ruuko-san,4,47,
ruukoto,4,169,
ruvik,4,41,
rx-78-2,4,1038,
rx_boss,4,141,
rya_(elden_ring),4,161,
ryan_(dq4),4,52,
ryan_(mahjong_soul),4,57,
rydia_(ff4),4,1295,
ryekie_(live_a_hero),4,173,
ryiel_rayford,4,46,
ryisu_(deluxe<<<),4,54,
rykard_lord_of_blasphemy,4,41,
ryme_(pokemon),4,44,
ryne_waters,4,530,
ryner_lute,4,31,
rynn_(acerailgun),4,55,
ryofu,4,52,
ryofu_housen,4,227,
ryoku_(kemurikusa),4,39,
ryoma_(fire_emblem),4,348,
ryomou_shimei,4,424,
ryoshu_(project_moon),4,1152,
ryota_hibiki,4,32,
ryou-ouki,4,171,
ryou_(kemurikusa),4,55,
ryou_sakazaki,4,237,
ryoubi_(senran_kagura),4,284,
ryougi_mana,4,112,
ryougi_shiki,4,2167,
ryougi_shiki_(second_ascension),4,35,
ryougi_shiki_(third_ascension),4,59,
ryouki_(senran_kagura),4,70,
ryouko_(tenchi_muyou!),4,416,
ryoumen_sukuna_(jujutsu_kaisen),4,1612,
ryoumen_sukuna_(jujutsu_kaisen)_(true_form),4,53,
ryoumen_sukuna_(true_form)_(jujutsu_kaisen),4,83,
ryouna_(senran_kagura),4,295,
ryoune_yami,4,44,
ryoushi_chicken_soup_grass_big_chungus,4,83,
ryoutsu_kankichi,4,78,
ryss,4,35,
ryu-san,4,37,
ryu_(breath_of_fire_iii),4,54,
ryu_(golden_kamuy),4,36,
ryu_(street_fighter),4,1912,
ryu_hari,4,41,
ryu_hayabusa,4,60,
ryu_lion,4,252,
ryu_lion_(night_at_the_pub),4,18,
ryu_siho,4,17,
ryudo_(grandia),4,42,
ryugasaki_rene,4,965,
ryugasaki_rene_(2nd_costume),4,172,
ryugasaki_rene_(3rd_costume),4,128,
ryugeru_baran,4,49,
ryuguard_(finana_ryugu),4,43,
ryuji_satake,4,70,
ryuk,4,220,
ryuki_(pokemon),4,39,
ryuki_(sangokushi_taisen),4,82,
ryuki_kuruto,4,34,
ryuko_(oggyoggy),4,66,
ryunosuke_naruhodo,4,365,
ryutaro_naruhodo,4,41,
ryutaros,4,40,
ryuu_(breath_of_fire_i),4,53,
ryuu_(breath_of_fire_ii),4,103,
ryuu_(breath_of_fire_iii),4,96,
ryuu_(breath_of_fire_iv),4,91,
ryuu_(breath_of_fire_v),4,190,
ryuu_(monster_girl_encyclopedia),4,45,
ryuubi,4,123,
ryuubi_gentoku,4,137,
ryuudou_issei,4,83,
ryuuenji_tasuku,4,60,
ryuuga_(cookie),4,60,
ryuuga_sayo,4,47,
ryuugajou_nanana,4,33,
ryuugamine_mikado,4,314,
ryuugazaki_rei,4,211,
ryuugen_drake,4,73,
ryuuguu_otohime,4,52,
ryuuguu_rena,4,3245,
ryuuguuji_ken,4,113,
ryuuhou_(azur_lane),4,46,
ryuuhou_(kancolle),4,612,
ryuuhou_kai_ni_(kancolle),4,87,
ryuujin_no_senpai,4,50,
ryuujou_(azur_lane),4,88,
ryuujou_(kancolle),4,8549,
ryuujou_kai_ni_(kancolle),4,161,
ryuujou_mashiro,4,30,
ryuukitsu_koushu,4,41,
ryuukyuu,4,99,
ryuumonbuchi_touka,4,154,
ryuuna_(shining_tears),4,33,
ryuusei's_short-haired_girl,4,34,
ryuusei_(kancolle),4,89,
ryuusei_date,4,39,
ryuushen,4,275,
ryuuto_(vocaloid),4,88,
ryuuzaki_umi,4,382,
ryuuzouji_akane,4,46,
ryuzaki_kaoru,4,1129,
ryuzu_meyer,4,32,
ryze,4,40,
s-force_rappa_chiyomaru,4,144,
s-hawk,4,35,
s-head_commander,4,142,
s-snake,4,113,
s.a.t.8_(girls'_frontline),4,466,
s.a.t.8_(pumpkin_skewers)_(girls'_frontline),4,38,
s:p_little_knight,4,61,
s_gundam,4,42,
sa-x,4,42,
saana-kun,4,75,
saane_(monster_musume),4,30,
saaya_(kirome),4,201,
saaya_(suisei_no_gargantia),4,156,
saazbaum,4,49,
saber_(fate),4,17175,
saber_(fire_emblem),4,42,
saber_(pure_night_dress)_(fate),4,62,
saber_(royal_dress)_(fate),4,36,
saber_(summer_battle_clothes)_(fate),4,65,
saber_(type-moon_racing)_(fate),4,48,
saber_alter,4,4460,
saber_alter_(ver._shinjuku_1999)_(fate),4,845,
saber_kitty_(disgaea),4,45,
saber_lily,4,1672,
saber_lion,4,159,
sabi_(pokemon),4,169,
sabin_rene_figaro,4,167,
sabina_fardin,4,151,
sabine_wren,4,30,
sabito_(kimetsu),4,140,
sabitsuki,4,387,
sable_able_(animal_crossing),4,54,
sableye,4,475,
sabo_(one_piece),4,669,
sabo_rin,4,31,
sabo_rina,4,45,
saborou,4,32,
saboten_(flower_knight_girl),4,34,
sabotender,4,301,
sabrina_(aestheticc-meme),4,41,
sabrina_(koucha_rakkyo),4,83,
sabrina_(pokemon),4,1333,
sabrith_ebonclaw,4,131,
sabukaru-chan_(ezaki_bisuko),4,35,
sacchan_(nyaromeron),4,70,
sachi_(sao),4,148,
sachiel_(evangelion),4,229,
sachiko_(hayashi_custom),4,36,
sachiko_(osomatsu-san),4,33,
sacred_heart,4,338,
sada-chan_(tawawa),4,31,
sada_(pokemon),4,217,
sadaharu,4,150,
sadamori_himeka,4,370,
sadatou_ayano,4,41,
sader,4,45,
sadi-chan,4,63,
sadida,4,111,
sadie_(mendou_kusai),4,35,
sadiend,4,71,
sadness_(inside_out),4,31,
sado_(kancolle),4,1006,
sado_yasutora,4,55,
sadone,4,35,
sadu_dotharl,4,63,
sae_(hidamari_sketch),4,429,
saeba_ryou,4,198,
saegusa_akina,4,247,
saegusa_akina_(1st_costume),4,66,
saegusa_futaba,4,82,
saegusa_ibara,4,280,
saegusa_kii,4,196,
saegusa_matsuri,4,127,
saegusa_mayumi,4,107,
saegusa_miko,4,69,
saegusa_mikoto,4,41,
saegusa_riko,4,78,
saegusa_wakaba,4,226,
saegusa_yukika,4,82,
saejima_kiyomi,4,127,
saejima_taiga,4,43,
saeki_ai,4,53,
saeki_haruko_(idoly_pride),4,63,
saeki_kaori,4,66,
saeki_kayako,4,32,
saeki_mika,4,48,
saeki_ritsuka,4,137,
saeki_sayaka,4,200,
saeki_takuma,4,12,
saeki_teru,4,37,
saeki_yuki_(boku_no_himitsu_taiken),4,55,
saeki_yuzuru,4,67,
saemonza_(girls_und_panzer),4,435,
safety_(zenless_zone_zero),4,61,
saffron_(flower_knight_girl),4,55,
safu,4,52,
saga_(arknights),4,947,
saga_(there_they_be)_(arknights),4,37,
sagae_haruki,4,190,
sagami_(dei_shirou),4,47,
sagan_(skullgirls),4,90,
sagara_arisa,4,63,
sagara_kazuto,4,57,
sagara_misae,4,83,
sagara_momoka,4,33,
sagara_sanosuke,4,86,
sagara_seiji,4,109,
sagara_sousuke,4,177,
sagat,4,282,
sage_(dq3),4,764,
sage_(final_fantasy),4,100,
sage_(granblue_fantasy),4,235,
sage_(ragnarok_online),4,152,
sage_(sonic),4,214,
sage_(tick!_tack!),4,34,
sage_(valorant),4,211,
sage_harpuia_(mega_man),4,156,
sagimiya_ryou,4,34,
sagimori_arata,4,127,
saginomiya_isumi,4,116,
sagiri_(kancolle),4,986,
sagiri_esu,4,34,
sagiri_kai_(swimsuit_mode)_(kancolle),4,32,
sagiri_yuuko,4,64,
sagisawa_fumika,4,4286,
sagitta_weinberg,4,46,
sagittarius_aioros,4,37,
sagojo_(kemono_friends),4,27,
saguaro_(pokemon),4,94,
sahaquiel_(evangelion),4,39,
sahara_makoto,4,65,
sahashi_minato,4,38,
sai_(naruto),4,207,
sai_hinoki,4,35,
saiga-12_(crimson_navigator)_(girls'_frontline),4,35,
saiga-12_(girls'_frontline),4,252,
saiger_cherry,4,43,
saiger_iris,4,78,
saiger_lily,4,48,
saiger_orchid,4,35,
saiger_rose,4,68,
saigo_(ip_police_tsuduki_chan),4,41,
saigusa_haruka,4,732,
saiguuji_sachi,4,38,
saigyou_ayakashi,4,402,
saigyouji_yuyuko,4,24033,
saigyouji_yuyuko_(living),4,409,
saihara_shuichi,4,5654,
saijo_juri,4,998,
saijou_claudine,4,807,
saika_magoichi_(fate),4,78,
saika_magoichi_(sengoku_basara),4,34,
saikawa_riko,4,381,
saiki_(kof),4,34,
saiki_ittetsu,4,40,
saiki_kusuko,4,30,
saiki_kusuo,4,142,
saikyou_tomomi,4,37,
saileach_(appreciate_fragrance)_(arknights),4,72,
saileach_(arknights),4,542,
saileach_(summer_flowers)_(arknights),4,45,
sailor_aqua_(sailor_element),4,58,
sailor_chibi_chibi,4,58,
sailor_chibi_moon,4,739,
sailor_cosmos,4,119,
sailor_galaxia,4,41,
sailor_ignis_(sailor_element),4,47,
sailor_iron_mouse,4,30,
sailor_jupiter,4,1179,
sailor_mars,4,1326,
sailor_mercury,4,1468,
sailor_moon,4,3900,
sailor_neptune,4,605,
sailor_pluto,4,342,
sailor_saturn,4,833,
sailor_star_fighter,4,126,
sailor_star_healer,4,86,
sailor_star_maker,4,74,
sailor_uranus,4,649,
sailor_v,4,118,
sailor_venus,4,1364,
sailor_waddle_dee,4,35,
saimon_tamaki,4,129,
saimori_miyo,4,31,
sain_(fire_emblem),4,47,
saint-germain_(symphogear),4,48,
saint-louis_(alluring_administrator)_(azur_lane),4,61,
saint-louis_(azur_lane),4,376,
saint-louis_(holy_knight's_resplendence)_(azur_lane),4,120,
saint_(dungeon_and_fighter),4,30,
saint_tail,4,158,
saintpaulia_(flower_knight_girl),4,33,
saionji_hiyoko,4,817,
saionji_kazari,4,31,
saionji_kotoka,4,248,
saionji_kyouichi,4,33,
saionji_leo,4,45,
saionji_mary,4,271,
saionji_mikoto,4,53,
saionji_rei,4,32,
saionji_reimi,4,141,
saionji_sekai,4,191,
saionji_usagi,4,56,
sairenji_haruna,4,621,
saitama_(one-punch_man),4,1396,
saito_nicole,4,233,
saito_yoko,4,94,
saitou_(tiger_&_bunny),4,81,
saitou_ako,4,30,
saitou_chiwa,4,119,
saitou_ena,4,380,
saitou_furoufushi,4,90,
saitou_hajime_(fate),4,566,
saitou_hajime_(hakuouki),4,64,
saitou_hajime_(rurouni_kenshin),4,38,
saitou_hajime_(third_ascension)_(fate),4,89,
saitou_ine,4,34,
saitou_kaede_(yama_no_susume),4,171,
saitou_kon,4,30,
saitou_miyako,4,84,
saitou_nicole,4,85,
saitou_osamu,4,38,
saitou_shuka,4,114,
saitou_sumire,4,100,
saiun_(kancolle),4,45,
saix,4,172,
saizo_(fire_emblem),4,128,
saji_crossroad,4,85,
saji_genpou_(true),4,88,
sajima_yumi,4,31,
sajo_yukimi,4,1171,
sajou_ayaka_(fate/prototype),4,123,
sajou_manaka,4,103,
sakae_izumi,4,50,
sakagami_ayumi,4,140,
sakagami_mei,4,60,
sakagami_tomoyo,4,818,
sakaguchi_karina,4,651,
sakai_chigusa,4,47,
sakai_jin,4,56,
sakai_wakana,4,74,
sakai_yuuji,4,124,
sakaki_(azumanga_daioh),4,503,
sakaki_chizuru,4,85,
sakaki_natsuki,4,155,
sakaki_shizuka,4,131,
sakaki_takaya,4,44,
sakaki_yumiko,4,133,
sakaki_yuuya,4,418,
sakaki_yuya,4,72,
sakakibara_kouichi,4,93,
sakakibara_marika,4,153,
sakakibara_satomi,4,135,
sakakura_juuzou,4,235,
sakamae_choujuurou,4,28,
sakamaki_izayoi,4,31,
sakamata_chloe,4,5331,
sakamata_chloe_(1st_costume),4,2449,
sakamata_chloe_(gyarumata),4,55,
sakamata_chloe_(jirai_kei),4,304,
sakamata_chloe_(new_year),4,176,
sakamata_chloe_(school_uniform),4,48,
sakamoto_(nichijou),4,503,
sakamoto_maaya,4,53,
sakamoto_miko,4,36,
sakamoto_mio,4,1747,
sakamoto_ryouma_(fate),4,583,
sakamoto_ryouma_(lancer)_(fate),4,66,
sakamoto_ryuuji,4,433,
sakamoto_sue,4,56,
sakamoto_taro,4,52,
sakamoto_tatsuma,4,129,
sakasagami_no_yura,4,41,
sakasaki_natsume,4,212,
sakashita_yuzuyu,4,31,
sakata_ginko,4,47,
sakata_gintoki,4,1918,
sakata_kintoki_(fate),4,787,
sakata_kintoki_(heian_warrior_attire)_(fate),4,78,
sakata_kintoki_(rider)_(fate),4,114,
sakata_nemuno,4,686,
sakawa_(azur_lane),4,73,
sakawa_(kancolle),4,882,
sakayanagi_arisu,4,159,
sakazuki_(akainu),4,159,
sakenomi_(cookie),4,189,
saki_(ar_tonelico),4,136,
saki_(blue_archive),4,2010,
saki_(koutetsu_tenshi_kurumi),4,37,
saki_(swimsuit)_(blue_archive),4,865,
saki_(the_atko),4,146,
saki_(viper),4,49,
saki_(zelda),4,32,
saki_saki_(kanojo_mo_kanojo),4,56,
sakihane_huya,4,248,
sakihata_rimi,4,122,
sakimiya_iruka,4,285,
sakimiya_satsuki,4,36,
sakimori_toji,4,232,
sakine_meiko,4,188,
sakino_asuka,4,173,
sakisaka_fuminori,4,30,
sakishima_hikari,4,180,
sako_rk_95_(upotte!!),4,37,
sakomizu_haruka,4,115,
sakra_devanam_(elsword),4,151,
saku_(kazana),4,71,
saku_hinoko,4,48,
sakuma_hideko,4,30,
sakuma_jirou,4,292,
sakuma_mayu,4,1687,
sakuma_rei_(ensemble_stars!),4,298,
sakuma_rinko,4,127,
sakuma_ritsu,4,442,
sakuna-hime,4,278,
sakura_(bloom_in_summer)_(nikke),4,84,
sakura_(cookie),4,30,
sakura_(fire_emblem),4,782,
sakura_(flower_knight_girl),4,35,
sakura_(girls'_frontline_2),4,48,
sakura_(halloween)_(fire_emblem),4,81,
sakura_(honkai_impact),4,122,
sakura_(meshi_mase!_nekomimi_nyan_dafuru),4,96,
sakura_(nagatoro),4,30,
sakura_(nikke),4,154,
sakura_(ukagaka),4,90,
sakura_(urusei_yatsura),4,76,
sakura_(usashiro_mani),4,177,
sakura_airi,4,103,
sakura_akari,4,137,
sakura_ayane,4,249,
sakura_bakushin_o_(casual)_(umamusume),4,50,
sakura_bakushin_o_(red-hot_leader)_(umamusume),4,32,
sakura_bakushin_o_(umamusume),4,996,
sakura_chiyo,4,885,
sakura_chiyono_o_(casual)_(umamusume),4,114,
sakura_chiyono_o_(umamusume),4,994,
sakura_futaba,4,1935,
sakura_hane,4,68,
sakura_haruka_(wind_breaker),4,179,
sakura_hibiki,4,324,
sakura_hime,4,162,
sakura_ichiko,4,134,
sakura_ino,4,86,
sakura_kaede,4,38,
sakura_kiyomi,4,40,
sakura_kuunya,4,10,
sakura_kyoko,4,15497,
sakura_kyoko_(magical_girl),4,97,
sakura_kyoko_(swimsuit_costume),4,37,
sakura_kyoko_(swimsuit_ver.),4,32,
sakura_laurel_(casual)_(umamusume),4,56,
sakura_laurel_(oni_laurel)_(umamusume),4,52,
sakura_laurel_(umamusume),4,576,
sakura_len,4,43,
sakura_mai_(photokano),4,46,
sakura_mami,4,51,
sakura_mamiya_(syoujo_m),4,44,
sakura_megumi,4,230,
sakura_mikan,4,38,
sakura_miko,4,6470,
sakura_miko_(1st_costume),4,1461,
sakura_miko_(casual),4,1090,
sakura_miko_(hololive_summer_2019),4,104,
sakura_miko_(micomet),4,72,
sakura_miko_(new_year),4,68,
sakura_miko_(old_design),4,304,
sakura_miko_(school_uniform),4,398,
sakura_miko_(street),4,157,
sakura_miko_(work),4,208,
sakura_miku,4,2345,
sakura_miku_(aishiteru_game_wo_owarasetai),4,12,
sakura_miku_(rella),4,84,
sakura_momo,4,56,
sakura_momoko,4,72,
sakura_nanako,4,48,
sakura_nene,4,213,
sakura_rin,4,52,
sakura_ritsuki,4,148,
sakura_ritsuki_(1st_costume),4,35,
sakura_soujirou,4,50,
sakuraba_aoi,4,136,
sakuraba_chiyo,4,82,
sakuraba_himari,4,41,
sakuraba_kaoru,4,133,
sakuraba_neku,4,143,
sakuraba_rola,4,214,
sakuraba_seira,4,31,
sakuraba_una,4,26,
sakuraba_waka,4,34,
sakurada_akane,4,63,
sakurada_chiyo,4,45,
sakurada_hane,4,154,
sakurada_jun,4,256,
sakurada_kanade,4,50,
sakurada_maon,4,47,
sakurada_miyu,4,42,
sakurada_nori,4,86,
sakurada_shiro,4,256,
sakurada_shiro_(autumn)_(hy_plus),4,40,
sakurada_shiro_(hy_plus),4,219,
sakurada_yuuta,4,213,
sakuragasaki_fubuki,4,33,
sakuragawa_saki,4,32,
sakuragi_chisa,4,30,
sakuragi_hanamichi,4,673,
sakuragi_hinako,4,230,
sakuragi_mai,4,124,
sakuragi_mano,4,1538,
sakuragi_matsuri,4,360,
sakuragi_megu,4,32,
sakuragi_miria,4,41,
sakuragi_tooru,4,39,
sakurahime,4,30,
sakurai_akane_(girlfriend),4,49,
sakurai_aoi,4,120,
sakurai_ayaka_(lonely_girl_ni_sakaraenai),4,239,
sakurai_chisato,4,80,
sakurai_hana,4,54,
sakurai_haruka_(milgram),4,60,
sakurai_hina,4,56,
sakurai_izumi,4,87,
sakurai_kanade,4,37,
sakurai_kouichi,4,32,
sakurai_masahiro,4,47,
sakurai_mikage,4,50,
sakurai_momoka,4,2581,
sakurai_natsuka,4,35,
sakurai_rihoko,4,443,
sakurai_ruka,4,42,
sakurai_shin'ichi,4,159,
sakurai_takahiro,4,43,
sakurai_tomo,4,35,
sakurai_tomoki,4,79,
sakurai_touko,4,505,
sakurai_yukino,4,34,
sakurai_yumeko,4,214,
sakurai_yuuto_(shiromanta),4,179,
sakurajima_mai,4,1120,
sakurako_(blue_archive),4,834,
sakurakoji_kinako,4,154,
sakurakouji_kinako,4,159,
sakurakouji_luna,4,128,
sakurakouji_tsukuyomi,4,42,
sakuramachi_touko,4,55,
sakurame_kirie,4,32,
sakurami_kyouko,4,30,
sakuramori_kaori,4,709,
sakuranbou_(cookie),4,125,
sakurane_shouka,4,31,
sakurano_kurimu,4,104,
sakurano_mimito,4,213,
sakurano_otoha,4,76,
sakurano_tazusa,4,45,
sakuranomiya_maika,4,400,
sakurasawa_sumi,4,184,
sakurauchi_riko,4,3714,
sakurazaki_setsuna,4,455,
sakurazuka_miki,4,30,
sakurazuka_ren,4,34,
sakusa_kiyoomi,4,65,
sakuta_ryuusei,4,89,
sakutarou_(umineko),4,432,
sakuya_(ookami),4,53,
sakuya_(p&d),4,190,
sakuya_(sao),4,53,
sakuya_(sister_princess),4,175,
sakuya_(utawarerumono),4,49,
sakuya_sieglinde,4,45,
sakuyamon,4,207,
sakuyamon:_miko_mode,4,36,
sakyumama_(kedama_milk),4,138,
salama_(amaburi),4,171,
salamander_(monster_girl_encyclopedia),4,53,
salamander_coral,4,127,
salamandinay,4,41,
salamence,4,358,
salandit,4,75,
salazzle,4,170,
salde_canarl_shellbrick_iii,4,67,
salem_(rwby),4,64,
salia_(cross_ange),4,36,
sallie_(kureiji_ollie),4,41,
sally_(bofuri),4,88,
sally_acorn,4,111,
sally_whitemane,4,65,
salmon_(kancolle),4,75,
salome_(fate),4,83,
salome_(one_piece),4,299,
salomon_(housamo),4,76,
salsa_(trusty_bell),4,45,
salsa_tortilla,4,33,
saltwater_crocodile_(kemono_friends),4,169,
salvatore_(disgaea),4,59,
salvatore_(pokemon),4,50,
sam_(honkai:_star_rail),4,583,
sam_(mewniverse),4,39,
sam_(totally_spies),4,59,
sam_porter_bridges,4,138,
sam_wilson,4,37,
sam_winchester,4,44,
samantha_(admiral_bahroo),4,60,
samarie_(fear_&_hunger),4,68,
same-san,4,76,
samejima_mamimi,4,282,
samejima_yoruko,4,35,
samekichi_(wadanohara),4,65,
sameko_(niwarhythm),4,31,
sameko_saba_(1st_costume),4,650,
sameko_saba_(halloween),4,16,
sami_(advance_wars),4,49,
samia_of_the_shifting_sands,4,30,
samidare_(kancolle),4,4871,
samidare_yui,4,151,
samira,4,74,
samjo_(project_moon),4,52,
sammy_(bestsammy),4,59,
samneco-chan,4,37,
sampo_koski,4,331,
samson_(skullgirls),4,709,
samson_big_(umamusume),4,64,
samsung_sam,4,296,
samuel_(aestheticc-meme),4,43,
samuel_b._roberts_(kancolle),4,996,
samuel_b._roberts_mk_ii_(kancolle),4,85,
samuel_oak,4,282,
samuel_rodrigues,4,78,
samui_(naruto),4,52,
samurai_(7th_dragon_series),4,296,
samurai_(elden_ring),4,46,
samurai_(fft),4,51,
samurai_(final_fantasy),4,187,
samurai_(zoza),4,31,
samurai_calibur,4,80,
samurai_jack_(character),4,65,
samurott,4,244,
samus_aran,4,6114,
san-chan,4,84,
san_(mononoke_hime),4,648,
san_diego_(azur_lane),4,349,
san_francisco_(azur_lane),4,81,
san_jacinto_(azur_lane),4,40,
sana_(mahoutsukai_rose_no_sado_life),4,73,
sana_(tiny_evil),4,62,
sana_(twice),4,52,
sanada_akihiko,4,867,
sanada_momen,4,36,
sanada_ryou,4,37,
sanada_tatsuki,4,76,
sanada_yuki,4,96,
sanada_yukimura_(hyakka_ryouran),4,59,
sanada_yukimura_(sengoku_basara),4,249,
sanada_yukimura_(sengoku_musou),4,32,
sanae-chan,4,61,
sanageyama_uzu,4,1039,
sanageyama_uzu_(blade_regalia),4,47,
sanagi_yuzu,4,45,
sanakan,4,103,
sanaki_kirsch_altina,4,264,
sanaki_kirsch_altina_(bridal),4,36,
sanaki_kirsch_altina_(ninja),4,31,
sanako_(92m),4,42,
sanallite_(tsukumo_sana),4,146,
sananana_(cookie),4,477,
sanbi_(reku),4,61,
sand_cat_(kemono_friends),4,779,
sand_girl_(last_origin),4,33,
sandaconda,4,42,
sandalphon_(granblue_fantasy),4,914,
sandalphon_(server_of_a_sublime_brew)_(granblue_fantasy),4,38,
sandayu_(housamo),4,91,
sandbag_(smash_bros),4,36,
sandile,4,82,
sandman_(sbr),4,50,
sandrone_(genshin_impact),4,112,
sandshrew,4,200,
sandslash,4,142,
sandworm_(dune),4,17,
sandy_bash,4,40,
sandygast,4,144,
sane_(zoza),4,34,
sang_yi_(project_moon),4,69,
sanger_zonvolt,4,114,
sango_(inuyasha),4,211,
sango_(pokemon),4,202,
sangoku_taichi,4,53,
sangonomiya_kokomi,4,3735,
sangonomiya_kokomi_(sushiro),4,64,
sangou_shizuku,4,107,
sanguinius,4,90,
sanguu_mitsuba,4,55,
sanhua_(wuthering_waves),4,143,
sania_(arc_the_lad),4,63,
saniko_(honchu),4,80,
saniwa_(katsugeki/touken_ranbu),4,51,
saniwa_(touken_ranbu),4,1173,
sanji_(one_piece),4,2993,
sanjou_hiiro,4,18,
sanjouno_haruhime,4,76,
sanka_rea,4,143,
sannomiya_shiho,4,204,
sano_emma,4,63,
sano_manjirou,4,284,
sans,4,891,
sans_(undertale),4,251,
sansei_muramasa,4,415,
sansetsukon_no_lily,4,37,
sanshita_gyaru_(kato_takuji),4,21,
sanshokuin_sumireko,4,87,
sansin_jin,4,31,
sanson_(nadia),4,52,
santa_alter,4,330,
santa_claus,4,775,
santa_claus_(chainsaw_man),4,114,
santalla_(arknights),4,44,
santana_(jojo),4,138,
sanya_(kuzuha),4,162,
sanya_v._litvyak,4,3355,
sanyu_(ry_thae),4,66,
sanzen'in_nagi,4,795,
sanzu_haruchiyo,4,190,
saori_(blue_archive),4,3734,
saori_(dress)_(blue_archive),4,612,
saori_(swimsuit)_(blue_archive),4,304,
saotome_ako,4,181,
saotome_alto,4,971,
saotome_genma,4,149,
saotome_genma_(panda),4,153,
saotome_haruna,4,169,
saotome_jin,4,39,
saotome_kazuko,4,125,
saotome_mary,4,138,
saotome_oto,4,44,
saotome_ranma,4,989,
saotome_rei,4,96,
saotome_rui,4,41,
saotome_shino_(shino_to_ren),4,359,
saotome_shizuno,4,37,
saotome_suzume,4,65,
saphentite_neikes,4,53,
saphir_(sailor_moon),4,35,
sapling_(ceres_fauna),4,124,
sapnap,4,30,
sapphicneko_(sapphicneko),4,54,
sapphira_nyx,4,110,
sapphire_rhodonite,4,69,
sara_(fire_emblem),4,75,
sara_(granblue_fantasy),4,284,
sara_(gundam_build_divers),4,147,
sara_(jewelpet_twinkle),4,55,
sara_(konbu_wakame),4,30,
sara_(mahjong_soul),4,48,
sara_(throtem),4,33,
sara_(touhou),4,289,
sara_bellum,4,31,
sara_crispino,4,82,
sara_gallagher,4,46,
sara_kodama,4,47,
sara_scorpion,4,38,
sara_turner,4,52,
sara_valestein,4,259,
sara_wing_(gallop!),4,32,
saraana,4,69,
sarah-san_(mignon),4,67,
sarah_(pokemon),4,94,
sarah_(suikoden_iii),4,48,
sarah_adiemus,4,54,
sarah_baker,4,18,
sarah_bryant,4,115,
sarah_kerrigan,4,41,
sarah_mcdougal,4,55,
sarah_zabiarov,4,48,
saran_(femraenjoyer),4,11,
saraqael_(last_origin),4,30,
sarara,4,35,
sarasa_hanna,4,86,
sarashiki_kanzashi,4,34,
sarashiki_tatenashi,4,130,
sarashina_ruka,4,403,
saratoga_(azur_lane),4,421,
saratoga_(kancolle),4,2628,
saratoga_(seven_seas_of_rest)_(azur_lane),4,58,
saratoga_(warship_girls_r),4,265,
saratoga_mk_ii_(kancolle),4,258,
saren_(christmas)_(princess_connect!),4,162,
saren_(princess_connect!),4,1794,
saren_(real)_(princess_connect!),4,130,
saren_(sarasaria)_(princess_connect!),4,59,
saren_(summer)_(princess_connect!),4,720,
sari_(trickcal),4,13,
sari_sumdac,4,56,
saria_(arknights),4,1984,
saria_(stronghold)_(arknights),4,70,
saria_(the_law)_(arknights),4,242,
saria_(zelda),4,364,
sariel_(touhou),4,446,
sarisa_highwind_tycoon,4,42,
saruei_(vtuber),4,165,
sarugaki_hiyori,4,93,
sarushiro_souta,4,59,
sarutahiko_(housamo),4,47,
sarutobi_asuma,4,179,
sarutobi_ayame,4,131,
sarutobi_konohamaru,4,68,
sarutobi_sasuke_(sengoku_basara),4,130,
saruyama_ken'ichi,4,33,
sarya_(granblue_fantasy),4,106,
saryn_(warframe),4,31,
saryuu_evan,4,86,
sasa_kazamori,4,172,
sasagawa_kanon,4,60,
sasagawa_kyouko,4,73,
sasagawa_ryohei,4,36,
sasahara_kanji,4,79,
sasahara_koujirou,4,58,
sasahara_natsuki_(hyper_police),4,37,
sasahara_nonoka,4,46,
sasahara_satsuki,4,56,
sasaki_(one_piece),4,30,
sasaki_(super_no_ura_de_yani_suu_futari),4,38,
sasaki_(suzumiya_haruhi),4,162,
sasaki_akebi,4,571,
sasaki_azusa,4,34,
sasaki_chie,4,1892,
sasaki_chie's_mother,4,36,
sasaki_chiho,4,559,
sasaki_fuuka,4,182,
sasaki_haise,4,179,
sasaki_junya,4,33,
sasaki_kanna_(kaedeko),4,239,
sasaki_kaori,4,50,
sasaki_kojirou_(fate),4,445,
sasaki_kotoko,4,37,
sasaki_kotone,4,38,
sasaki_maguro,4,88,
sasaki_makie,4,189,
sasaki_miyuki_(kaedeko),4,41,
sasaki_nono,4,26,
sasaki_raito,4,122,
sasaki_ran,4,328,
sasaki_rika,4,90,
sasaki_saku,4,1300,
sasaki_saku_(1st_costume),4,617,
sasaki_saku_(4th_costume),4,30,
sasaki_saku_(6th_costume),4,84,
sasaki_shuumei,4,37,
sasaki_touko,4,100,
sasaki_youko,4,45,
sasaki_yukina,4,91,
sasaki_yuuto,4,51,
sasakure_shizuka,4,22,
sasame_yaya,4,54,
sasame_yozuru,4,57,
sasamiya_saya,4,30,
sasamori_anna,4,31,
sasamori_karin,4,271,
sasara_(fantasista_doll),4,36,
sasasegawa_sasami,4,402,
sasayuri_(genshin_impact),4,38,
sasazuka_takeru,4,68,
sasha_(animal_crossing),4,72,
sasha_(demonherd),4,15,
sasha_(haguhagu),4,356,
sasha_(sennen_sensou_aigis),4,32,
sasha_blouse,4,662,
sasha_kruschschev,4,45,
sasha_waybright,4,282,
sashinami_shouko,4,68,
sashiromiya_sasha,4,43,
sashou_mihiro,4,113,
sasori_(naruto),4,168,
sasorina,4,43,
sasquatch_(vampire),4,73,
sasugano_roki,4,42,
sasugano_ruki,4,45,
sasuke_(ganbare_goemon),4,35,
sasuke_(ninin_ga_shinobuden),4,31,
sata_anri,4,40,
satake_mei,4,57,
satake_minako,4,904,
satake_minako_(poka_poka_service),4,22,
satake_shougo,4,107,
satan_(devilman),4,85,
satan_(idolmaster),4,89,
satan_(puyopuyo),4,181,
satan_(umineko),4,248,
satanichia_kurumizawa_mcdowell,4,754,
satanick_(funamusea),4,75,
satella_(re:zero),4,99,
satellizer_el_bridget,4,121,
saten_ruiko,4,2367,
sateriasis_venomania,4,54,
sato-san_(yewang19),4,41,
sato_(danganronpa),4,53,
sato_masuki,4,112,
sato_reika,4,229,
sato_shin,4,908,
satomi_(stpri),4,41,
satomi_isao,4,26,
satomi_kagemitsu,4,24,
satomi_kiyo,4,26,
satomi_mitsu,4,62,
satomi_naoko,4,47,
satomi_nayuta,4,46,
satomi_rentarou,4,51,
satomi_saki,4,43,
satomi_touka,4,220,
satomura_akane,4,45,
satonaka_chie,4,2945,
satonaka_chie_(ooya-san_wa_shishunki),4,55,
satonaka_kei,4,34,
satonaka_megumi_(futamotu),4,62,
satonaka_narumi,4,89,
satono_crown_(casual)_(umamusume),4,78,
satono_crown_(umamusume),4,450,
satono_diamond_(chevalier_bleu)_(umamusume),4,80,
satono_diamond_(floral_star_prosperous_green)_(umamusume),4,75,
satono_diamond_(umamusume),4,3423,
satori_kagome,4,43,
satou_(danganronpa),4,44,
satou_akane,4,88,
satou_akira,4,65,
satou_ayano,4,44,
satou_hina_(kamisama_ni_natta_hi),4,144,
satou_jun,4,368,
satou_kai,4,57,
satou_kazuma,4,2385,
satou_kotarou_(fairytale_police_hoe_department),4,56,
satou_lilly,4,312,
satou_mafuyu,4,183,
satou_mari,4,199,
satou_masaki_(kimi_to_boku),4,39,
satou_mei,4,57,
satou_reika,4,86,
satou_rikidou,4,81,
satou_rina,4,74,
satou_sakie,4,199,
satou_sara,4,37,
satou_sasara,4,221,
satou_satomi,4,40,
satou_sei,4,376,
satou_shin'ya,4,45,
satou_tatsuhiro,4,49,
satouin_reiko,4,47,
satozaki_kiko,4,88,
satsuki_(blue_archive),4,610,
satsuki_(kancolle),4,2869,
satsuki_(konohana_kitan),4,33,
satsuki_(quiz_magic_academy),4,60,
satsuki_(reverse:1999),4,37,
satsuki_fumi,4,30,
satsuki_kai_ni_(kancolle),4,565,
satsuki_mari,4,77,
satsuki_miya,4,36,
satsuki_ouhara,4,46,
satsuki_rin,4,288,
satsuki_yomi,4,34,
satsukitane_mikako,4,38,
saturn_(pokemon),4,117,
satyr_(granblue_fantasy),4,202,
saul_goodman,4,93,
sauron,4,47,
savage_(arknights),4,244,
savage_babe,4,45,
savanna_striped_giant_slug_(kemono_friends),4,112,
sawa_(kite),4,31,
sawa_azusa,4,1081,
sawa_sudachi,4,47,
sawachika_eri,4,318,
sawada_kanako,4,58,
sawada_manami,4,115,
sawada_marina,4,91,
sawada_mio,4,30,
sawada_tsunayoshi,4,217,
sawaguchi_mai,4,249,
sawai_natsuha,4,133,
sawaizumi_chiyu,4,371,
sawaki_momoe,4,32,
sawaki_souemon_tadayasu,4,56,
sawakita_eiji,4,165,
sawamura_chizuru,4,34,
sawamura_daichi,4,244,
sawamura_eijun,4,174,
sawamura_spencer_eriri,4,838,
sawamura_tomoki,4,67,
sawanoguchi_sae,4,41,
sawashiro_miyuki,4,206,
sawatari_akane_(chainsaw_man),4,208,
sawatari_coco,4,284,
sawatari_fuu,4,60,
sawatari_ginbee_haruomi,4,38,
sawatari_izumi,4,204,
sawatari_makoto,4,483,
sawatari_miko,4,64,
sawatari_mitsuki,4,120,
sawatari_miwako,4,33,
sawatari_reika,4,58,
sawatari_riko,4,154,
sawatari_saeko,4,44,
sawatari_shingo,4,59,
sawatari_shizuku,4,55,
sawk,4,117,
sawsbuck,4,165,
sawsbuck_(autumn),4,42,
sawsbuck_(spring),4,65,
sawsbuck_(summer),4,32,
sawsbuck_(winter),4,50,
sawyer_(pokemon_masters_ex),4,45,
saxton_hale,4,32,
say'ri_(fire_emblem),4,89,
saya_(blue_archive),4,244,
saya_(casual)_(blue_archive),4,75,
saya_(majo_no_tabitabi),4,75,
saya_(saya_no_uta),4,734,
saya_(twrlare),4,180,
sayaka-chan_(gashi-gashi),4,45,
sayaka_(harris_hero),4,38,
sayaka_(saru_getchu),4,362,
sayama_norika,4,43,
sayama_saho,4,61,
sayama_saho_(gibagiba),4,283,
sayama_youtarou,4,301,
sayama_youtarou_(gibagiba),4,70,
sayama_yuugo,4,10,
sayano_(yakob_labo),4,82,
sayla_mass,4,344,
sayo_(digimon),4,58,
sayo_(kiki_kaikai),4,45,
sayo_(voicevox),4,74,
sayo_samonji,4,625,
sayo_samonji_(tenka_hyakken),4,60,
sayori_(doki_doki_literature_club),4,871,
sayu_(genshin_impact),4,906,
sayu_(shirotsume_souwa),4,31,
sayu_sincronisity,4,40,
sayuri_(k_pring),4,68,
sayuri_(singer),4,35,
sazabi,4,219,
sazaki_kaoruko,4,521,
sazaki_susumu,4,31,
sazanami_(kancolle),4,4964,
sazanami_(yukata)_(kancolle),4,12,
sazanami_jun,4,168,
sazanami_kai_(kancolle),4,224,
sazanka_(kunoichi_tsubaki_no_mune_no_uchi),4,86,
sazanka_bianca,4,32,
sazh_katzroy,4,55,
scamp_(kancolle),4,536,
scandinavia_peperoncino,4,74,
scanty_(psg),4,517,
scapegoat,4,51,
scar-h_(girls'_frontline),4,68,
scar-l_(girls'_frontline),4,43,
scar_(fma),4,80,
scar_(wuthering_waves),4,200,
scaramouche's_sickly_friend_(genshin_impact),4,40,
scaramouche_(cat)_(genshin_impact),4,634,
scaramouche_(genshin_impact),4,8897,
scaramouche_(kabukimono)_(genshin_impact),4,845,
scaramouche_(shouki_no_kami)_(genshin_impact),4,122,
scarecrow_(girls'_frontline),4,177,
scarecrow_(twooz),4,58,
scarf_girl_(tiger_&_bunny),4,31,
scarfy,4,142,
scarle_yonaguni,4,309,
scarle_yonaguni_(1st_costume),4,93,
scarle_yonaguni_(enchantress),4,22,
scarle_yonaguni_(goth),4,16,
scarle_yonaguni_(loungewear),4,21,
scarle_yonaguni_(pajamas),4,18,
scarlet_(black_shadow)_(nikke),4,145,
scarlet_(ff7),4,49,
scarlet_(nikke),4,354,
scarlet_ibis_(kemono_friends),4,307,
scarlet_ohara,4,36,
scarlet_spider,4,34,
scarlet_witch,4,206,
scarlett_(unicorn_overlord),4,123,
scarmiglione,4,30,
scary_monsters_(stand),4,409,
scathach_(fate),4,8502,
scathach_(fire_emblem),4,129,
scathach_(first_ascension)_(fate),4,42,
scathach_(formal_dress)_(fate),4,44,
scathach_(makyou_sergeant)_(fate),4,36,
scathach_(piercing_bunny)_(fate),4,897,
scathach_(swimsuit_assassin)_(fate),4,1096,
scathach_skadi_(fate),4,1605,
scathach_skadi_(second_ascension)_(fate),4,52,
scathach_skadi_(swimsuit_ruler)_(fate),4,283,
scathach_skadi_(swimsuit_ruler)_(final_ascension)_(fate),4,65,
scathach_skadi_(swimsuit_ruler)_(first_ascension)_(fate),4,75,
scathach_skadi_(swimsuit_ruler)_(second_ascension)_(fate),4,62,
scathach_skadi_(swimsuit_ruler)_(third_ascension)_(fate),4,34,
scathach_skadi_(third_ascension)_(fate),4,161,
scathacha_(granblue_fantasy),4,249,
scatterbug,4,72,
scavenger_(arknights),4,150,
scene_(arknights),4,260,
scene_(betsushi)_(arknights),4,41,
sceptile,4,367,
schach_nouera,4,57,
schala_zeal,4,113,
scharlachrot,4,95,
scharnhorst_(azur_lane),4,107,
scheherazade_(brown_dust),4,99,
scheherazade_(fate),4,770,
scheherazade_(magi),4,43,
scherazard_harvey,4,70,
scheris_adjani,4,91,
schezo_wegey,4,386,
schierke_(berserk),4,146,
schnee_weissberg,4,58,
schneewittchen,4,78,
schneider_(reverse:1999),4,467,
schneizel_el_britannia,4,101,
scholar_(elden_ring),4,60,
scholar_(final_fantasy),4,303,
school_kid_(pokemon),4,50,
schroedinger_(hellsing),4,85,
schwann_oltorain,4,76,
schwarz_(arknights),4,1565,
schwarz_(presents)_(arknights),4,66,
schwarz_(skyline)_(arknights),4,129,
schwarz_bruder,4,41,
schwarzloch_(wuthering_waves),4,16,
schweichen_von_kaizenix,4,20,
schwertkreuz,4,580,
schwertkreuz_(standby_form),4,54,
sci-twi,4,43,
scientist_(zannen_onna-kanbu_black_general-san),4,72,
scirocco_(kancolle),4,293,
scissors_lise,4,66,
scizor,4,529,
sclera_(asteroid_ill),4,96,
scleriteaeaeaggadah,4,51,
scolipede,4,382,
scooby-doo_(character),4,59,
scootaloo,4,55,
scopedog,4,181,
scorbunny,4,1726,
scorched_girl,4,34,
scorpio_milo,4,58,
scorpion_(mortal_kombat),4,69,
scorpion_tsuchida,4,42,
scorpius_malfoy,4,49,
scotch_(meitantei_conan),4,128,
scott_pilgrim,4,325,
scottie_(pokemon),4,117,
scout_(arknights),4,34,
scout_(fantasy_earth),4,94,
scout_(tf2),4,206,
scp-040-jp,4,52,
scp-073,4,40,
scp-076-2,4,53,
scp-173,4,66,
scp-682,4,51,
scrafty,4,162,
scraggy,4,223,
scrapper_(splatoon),4,33,
scratchmen_apoo,4,31,
scream_tail,4,136,
screwllum_(honkai:_star_rail),4,67,
scw_(girls'_frontline),4,31,
scylla_(azur_lane),4,158,
scylla_(femme_fatale_fresher)_(azur_lane),4,46,
scylla_(monster_girl_encyclopedia),4,45,
scythana,4,78,
scyther,4,194,
sdf-1,4,226,
sea_fairy_cookie,4,42,
seabook_arno,4,50,
seaborn_(arknights),4,57,
seabreeze_arle,4,13,
seadall_(fire_emblem),4,33,
seadra,4,104,
seadramon,4,31,
seaking,4,161,
seal_keeper_(diva),4,31,
sealand_(hetalia),4,102,
sealeo,4,88,
sean_matsuda,4,96,
seaplane_tender_princess,4,171,
seaplane_tender_water_princess,4,66,
seaport_princess,4,3536,
seaport_summer_princess,4,207,
seaport_water_oni,4,181,
searchmaton_(dennou_coil),4,45,
seaside_sukeban_(mg)_(blue_archive),4,45,
seaside_sukeban_(smg)_(blue_archive),4,47,
seattle_(azur_lane),4,86,
sebas_(isekai_shinige_ojousama),4,39,
sebas_tian,4,42,
sebastian_(dokidoki!_precure),4,37,
sebastian_(stardew_valley),4,30,
sebastian_castellanos,4,129,
sebastian_michaelis,4,339,
sebastian_piyodore,4,565,
sebastian_sallow,4,36,
sebastian_solace,4,34,
sebastians_(madoka_magica),4,40,
sebek_zigvolt,4,101,
secco,4,99,
secelia_dote,4,657,
second_armor_x_(mega_man),4,31,
second_sentinel_(hollow_knight),4,69,
secre_swallowtail,4,132,
secretary-san_(zannen_onna-kanbu_black_general-san),4,116,
secretarybird_(kemono_friends),4,52,
secretoru_(precure),4,33,
securett_rafe,4,35,
securityboo_(zenless_zone_zero),4,80,
sedene_(genshin_impact),4,32,
seedot,4,115,
seeking_the_pearl_(umamusume),4,93,
seel,4,122,
seele_(alter_ego),4,973,
seele_(evangelion),4,42,
seele_(honkai:_star_rail),4,868,
seele_vollerei,4,2373,
seele_vollerei_(eternal_night's_embrace),4,32,
seele_vollerei_(herrscher_of_rebirth),4,396,
seele_vollerei_(starchasm_nyx),4,350,
seele_vollerei_(stygian_nymph),4,443,
seele_vollerei_(swallowtail_phantasm),4,344,
seelie_(genshin_impact),4,462,
seena_kanon,4,72,
seer_(apex_legends),4,173,
seera_finis_victoria,4,31,
seeu,4,637,
seffyna,4,134,
sega_dreamcast_(sega_hard_girls),4,31,
sega_hatsumi,4,33,
sega_saturn_(sega_hard_girls),4,36,
segawa_izumi,4,105,
segawa_misato,4,73,
segawa_onpu,4,279,
segawa_rikako,4,48,
segiri_(xenoblade),4,37,
seha_lee,4,84,
sehra_klatt,4,54,
sei_(bakuretsu_tenshi),4,39,
sei_asagiri,4,106,
sei_shounagon_(fate),4,892,
sei_shounagon_(swimsuit_berserker)_(fate),4,275,
seia_(blue_archive),4,2117,
seibzehn,4,38,
seidr_(fire_emblem),4,114,
seifer_almasy,4,130,
seihouin_erika,4,33,
seike_tomoyo,4,32,
sein_(nanoha),4,89,
sein_(sousou_no_frieren),4,120,
seina_(kyata_ti666),4,89,
seira_(mermaid_melody_pichi_pichi_pitch),4,86,
seira_(yuki_touko),4,35,
seiran_(sake_(utopia_modoki)),4,30,
seiran_(touhou),4,2109,
seiren_(suite_precure),4,893,
seiros_(fire_emblem),4,66,
seiryuu_(kemono_friends),4,232,
seishan,4,12,
seismitoad,4,68,
seiten_(queen's_blade),4,36,
seitokaichou-chan_(minato_ojitan),4,57,
seiun_sky_(paint_the_sky_red)_(umamusume),4,16,
seiun_sky_(reeling_in_the_big_one)_(umamusume),4,630,
seiun_sky_(soiree_de_chaton)_(umamusume),4,84,
seiun_sky_(umamusume),4,2022,
seiya_kou,4,398,
sejuani,4,124,
sekai_(cevio),4,322,
sekhmet_of_death,4,141,
seki_(vtuber),4,84,
seki_hiromi,4,376,
seki_oriko,4,59,
seki_toshinari,4,32,
sekibanki,4,5636,
sekigahara_ei,4,73,
sekiguchi_(odd_taxi),4,74,
sekiguchi_yuria,4,51,
sekine_moeko,4,101,
sekine_shiori,4,263,
sekino_roko,4,107,
sekiro,4,395,
sekishiro_mico,4,322,
sekiutsu_maria_tarou,4,167,
sekiya_naru,4,93,
sekka_(kageshio),4,103,
sekka_(shadowverse),4,36,
sekka_yufu,4,171,
sekomumasada_sensei,4,270,
sekoshi_(some1else45),4,149,
sela_(23),4,382,
selen_tatsuki,4,1971,
selen_tatsuki_(1st_costume),4,478,
selen_tatsuki_(2nd_costume),4,136,
selen_tatsuki_(3rd_costume),4,47,
selena:_capriccio_(punishing:_gray_raven),4,102,
selena:_pianissimo_(threads_of_destiny)_(pgr),4,13,
selena:_tempest_(punishing:_gray_raven),4,97,
selena_(chaos_zero_nightmare),4,11,
selena_(fire_emblem:_the_sacred_stones),4,57,
selena_(fire_emblem_fates),4,166,
selena_(punishing:_gray_raven),4,329,
selene_(ff14),4,32,
selene_(pokemon),4,4181,
selene_(special_costume)_(pokemon),4,50,
selenoah,4,46,
selesia_upitiria,4,162,
selettrice_vaalmonica,4,58,
selim_bradley,4,87,
selim_spark,4,57,
selina_kyle,4,171,
seliph_(fire_emblem),4,825,
seliph_(scion_of_light)_(fire_emblem),4,34,
selka_zuberg,4,33,
selkie,4,43,
selkie_(fire_emblem),4,281,
sella_(fate),4,121,
selly55,4,39,
selma_claudel,4,14,
selphie_tilmitt,4,382,
selvaria_bles,4,693,
semi-perfect_cell,4,36,
semiramis_(fate),4,737,
semmelweis_(reverse:1999),4,56,
sen_(granblue_fantasy),4,415,
sen_no_rikyu_(fate),4,218,
sen_no_rikyu_(first_ascension)_(fate),4,35,
sen_no_rikyu_(second_ascension)_(fate),4,80,
sen_no_rikyuu_(sengoku_bushouki_muramasa),4,67,
sen_rikyuu,4,32,
sena_(blue_archive),4,211,
sena_(ichiroku),4,30,
sena_(xenoblade),4,419,
sena_airi,4,110,
sena_ajisai,4,40,
sena_izumi_(ensemble_stars!),4,247,
sena_mikoto,4,160,
sena_shiori_(idolmaster),4,67,
sena_tsubasa,4,47,
sena_yuumi_(wantan_meo),4,57,
senadina_(honkai_impact),4,143,
senba_ayako,4,46,
sendai_(kancolle),4,5246,
sendai_(yukata)_(kancolle),4,24,
sendai_hakurei_no_miko,4,1584,
sendai_hazuki,4,193,
sendai_kai_ni_(kancolle),4,1794,
sendo_yuuhi,4,47,
sendou_aichi,4,233,
sendou_airi,4,52,
sendou_akira,4,47,
sendou_chika,4,31,
sendou_emi,4,54,
sendou_erika,4,120,
sendou_yukari,4,104,
sendou_yuzuka,4,36,
senel_coolidge,4,87,
sengo_muramasa_(touken_ranbu),4,158,
sengoku_(one_piece),4,60,
sengoku_kakeru,4,48,
sengoku_kamuri,4,117,
sengoku_nadeko,4,1504,
sengoku_shinobu,4,175,
senhime,4,41,
senji_muramasa_(fate),4,918,
senji_muramasa_(second_ascension)_(fate),4,58,
senji_muramasa_(tenka_hyakken),4,31,
senjougahara_hitagi,4,2562,
senju_hashirama,4,63,
senju_muramasa,4,262,
senju_tobirama,4,47,
senkawa_chihiro,4,895,
senkawa_minato,4,238,
senketsu,4,4815,
senketsu-kisaragi,4,48,
senketsu_(scarf),4,46,
senko_(oshiro_project),4,30,
senko_(sewayaki_kitsune_no_senko-san),4,651,
senkou_(senran_kagura),4,73,
senkou_no_flash,4,36,
senna_(league_of_legends),4,94,
senomiya_akiho,4,91,
senomiya_misaki_(teen),4,23,
senoo_aiko,4,183,
senoo_chihogi,4,31,
senoo_kaori,4,86,
senou_natsuru,4,157,
senpai-san_(douki-chan),4,151,
senpai_(kuro_senpai),4,35,
senpai_(oekakizuki),4,41,
senpai_(tawawa),4,85,
senra_(utaite),4,59,
senri_akane,4,224,
senri_haiji,4,65,
senri_mana_(princess_connect!),4,53,
senri_tsurubami,4,433,
sense_(sousou_no_frieren),4,152,
sensei_(blue_archive),4,17119,
sensei_(blue_archive_the_animation),4,494,
sensei_(denki-gai),4,38,
sensei_(tawawa),4,34,
senshi_(dungeon_meshi),4,2032,
senshi_(half-foot)_(dungeon_meshi),4,37,
sentinel_(x-men),4,36,
sento_isuzu,4,1211,
sentoumaru,4,32,
sentret,4,418,
sentry_turret_(portal),4,72,
senya_(bucchigiri?!),4,31,
senya_(dq11),4,237,
senzaki_ema,4,146,
seo_akira,4,62,
seo_aria_(hissatsu_chikannin_2),4,92,
seo_souko_(hissatsu_chikannin_2),4,24,
seo_yuzuki,4,192,
seofon_(granblue_fantasy),4,226,
seolla_schweizer,4,277,
seon-woo_eden,4,18,
seong_mi-na,4,91,
seong_mi-na_(bural_chingu),4,67,
seori_(ninja_gaiden),4,26,
seoryn_krios_(searyn),4,10,
seox_(granblue_fantasy),4,188,
sephiroth,4,2801,
sephiroth_(edged_wings),4,35,
sephiroth_(young),4,54,
sepia_belmont,4,106,
sera_(dds),4,42,
sera_(doubutsu_sentai_zyuohger),4,34,
sera_(judgemint),4,65,
sera_(lero_ray),4,45,
sera_(mega_man),4,84,
sera_haruna,4,34,
sera_honoka,4,135,
sera_karen,4,85,
sera_masumi,4,78,
serafall_leviathan,4,253,
serafina_(pronant_symphony),4,73,
seragaki_aoba,4,384,
serah_farron,4,159,
serana,4,73,
serapeum_(honkai_impact),4,32,
seraph_dazzlegarden,4,62,
seraphim_(korezom),4,106,
seraphim_(one_piece),4,136,
seraphimon,4,33,
seraphina_(disgaea),4,144,
seraphine_(league_of_legends),4,301,
seraphita_(xenogears),4,89,
serapias_alice,4,71,
serara_(log_horizon),4,52,
seras_victoria,4,359,
serdyukov_(girls'_frontline),4,38,
serena_(champion)_(pokemon),4,75,
serena_(konosuba),4,32,
serena_(palentine's_2021)_(pokemon),4,87,
serena_(pokemon),4,4415,
serena_(sygna_suit)_(pokemon),4,120,
serena_(yu-gi-oh!),4,495,
serena_cadenzavna_eve,4,102,
serene_(riviera),4,42,
serge_(chrono_cross),4,227,
sergeant_joo,4,39,
sergei_dragunov,4,59,
sergei_smirnov,4,95,
sergei_strelka,4,43,
seri_(zankuro),4,63,
seria_(kishi),4,12,
seria_kirmin,4,33,
serie_(sousou_no_frieren),4,273,
serika_(blue_archive),4,2295,
serika_(bunnystein_fantasy),4,31,
serika_(new_year)_(blue_archive),4,143,
serika_(swimsuit)_(blue_archive),4,911,
serika_(waitress)_(blue_archive),4,112,
serilly_(puyopuyo),4,101,
serina_(blue_archive),4,883,
serina_(christmas)_(blue_archive),4,214,
serina_(nurse)_(blue_archive),4,192,
serini_(pixiv_fantasia),4,31,
serio_(to_heart),4,215,
seripa,4,107,
serizawa_akane,4,231,
serizawa_asahi,4,1758,
serizawa_chiemi,4,72,
serizawa_chikaru,4,300,
serizawa_fumino,4,127,
serizawa_kamo_(fate),4,59,
serizawa_katsuya,4,142,
serizawa_madoka,4,53,
serizawa_miki,4,35,
serizawa_momoka,4,99,
serizawa_ulala,4,42,
sernia_iori_flameheart,4,79,
sero_hanta,4,167,
serosh_(elden_ring),4,34,
serpent_(path_to_nowhere),4,75,
serperior,4,548,
serph,4,63,
serpico_(berserk),4,42,
serra_(fire_emblem),4,198,
serra_(sennen_sensou_aigis),4,63,
serri_glaus,4,56,
seruel,4,55,
serval_(kemono_friends),4,7739,
serval_landau,4,228,
servant_(danganronpa),4,348,
servant_of_wrath,4,31,
servbot_(mega_man),4,426,
servine,4,157,
sesa_(arknights),4,30,
seshima_rui,4,99,
sesius_(haevest),4,45,
sesshoumaru,4,584,
sessyoin_kiara,4,2290,
sessyoin_kiara_(beast_iii/r),4,81,
sessyoin_kiara_(lily),4,307,
sessyoin_kiara_(swimsuit_mooncancer),4,665,
sessyoin_kiara_(swimsuit_mooncancer)_(first_ascension),4,207,
sessyoin_kiara_(swimsuit_mooncancer)_(second_ascension),4,367,
sessyoin_kiara_(swimsuit_mooncancer)_(third_ascension),4,36,
set_(mythology),4,42,
seta_kaoru,4,427,
seta_soujirou,4,69,
setanta's_puppy_(fate),4,139,
setanta_(fate),4,218,
seteth_(fire_emblem),4,155,
seth_(closers),4,105,
seth_(fire_emblem),4,50,
seth_(hollow_knight),4,28,
seth_(street_fighter),4,54,
seth_(under_night_in-birth),4,66,
seth_burroughs,4,33,
seth_lowell,4,590,
sethos_(genshin_impact),4,111,
setia,4,61,
seto_ferb,4,31,
seto_kousuke,4,746,
seto_midori,4,147,
seto_mitsuki_(denonbu),4,119,
seto_miyako,4,93,
seto_rika,4,34,
seto_sun,4,213,
setou_kenji,4,56,
setouchi_chie,4,38,
setra,4,191,
setsu_(dream_c_club),4,91,
setsu_(gnosia),4,188,
setsuka,4,40,
setsuko_ohara,4,103,
setsuna_(fire_emblem),4,195,
setsuna_(hasumi_(hasubatake39)),4,54,
setsuna_(inuyasha),4,49,
setsuna_(kyoushirou_to_towa_no_sora),4,34,
setsuna_(miraichizu),4,88,
setsuna_(needless),4,30,
setsuna_(nijisanji),4,43,
setsuna_f._seiei,4,736,
sett_(league_of_legends),4,436,
sette_(nanoha),4,41,
setzer_gabbiani,4,91,
seulbi_lee,4,240,
seulgi_(red_velvet),4,99,
seven_(fft-0),4,34,
seven_(sao),4,38,
seven_(scissor_seven),4,36,
sevens_road_witch,4,40,
severa_(fire_emblem),4,317,
severus_snape,4,104,
seviper,4,224,
sewaddle,4,198,
sex_pistols_(stand),4,165,
seychelles_(hetalia),4,226,
seydlitz_(azur_lane),4,77,
seyren_windsor,4,333,
sezaki_airi,4,43,
sf-a2_miki,4,743,
sgt_hartman,4,33,
sha-ming,4,89,
sha_wujing,4,223,
shaak_ti,4,33,
shaaku_(oninuer),4,22,
shachi_(one_piece),4,106,
shaco,4,48,
shaddiq_zenelli,4,156,
shade_(futagohime),4,57,
shadow_(ff6),4,74,
shadow_(kingdom_hearts),4,34,
shadow_(nerissa_ravencroft),4,179,
shadow_chao,4,33,
shadow_chaser_(ragnarok_online),4,255,
shadow_cross_(ragnarok_online),4,54,
shadow_dancer_(dungeon_and_fighter),4,34,
shadow_futaba,4,39,
shadow_kirby,4,124,
shadow_lugia,4,32,
shadow_man_(mega_man),4,45,
shadow_mio,4,38,
shadow_moon,4,62,
shadow_naoto,4,68,
shadow_queen,4,73,
shadow_rise,4,54,
shadow_sae,4,53,
shadow_the_hedgehog,4,1934,
shadow_tracker_elina,4,32,
shadow_venus,4,69,
shadow_yukiko,4,32,
shadowgale,4,45,
shadowheart_(baldur's_gate),4,753,
shaft_(live_a_hero),4,50,
shaga_ayame,4,103,
shagal_(gogalking),4,32,
shagaru_magala,4,35,
shaggy_rogers,4,86,
shaiapouf,4,59,
shakogairu_(duel_masters_play's),4,17,
shakra_(hollow_knight),4,147,
shakti_(elsword),4,61,
shakuyaku_(flower_knight_girl),4,32,
shakuyaku_(one_piece),4,37,
shalem_(arknights),4,43,
shallistera_(atelier),4,77,
shallotte_elminus,4,75,
shalltear_bloodfallen,4,320,
shalnark,4,101,
shalom_(path_to_nowhere),4,544,
shalon,4,335,
shamal,4,639,
shaman_(sekaiju),4,32,
shamane,4,113,
shamare_(arknights),4,568,
shamare_(echo_of_the_horrorlair)_(arknights),4,55,
shameimaru_aya,4,28778,
shameimaru_aya_(crow),4,185,
shameimaru_aya_(newsboy),4,484,
shamir_nevrand,4,467,
shamir_nevrand_(summer),4,36,
shamisen_(suzumiya_haruhi),4,170,
shamone_(skullgirls),4,55,
shampoo_(cat),4,86,
shampoo_(ranma_1/2),4,1200,
shamshel_(evangelion),4,50,
shamu_meruruusa,4,271,
shana,4,2479,
shane_(stardew_valley),4,48,
shanghai_doll,4,9019,
shangri-la_(azur_lane),4,146,
shangri-la_(utopia's_collector)_(azur_lane),4,32,
shania,4,30,
shania_(xenoblade),4,61,
shanks_(one_piece),4,479,
shanna_(fire_emblem),4,139,
shannan_(fire_emblem),4,74,
shannon_(umineko),4,635,
shanoa,4,153,
shanoa_(vtuber),4,56,
shantae,4,1542,
shantak_(nyaruko-san),4,75,
shante_(arc_the_lad),4,43,
shanti_rana,4,44,
shantotto,4,115,
shanxin_(the_legend_of_luoxiaohei),4,33,
shao_siming_(qinshi_mingyue),4,111,
shaohua_hatsune_miku,4,67,
shaomei_rin,4,49,
sharan_(dungeon_and_fighter),4,47,
sharena_(borrowed_divinity)_(fire_emblem),4,11,
sharena_(fire_emblem),4,505,
sharena_(spring)_(fire_emblem),4,74,
sharifah_ozdil,4,52,
shario_finieno,4,46,
shark_(gomtang),4,33,
sharkboo_(zenless_zone_zero),4,243,
sharkyyuna_(vtuber),4,23,
sharla_(mujin_wakusei_survive),4,38,
sharla_(xenoblade),4,112,
sharon_(dodomayo),4,91,
sharon_(grs-),4,38,
sharon_(words_worth),4,100,
sharon_holygrail,4,31,
sharon_kreuger,4,50,
sharon_les_halles,4,54,
sharon_rainsworth,4,70,
sharona_(alchemy_stars),4,57,
sharpedo,4,345,
sharrkan,4,65,
sharron_(lord_of_the_mysteries),4,39,
sharu_(dog_days),4,33,
sharuru_(dokidoki!_precure),4,177,
sharuru_(dokidoki!_precure)_(human),4,50,
shary_corvette,4,41,
shasha_(trickcal),4,10,
shatte_judevesten,4,37,
shaula_(re:zero),4,121,
shaun_(shadows_house),4,70,
shauna_(pokemon),4,503,
shauntal_(pokemon),4,413,
shaw_(arknights),4,352,
shaw_(girls'_frontline),4,31,
shax_lied,4,30,
shaxy_(taiko_no_tatsujin),4,11,
shayla-shayla,4,32,
shaymin,4,750,
shaymin_(land),4,535,
shaymin_(sky),4,253,
shaytan_(sound_horizon),4,40,
she-hulk,4,228,
she-ra,4,53,
she-slime,4,39,
she-venom,4,41,
shea_haulia,4,32,
sheba_(golden_sun),4,45,
sheba_(xenoblade),4,32,
shedinja,4,223,
sheena_(fire_emblem),4,31,
sheeney_(muku),4,53,
sheep_(kemono_friends),4,86,
sheep_(minecraft),4,47,
sheep_(trickster),4,73,
sheep_girl_(terayamaden),4,50,
sheep_nun_(diva),4,422,
sheer_heart_attack,4,62,
sheerow,4,36,
sheeta,4,216,
sheffield_(azur_lane),4,744,
sheffield_(kancolle),4,367,
sheffy_(princess_connect!),4,51,
shefi_(princess_connect!),4,87,
shego,4,225,
sheik,4,734,
sheila_e,4,32,
shekinah_(phantom_of_the_kill),4,32,
shelby_seraphine,4,54,
sheldon_(splatoon),4,90,
shelgon,4,73,
shellder,4,258,
shellin_burgundy,4,143,
shellin_burgundy_(1st_costume),4,40,
shellos,4,92,
shellos_(east),4,51,
shellos_(west),4,48,
shelly_(pokemon),4,199,
shelmet,4,57,
shem-ha,4,45,
shen_(league_of_legends),4,154,
shen_qingqiu,4,80,
shen_woo,4,50,
shenhe's_talisman_spirit_(genshin_impact),4,47,
shenhe_(frostflower_dew)_(genshin_impact),4,340,
shenhe_(genshin_impact),4,5527,
shenhe_(heytea)_(genshin_impact),4,43,
shenhe_(young)_(genshin_impact),4,41,
shenhua,4,62,
shennong_(housamo),4,437,
shennong_(summer)_(housamo),4,56,
shenron_(dragon_ball),4,172,
shep_(stickysheep),4,33,
shepherd_(pikmin),4,101,
shephira_(cert),4,41,
shera_l._greenwood,4,178,
sheriff_woody,4,62,
sherlock_holmes,4,182,
sherlock_holmes_(fate),4,392,
sherlock_moriarty,4,38,
sherlock_shellingford,4,404,
sherlotta,4,48,
sherly_(merryweather),4,27,
sherma_(hollow_knight),4,86,
shermie_(kof),4,602,
sherry_(langrisser),4,36,
sherry_belmont,4,37,
sherry_birkin,4,250,
sherry_cromwell,4,30,
sherry_leblanc,4,50,
sherry_polnareff,4,34,
sheryl_nome,4,3024,
sheska_(girls_und_panzer),4,48,
sheth_(gentsuki),4,44,
sheva_alomar,4,172,
shez_(female)_(fire_emblem),4,565,
shez_(female)_(summer)_(fire_emblem),4,108,
shez_(fire_emblem),4,712,
shez_(male)_(fire_emblem),4,223,
shi-long_lang,4,36,
shi_huang_di_(fate),4,236,
shi_huang_di_(third_ascension)_(fate),4,38,
shi_qingxuan,4,45,
shi_wuxia,4,46,
shi_wuyou,4,41,
shi_zhaoying,4,117,
shia_(pita_ten),4,69,
shia_(stella_sora),4,96,
shia_flatpaddy,4,159,
shian_(trouble_spirit),4,36,
shiba_hibino,4,54,
shiba_kuukaku,4,126,
shiba_miyuki,4,322,
shiba_tatsuya,4,59,
shiba_tomoshibi,4,494,
shibasaki_erika,4,59,
shibasaki_roka,4,39,
shibata_katsuie_(oda_nobuna_no_yabou),4,39,
shibata_mizuki,4,61,
shibaya_toshimi,4,34,
shibazaki_yousuke,4,65,
shibugaki_matsuri,4,39,
shibukawa_chie,4,23,
shibuki_ran,4,557,
shibuya_hajime,4,58,
shibuya_inori,4,45,
shibuya_kanon,4,1578,
shibuya_rin,4,7020,
shibuya_takami,4,81,
shichigusa_nanako,4,30,
shichijou_aria,4,60,
shichimiya_satone,4,120,
shichiseiken_(tenka_hyakken),4,31,
shida_kuroha,4,30,
shida_yuudai,4,43,
shidare_hotaru,4,1249,
shido_mel,4,68,
shidou_(katsumata_hiroki),4,10,
shidou_hikaru,4,394,
shidou_irina,4,374,
shidou_mariya,4,225,
shieldon,4,58,
shiftry,4,113,
shifty_(nikke),4,85,
shigaraki_tateyuki,4,39,
shigaraki_tomura,4,508,
shigemori_erin,4,89,
shigino_hayato,4,30,
shigino_kisumi,4,73,
shiguma_rika,4,195,
shigure_(attack_i-490!)_(azur_lane),4,36,
shigure_(azur_lane),4,324,
shigure_(blue_archive),4,980,
shigure_(fire_emblem),4,133,
shigure_(hot_spring)_(blue_archive),4,523,
shigure_(kancolle),4,16343,
shigure_ama,4,34,
shigure_asa,4,368,
shigure_kai_ni_(kancolle),4,9348,
shigure_kai_san_(kancolle),4,1035,
shigure_kai_san_(swimsuit)_(kancolle),4,117,
shigure_kasumi,4,52,
shigure_kira,4,124,
shigure_rangetsu,4,30,
shigure_ui_(summer_uniform)_(vtuber),4,239,
shigure_ui_(vtuber),4,1647,
shigure_ui_(vtuber)_(1st_costume),4,416,
shigure_ui_(vtuber)_(2nd_costume),4,98,
shigure_ui_(vtuber)_(casual),4,68,
shigure_ui_(vtuber)_(young),4,432,
shiho_(valkyrie_profile),4,32,
shiho_(yuuhagi_(amaretto-no-natsu)),4,121,
shiho_elis,4,36,
shiho_hahnenfuss,4,49,
shiho_huit,4,53,
shihoru_(grimgar),4,74,
shihou_matsuri,4,144,
shihoudou_narika,4,99,
shihouin_yoruichi,4,1757,
shiiba_tsumugi,4,127,
shiika_(idolmaster),4,81,
shiina_(angel_beats!),4,286,
shiina_(big_mukimuki_&_small_muchimuchi),4,38,
shiina_(koufuku_graffiti),4,54,
shiina_aki,4,49,
shiina_chizuru,4,40,
shiina_hikaru,4,35,
shiina_hiyori,4,38,
shiina_kagari,4,32,
shiina_kokomi,4,210,
shiina_mafuyu,4,105,
shiina_mahiru_(milgram),4,38,
shiina_mahiru_(otonari_no_tenshi-sama),4,257,
shiina_mashiro,4,299,
shiina_mayuri,4,772,
shiina_minatsu,4,71,
shiina_minori,4,65,
shiina_mirei,4,56,
shiina_miyako,4,92,
shiina_niki,4,214,
shiina_noriko,4,424,
shiina_risa,4,32,
shiina_sakurako,4,80,
shiina_taki,4,1931,
shiina_yuika,4,1861,
shiina_yuika_(14th_costume),4,40,
shiina_yuika_(1st_costume),4,666,
shiina_yuika_(2nd_costume),4,66,
shiina_yuika_(3rd_costume),4,71,
shiina_yuika_(5th_costume),4,71,
shiina_yuika_(6th_costume),4,61,
shiina_yuika_(7th_costume),4,38,
shiina_yukari_(hachigatsu_no_cinderella_nine),4,64,
shiinotic,4,101,
shiisaa_lefty,4,42,
shiisaa_right,4,60,
shiitake_(love_live!_sunshine!!),4,117,
shijima_gou,4,33,
shijima_kiriko,4,43,
shijou_hinako,4,69,
shijou_maki,4,34,
shijou_mitsue,4,154,
shijou_mitsuki,4,104,
shijou_raimu,4,33,
shijou_takane,4,4836,
shijou_yuzuki,4,34,
shikabane_itsuka,4,192,
shikada_kokonotsu,4,79,
shikai_yue,4,46,
shikano_(oshiro_project),4,36,
shikanoin_heizou,4,1003,
shikanoko_noko,4,262,
shiki_(onmyoji),4,32,
shiki_(samurai_spirits),4,148,
shiki_(senran_kagura),4,272,
shiki_(togainu_no_chi),4,35,
shiki_(yuureidoushi_(yuurei6214)),4,115,
shiki_eiki,4,8993,
shiki_haruomi,4,120,
shiki_katagami,4,14,
shiki_madoka,4,30,
shiki_natsume,4,449,
shiki_seishirou_(eroe),4,53,
shiki_souma,4,43,
shikibe_ayaka,4,222,
shikibe_mayu,4,236,
shikibu_honoka,4,47,
shikimiya_aone,4,118,
shikimiya_mana,4,150,
shikimori_(kawaii_dake_ja_nai),4,133,
shikimori_ibuki,4,30,
shikimori_kazuki,4,41,
shikinagi_akira,4,68,
shikinami_(kancolle),4,2293,
shikinami_kai_ni_(kancolle),4,250,
shikishima_krile,4,58,
shikishima_mirei,4,186,
shikiya_yumeko,4,62,
shikoke_(fizintine),4,31,
shikoku_metan,4,125,
shikyoin_hibiki,4,232,
shilleka,4,60,
shim_cheong,4,34,
shima_(pepekekeko),4,104,
shima_(utaite),4,56,
shima_chizuru,4,37,
shima_erika,4,30,
shima_juuzou,4,30,
shima_katsuki,4,39,
shima_renzou,4,104,
shima_rin,4,2093,
shima_saki,4,83,
shima_sakon_(sengoku_basara),4,117,
shima_sousuke,4,74,
shima_tetsuo,4,94,
shimabara_elena,4,611,
shimabara_minami,4,31,
shimabara_ushio,4,35,
shimabara_yuuhi,4,88,
shimada_arisu,4,3275,
shimada_chiyo,4,735,
shimada_mayu,4,65,
shimada_minami,4,140,
shimakaze-kun,4,597,
shimakaze_(azur_lane),4,613,
shimakaze_(kancolle),4,18583,
shimakaze_(seal),4,91,
shimakaze_(the_white_rabbit_of_wonderland)_(azur_lane),4,61,
shimakaze_(warship_girls_r),4,43,
shimakaze_(world's_speediest_bunny_waitress)_(azur_lane),4,34,
shimamura_charlotte,4,212,
shimamura_hougetsu,4,357,
shimamura_joe,4,62,
shimamura_uzuki,4,4424,
shimamura_youmu_(unadare),4,95,
shimanto_(azur_lane),4,100,
shimanto_(the_comfy_dragon_god)_(azur_lane),4,35,
shimazaki_ryo,4,31,
shimazu_toyohisa_(drifters),4,95,
shimazu_toyohisa_(sengoku_musou),4,31,
shimazu_yoshino,4,828,
shimeji_(fantasista_doll),4,37,
shimiko_(blue_archive),4,155,
shimiko_(magical)_(blue_archive),4,524,
shimizu_eliza,4,49,
shimizu_esora,4,44,
shimizu_hinako_(pink_rabbit_costume),4,54,
shimizu_hinako_(white_sailor_school_uniform),4,15,
shimizu_kaoru,4,32,
shimizu_kei,4,53,
shimizu_kiyoko,4,244,
shimizu_kyouko,4,31,
shimizu_megumi,4,41,
shimizudani_ryuuka,4,245,
shimo_(yatagarasu),4,33,
shimo_hisae,4,76,
shimoakatsuka_akemi,4,36,
shimoakatsuka_ayumu,4,34,
shimogamo_yajirou,4,31,
shimogamo_yasaburou,4,38,
shimohara_sadako,4,282,
shimohira_reika,4,179,
shimomura_izumi,4,37,
shimon_(shimotsuma),4,75,
shimoochiai_touka,4,41,
shimotsuki_miri,4,60,
shimotsuki_potofu,4,268,
shimoyama_mutsumi,4,34,
shimura_nana,4,135,
shimura_shinpachi,4,511,
shimura_tae,4,111,
shimushu_(kancolle),4,533,
shin'en-san_(shin'en),4,123,
shin'you_(kancolle),4,502,
shin-chan_(evangelion),4,106,
shin_(amnesia),4,69,
shin_(dorohedoro),4,300,
shin_(dragon_ball),4,53,
shin_(hokuto_no_ken),4,41,
shin_(sakamoto_days),4,32,
shin_getter-1,4,149,
shin_hae-ryang,4,84,
shin_jia,4,43,
shin_ryu-hyang,4,11,
shin_taeho_(unspoken),4,38,
shin_yuya,4,78,
shinada_an,4,38,
shinada_takumi,4,125,
shinano_(azur_lane),4,1394,
shinano_(dreams_of_the_hazy_moon)_(azur_lane),4,194,
shinano_(dreamy_white_sands)_(azur_lane),4,153,
shinano_(moonlit_chrome)_(azur_lane),4,179,
shinano_(warship_girls_r),4,32,
shinano_eiji,4,518,
shinano_toushirou,4,221,
shinatose_izana,4,53,
shinatsuhiko_yae,4,31,
shinazugawa_genya,4,191,
shinazugawa_sanemi,4,449,
shindoine,4,45,
shindou_ai,4,48,
shindou_akane,4,34,
shindou_chihiro,4,187,
shindou_erina,4,48,
shindou_hikaru,4,137,
shindou_kei_(ef),4,136,
shindou_makina,4,50,
shindou_mitsuko,4,45,
shindou_rei,4,35,
shindou_shizuka_(lunatic_angels),4,55,
shindou_sugata,4,102,
shindou_takuto,4,927,
shindou_yuki_(lunatic_angels),4,59,
shine_(pretty_series),4,41,
shine_hausen,4,47,
shinegreymon,4,33,
shinei_nouzen,4,210,
shingai_eri,4,31,
shinganji_kurenai,4,32,
shingen_seiji,4,246,
shingetsu_nagisa,4,62,
shinguji_korekiyo,4,601,
shinguuji_sakura,4,486,
shingyoku_(female),4,177,
shingyoku_(male),4,171,
shingyoku_(touhou),4,224,
shingyouji_mao,4,30,
shinigami-sama,4,31,
shinigami_(ghost)_(rain_code),4,134,
shinigami_(makai_gacha),4,11,
shinigami_(rain_code),4,371,
shining_(arknights),4,745,
shining_(silent_night)_(arknights),4,217,
shining_dream,4,32,
shining_glitter_cookie,4,85,
shining_gundam,4,77,
shinjin-chan_(belko),4,33,
shinjin-chan_(douki-chan),4,161,
shinjin_succubus_(konosuba),4,89,
shinjo_hinaki,4,147,
shinjou_akane,4,2206,
shinjou_akane_(new_order),4,89,
shinjou_izumi,4,35,
shinjou_kanae,4,34,
shinjou_kanae_(teekyuu),4,53,
shinjou_sadagiri,4,41,
shinka_musume,4,41,
shinkai_haru,4,31,
shinkai_kanata,4,256,
shinki_(touhou),4,2109,
shinko_windy_(umamusume),4,260,
shinku,4,2350,
shinmeiji_rinn,4,37,
shinmon_megumi,4,43,
shinn_asuka,4,333,
shino_(.hack//),4,48,
shino_(gouma_reifuden_izuna),4,35,
shino_(housamo),4,47,
shino_(osaru),4,70,
shino_aki,4,45,
shino_hajime,4,377,
shino_laila,4,35,
shino_sherwood,4,76,
shinobi_(sekaiju),4,111,
shinobi_4_(sekaiju),4,85,
shinobu_(ninin_ga_shinobuden),4,196,
shinobu_(princess_connect!),4,56,
shinobu_akira_(madoka_magica),4,105,
shinobu_jacobs,4,60,
shinoda_eri,4,35,
shinoda_hajime,4,200,
shinogi_keiji,4,39,
shinohara_asuma,4,53,
shinohara_natsuki,4,88,
shinohara_rei,4,70,
shinohara_seiko,4,36,
shinokami_xatiii,4,46,
shinomiya_ayase,4,65,
shinomiya_fuyumi,4,317,
shinomiya_himawari,4,389,
shinomiya_kaguya,4,2202,
shinomiya_kanna,4,39,
shinomiya_karen,4,325,
shinomiya_kikoru,4,51,
shinomiya_kyouya,4,34,
shinomiya_natsuki_(mahjong_soul),4,64,
shinomiya_natsuki_(uta_no_prince-sama),4,160,
shinomiya_rina,4,114,
shinomiya_runa,4,298,
shinomiya_satsuki,4,33,
shinomiya_shiori,4,66,
shinomiya_yuno,4,19,
shinomori_aoshi,4,30,
shinomoto_akiho,4,35,
shinon_(blue_archive),4,44,
shinon_(fire_emblem),4,51,
shinonome_(cookie),4,78,
shinonome_akira,4,40,
shinonome_akito,4,1016,
shinonome_chie,4,32,
shinonome_chiharu,4,40,
shinonome_ena,4,1770,
shinonome_hatsuho,4,31,
shinonome_kazune,4,129,
shinonome_kokona,4,42,
shinonome_megu,4,60,
shinonome_mozuku_(jissai_no_tokoro),4,96,
shinonome_nano,4,811,
shinonome_natsuhi,4,32,
shinonome_ryo,4,81,
shinonome_ryouko_(juusan_kihei_bouei_ken),4,87,
shinonome_satsuki,4,43,
shinonome_soichiro,4,59,
shinonome_tsumugi_(ongeki),4,98,
shinonono_houki,4,570,
shinonono_tabane,4,32,
shinosawa_hiro,4,1495,
shinouji_matsurika,4,141,
shinozaki_ai_(corrector_yui),4,38,
shinozaki_akina,4,54,
shinozaki_ayumi,4,67,
shinozaki_rika_(sao),4,39,
shinozaki_sayoko,4,129,
shinozaki_sayoko_(manbiki_jk),4,33,
shinozuka_arashi,4,98,
shinra_infantry,4,37,
shinra_kusakabe,4,117,
shinra_tsubaki,4,101,
shinshuu_maru_(kancolle),4,855,
shinsou_hitoshi,4,205,
shinsou_yutaka,4,88,
shinx,4,493,
shiny_chariot,4,249,
shiny_heart_(alice_girls),4,114,
shiny_luminous,4,222,
shinya_yuda,4,40,
shio_(ayanepuna),4,43,
shiodome_miuna,4,333,
shioe_monjirou,4,32,
shiokko_(murasaki_shion),4,294,
shiomi_kaoru,4,96,
shiomi_kotone,4,2108,
shiomi_madoka,4,32,
shiomi_syuko,4,1926,
shiomiya_kanami,4,93,
shiomiya_shiori,4,121,
shion_(granblue_fantasy),4,32,
shion_(kof),4,42,
shion_(len'en),4,186,
shion_(no.6),4,144,
shion_(peach88),4,79,
shion_(ryuuxin),4,11,
shion_(shinrabanshou),4,38,
shion_(tensei_shitara_slime_datta_ken),4,214,
shion_uzuki,4,140,
shione_(niliu_chahui),4,209,
shionji_yuuko,4,122,
shionne_(tales),4,290,
shiony_regis,4,37,
shiori_(jonsun),4,70,
shiori_(kamioka_shun'ya),4,146,
shiori_(magical_girl)_(princess_connect!),4,34,
shiori_(princess_connect!),4,499,
shiori_(tateha),4,59,
shiori_kirihito,4,35,
shiori_novella,4,2139,
shiori_novella_(1st_costume),4,1108,
shiori_novella_(new_year),4,66,
shioriha_ruri,4,147,
shiota_nagisa,4,282,
shioyama_suzune,4,71,
shiozaki_ibara,4,38,
shiozaki_suzume,4,183,
shippou_(inuyasha),4,56,
shippou_(juusan_kihei_bouei_ken),4,38,
shiraai_rinne,4,10,
shirabe_ako,4,879,
shirafuji_kyouko,4,176,
shirafuji_natsuki,4,68,
shiraga_airi,4,39,
shiragami_youko,4,39,
shiragi_(nihu),4,114,
shiragiku_(fatal_frame),4,35,
shiragiku_hotaru,4,456,
shirahana_(suimya),4,45,
shirahane_suou,4,57,
shirahane_yukina,4,66,
shirahoshi,4,263,
shirai_hinako,4,163,
shirai_kuroko,4,3305,
shirai_yuuri,4,58,
shirai_yuyu,4,378,
shiraishi_an,4,827,
shiraishi_chika,4,42,
shiraishi_chisa,4,60,
shiraishi_junta,4,39,
shiraishi_kageyuki,4,47,
shiraishi_minoru,4,214,
shiraishi_nana,4,47,
shiraishi_saki,4,50,
shiraishi_sara,4,35,
shiraishi_tsumugi,4,680,
shiraishi_urara,4,50,
shiraishi_yoshitake,4,502,
shiraishi_yuzuki,4,103,
shirakaba_risa,4,62,
shirakami_fubuki,4,10443,
shirakami_fubuki_(11th_costume),4,81,
shirakami_fubuki_(1st_costume),4,3420,
shirakami_fubuki_(3rd_costume),4,490,
shirakami_fubuki_(6th_costume),4,364,
shirakami_fubuki_(7th_costume),4,216,
shirakami_fubuki_(8th_costume),4,37,
shirakami_fubuki_(beachside_fox),4,31,
shirakami_fubuki_(fubukitek),4,382,
shirakami_fubuki_(hololive_summer_2019),4,240,
shirakami_fubuki_(loungewear),4,195,
shirakami_fubuki_(new_year),4,193,
shirakami_fubuki_(street),4,44,
shirakami_itsuki,4,38,
shirakawa_hotaru,4,30,
shirakawa_kokona,4,89,
shirakawa_kotori,4,227,
shirakawa_mikoto,4,91,
shirakawa_miyako,4,53,
shirakawa_nanaka,4,118,
shirakawa_runa,4,30,
shirakawa_ryouko,4,34,
shirakawa_yuina,4,105,
shirakawa_yuuko,4,48,
shiraki_aeka,4,30,
shiraki_hime,4,30,
shiraki_meiko,4,227,
shiraki_rika,4,72,
shirakiin_ririchiyo,4,539,
shirako_(vtuber),4,36,
shirakumo_(kancolle),4,131,
shirami_souko,4,63,
shiramine_nokia,4,75,
shiramine_rika,4,202,
shiranami_ramune,4,136,
shiranui_(azur_lane),4,126,
shiranui_(kancolle),4,5017,
shiranui_(nakiri_ayame),4,235,
shiranui_(onmyoji),4,50,
shiranui_akeno,4,88,
shiranui_flare,4,3975,
shiranui_flare_(1st_costume),4,580,
shiranui_flare_(4th_costume),4,66,
shiranui_flare_(8th_costume),4,14,
shiranui_flare_(new_year),4,114,
shiranui_flare_(old_design),4,573,
shiranui_flare_(street),4,572,
shiranui_hansode,4,31,
shiranui_inori,4,74,
shiranui_kaede,4,81,
shiranui_kai_ni_(kancolle),4,213,
shiranui_kazuki,4,40,
shiranui_mai,4,3481,
shiraori,4,160,
shirasagi_chisato,4,714,
shirasagi_mayuri,4,38,
shirasaka_koume,4,4821,
shirasaki_tsugumi,4,44,
shirase_maki,4,120,
shirase_sakuya,4,2041,
shirase_ui,4,47,
shirasu_(mashiro_(rikuya)),4,76,
shiratama_kitsune,4,118,
shiratama_liliana,4,38,
shiratama_mikan,4,318,
shirato_jin,4,58,
shiratori_aira_(dandadan),4,50,
shiratori_aira_(ensemble_stars!),4,265,
shiratori_amaha_(re:stage!),4,107,
shiratori_aria,4,35,
shiratori_hime,4,69,
shiratori_mina_(oshiete_miko_sensei),4,23,
shiratori_ryuushi,4,42,
shiratori_suzune,4,75,
shiratori_yuriko,4,48,
shiratsuki_shino,4,44,
shiratsuyu_(azur_lane),4,103,
shiratsuyu_(kancolle),4,2785,
shiratsuyu_(retrofit)_(azur_lane),4,29,
shiratsuyu_kai_ni_(kancolle),4,743,
shiraui_tsumugi,4,46,
shirayuki_(akagami_no_shirayukihime),4,73,
shirayuki_(arknights),4,175,
shirayuki_(assault_lily),4,11,
shirayuki_(kancolle),4,1819,
shirayuki_(sister_princess),4,76,
shirayuki_(warship_girls_r),4,69,
shirayuki_chiyo,4,723,
shirayuki_hime,4,1005,
shirayuki_hime_(bishoujo_mangekyou),4,31,
shirayuki_hina,4,86,
shirayuki_hina_(1st_costume),4,22,
shirayuki_hina_(2nd_costume),4,10,
shirayuki_hina_(3rd_costume),4,16,
shirayuki_hina_(4th_costume),4,10,
shirayuki_mishiro,4,153,
shirayuki_mizore,4,303,
shirayuki_noa,4,168,
shirayuki_reid,4,37,
shirayuki_ren,4,368,
shirayuki_tomoe,4,807,
shirayuki_tomoe_(1st_costume),4,154,
shirayuki_tomoe_(bondage),4,29,
shirayuki_tomoe_(fall_casual),4,10,
shirayuki_tomoe_(flutoitoi),4,11,
shirayuki_tomoe_(loungewear),4,21,
shirayuki_tomoe_(military),4,15,
shirayuki_tomoe_(party_dress),4,27,
shirayuki_tomoe_(plain_clothes),4,11,
shirayuki_tomoe_(suit),4,19,
shirayuri_kaguya,4,75,
shirayuri_sakura,4,168,
shirayuri_sakuya,4,41,
shirazu_ginshi,4,36,
shirazumi_lio,4,104,
shiren_(fuurai_no_shiren),4,41,
shiretoko_rin,4,87,
shirin_bakhtiar,4,95,
shiriri_(cookie),4,33,
shirley_(fate),4,66,
shirley_fenette,4,540,
shirley_fennes,4,79,
shirley_medison,4,93,
shirley_orlando,4,39,
shirley_warwick,4,80,
shirma,4,132,
shiro-chan_(mignon),4,115,
shiro_(bombergirl),4,59,
shiro_(deadman_wonderland),4,85,
shiro_(fire_emblem),4,90,
shiro_(houseki_no_kuni),4,52,
shiro_(kemurikusa),4,31,
shiro_(kida_kuro_mu),4,30,
shiro_(mofuaki),4,39,
shiro_(muku),4,40,
shiro_(no_game_no_life),4,393,
shiro_(sewayaki_kitsune_no_senko-san),4,211,
shiro_(slow_damage),4,10,
shiro_(tower_of_fantasy),4,54,
shiro_amada,4,35,
shiroboshi_tenka,4,12,
shiroe_(log_horizon),4,207,
shiroe_adele,4,55,
shirofuku_yukie,4,91,
shirogami_keita_(jinkei),4,11,
shirogane_(ayatora),4,46,
shirogane_kasane,4,58,
shirogane_kei,4,278,
shirogane_lily,4,111,
shirogane_mitsuki,4,34,
shirogane_miyuki,4,495,
shirogane_naoto,4,3188,
shirogane_noel,4,5624,
shirogane_noel_(1st_costume),4,1071,
shirogane_noel_(5th_costume),4,73,
shirogane_noel_(7th_costume),4,123,
shirogane_noel_(casual),4,948,
shirogane_noel_(dirndl),4,233,
shirogane_noel_(new_year),4,50,
shirogane_noel_(princess_knight),4,23,
shirogane_noel_(school_uniform),4,212,
shirogane_noel_(summer_2020),4,484,
shirogane_sara,4,108,
shirogane_souju,4,119,
shirogane_sumire_(pallad),4,50,
shirogane_takeru,4,89,
shirogane_tsumugi,4,839,
shirohebi_(monster_girl_encyclopedia),4,65,
shiroi_inu,4,59,
shiroi_ko_(otokuyou),4,64,
shirokane_aki,4,120,
shirokane_rinko,4,558,
shirokita_kuroha,4,89,
shiroko_(blue_archive),4,9491,
shiroko_(cycling)_(blue_archive),4,479,
shiroko_(reku),4,170,
shiroko_(swimsuit)_(blue_archive),4,3077,
shiroko_(young)_(blue_archive),4,116,
shiroko_terror_(blue_archive),4,2229,
shirokuma-san_(drawingchisanne),4,208,
shiromanta_(character),4,177,
shiromiya_asuka,4,287,
shiromiya_mimi,4,188,
shiromiya_rei,4,121,
shiromo_(pui_pui_molcar),4,75,
shiromuku_(silent_hill),4,18,
shirono_mirai,4,90,
shirosaki_hana,4,667,
shirosaki_rin,4,40,
shirose_isumi,4,13,
shirotaegiku_(flower_knight_girl),4,39,
shirou_(bear)_(fate),4,83,
shirouko,4,37,
shirouzu_mairu,4,110,
shirtcat_(infinity_nikki),4,14,
shirushiru,4,40,
shisgigami_leona_(4th_costume),4,11,
shisgigami_leona_(6th_costume),4,10,
shishido_akari,4,192,
shishidou_akiha,4,139,
shishidou_imoko,4,61,
shishidou_takane,4,34,
shishigami_(mononoke_hime),4,30,
shishigami_bang,4,147,
shishigami_leona,4,96,
shishigou_kairi,4,105,
shishikura_seiji,4,61,
shishio_chris,4,983,
shishio_chris_(1st_costume),4,329,
shishio_chris_(2nd_costume),4,104,
shishio_chris_(3rd_costume),4,152,
shishio_makoto,4,116,
shishiou_(touken_ranbu),4,283,
shishiou_gai,4,51,
shishiou_no_mofumofu,4,164,
shishiro_botan,4,4857,
shishiro_botan_(1st_costume),4,1797,
shishiro_botan_(4th_costume),4,442,
shishiro_botan_(5th_costume),4,39,
shishiro_botan_(button-down),4,596,
shishiro_botan_(casual),4,89,
shishiro_botan_(midnight_convenience_store),4,753,
shishiro_botan_(new_year),4,108,
shishou_(cookie),4,138,
shishou_(tensei_shitara_ken_deshita),4,59,
shisui_kiki,4,277,
shisui_kiki_(1st_costume),4,133,
shisui_kiki_(2nd_costume),4,57,
shitagai_nora,4,35,
shitaisan,4,103,
shitara_seiji,4,120,
shiten_rekka_karin,4,31,
shiteyan'yo,4,160,
shito_alisa,4,201,
shito_miu_(40hara),4,45,
shitodo_aoji,4,209,
shitodo_hooaka,4,223,
shitodo_hoojiro,4,73,
shitodo_kuroji,4,359,
shitogi_eris,4,92,
shitsukuhiba_kaori,4,21,
shiu_kong,4,52,
shiun'in_sora,4,85,
shiun_sumika,4,303,
shiv_(deadlock),4,30,
shiva_(final_fantasy),4,227,
shiva_(granblue_fantasy),4,52,
shiva_(housamo),4,81,
shiver_(splatoon),4,1445,
shivie_aika,4,39,
shiwahime_yuika,4,31,
shiyou_(kouda_suzu),4,30,
shiyuri_(hanazora_satsuki),4,16,
shizi_maron,4,27,
shizu-chan,4,65,
shizu_(kino_no_tabi),4,46,
shizuka_(queen's_blade),4,122,
shizuka_joestar,4,138,
shizuka_rin,4,991,
shizuka_rin_(1st_costume),4,167,
shizuka_rin_(3rd_costume),4,31,
shizukagata_naginata,4,37,
shizuki_hitomi,4,553,
shizuki_ruriko,4,65,
shizuki_soujuurou,4,138,
shizuko_(blue_archive),4,456,
shizuko_(swimsuit)_(blue_archive),4,292,
shizuku_(kantoku),4,226,
shizuku_(neet-chan),4,83,
shizuku_(nige_jouzu_no_wakagimi),4,76,
shizuku_(omamori_himari),4,48,
shizuku_(shinrabanshou),4,37,
shizuku_murasaki,4,287,
shizume_genma,4,30,
shizumi_konoha,4,47,
shizuna_rem_misurugi,4,287,
shizune_(homare),4,32,
shizune_(naruto),4,176,
shizuoka_mirei,4,30,
shizuri_(neet_de_otaku_na_kunoichi_to_naze_ka_dousei_hajimemashita),4,60,
shizuru_(princess_connect!),4,445,
shizuru_(summer)_(princess_connect!),4,124,
shizuru_(valentine)_(princess_connect!),4,30,
shizuru_viola,4,198,
sho-tan_(thedoujin),4,48,
shoboon,4,90,
shockwave_(transformers),4,187,
shoebill_(kemono_friends),4,2077,
shoemon,4,35,
shoggoth,4,51,
shoggoth_(monster_girl_encyclopedia),4,46,
shogun_(sekaiju),4,81,
shogun_1_(sekaiju),4,44,
shoji_yuko,4,15,
shokatsuryou,4,126,
shokatsuryou_koumei,4,81,
shoko_(super_real_mahjong),4,69,
shokudaikiri_mitsutada,4,749,
shokudaikiri_mitsutada_(tenka_hyakken),4,33,
shokuhou_misaki,4,3094,
shokujinki-san,4,51,
shokushu-chan,4,45,
shooting_star_d.va,4,91,
short-haired_girl_(osomatsu-san),4,53,
short_hair_fox_girl_(mdf_an),4,40,
shota-kun_(shinjiro),4,36,
shoto_(vtuber),4,350,
shou_(karigurashi_no_arrietty),4,33,
shou_qianhui,4,67,
shoudou_kotoha,4,31,
shouhou_(azur_lane),4,118,
shouhou_(kancolle),4,1391,
shouhou_(retrofit)_(azur_lane),4,38,
shouji_mezou,4,99,
shoujo_(france_shoujo),4,55,
shoukaku_(azur_lane),4,814,
shoukaku_(kancolle),4,6697,
shoukaku_(sororal_wings)_(azur_lane),4,207,
shoukaku_kai_ni_(kancolle),4,261,
shounan_(kancolle),4,192,
shoutmon,4,46,
shoutoku_taishi,4,33,
shoutoku_taishi_(gag_manga_biyori),4,10,
shovel_knight_(character),4,57,
shredder_(tmnt),4,39,
shrek,4,82,
shrenne_(project_moon),4,36,
shrimp_girl_(3amsoda),4,12,
shroomish,4,190,
shroomsworth_(pmd-explorers),4,37,
shropshire_(azur_lane),4,80,
shu3_(napoli_no_otokotachi),4,50,
shu_(arc_the_lad),4,43,
shu_(arknights),4,1705,
shu_nanfeng,4,54,
shu_yamino,4,506,
shu_yamino_(1st_costume),4,94,
shu_zo_(show_by_rock!!),4,40,
shuckle,4,229,
shugogetten_shaolin,4,35,
shugoma_minazuki,4,19,
shui_lan_er,4,38,
shuko_hime,4,38,
shulk_(xenoblade),4,669,
shuma_gorath,4,55,
shun'ei,4,53,
shun_(blue_archive),4,1840,
shun_(small)_(blue_archive),4,1506,
shuna_(tensei_shitara_slime_datta_ken),4,118,
shunga_youkyu,4,126,
shuppet,4,259,
shura_(fire_emblem),4,49,
shura_(granblue_fantasy),4,59,
shurelia_(ar_tonelico),4,203,
shuri_(oshiro_project),4,34,
shuro_(blue_archive),4,809,
shurou,4,152,
shut_(go!_princess_precure),4,51,
shut_hell_(character),4,86,
shutara_senjumaru,4,49,
shuten_douji_(dress_for_demons)_(fate),4,60,
shuten_douji_(fate),4,6430,
shuten_douji_(festival_outfit)_(fate),4,224,
shuten_douji_(first_ascension)_(fate),4,525,
shuten_douji_(halloween_caster)_(fate),4,455,
shuten_douji_(housamo),4,88,
shuten_douji_(lostroom_outfit)_(fate),4,54,
shuto_aoi,4,119,
shutou_suzu,4,45,
shutumon,4,102,
shuu_(dragon_ball),4,30,
shuu_(inazuma_eleven),4,522,
shuutai,4,74,
shuuyu,4,43,
shuvi_(no_game_no_life),4,74,
shuya_nyukern,4,13,
shuzen_kokoa,4,65,
shwaa,4,83,
shy_(character),4,295,
shy_gal,4,82,
shy_guy,4,227,
shydog_(greekceltic),4,13,
shylily,4,503,
shylily_(1st_costume),4,137,
shylily_(3rd_costume),4,51,
shylily_(6th_costume),4,23,
shylily_(bikini),4,111,
shynee_(p&d),4,37,
shynesslady,4,47,
shyrei_faolan,4,241,
shyvana,4,239,
si_kongqi_(hua_jianghu_zhi_bei_mo_ting),4,38,
sia_(piiru),4,22,
sialeeds_falenas,4,42,
siberian_chipmunk_(kemono_friends),4,669,
siberian_husky_(kemono_friends),4,71,
siberian_tiger_(kemono_friends),4,263,
sibling_(hollow_knight),4,24,
sice_(fft-0),4,38,
sicily_(disgaea),4,45,
side_ponytail_tamamo_nine_member_(fate),4,12,
sideroca_(arknights),4,429,
sideroca_(light_breeze)_(arknights),4,245,
sideswipe,4,51,
sidney_(pokemon),4,82,
sidoh,4,45,
sidoh_(dqb2),4,388,
sidon,4,445,
siduri_(fate),4,132,
sie_kensou,4,84,
sieara_(hedgehogs4hent1),4,23,
siebold_(pokemon),4,181,
sieg_(fate),4,1158,
siegbert_(fire_emblem),4,77,
siege_(arknights),4,1463,
siege_(city_destroyer)_(arknights),4,38,
siege_(legacy)_(arknights),4,34,
siegfried_(fate),4,565,
siegfried_(granblue_fantasy),4,190,
siegfried_(super_cool_biz)_(fate),4,41,
siegfried_kaslana,4,39,
siegfried_kircheis,4,50,
sieglinde_jeremiah,4,53,
siegmeyer_of_catarina,4,76,
siegward_of_catarina,4,30,
siena_olena,4,43,
sienna_(henken),4,118,
sienna_khan,4,32,
sier_(girls'_frontline),4,94,
sierokarte,4,68,
sierra_(lom),4,46,
sierra_mikain,4,141,
siesta_(tantei_wa_mou_shindeiru),4,165,
siesta_(zero_no_tsukaima),4,390,
sig_(granblue_fantasy),4,53,
sig_(gyee),4,36,
sig_(puyopuyo),4,319,
sig_curtis,4,30,
sig_mcx_(girls'_frontline),4,253,
sigewinne_(genshin_impact),4,939,
sightseer_(pokemon),4,128,
sigilyph,4,124,
sigit_martinus,4,31,
sigma_(bungou_stray_dogs),4,35,
sigma_(counter:side),4,40,
sigma_(mega_man),4,106,
signora_(crimson_witch_of_embers)_(genshin_impact),4,62,
signora_(genshin_impact),4,591,
signum,4,1719,
sigrika_(wuthering_waves),4,804,
sigrun_(fire_emblem),4,90,
sigsbee_(warship_girls_r),4,67,
sigui_(queen's_blade),4,176,
sigurd_(fate),4,440,
sigurd_(fire_emblem),4,194,
sigurd_(first_ascension)_(fate),4,36,
sigurd_(memories_with_my_lover)_(fate),4,55,
sigyn_erster,4,34,
silas_(fire_emblem),4,127,
silco_(arcane),4,83,
silcoon,4,71,
silence_(arknights),4,1262,
silence_(frosted_breath)_(arknights),4,66,
silence_suzuka_(emerald_on_the_waves)_(umamusume),4,221,
silence_suzuka_(innocent_silence)_(umamusume),4,1561,
silence_suzuka_(racehorse),4,37,
silence_suzuka_(umamusume),4,4088,
silence_the_paradigmatic_(arknights),4,94,
silent_magician,4,217,
silfa_(to_heart),4,172,
silica,4,1250,
silica_(sao-alo),4,363,
silicobra,4,33,
silk_(eisu),4,10,
silk_(marvel),4,119,
silky_anteater_(kemono_friends),4,206,
sill_plain,4,95,
silmeria_valkyrie,4,57,
silque_(fire_emblem),4,104,
silva_(enkyo_yuuichirou),4,37,
silva_(gentian_blue)_(granblue_fantasy),4,31,
silva_(granblue_fantasy),4,656,
silva_(summer)_(granblue_fantasy),4,35,
silvally,4,253,
silver_(champion)_(pokemon),4,56,
silver_(genshin_impact),4,43,
silver_(pokemon),4,1804,
silver_(sygna_suit)_(pokemon),4,43,
silver_(twisted_wonderland),4,124,
silver_chariot,4,261,
silver_crow,4,32,
silver_fox_(kemono_friends),4,1716,
silver_hair-chan_(ramchi),4,55,
silver_luster_tagore,4,34,
silver_spoon,4,59,
silver_the_hedgehog,4,510,
silver_wolf_(honkai:_star_rail),4,2819,
silverash_(arknights),4,861,
silverash_(elite_ii)_(arknights),4,79,
silverash_(york's_bise)_(arknights),4,41,
silverash_the_reignfrost_(arknights),4,67,
silvers_rayleigh,4,151,
silvervale,4,526,
silvervale_(14th_costume),4,18,
silvervale_(4th_costume),4,78,
silvervale_(5th_costume),4,43,
silvervale_(sakura_goddess),4,71,
silvia_(fire_emblem),4,58,
silvia_de_alisia,4,42,
silvia_milsteen,4,50,
silvia_piquet,4,67,
silvia_van_hossen,4,116,
silvy_(hiruno),4,34,
sima_yi,4,48,
sima_zhao,4,34,
simca,4,44,
simipour,4,62,
simisage,4,51,
simisear,4,54,
simon_(ttgl),4,2485,
simon_belmont,4,180,
simon_blackquill,4,215,
simon_brezhnev,4,34,
simon_petrikov,4,36,
simone_aragon,4,43,
simonov_(girls'_frontline),4,58,
sims_(azur_lane),4,188,
sin_(guin_guin),4,41,
sin_(nikke),4,59,
sin_eater_(ff14),4,32,
sin_faye,4,57,
sin_kiske,4,284,
sin_mal,4,208,
sin_sack,4,593,
sina_(pokemon),4,157,
sinafay_(cherry-gig),4,33,
sinanju,4,98,
sinbad_(magi),4,150,
sinclair_(project_moon),4,1543,
sinder_(archangel)_(vtuber),4,14,
sinder_(demon_form)_(vtuber),4,46,
sinder_(old_design)_(vtuber),4,55,
sinder_(pyro_pajamas)_(vtuber),4,31,
sinder_(sinder_2.0)_(vtuber),4,57,
sinder_(vtuber),4,193,
sinder_(vtuber)_(1st_costume),4,50,
singed,4,47,
single_braid_sister_(ironlily),4,50,
sinistcha,4,138,
sinistea,4,193,
sinon,4,1956,
sinon_(sao-alo),4,459,
sinon_(sao:hf),4,62,
sinon_(solus),4,139,
sinon_sinfonia,4,35,
sinsa_(alchemy_stars),4,66,
siobhan_(alchemy_stars),4,32,
siobhan_(honkai:_star_rail),4,31,
sion_(league_of_legends),4,39,
sion_eltnam_atlasia,4,747,
sion_eltnam_sokaris,4,122,
sion_flina,4,49,
sir_aaron,4,78,
sir_ansbach,4,54,
sir_arthur_(makaimura),4,81,
sir_pentious_(angel),4,43,
sir_pentious_(human),4,27,
sir_ventrilo_(maria_marionette),4,65,
siren_(devilman),4,67,
siren_(jibaro),4,31,
siren_(p&d),4,58,
siren_(xenoblade),4,35,
sirene_(last_origin),4,50,
sirfetch'd,4,472,
siri,4,42,
sirin,4,333,
sirin_(miracle_magical_girl),4,91,
sirius_(azur_lane),4,3917,
sirius_(azure_horizons)_(azur_lane),4,880,
sirius_(rabbit_of_paradise)_(azur_lane),4,77,
sirius_(scorching-hot_seirios)_(azur_lane),4,748,
sirius_(white_rose)_(azur_lane),4,67,
sirius_black,4,40,
sirius_gibson,4,38,
sirius_symboli_(casual)_(umamusume),4,95,
sirius_symboli_(umamusume),4,1837,
siro_(dennou_shoujo_youtuber_siro),4,659,
sirris_of_the_sunless_realms,4,31,
siska_leontyne,4,60,
sissel,4,93,
sissela_kyle,4,65,
sister_(arakawa),4,49,
sister_(pepper0),4,62,
sister_(youkan),4,28,
sister_almonde_(nyantcha),4,85,
sister_claire,4,1101,
sister_claire_(1st_costume),4,586,
sister_claire_(7th_costume),4,78,
sister_claire_(9th_costume),4,58,
sister_friede,4,56,
sister_nana,4,44,
sister_reine_(foxyreine),4,31,
sistermon_blanc,4,42,
sistermon_ciel,4,32,
sistermon_noir,4,51,
sistine_fibel,4,173,
sita_(fate),4,119,
sita_vilosa,4,185,
sitonai_(fate),4,304,
sitonai_(third_ascension)_(fate),4,35,
sitri_(fire_emblem),4,35,
sivatherium_(kemono_friends),4,59,
sivir,4,195,
six_(little_nightmares),4,71,
siyudi_(cookie),4,131,
sizzle_armor_shantae,4,12,
sizzlipede,4,90,
skadi's_seaborn_(arknights),4,55,
skadi_(arknights),4,5275,
skadi_(elite_ii)_(arknights),4,479,
skadi_(the_next_afternoon_tea)_(arknights),4,99,
skadi_(waverider)_(arknights),4,683,
skadi_the_corrupting_heart_(arknights),4,2091,
skadi_the_corrupting_heart_(sublimation)_(arknights),4,288,
skarmory,4,242,
skarner,4,52,
skarrsinger_karmelita_(hollow_knight),4,46,
skaven,4,30,
skeledirge,4,162,
skeleton_(helltaker),4,103,
skeleton_(minecraft),4,111,
skeleton_t,4,32,
skeppy,4,40,
skiddo,4,63,
skilled_lookouts_(kancolle),4,60,
skiploom,4,243,
skirk_(genshin_impact),4,211,
skitty,4,538,
skorpion_(crimson_starlet)_(girls'_frontline),4,44,
skorpion_(girls'_frontline),4,193,
skorupi,4,66,
skrelp,4,41,
skuld_(aa_megami-sama),4,261,
skull_(disgaea),4,33,
skull_heart,4,49,
skull_kid,4,133,
skull_knight_(berserk),4,66,
skullgreymon,4,38,
skullman_(blue_archive),4,162,
skullomania,4,36,
skullshatterer_(arknights),4,47,
skully_j._graves,4,52,
skuntank,4,78,
skwovet,4,147,
sky_(shantae),4,63,
sky_(sky-freedom),4,95,
sky_above_me_(vtuber),4,42,
sky_child,4,61,
sky_feather,4,34,
sky_high_(tiger_&_bunny),4,379,
sky_striker_ace_-_azalea,4,49,
sky_striker_ace_-_raye,4,277,
sky_striker_ace_-_roze,4,187,
skybracer_(genshin_impact),4,38,
skye_(hcnone),4,102,
skyfire_(arknights),4,423,
skyfire_(temperature_difference)_(arknights),4,53,
skyfish_(kemono_friends),4,68,
skyla_(holiday_2020)_(pokemon),4,34,
skyla_(pokemon),4,1927,
skyrider,4,37,
skywarp,4,118,
sl8_(girls'_frontline),4,99,
slaanesh,4,90,
slaine_troyard,4,1096,
slaking,4,81,
slakoth,4,66,
slan_(berserk),4,75,
slave_knight_gael,4,36,
slavya-chan,4,106,
slayer_(dungeon_and_fighter),4,70,
slayer_(guilty_gear),4,107,
slayer_of_demons,4,106,
sleep_kirby,4,93,
sleeping_beauty_(character),4,34,
sleepy_(mistysnugglebug),4,38,
sleipnir_(last_origin),4,43,
slender_man,4,69,
sliggoo,4,97,
slime_(dragon_quest),4,1204,
slime_(dungeon_meshi),4,15,
slime_(genshin_impact),4,2095,
slime_(minecraft),4,37,
slime_knight,4,50,
slimecicle,4,72,
slipstream_(transformers),4,68,
slither_wing,4,131,
slokai_(iron_saga),4,110,
sloth_(fma),4,63,
slow_dancer_(jojo),4,59,
slowbro,4,193,
slowking,4,108,
slowpoke,4,523,
slugma,4,113,
slur.exe_(mega_man),4,30,
slurpuff,4,143,
slush_(norasuko),4,45,
smajor1995,4,42,
small-clawed_otter_(kemono_friends),4,801,
small_kyubey,4,119,
small_lady_serenity,4,169,
smalley_(azur_lane),4,43,
smallfry_(splatoon),4,605,
smallishbeans,4,41,
smart_falcon_(twilight_triumph)_(umamusume),4,46,
smart_falcon_(umamusume),4,1444,
smeargle,4,220,
smearguru,4,14,
smile_(.flow),4,63,
smilodon_(kemono_friends),4,102,
smoker_(left_4_dead),4,35,
smoker_(one_piece),4,532,
smokey_(alchemy_stars),4,40,
smol_ame,4,695,
smol_baelz,4,62,
smol_calli,4,71,
smol_fauna,4,54,
smol_gura,4,169,
smol_ina,4,69,
smol_irys,4,59,
smol_kiara,4,57,
smol_kronii,4,58,
smol_mari_(blue_archive)_(horuhara),4,517,
smol_mumei,4,183,
smol_sana,4,32,
smolder_(kanel),4,43,
smoliv,4,220,
smoochum,4,123,
smoothie_(takanashi_kiara),4,37,
smug_nun_(diva),4,154,
snail_(ceres_fauna),4,33,
snake-eyed_kanako,4,79,
snake-eyes_poplar,4,70,
snake_devil_(chainsaw_man),4,36,
snake_man,4,36,
snaree_(taratabong),4,50,
sneasel,4,549,
sneasler,4,201,
snegurochka_(arknights),4,76,
sniper_(ragnarok_online),4,404,
sniper_(sekaiju),4,41,
sniper_(tf2),4,150,
sniper_wolf,4,68,
snivy,4,1554,
snom,4,461,
snoopy,4,238,
snorlax,4,955,
snorunt,4,195,
snover,4,119,
snow_(housamo),4,60,
snow_(mahoutsukai_no_yakusoku),4,30,
snow_(yurihasa),4,12,
snow_feather_(last_origin),4,32,
snow_hunter_(arknights),4,22,
snow_leopard_(kemono_friends),4,35,
snow_villiers,4,85,
snow_white_(disney),4,257,
snow_white_(grimm),4,230,
snow_white_(innocent_days)_(nikke),4,132,
snow_white_(mahoiku),4,201,
snow_white_(nikke),4,288,
snow_white_(queen's_blade),4,71,
snow_white_(sinoalice),4,255,
snowball_(overwatch),4,415,
snowciel,4,96,
snowrabby,4,33,
snowsant_(arknights),4,193,
snowshoe_hare_(kemono_friends),4,74,
snubbull,4,135,
snuffy_(1st_costume)_(vtuber),4,37,
snuffy_(avatar_of_death)_(vtuber),4,18,
snuffy_(old_design)_(vtuber),4,10,
snuffy_(smilfy)_(vtuber),4,54,
snuffy_(smilfy_2.0)_(vtuber),4,42,
snuffy_(swimsuit)_(vtuber),4,34,
snuffy_(vtuber),4,207,
snuffy_(vtuber)_(1st_costume),4,33,
snuffy_(vtuber)_(smilfy),4,46,
snufkin,4,105,
so-class_submarine,4,151,
so_dakki,4,154,
so_nagi,4,99,
soap_(modern_warfare_2),4,1011,
sobble,4,1482,
sochie_heim,4,126,
societte_(granblue_fantasy),4,374,
soda_(nikke),4,434,
soda_(twinkling_bunny)_(nikke),4,174,
soda_kazuichi,4,741,
sode_no_shirayuki,4,44,
sof_(blue_archive),4,316,
sofia_(toushinden),4,57,
sofia_claudel,4,13,
sofia_valmer,4,150,
soft_&_wet,4,85,
sofue_(girls_und_panzer),4,77,
soga_akemura,4,20,
soga_kaede,4,46,
soga_no_tojiko,4,6292,
sogeking,4,51,
sogiita_gunha,4,131,
sohaya-no-tsurugi,4,54,
sohee,4,70,
soho_reina,4,33,
sokka,4,117,
sokrates_(touhou),4,223,
sol_(f-kare),4,32,
sol_(neural_cloud),4,48,
sol_badguy,4,1060,
sola-ui_nuada-re_sophia-ri,4,423,
solaire_of_astora,4,213,
solana_(pokemon),4,91,
solange_blanchefleur_de_luxe,4,37,
solaria_(ebonyxh),4,215,
soldier:_76_(overwatch),4,686,
soldier_(dq3),4,765,
soldier_(tf2),4,177,
soldier_11_(zenless_zone_zero),4,102,
soldier_blue,4,68,
sole_survivor_(female),4,45,
soleil_(fire_emblem),4,271,
soletta_orihime,4,107,
solf_j._kimblee,4,94,
solgaleo,4,178,
solid_snake,4,790,
solidaritygaming,4,44,
solidus_snake,4,32,
soliera_(pokemon),4,37,
soline_(frost_ticket)_(nikke),4,59,
soline_(nikke),4,50,
sollyz_(sollyz),4,41,
solo_vivace_(hitokuirou),4,32,
solomon_(fate),4,186,
solomon_(megido72),4,60,
solomon_(phantom_of_the_kill),4,46,
solosis,4,247,
solrock,4,166,
solty_revant,4,88,
solulu,4,57,
solution_epsilon,4,72,
soma_(ar_tonelico),4,42,
soma_(closers),4,109,
soma_(sennen_sensou_aigis),4,46,
soma_cruz,4,88,
soma_natsumi,4,90,
soma_peries,4,456,
soma_schicksal,4,98,
sombra_(overwatch),4,670,
sombron_(fire_emblem),4,32,
someoka_ryuugo,4,64,
something_(omori),4,661,
someya_mako,4,141,
sommie_(fire_emblem),4,400,
somunia,4,65,
son_biten,4,381,
son_gohan,4,1684,
son_gohan_(future),4,159,
son_goku,4,4909,
son_goku_(xeno),4,70,
son_goten,4,672,
son_of_droid_(mechanical_buddy_universe),4,149,
sona_(cinnabus),4,67,
sona_(league_of_legends),4,1348,
sona_(yuio58ok),4,36,
sona_sitri,4,98,
sonar_(dispatch),4,79,
sone_miyuki,4,32,
soneda_akane,4,99,
sonetto_(emotion_in_tranquility)_(reverse:1999),4,31,
sonetto_(parade_anthem)_(reverse:1999),4,65,
sonetto_(reverse:1999),4,1045,
sonetto_(the_steadfast_heart)_(reverse:1999),4,34,
sonetto_(winter)_(reverse:1999),4,36,
songque,4,82,
songque_(honkai_impact),4,123,
songque_(jovial_deception:_shadowdimmer),4,40,
songque_(whitewave_topper),4,21,
sonia_(fire_emblem),4,102,
sonia_(p&d),4,105,
sonia_(pokemon),4,2396,
sonia_(special_costume)_(pokemon),4,64,
sonia_(zelda),4,122,
sonia_branche,4,67,
sonia_nevermind,4,1048,
sonia_strumm_(mega_man),4,232,
sonic_speed_monkey,4,62,
sonic_the_hedgehog,4,3718,
sonic_the_hedgehog_(sea_captain),4,74,
sonic_the_werehog,4,67,
sonika,4,58,
sonken,4,214,
sonken_chuubou,4,92,
sonny_brisko,4,324,
sonny_brisko_(1st_costume),4,87,
sono_chieri,4,30,
sono_midoriko,4,500,
sonobe_shino,4,30,
sonoda_chiyoko,4,1593,
sonoda_mitsuki,4,77,
sonoda_umi,4,7073,
sonoda_yuu,4,284,
sonogami_rinne,4,97,
sonohara_anri,4,652,
sonokawa_momoka,4,41,
sonolar,4,45,
sonomiya_karen,4,58,
sonomura_maki,4,89,
sonon_elfie_(umamusume),4,53,
sonoo_koo,4,30,
sonou_momoka,4,33,
sonozaki_akane,4,38,
sonozaki_akari,4,46,
sonozaki_mion,4,2117,
sonozaki_noriko,4,67,
sonozaki_shion,4,1594,
sonsaku,4,66,
sonsaku_hakufu,4,395,
sonshoukou,4,190,
sonson,4,34,
sonya_(fire_emblem),4,219,
sonya_(kill_me_baby),4,1593,
sonya_(schan),4,98,
sopdet_(p&d),4,51,
sophia_(fire_emblem),4,527,
sophia_(granblue_fantasy),4,163,
sophia_(ladyxiphilinos),4,47,
sophia_(manus_vindictae)_(reverse:1999),4,36,
sophia_(p5s),4,74,
sophia_(punishing:_gray_raven),4,85,
sophia_(reverse:1999),4,189,
sophia_ascart,4,93,
sophia_esteed,4,273,
sophia_f_shirring,4,139,
sophia_valentine,4,193,
sophia_valentine_(1st_costume),4,85,
sophie_(fire_emblem),4,76,
sophie_(futagohime),4,45,
sophie_(howl_no_ugoku_shiro),4,291,
sophie_(middle-school_mascot)_(tales),4,34,
sophie_(sennen_sensou_aigis),4,31,
sophie_(tales),4,716,
sophie_(toast_of_the_town)_(tales),4,135,
sophie_hatter,4,41,
sophie_hatter_(howl_no_ugoku_shiro),4,406,
sophie_hatter_(novel_character),4,36,
sophie_neuenmuller,4,652,
sophie_pulone,4,124,
sophie_twilight,4,246,
sophitia_alexandra,4,413,
sophocles_(pokemon),4,239,
sophy,4,16,
sora_(air),4,105,
sora_(arknights),4,749,
sora_(blue_archive),4,737,
sora_(elite_ii)_(arknights),4,30,
sora_(kingdom_hearts),4,1378,
sora_(melodiosa)_(arknights),4,79,
sora_(no_game_no_life),4,107,
sora_(orange_juice),4,74,
sora_(summer_flowers)_(arknights),4,97,
sora_(super_danganronpa_another_2),4,36,
sora_ginko,4,792,
sora_harewataru,4,1640,
sorahoshi_kirame,4,70,
sorai_mahiru_(fukahire),4,33,
soraka_(league_of_legends),4,886,
sorakado_ai,4,115,
sorakado_ao,4,305,
sorami_kanata,4,143,
sorano_aoi,4,213,
soraru,4,72,
sorayama_natsume,4,70,
sorbet,4,94,
sorbet_(hotel01),4,51,
sorcerer_(fantasy_earth_zero),4,136,
sorcerer_(ragnarok_online),4,580,
sorcerer_rogier,4,50,
sorceress_(dragon's_crown),4,1091,
sorceress_sellen,4,109,
soren_(fire_emblem),4,384,
soren_(isolated_strategist)_(fire_emblem),4,48,
soren_(radiant_confidant)_(fire_emblem),4,45,
sorey_(kamui)_(tales),4,31,
sorey_(tales),4,397,
sorimachi_botan,4,15,
sorinozuka_renshou,4,50,
soriz,4,143,
soroi_mitsuzou,4,80,
soror,4,44,
sortiliena_serlut,4,35,
sorting_hat,4,67,
sory,4,66,
sothe_(fire_emblem),4,160,
sotheby,4,243,
sothis_(adult)_(fire_emblem),4,96,
sothis_(fire_emblem),4,700,
sothis_(winter)_(fire_emblem),4,54,
sotoka_rakita,4,60,
sou_(shichigatsu),4,54,
souchou,4,283,
souen_chiaki,4,106,
souffle_gamberetto,4,58,
souffle_rosetti,4,75,
sougetsu_eli,4,75,
souji_(senran_kagura),4,74,
soujirou_(new_game!),4,47,
soujirou_seta,4,32,
soukaku_(zenless_zone_zero),4,304,
soul_(utdr),4,725,
soul_evans,4,396,
soul_fighter_gwen,4,83,
soul_linker_(ragnarok_online),4,72,
soul_of_cinder,4,72,
souler_(fresh_precure!),4,72,
souma_akito,4,56,
souma_haruto,4,55,
souma_hiroomi,4,234,
souma_kisa,4,50,
souma_kyou,4,89,
souma_ren,4,42,
souma_ria,4,89,
souma_shigure,4,38,
souma_yuki,4,59,
sounds_of_earth_(ritmo_della_terra)_(umamusume),4,50,
sounds_of_earth_(umamusume),4,121,
soundwave_(transformers),4,400,
souryuu_(azur_lane),4,163,
souryuu_(kancolle),4,4944,
souryuu_asuka_langley,4,14494,
souryuu_kai_ni_(kancolle),4,70,
souryuuin_akemi,4,58,
souseiseki,4,1683,
sousou,4,114,
sousuke_(fate),4,41,
sousuke_(ponyo),4,85,
souta_kandori,4,48,
south_dakota_(azur_lane),4,397,
south_dakota_(kancolle),4,717,
south_dakota_(solo_concert)_(azur_lane),4,100,
south_dakota_(warship_girls_r),4,32,
south_dakota_kai_(kancolle),4,146,
southampton_(azur_lane),4,61,
souther,4,54,
southern_italy_(hetalia),4,329,
southern_ocean_oni,4,244,
southern_ocean_war_oni,4,74,
southern_ocean_war_princess,4,181,
southern_tamandua_(kemono_friends),4,351,
souya_(kancolle),4,413,
souya_agb_(kancolle),4,146,
souya_agl_(kancolle),4,38,
souya_akira,4,35,
souya_ichika,4,256,
souza_samonji,4,345,
sovetskaya_belorussiya_(azur_lane),4,151,
sovetskaya_belorussiya_(relaxation_stratagem)_(azur_lane),4,60,
sovetskaya_rossiya_(azur_lane),4,292,
sovetskaya_rossiya_(the_lackadaisical_lookout)_(azur_lane),4,105,
sovetsky_soyuz_(azur_lane),4,154,
sovetsky_soyuz_(skyfall_agent)_(azur_lane),4,35,
sovetsky_soyuz_(stringed_interrogation)_(azur_lane),4,67,
sovetsky_soyuz_(warship_girls_r),4,30,
sowan_(last_origin),4,48,
sp//dr,4,190,
sp9_(girls'_frontline),4,77,
space_core,4,30,
space_ereshkigal_(fate),4,393,
space_ereshkigal_(first_ascension)_(fate),4,260,
space_ereshkigal_(second_ascension)_(fate),4,37,
space_ereshkigal_(third_ascension)_(fate),4,107,
space_girl_(aetherion),4,30,
space_ishtar_(astarte_origin)_(fate),4,33,
space_ishtar_(fate),4,523,
space_ishtar_(first_ascension)_(fate),4,117,
space_ishtar_(second_ascension)_(fate),4,161,
space_ishtar_(third_ascension)_(fate),4,113,
space_pirate_(metroid),4,52,
space_xu_fu_(fate),4,37,
space_yoko,4,206,
spada_belforma,4,89,
spade_echo,4,32,
spain_(hetalia),4,360,
spamton_g._spamton,4,81,
spandam,4,35,
spanner_(holostars),4,32,
spar,4,62,
spark_(pokemon),4,197,
sparkle_(doll)_(honkai:_star_rail),4,53,
sparkle_(honkai:_star_rail),4,3336,
spartacus_(fate),4,122,
spas-12_(girls'_frontline),4,754,
spas-12_(goblin_huntress)_(girls'_frontline),4,54,
spas-12_(midsummer_fruit)_(girls'_frontline),4,119,
spathodea_(reverse:1999),4,95,
spawn_(spawn),4,51,
speaker_of_god_(hazbin_hotel),4,59,
spearmaster_(rain_world),4,41,
spearow,4,140,
special_week_(casual)_(umamusume),4,77,
special_week_(hopp'n_happy_heart)_(umamusume),4,268,
special_week_(hopping_vitamin_heart)_(umamusume),4,193,
special_week_(special_dreamer)_(umamusume),4,1140,
special_week_(supreme_commander_of_the_rising_sun)_(umamusume),4,47,
special_week_(umamusume),4,3142,
spectacled_caiman_(kemono_friends),4,95,
specter_(arknights),4,2291,
specter_(undercurrent)_(arknights),4,96,
specter_the_unchained_(arknights),4,935,
specter_the_unchained_(born_as_one)_(arknights),4,65,
spectrier,4,74,
spence_(azur_lane),4,47,
spewpa,4,67,
spheal,4,320,
sphene_(ff14),4,32,
sphene_(houseki_no_kuni),4,34,
sphie,4,34,
sphinx_(toaru_majutsu_no_index),4,196,
sphinx_awlad,4,41,
spica_(sennen_sensou_aigis),4,45,
spica_(sumaga),4,64,
spica_(yukataro),4,33,
spica_celest,4,33,
spica_parfait,4,51,
spice_(fortnite),4,20,
spice_girl_(stand),4,101,
spicy_nun's_mother_(diva),4,58,
spicy_nun_(diva),4,808,
spider-girl,4,36,
spider-gwen,4,1236,
spider-ham,4,77,
spider-man,4,1245,
spider-man_(2099),4,475,
spider-man_(miles_morales),4,318,
spider-man_india,4,43,
spider-man_noir,4,90,
spider-punk,4,72,
spider-woman,4,66,
spider_(minecraft),4,65,
spider_baelz,4,38,
spider_bud,4,48,
spider_itou,4,35,
spika_(pangya),4,38,
spike_(my_little_pony),4,75,
spike_spiegel,4,553,
spiky-eared_pichu,4,74,
spinarak,4,160,
spinda,4,178,
spinel_(pokemon),4,78,
spinner_(boku_no_hero_academia),4,47,
spiny,4,36,
spirit_albarn,4,42,
spirit_blossom_ahri,4,255,
spirit_blossom_kindred,4,216,
spirit_blossom_riven,4,32,
spirit_blossom_sett,4,58,
spirit_blossom_soraka,4,35,
spirit_of_origin_(honkai_impact),4,62,
spiritia_rosenberg,4,31,
spiritomb,4,247,
spite_(1st_costume)_(vtuber),4,13,
spite_(goth)_(vtuber),4,12,
spitfire_(girls'_frontline),4,38,
spitz,4,53,
splash_woman,4,117,
spock,4,48,
spoink,4,83,
spongebob_squarepants,4,274,
sponty,4,97,
spoo,4,63,
spore_(ragnarok_online),4,59,
spot-billed_duck_(kemono_friends),4,54,
spot_(arknights),4,181,
spotted_hyena_(kemono_friends),4,67,
spotted_skunk_(kemono_friends),4,38,
spp-1_(girls'_frontline),4,45,
sprigatito,4,1597,
spriggan_(final_fantasy),4,46,
spriggan_(last_origin),4,37,
spring_(lies_of_p),4,11,
spring_(trigger),4,31,
spring_man_(arms),4,90,
springfield_(classic_witch)_(girls'_frontline),4,65,
springfield_(girls'_frontline),4,2146,
springfield_(o_holy_night)_(girls'_frontline),4,68,
springfield_(queen_in_radiance)_(girls'_frontline),4,93,
springfield_(stirring_mermaid)_(girls'_frontline),4,263,
spritzee,4,93,
sprout_mole,4,132,
spuria_(arknights),4,74,
spy_(tf2),4,178,
spyke_(splatoon),4,138,
sq_(gnosia),4,149,
squall_leonhart,4,1563,
squalo,4,70,
squares_(puyopuyo),4,66,
squidward_tentacles,4,88,
squigly_(skullgirls),4,630,
squire_(fft),4,56,
squirrel_(jjjjmmn_err),4,48,
squirrel_girl_(yuuhagi_(amaretto-no-natsu)),4,71,
squirtle,4,1540,
squirtle_squad,4,39,
sr-3mp_(girls'_frontline),4,224,
srco,4,31,
srx,4,33,
ssrb_(shishiro_botan),4,672,
st._louis_(an_afternoon_on_the_lido_deck)_(azur_lane),4,89,
st._louis_(azur_lane),4,1998,
st._louis_(blue_and_white_pottery)_(azur_lane),4,99,
st._louis_(luxurious_wheels)_(azur_lane),4,870,
st._louis_(spirits_in_the_snow)_(azur_lane),4,55,
st._trina_(elden_ring),4,59,
st_ar-15_(girls'_frontline),4,1463,
st_ar-15_(mod3)_(girls'_frontline),4,274,
stacker_pentecost,4,32,
stahl_(fire_emblem),4,39,
stahn_aileron,4,112,
stainless_(arknights),4,76,
stakataka,4,39,
stalker_(ragnarok_online),4,279,
stan_(granblue_fantasy),4,40,
stan_(honkai_impact),4,44,
stan_marsh,4,352,
stanley_pines,4,31,
stantler,4,122,
star_(signalis),4,60,
star_breaker_(orange_juice),4,49,
star_butterfly,4,173,
star_dream,4,44,
star_force_mega_man,4,100,
star_guardian_ahri,4,154,
star_guardian_akali,4,51,
star_guardian_janna,4,77,
star_guardian_jinx,4,157,
star_guardian_kai'sa,4,54,
star_guardian_lulu,4,75,
star_guardian_lux,4,221,
star_guardian_miss_fortune,4,59,
star_guardian_neeko,4,34,
star_guardian_poppy,4,43,
star_guardian_rakan,4,34,
star_guardian_soraka,4,191,
star_guardian_syndra,4,58,
star_guardian_taliyah,4,36,
star_guardian_xayah,4,62,
star_guardian_zoe,4,41,
star_nemesis_fiddlesticks,4,34,
star_nun_(diva),4,278,
star_platinum,4,965,
star_saber_(transformers),4,55,
star_sapphire,4,3203,
star_tail_(alice_girls),4,33,
staraptor,4,245,
staravia,4,77,
starbucks_siren,4,70,
stardust_dragon,4,101,
starfire,4,542,
stargazer_(uki_violeta),4,41,
stark_(sousou_no_frieren),4,1464,
stark_jegan,4,31,
starky_(chrono_cross),4,40,
starlight_glimmer,4,35,
starlow,4,37,
starly,4,361,
starman_(mother),4,40,
starmie,4,439,
starry_nocturne_(infinity_nikki),4,52,
starscourge_radahn,4,218,
starscream,4,485,
starscream_(kotobukiya_bishoujo),4,38,
staryu,4,480,
stashia,4,32,
statue_of_the_seven,4,94,
stay_gold_(racehorse),4,58,
stay_puft,4,35,
stb-chan,4,35,
steam_delivery_girl,4,55,
stechkin_(girls'_frontline),4,95,
stechkin_(miss_camellia's_special_service)_(girls'_frontline),4,30,
steel_(kasugai_(de-tteiu)),4,26,
steel_eel_(splatoon),4,39,
steel_haze,4,48,
steel_miku_(project_voltage),4,88,
steel_samurai,4,30,
steelhead_(splatoon),4,49,
steelix,4,324,
steely_dan,4,84,
steen_(the_devil_and_s-13),4,46,
steenee,4,275,
stella_(black_rock_shooter),4,42,
stella_(flou),4,43,
stella_(gnosia),4,49,
stella_(mendou_kusai),4,10,
stella_(peach),4,46,
stella_(sound_horizon),4,57,
stella_(world_flipper),4,30,
stella_bremer,4,75,
stella_hoshii,4,167,
stella_unibell,4,315,
stella_vermillion,4,241,
stellar_loussier,4,251,
stelle_(chimerric_park)_(honkai:_star_rail),4,19,
stelle_(honkai:_star_rail),4,5548,
stelle_(world_tour_2023)_(honkai:_star_rail),4,58,
steller's_sea_cow_(kemono_friends),4,55,
steller's_sea_lion_(kemono_friends),4,44,
sten_mkii_(girls'_frontline),4,112,
steph_(afrobull),4,54,
stephanie_brown,4,90,
stephanie_dora,4,177,
stephanie_finch_(kibyland),4,12,
stephen_potter_(azur_lane),4,33,
stephen_stills,4,103,
sterkenburg_cranach,4,152,
stern_the_destructor,4,374,
steve_(minecraft),4,287,
steve_fox,4,37,
steve_leonard,4,92,
steve_rogers,4,634,
steven_a._starphase,4,96,
steven_armstrong,4,57,
steven_quartz_universe,4,96,
steven_seagal,4,55,
steven_stone,4,1187,
steven_stone_(special_costume),4,32,
steven_stone_(summer_2020),4,48,
steward_(arknights),4,77,
stewie_griffin,4,31,
stg44_(girls'_frontline),4,213,
stheno_(fate),4,784,
stheno_(third_ascension)_(fate),4,104,
sthesia_awar,4,56,
stick_bernard,4,37,
sticks_the_badger,4,67,
sticky_fingers_(stand),4,161,
still_in_love_(casual)_(umamusume),4,74,
still_in_love_(scarlet_vow_raiment)_(umamusume),4,1108,
still_in_love_(umamusume),4,760,
stim_pilot_(titanfall_2),4,31,
stimpak_(glitch_stars),4,10,
stina_(mleth),4,37,
stinger_(splatoon),4,54,
stitch_(lilo_&_stitch),4,99,
stiyl_magnus,4,128,
stoat_(kemono_friends),4,69,
stocking_(psg),4,3777,
stolas_(helluva_boss),4,33,
stolas_(megido72),4,30,
stone_free,4,276,
stonjourner,4,36,
storch_(signalis),4,65,
storm_(x-men),4,180,
stoutland,4,136,
strada,4,76,
strago_magus,4,54,
straight_cougar,4,57,
straizo,4,108,
strange_klug,4,99,
stranger_(omori),4,149,
strarf,4,89,
strasbourg_(azur_lane),4,65,
strasbourg_(faerie_of_the_race_circuit)_(azur_lane),4,42,
strawberry-chan,4,60,
strawberry_baelz,4,56,
strawberry_cookie,4,35,
strawberry_crepe_cookie,4,97,
strawberry_heart_(show_by_rock!!),4,89,
strawberry_miku_(morikura),4,72,
stray_cat_(jojo),4,98,
strea_(sao),4,111,
streetwear_kiriko,4,10,
strelitzia_(kingdom_hearts),4,57,
strelizia,4,320,
strelka,4,87,
strelka_(little_busters!),4,86,
strength_(black_rock_shooter),4,589,
striated_caracara_(kemono_friends),4,67,
strict_nun_(diva),4,477,
strider_(stalker),4,32,
strider_hiryuu,4,184,
strike_cannon,4,71,
strike_freedom_gundam,4,118,
strike_gundam,4,128,
striker_(dungeon_and_fighter),4,107,
striker_eureka,4,59,
strikers_daisy,4,39,
stuart_pot,4,32,
stuffed_bunny_(project_sekai),4,33,
stufful,4,138,
stunfisk,4,123,
stunk,4,54,
stunky,4,53,
sturm_(granblue_fantasy),4,362,
stussy_(one_piece),4,55,
stylet,4,104,
styracomon,4,16,
su-san,4,1438,
su_(gyee),4,45,
su_(honkai_impact),4,201,
su_xiaozhen,4,36,
sua_(alien_stage),4,211,
sub-zero,4,57,
subaki_(fire_emblem),4,126,
subaru_(.hack//),4,62,
subaru_(blue_archive),4,362,
subaru_(choukou_sennin_haruka),4,46,
subaru_(houkago_no_pleiades),4,124,
subaru_duck,4,810,
subaru_nakajima,4,1056,
subject_67_(helltaker),4,86,
submarine_princess,4,150,
succubus_(disgaea),4,123,
succubus_(dungeon_meshi),4,31,
succubus_(mabinogi),4,92,
succubus_(monster_girl_encyclopedia),4,55,
succubus_(ragnarok_online),4,133,
succubus_familiar,4,66,
succy_(cherry-gig),4,65,
sucklet,4,32,
sucrose_(genshin_impact),4,1223,
sucy_manbavaran,4,1121,
sudou_kayo,4,73,
sudowoodo,4,210,
sue_(fire_emblem),4,54,
sue_(grandia),4,176,
sue_storm_(azure_shade),4,70,
suee,4,58,
suehara_kyouko,4,90,
suehiro_anna,4,39,
suelle_marlen,4,95,
suenaga_mirai,4,127,
suetsugi_konoha,4,42,
suezo,4,42,
suffolk_(azur_lane),4,89,
suffren_(azur_lane),4,42,
suframare,4,37,
suga_itsuri,4,31,
suga_koutarou,4,81,
suga_kyoutarou,4,73,
suga_natsumi,4,33,
sugamo_mutsuki,4,203,
sugar_(nikke),4,45,
sugar_(one_piece),4,69,
sugar_mountain,4,46,
sugarette,4,48,
sugasano_allen,4,34,
sugawa_maiko,4,32,
sugawara_koushi,4,129,
sugawara_takurou,4,61,
sugaya_nowa,4,38,
sugi_aoki,4,32,
sugihara_manami,4,44,
sugimoto_reimi,4,583,
sugimoto_saichi,4,1145,
sugimura_runa,4,58,
sugino_miyo,4,39,
sugino_tomohito,4,33,
sugiru_(napoli_no_otokotachi),4,60,
sugisaka_umi,4,115,
sugisaki_miku,4,104,
sugishita_kyoutarou,4,34,
sugita_tomokazu,4,124,
sugitani_zenjubou_(fate),4,53,
sugiura_ayano,4,935,
sugiura_midori,4,106,
sugiyama_mio,4,65,
sugo_miri,4,49,
sugou_asuka,4,36,
suguri_(orange_juice),4,183,
suguro_ryuuji,4,81,
sui-feng,4,689,
sui_(fujiwara_gacho),4,34,
sui_(isekai_ojisan),4,160,
suicidal_girl_(hamsterfragment),4,235,
suicune,4,557,
suigintou,4,4714,
suiji,4,37,
suika_(dr.stone),4,37,
suikou_(genshin_impact),4,62,
suiren_(flower_knight_girl),4,38,
suisei_(kancolle),4,73,
suiseiseki,4,2111,
suishinshi_masahide_(tenka_hyakken),4,54,
suitokuin_tenmu,4,107,
sukeban_(mg)_(blue_archive),4,97,
sukeban_(smg)_(blue_archive),4,421,
sukeban_(sr)_(blue_archive),4,87,
sukegawa_adelina_(kuzukago),4,10,
sukegawa_angelica_(kuzukago),4,12,
sukegawa_maria_(kuzukago),4,11,
suketoudara,4,48,
suki,4,44,
sukimi,4,51,
sukonbu_(shirakami_fubuki),4,527,
sukone_tei,4,124,
sukoya_kana,4,1278,
sukoya_kana_(1st_costume),4,297,
sukoya_kana_(3rd_costume),4,31,
sukoya_kana_(5th_costume),4,48,
sukuna_hikona,4,63,
sukuna_shinmyoumaru,4,5037,
sul-lin-a,4,97,
suletta_mercury,4,5502,
sully_(fire_emblem),4,47,
suma_(kimetsu_no_yaiba),4,79,
sumadera_kasumi,4,32,
sumadera_yukio,4,33,
sumatran_tiger_(kemono_friends),4,38,
sumeragi_aika,4,299,
sumeragi_amane_(pretty_series),4,64,
sumeragi_erika_(shadowverse),4,95,
sumeragi_hakua,4,101,
sumeragi_kaguya,4,247,
sumeragi_lee_noriega,4,428,
sumeragi_reo,4,10,
sumeragi_shion,4,124,
sumeragi_sunao,4,55,
sumeragi_taito,4,65,
sumeragi_utsutsu,4,10,
sumi-chan_(sachito),4,68,
sumi_(monobeno),4,90,
sumi_elias,4,63,
sumi_suya,4,81,
sumia_(fire_emblem),4,176,
sumihara_satoka,4,40,
sumika_(wuthering_waves),4,22,
suminoe_ako,4,64,
suminoe_riko,4,55,
suminoe_shion,4,78,
suminoe_takako,4,78,
suminoya_kureha,4,83,
sumire_(anti_(0324)),4,50,
sumire_(blue_archive),4,211,
sumire_(path_to_nowhere),4,46,
sumire_(yakunitatsu_node_chi_o_kudasai),4,30,
sumiregawa_nenene,4,35,
sumiyao_(sumiyao_(amam)),4,40,
sumiyoshi_chisato,4,48,
sumiyoshi_kanako,4,68,
sumizome_nozomi,4,121,
summer_rose,4,79,
summoner_(dungeon_and_fighter),4,66,
summoner_(fft),4,46,
summoner_(final_fantasy),4,176,
summoner_(league_of_legends),4,66,
summoner_(ragnarok_online),4,186,
summoner_aldra,4,61,
sumomo_(blue_archive),4,189,
sun-d,4,205,
sun_jing,4,78,
sun_shang_xiang,4,77,
sun_wukong,4,648,
sun_wukong_(rwby),4,52,
suna_rintarou,4,30,
sunadori_oruka,4,58,
sunahara_yoshimi,4,49,
sunao_(wokada),4,107,
sunao_nako,4,95,
sunazuka_akira,4,1774,
sunbringer_(zenless_zone_zero),4,34,
sunday_(honkai:_star_rail),4,952,
sunday_silence_(racehorse),4,276,
sunflora,4,213,
sunflower_(plants_vs_zombies),4,36,
sunflower_fairy_(touhou),4,90,
sung-eun_(unleashed),4,41,
sung_han-bin,4,86,
sung_jin-woo,4,84,
sunkern,4,198,
sunny_(gino's)_(omori),4,62,
sunny_(hospital_gown)_(omori),4,267,
sunny_(omori),4,2640,
sunny_(yu-gi-oh!),4,30,
sunny_gurlukovich,4,125,
sunny_milk,4,2939,
sunohara_ayaka,4,146,
sunohara_mei,4,164,
sunohara_nana,4,41,
sunohara_youhei,4,276,
sunohara_youko,4,48,
sunomiya_sana,4,94,
sunred,4,51,
sunset_(porforever),4,91,
sunset_shimmer,4,123,
sunset_shimmer_(human),4,43,
sunshine_forever_(umamusume),4,16,
suntory_nomu,4,72,
suo_hayato,4,40,
suo_sango,4,451,
suo_sango_(1st_costume),4,264,
suo_sango_(2nd_costume),4,33,
suoh_mikoto,4,41,
suomi_(blissful_mission)_(girls'_frontline),4,36,
suomi_(girls'_frontline),4,990,
suomi_(korvatunturi_pixie)_(girls'_frontline),4,124,
suomi_(midsummer_pixie)_(girls'_frontline),4,221,
suou_(blue_archive),4,223,
suou_amane,4,146,
suou_katsuya,4,53,
suou_kuyou,4,115,
suou_mikoto_(school_rumble),4,402,
suou_mira,4,38,
suou_momoko,4,1457,
suou_patra,4,764,
suou_pavlichenko,4,549,
suou_tamaki,4,85,
suou_tatsuya,4,348,
suou_tatsuya_(persona_2_batsu),4,34,
suou_tsukasa,4,217,
suou_yuki,4,325,
super-shorty_(girls'_frontline),4,267,
super_bunyan_(fate),4,47,
super_buu,4,98,
super_creek_(casual)_(umamusume),4,127,
super_creek_(chiffon-wrapped_mummy)_(umamusume),4,275,
super_creek_(chiffon_ribbon_mummy)_(umamusume),4,155,
super_creek_(umamusume),4,1316,
super_karna_(fate),4,48,
super_novice_(ragnarok_online),4,94,
super_orion_(fate),4,175,
super_pochaco,4,647,
super_sailor_chibi_moon,4,324,
super_sailor_chibi_moon_(stars),4,57,
super_sailor_jupiter,4,174,
super_sailor_mars,4,203,
super_sailor_mars_(stars),4,31,
super_sailor_mercury,4,228,
super_sailor_mercury_(stars),4,40,
super_sailor_moon,4,473,
super_sailor_neptune,4,100,
super_sailor_pluto,4,37,
super_sailor_saturn,4,124,
super_sailor_saturn_(stars),4,35,
super_sailor_uranus,4,92,
super_sailor_venus,4,221,
super_sailor_venus_(stars),4,33,
super_sass_(girls'_frontline),4,305,
super_sass_(mod3)_(girls'_frontline),4,76,
super_sea_snail,4,30,
super_shadow,4,58,
super_sonic,4,258,
super_sonico,4,3558,
super_tama_musume,4,124,
superb_bird-of-paradise_(kemono_friends),4,313,
superbi_squalo,4,104,
superbia_(bravern),4,56,
superbia_(yume-100),4,32,
superboy,4,142,
supergirl,4,363,
superman,4,465,
superstar_(granblue_fantasy),4,55,
suppi,4,51,
supply_depot_princess,4,422,
supreme_king_(yu-gi-oh!_gx),4,67,
sura_(ragnarok_online),4,253,
surcouf_(azur_lane),4,213,
surcouf_(loisirs_balneaires)_(azur_lane),4,154,
surfing_pikachu,4,37,
surge_(pokemon),4,167,
surge_the_tenrec,4,87,
suride_miku,4,172,
surintendante_chevalmarin,4,432,
surprised_cat_(matataku),4,63,
surskit,4,157,
surtr's_golem_(arknights),4,296,
surtr_(arknights),4,3356,
surtr_(colorful_wonderland)_(arknights),4,633,
surtr_(fire_emblem),4,44,
surtr_(housamo),4,81,
surtr_(liberte_echec)_(arknights),4,402,
suruga_(azur_lane),4,116,
suruga_ataru,4,32,
survivor_(rain_world),4,41,
susabi_(onmyoji),4,38,
susan_(rakeemspoon),4,68,
susanna_hopkins,4,148,
susannah_manatt,4,141,
susannah_manatt_(valkyrie_quicksand),4,102,
susanoomon,4,31,
susato_mikotoba,4,256,
sushang_(honkai:_star_rail),4,297,
susie_(deltarune),4,400,
susie_(kirby),4,239,
susie_(lord_of_the_mysteries),4,38,
sussex_(azur_lane),4,32,
sussurro_(arknights),4,1466,
sussurro_(summer_flower)_(arknights),4,294,
susukihotaru,4,41,
susumu-sensei,4,77,
susuwatari,4,140,
sutegoro_shiina,4,48,
sutera_(granblue_fantasy),4,143,
sutou_iku,4,32,
suu_(monster_musume),4,399,
suu_(shugo_chara!),4,77,
suwa_amaki,4,66,
suwa_koutarou,4,51,
suwa_rei,4,63,
suwa_yorishige,4,113,
suzaki_aya,4,47,
suzako,4,38,
suzaku_(kemono_friends),4,85,
suzakuin_tsubaki,4,53,
suzette_(sa9no),4,47,
suzi_q,4,557,
suzie_(agent_aika),4,30,
suzu_(cookie),4,469,
suzu_(fushigi_na_neko_no_machi_meltier),4,39,
suzu_(nagasarete_airantou),4,80,
suzu_(sub-res),4,31,
suzu_(torikissa!),4,112,
suzubi_(mawaru),4,36,
suzuha_(nozomi_tsubame),4,48,
suzuhara_izumiko,4,56,
suzuhara_lulu,4,1311,
suzuhara_lulu_(1st_costume),4,362,
suzuhara_misae,4,98,
suzuhara_misaki,4,58,
suzuhara_sakura,4,83,
suzuhara_touji,4,192,
suzui_shiho,4,55,
suzuka_gozen_(fate),4,888,
suzuka_gozen_(santa)_(fate),4,119,
suzuka_gozen_(swimsuit_rider)_(fate),4,191,
suzuka_gozen_(swimsuit_rider)_(second_ascension)_(fate),4,135,
suzuka_hime,4,116,
suzuka_sakuya,4,56,
suzuka_suzuha_(unomiki),4,42,
suzuka_utako,4,247,
suzuka_utako_(1st_costume),4,34,
suzukawa_koume,4,54,
suzukaze_(kancolle),4,1790,
suzukaze_(lvi),4,31,
suzukaze_aoba,4,1050,
suzukaze_rin,4,36,
suzuki_(cookie),4,30,
suzuki_(girls_und_panzer),4,321,
suzuki_aina_(voice_actor),4,35,
suzuki_anzu,4,30,
suzuki_arisa,4,214,
suzuki_aya,4,32,
suzuki_ayane,4,158,
suzuki_chinami,4,87,
suzuki_hana,4,387,
suzuki_hina,4,215,
suzuki_iruma,4,134,
suzuki_jun,4,661,
suzuki_kana,4,41,
suzuki_katsuo,4,10,
suzuki_masaru,4,208,
suzuki_mikura,4,90,
suzuki_mirei,4,42,
suzuki_rion,4,184,
suzuki_satsuki,4,36,
suzuki_sayaka,4,169,
suzuki_shou,4,115,
suzuki_sonoko,4,110,
suzuki_tsudumi,4,154,
suzuki_waka,4,80,
suzuki_yuma,4,49,
suzume_(maid-san_wa_taberu_dake),4,68,
suzume_(princess_connect!),4,141,
suzume_(rance),4,80,
suzume_(summer)_(princess_connect!),4,37,
suzumeda_kaori,4,33,
suzumi_(blue_archive),4,191,
suzumi_(hetza),4,61,
suzumi_(magical)_(blue_archive),4,346,
suzumi_nemo,4,189,
suzumi_nemo_(1st_costume),4,79,
suzumi_nemo_(2nd_costume),4,44,
suzumi_tamao,4,191,
suzumiya_akane,4,187,
suzumiya_anju,4,57,
suzumiya_haruhi,4,10023,
suzumiya_haruhi_(young),4,116,
suzumiya_haruhiko,4,370,
suzumiya_haruka,4,207,
suzumiya_rin,4,43,
suzumiya_seika,4,84,
suzumori_asuka,4,50,
suzumoto_mayu,4,40,
suzumura_sango,4,430,
suzumura_yuu,4,102,
suzuna_(princess_connect!),4,126,
suzuna_(summer)_(princess_connect!),4,39,
suzuna_isurugi,4,42,
suzuna_takano,4,43,
suzunami_(kancolle),4,154,
suzunari_arare,4,66,
suzunari_shizuku,4,444,
suzune_(senran_kagura),4,161,
suzune_nia,4,58,
suzuno_fuusuke,4,257,
suzuno_ito,4,77,
suzunoki_rin,4,215,
suzuran_(arknights),4,3727,
suzuran_(let's_carnival!)_(arknights),4,42,
suzuran_(lostlands_flowering)_(arknights),4,123,
suzuran_(spring_praise)_(arknights),4,700,
suzuran_(yukibare)_(arknights),4,262,
suzurikawa_euphrasie_ruika,4,46,
suzurikawa_sasha,4,39,
suzushina_yuriko,4,354,
suzushiro_akane,4,78,
suzushiro_haruka,4,120,
suzushiro_mizuki,4,56,
suzutsuki_(azur_lane),4,94,
suzutsuki_(kancolle),4,2013,
suzutsuki_kanade,4,80,
suzutuki_sui,4,42,
suzuya_(azur_lane),4,185,
suzuya_(kancolle),4,8698,
suzuya_aki,4,104,
suzuya_aki_(1st_costume),4,35,
suzuya_juuzou,4,266,
suzuya_kai_ni_(kancolle),4,633,
suzuzono_sai,4,61,
sv-51,4,33,
sv-98_(girls'_frontline),4,263,
sv-98_(mod3)_(girls'_frontline),4,101,
svarog_(honkai:_star_rail),4,97,
svartlilja_(vrchat),4,37,
svd_(girls'_frontline),4,327,
swablu,4,734,
swadloon,4,222,
swain_(league_of_legends),4,103,
swalot,4,91,
swampert,4,365,
swanna,4,272,
swarming_languendo,4,44,
swatty_(can_can_bunny),4,58,
sweater_girl,4,76,
sweden_(hetalia),4,155,
sweep_tosho_(casual)_(umamusume),4,102,
sweep_tosho_(it's_all_mine!)_(umamusume),4,41,
sweep_tosho_(monopolizing_the_chill?)_(umamusume),4,33,
sweep_tosho_(platanus_witch)_(umamusume),4,501,
sweep_tosho_(umamusume),4,1264,
sweet_ann,4,52,
sweet_memories_(infinity_nikki),4,27,
sweetheart_(omori),4,232,
sweetheart_sona,4,32,
sweetie_belle,4,67,
swellow,4,140,
swiftsure_(azur_lane),4,263,
swiftsure_(midsummer_special_service)_(azur_lane),4,80,
swiftsure_(study_hall_cyclamen)_(azur_lane),4,65,
swim_swim,4,118,
swimmer_(pokemon),4,133,
swin_abel,4,50,
swindler_(akudama_drive),4,61,
swing_(twisted_wonderland),4,40,
swinub,4,200,
swire_(arknights),4,1166,
swire_(honor_and_splendor)_(arknights),4,87,
swire_the_elegant_wit_(arknights),4,211,
swirlix,4,268,
switzerland_(hetalia),4,143,
swoobat,4,110,
sword_kirby,4,87,
sword_maiden,4,345,
sword_master_(dungeon_and_fighter),4,49,
swordfighter_peach,4,79,
swordfish_ii,4,54,
swordsman_(ragnarok_online),4,344,
swordsman_(sekaiju),4,81,
swordsman_(sekaiju_4),4,75,
swordsman_2_(sekaiju_4),4,32,
swordsoul_of_mo_ye,4,40,
syake_(wadanohara),4,66,
sybilla,4,129,
sylas_(league_of_legends),4,80,
sylense_(ayaki_blade),4,43,
sylia_stingray,4,46,
syllia_(huffslove),4,20,
sylpha_(dai_nana_oji),4,31,
sylpha_(ninoko),4,41,
sylpheed,4,78,
sylphiel_nels_lahda,4,32,
sylphiette_(mushoku_tensei),4,1080,
sylphy_(amaburi),4,183,
sylus_(love_and_deepspace),4,203,
sylvain_jose_gautier,4,730,
sylvain_jose_gautier_(summer),4,72,
sylvanas_windrunner,4,131,
sylveil_(eden's_ritter),4,33,
sylveon,4,2084,
sylvia_(brown_dust),4,37,
sylvia_(dq11),4,74,
sylvia_(konosuba),4,74,
sylvia_christel,4,35,
sylvia_le_cruzcrown_sortilege_sisua,4,66,
sylvia_sherwood,4,107,
sylvie_(dorei_to_no_seikatsu),4,417,
sylvie_(isekai_maou),4,44,
sylvie_cariello,4,36,
sylvie_laufeydottir,4,33,
sylvie_paula_paula,4,61,
symbareangoramon,4,91,
symboli_kris_s_(casual)_(umamusume),4,59,
symboli_kris_s_(onyx_soldier)_(umamusume),4,265,
symboli_kris_s_(umamusume),4,672,
symboli_rudolf_(archer_of_the_white_moon)_(umamusume),4,63,
symboli_rudolf_(casual)_(umamusume),4,119,
symboli_rudolf_(christmas_emperor_tree)_(umamusume),4,46,
symboli_rudolf_(racehorse),4,35,
symboli_rudolf_(umamusume),4,3076,
symmetra_(overwatch),4,354,
symonne_(tales),4,181,
sync_(tales),4,91,
syndra,4,476,
synth_(iahfy),4,97,
sypha_belnades,4,53,
syr_flover,4,46,
syrene_(fire_emblem),4,30,
syrene_(kyuri_tizu),4,33,
syrup_(chiruto),4,89,
syrup_(yes!_precure_5),4,75,
syuen_(nikke),4,249,
syusetu_kohaku,4,49,
szayelaporro_granz,4,53,
t'au,4,136,
t'challa,4,52,
t-002_(resident_evil),4,17,
t-5000_(girls'_frontline),4,49,
t-6407j_(samidare),4,55,
t-800,4,148,
t-elos,4,360,
t-elos_re:,4,70,
t-head_admiral,4,2380,
t-head_trainer,4,1936,
t-head_trainer_(umamusume),4,71,
t.m._opera_o_(blue_dazzle)_(umamusume),4,49,
t.m._opera_o_(casual)_(umamusume),4,110,
t.m._opera_o_(umamusume),4,1580,
t0m_(projektmelody),4,49,
ta-class_battleship,4,1184,
taako_(the_adventure_zone),4,33,
tabasa,4,64,
tabasa_(samansa_ex),4,34,
tabata_hidenori,4,70,
tabby_(.hack//),4,38,
tabe_ayumu,4,78,
tabinoki_kanae,4,47,
tabinoki_kanae_(1st_costume),4,33,
tabitha_(dq5),4,154,
tabitha_(pokemon),4,87,
tabitha_(zero_no_tsukaima),4,387,
tablet-tan,4,44,
tabris-xx,4,117,
taby_(llucilab),4,12,
tac-50_(girls'_frontline),4,56,
tachanka_(rainbow_six_siege),4,95,
tachibana_(etra-chan_wa_mita!),4,31,
tachibana_akira,4,43,
tachibana_arisu,4,3713,
tachibana_chitose,4,72,
tachibana_chizuru_(kimi_to_boku),4,41,
tachibana_gin,4,51,
tachibana_ginchiyo_(sengoku_musou),4,74,
tachibana_hibiki_(symphogear),4,2010,
tachibana_hibiki_(symphogear)_(another),4,111,
tachibana_himeko,4,260,
tachibana_hina,4,63,
tachibana_hinano_(5th_costume),4,32,
tachibana_hinano_(summer_c102),4,44,
tachibana_hinano_(vspo!_summer_2024),4,31,
tachibana_hinano_(vtuber),4,630,
tachibana_hinata_(fabiniku),4,57,
tachibana_hinata_(tokyo_revengers),4,37,
tachibana_hiro_(yakitomato),4,39,
tachibana_ichika,4,89,
tachibana_isana,4,49,
tachibana_jun'ichi,4,217,
tachibana_kanade,4,2486,
tachibana_kaoru_(toosaka_asagi),4,37,
tachibana_kimika,4,167,
tachibana_kisa,4,41,
tachibana_kukuri,4,36,
tachibana_kyouka_(jin),4,35,
tachibana_kyouko_(suzumiya_haruhi),4,59,
tachibana_makoto,4,570,
tachibana_marika,4,215,
tachibana_mayumi,4,34,
tachibana_mei_(jashin-chan_dropkick),4,38,
tachibana_meiko,4,31,
tachibana_misato,4,109,
tachibana_miya,4,495,
tachibana_mizuki,4,50,
tachibana_momoka,4,293,
tachibana_rei,4,208,
tachibana_rino,4,41,
tachibana_ritsuka,4,55,
tachibana_rui,4,109,
tachibana_sakuya_(god_eater),4,84,
tachibana_satomi,4,93,
tachibana_senzou,4,45,
tachibana_shiro_(idolmaster),4,173,
tachibana_sylphynford,4,79,
tachibana_taki,4,565,
tachibana_theresia_nagisa,4,33,
tachibana_yuu_(yakitomato),4,252,
tachihara_sayu,4,61,
tachikawa_aoi,4,60,
tachikawa_ayaka,4,312,
tachikawa_kei,4,65,
tachikawa_mimi,4,525,
tachikoma,4,187,
tachimukai_yuuki,4,167,
tada_riina,4,1105,
tada_shiera,4,37,
tadakichi-san,4,58,
tadakuni,4,48,
tadakuni_(alterkyon),4,84,
tadano_genji,4,188,
tadano_hitohito,4,402,
tadano_yuji,4,45,
tadase_kairi,4,35,
tadashi_hamada,4,53,
tadatomo_(housamo),4,61,
tadbulb,4,34,
tademaru_shiki,4,33,
tadokoro_megumi,4,116,
taekaze_(azur_lane),4,17,
taekwon_(ragnarok_online),4,37,
tael,4,96,
taffy_(squeezable),4,33,
tagame_kenmochi,4,10,
tagawa_katsuya,4,39,
tahm_kench,4,37,
tahu_(bionicle),4,36,
tai_gong_wang_(fate),4,162,
tai_yuan_(azur_lane),4,61,
taiga_(ookami_mio),4,129,
taiga_lucia,4,91,
taiga_shinjirou,4,75,
taiga_takeru,4,213,
taigei_(kancolle),4,2581,
taihou_(azur_lane),4,5022,
taihou_(enraptured_companion)_(azur_lane),4,955,
taihou_(forbidden_feast)_(azur_lane),4,774,
taihou_(kancolle),4,3080,
taihou_(muse)_(azur_lane),4,163,
taihou_(phoenix's_spring_song)_(azur_lane),4,280,
taihou_(private_quarters)_(azur_lane),4,37,
taihou_(seaside_daydreams)_(azur_lane),4,283,
taihou_(sweet_time_after_school)_(azur_lane),4,331,
taihou_(temptation_on_the_sea_breeze)_(azur_lane),4,362,
taihou_(warship_girls_r),4,57,
taiki_(juuni_kokuki),4,66,
taiki_kou,4,103,
taiki_shuttle_(bubblegum_memories)_(umamusume),4,60,
taiki_shuttle_(umamusume),4,969,
taikogane_sadamune,4,256,
taikoubou,4,133,
tail_(honkai:_star_rail),4,210,
tailblue,4,110,
taillow,4,157,
tailmon,4,520,
tailred,4,264,
tails_(sonic),4,1186,
tailtiu_(fire_emblem),4,180,
tailtiu_(tea_party)_(fire_emblem),4,42,
tainaka_ritsu,4,7204,
tainaka_satoshi,4,71,
taion_(xenoblade),4,250,
taira_daichi,4,56,
taira_no_chouki,4,130,
taira_no_fumikado,4,205,
taira_no_kagekiyo_(fate),4,200,
tairitsu_(arcaea),4,120,
taisa_(cookie),4,321,
taishakuten_(onmyoji),4,184,
taisui_xingjun_(fate),4,117,
taiwan_(hetalia),4,435,
taiyang_xiao_long,4,35,
taiyo_akari,4,51,
taiyo_pepper,4,134,
taiyou_(kancolle),4,403,
taiyou_akari,4,60,
taiyou_kai_ni_(kancolle),4,56,
tajador_(ooo_combo),4,72,
tajikarao_(housamo),4,316,
taka_(ace_attorney),4,46,
taka_radjiman,4,41,
takabushi_kengo,4,379,
takada-chan,4,30,
takada_gan,4,35,
takada_naho,4,41,
takada_nozomi,4,78,
takada_satsuki,4,60,
takada_shiyuki,4,77,
takadate_orie,4,86,
takafuji_kako,4,631,
takagaki_kaede,4,4354,
takagawa_sumire,4,30,
takagi-san,4,1472,
takagi_(tansuke),4,337,
takagi_junjirou,4,37,
takagi_saya,4,226,
takahara_ayumi,4,138,
takahara_hairi,4,124,
takahashi_amato,4,66,
takahashi_fuuko,4,56,
takahashi_hana,4,11,
takahashi_keisuke,4,54,
takahashi_keita_(yakitomato),4,147,
takahashi_maya,4,131,
takahashi_reiko,4,133,
takahashi_rie,4,136,
takahashi_tetsuo,4,60,
takai_sayaka,4,44,
takaishi_takeru,4,399,
takajo_kyoji,4,159,
takajou_joujirou,4,47,
takakamo_shizuno,4,372,
takakura_himari,4,776,
takakura_kanba,4,263,
takakura_ken_(dandadan),4,274,
takakura_shouma,4,342,
takamachi_momoko,4,47,
takamachi_nanoha,4,7822,
takamachi_nanoha_(aggressor_mode),4,246,
takamachi_nanoha_(exceed_mode),4,250,
takamachi_nanoha_(exelion_mode),4,56,
takamachi_nanoha_(formula_ii),4,57,
takamachi_nanoha_(movie_1st_mode),4,206,
takamachi_nanoha_(original_mode),4,98,
takamachi_nanoha_(sacred_mode),4,286,
takamachi_nanoha_(sacred_mode)(2nd),4,51,
takamaki_anne,4,1951,
takamatsu,4,107,
takamatsu_shizuku,4,37,
takamatsu_tomori,4,1497,
takami_chika,4,3361,
takami_rin,4,36,
takamine_kiyomaro,4,45,
takamine_kousei,4,31,
takamine_koyuki,4,36,
takamine_midori,4,187,
takamine_mion,4,45,
takamine_noa,4,285,
takamine_takane,4,212,
takamiya_honoka,4,51,
takamiya_mana,4,42,
takamiya_mana_(cr-unit),4,14,
takamiya_mio,4,98,
takamiya_nasuno,4,78,
takamiya_rion,4,820,
takamiya_rion_(1st_costume),4,209,
takamiya_rion_(3rd_costume),4,72,
takamiya_rion_(6th_costume),4,61,
takamiya_rion_(7th_costume),4,67,
takamiya_yuki,4,65,
takamizawa_natsuki,4,42,
takamori_aiko,4,970,
takamori_haruka,4,153,
takamura_yui,4,253,
takana_shinno_(character),4,33,
takanami_(kancolle),4,1134,
takanami_kai_ni_(kancolle),4,118,
takanashi_hikari,4,123,
takanashi_hina,4,88,
takanashi_hinata,4,76,
takanashi_iori_(ichiyou_moka),4,30,
takanashi_kiara,4,6972,
takanashi_kiara_(1st_costume),4,1918,
takanashi_kiara_(3rd_costume),4,131,
takanashi_kiara_(casual),4,824,
takanashi_kiara_(cozy),4,99,
takanashi_kiara_(dirndl),4,104,
takanashi_kiara_(fever_night),4,286,
takanashi_kiara_(knight),4,66,
takanashi_kiara_(new_year),4,69,
takanashi_kiara_(phoenix),4,69,
takanashi_kim_anouk_mei,4,138,
takanashi_kiyomi,4,47,
takanashi_kotori,4,139,
takanashi_koyomi,4,142,
takanashi_kozue,4,40,
takanashi_misha,4,70,
takanashi_miu,4,99,
takanashi_nao,4,38,
takanashi_nazuna,4,78,
takanashi_otoha,4,73,
takanashi_rei,4,124,
takanashi_rikka,4,2216,
takanashi_sei,4,33,
takanashi_sora,4,101,
takanashi_souta,4,334,
takanashi_touka,4,137,
takanashi_tsumugi,4,50,
takanashi_yomi,4,170,
takanashi_yuzu,4,64,
takane_(blue_archive),4,324,
takane_hibiki,4,77,
takane_lui,4,2027,
takane_lui_(1st_costume),4,1001,
takane_lui_(3rd_costume),4,37,
takane_lui_(new_year),4,42,
takane_manaka,4,459,
takane_tsubomi,4,77,
takano_akira,4,56,
takano_chizuru,4,66,
takano_hitomi,4,39,
takano_miyo,4,477,
takanya,4,33,
takao_(aoki_hagane_no_arpeggio),4,487,
takao_(azur_lane),4,2499,
takao_(beach_rhapsody)_(azur_lane),4,476,
takao_(d-frag!),4,115,
takao_(full_throttle_charmer)_(azur_lane),4,309,
takao_(kancolle),4,5186,
takao_(school_romanza)_(azur_lane),4,188,
takao_(the_lessons_of_spring)_(azur_lane),4,52,
takao_dayu_(fate),4,32,
takaoka_yukari,4,114,
takaomi_(orenchi_no_maidosan),4,185,
takara_miyuki,4,1846,
takara_tooru,4,56,
takara_yukari,4,56,
takarabe_tsukushi,4,33,
takarada_kaneo,4,46,
takarada_orie,4,45,
takarada_rikka,4,3821,
takaradachi_(alban_knox),4,31,
takasago_tomoe,4,52,
takasaka_juri,4,409,
takasaka_kouki,4,336,
takasaka_kyouko,4,42,
takasaki_chidori,4,40,
takasaki_manabu,4,62,
takasaki_misaki_(koi_to_uso),4,34,
takasaki_misaki_(yuru_yuri),4,42,
takasaki_rui,4,10,
takasaki_yu,4,587,
takasaki_yu_(swimsuit),4,32,
takasaki_yuu,4,1212,
takase_haruhiko,4,58,
takase_koyoi,4,56,
takase_mizuki,4,121,
takashi_(gyee),4,39,
takashi_shirogane,4,201,
takashima_remi,4,54,
takashima_yuuna,4,143,
takashima_zakuro,4,109,
takashiro_chidori,4,31,
takashiro_hiroko,4,43,
takasu_ayako,4,47,
takasu_ryuuji,4,670,
takasu_yasuko,4,55,
takasuga_tsukushi,4,85,
takasugi_shinsaku_(fate),4,244,
takasugi_shinsuke,4,396,
takatoo_nanase,4,95,
takatsu_kokone,4,49,
takatsuki_ichika,4,287,
takatsuki_kasumi,4,49,
takatsuki_nanami,4,30,
takatsuki_shiori,4,61,
takatsuki_yayoi,4,3871,
takatsuki_yoshino,4,60,
takawashi_nagisa,4,44,
takaya_noriko,4,302,
takayama_haruka,4,377,
takayama_kate,4,32,
takayama_maria,4,281,
takayama_sayoko,4,510,
takayashiro_sayuki,4,33,
takayashiro_yuzuka,4,32,
take-mikazuchi,4,47,
take_(kancolle),4,116,
take_mamoru,4,56,
takeba_yukari,4,1829,
takebe_saori,4,3762,
takechi_otoya,4,50,
takechi_zuizan_(fate),4,40,
takeda_emi,4,60,
takeda_harumi_(shiromanta),4,1223,
takeda_shingen_(fate),4,81,
takeda_shingen_(first_ascension)_(fate),4,101,
takega_satsu,4,33,
takehisa_nakaba,4,42,
takei_chiyo_(narisokonai),4,13,
takei_hisa,4,780,
takei_junko,4,239,
takekushi_meguru,4,33,
takemaru_(housamo),4,508,
takemi_tae,4,518,
takemoto_uruka,4,58,
takenaka_hanbee_(oda_nobuna_no_yabou),4,106,
takenaka_hanbee_(sengoku_basara),4,64,
takenouchi_sora,4,390,
takeshi_(haiki),4,27,
takeshima_tsutako,4,82,
taketatsu_ayana,4,120,
taketomi_aya,4,47,
takeuchi_mariya,4,41,
takeuchi_yuka,4,49,
takeya_yuki,4,349,
takeyama_(angel_beats!),4,79,
taki_(friday_night_funkin'),4,18,
taki_(soulcalibur),4,371,
taki_eri,4,105,
taki_fuuko,4,99,
taki_noboru,4,36,
taki_suzuna,4,100,
takigawa_miu,4,394,
takiishi_chika,4,32,
takimi_haru,4,43,
takimoto_hifumi,4,756,
takino_tomo,4,444,
takitsubo_rikou,4,242,
takiya_makoto,4,122,
takizawa_akira,4,50,
takizawa_asuka,4,347,
takizawa_kyouko,4,200,
takizawa_seidou,4,32,
takki_(pripara),4,37,
takkun_(flcl),4,117,
takodachi_(ninomae_ina'nis),4,2771,
takoko_yakisoba_(combos_&_doodles),4,71,
takoluka,4,913,
takopii,4,70,
takozonesu,4,519,
takuma_sakazaki,4,38,
takumi_(fire_emblem),4,816,
takuto_kira,4,36,
takuto_meyers,4,65,
takuya_(acceed),4,148,
talho_yuuki,4,140,
tali'zorah,4,122,
talia_(grs-),4,39,
talia_gladys,4,34,
talim,4,138,
taliyah,4,287,
talking_flower_(mario),4,41,
tallgeese,4,51,
tallinn_(azur_lane),4,133,
tallinn_(night_of_full_moon_and_overflowing_love)_(azur_lane),4,13,
tallinn_(nostalgic_pilsner)_(azur_lane),4,36,
talon_(league_of_legends),4,140,
talon_feather_(last_origin),4,33,
talonflame,4,223,
talos_(housamo),4,116,
talulah_(arknights),4,724,
talulah_the_fighter_(arknights),4,126,
tama-chan_(yume_no_owari),4,46,
tama-jii,4,41,
tama_(ai_the_somnium_files),4,34,
tama_(aquarion),4,123,
tama_(dragon_ball),4,38,
tama_(gintama),4,47,
tama_(kancolle),4,1800,
tama_(love_hina),4,81,
tama_(mahoiku),4,44,
tama_(nyan_koi),4,37,
tama_(nyanko_daisensou),4,34,
tama_(wixoss),4,99,
tama_gotoh,4,91,
tama_kai_ni_(kancolle),4,148,
tamachi_mahiru,4,101,
tamada_tamaki,4,441,
tamade_chiyu,4,185,
tamadra,4,73,
tamai_shiina,4,31,
tamaizumi_hiyoko,4,34,
tamakagura_inari,4,72,
tamaki_(doa),4,86,
tamaki_(princess_connect!),4,130,
tamaki_ako,4,129,
tamaki_iroha,4,1697,
tamaki_iroha_(pajamas_costume),4,44,
tamaki_iroha_(swimsuit_costume),4,57,
tamaki_iroha_(swimsuit_ver.),4,59,
tamaki_kotatsu,4,295,
tamaki_mari,4,138,
tamaki_mone,4,79,
tamaki_sakura,4,32,
tamaki_shin'ichirou,4,32,
tamaki_ui,4,334,
tamama,4,103,
tamami_(jonsun),4,70,
tamamo_(fate),4,12622,
tamamo_(mon-musu_quest!),4,249,
tamamo_(yagi),4,77,
tamamo_aria_(fate),4,189,
tamamo_cat_(fate),4,2438,
tamamo_cat_(first_ascension)_(fate),4,563,
tamamo_cat_(lostroom_outfit)_(fate),4,67,
tamamo_cat_(second_ascension)_(fate),4,440,
tamamo_cat_(third_ascension)_(fate),4,597,
tamamo_cross_(beware!_halloween_night!)_(umamusume),4,36,
tamamo_cross_(fierce_thunder_god)_(umamusume),4,51,
tamamo_cross_(umamusume),4,1935,
tamamo_no_mae_(fate/extra),4,6649,
tamamo_no_mae_(jk)_(fate),4,246,
tamamo_no_mae_(police_fox)_(fate),4,32,
tamamo_no_mae_(sable_mage)_(fate),4,191,
tamamo_no_mae_(sexy_bikini)_(fate),4,65,
tamamo_no_mae_(spring_casual)_(fate),4,402,
tamamo_no_mae_(swimsuit_lancer)_(fate),4,2119,
tamamo_no_mae_(swimsuit_lancer)_(first_ascension)_(fate),4,137,
tamamo_no_mae_(swimsuit_lancer)_(second_ascension)_(fate),4,548,
tamamo_no_mae_(swimsuit_lancer)_(third_ascension)_(fate),4,475,
tamamo_no_mae_(tailmaid_strike)_(fate),4,71,
tamamo_no_mae_(third_ascension)_(fate),4,275,
tamamori_(koshotengai_no_hashihime),4,41,
tamamura_gunzo,4,540,
tamamura_tamao,4,33,
tamanami_(kancolle),4,203,
tamani_wakashi,4,30,
tamano_hinagiku,4,47,
tamar_(shadow_slave),4,23,
tamari_(team6x111),4,11,
tamasaka_makoto,4,128,
tamase_miki,4,75,
tamatsukuri_misumaru,4,329,
tamayo_(kimetsu_no_yaiba),4,56,
tammy_(magi_stop),4,42,
tamura_hiyori,4,275,
tamura_manami,4,357,
tamura_yukari,4,182,
tamura_yuri,4,1493,
tan_tsi-ho_(shan),4,36,
tan_yang_(kancolle),4,376,
tan_youyou_(infinity_nikki),4,50,
tana_(fire_emblem),4,302,
tana_(summer)_(fire_emblem),4,76,
tanacris_(third_kureko),4,32,
tanahashi_suzune,4,36,
tanaka_(chainsaw_man),4,128,
tanaka_(fate),4,34,
tanaka_(ueno-san_wa_bukiyou),4,39,
tanaka_aiko,4,37,
tanaka_asuka,4,551,
tanaka_atsuko,4,34,
tanaka_ayumu,4,123,
tanaka_gundham,4,809,
tanaka_hime,4,226,
tanaka_ichi,4,167,
tanaka_jouji,4,37,
tanaka_keiko_(ado),4,35,
tanaka_keiko_(amagami),4,75,
tanaka_kotoha,4,780,
tanaka_kotoha_(private_dress),4,12,
tanaka_mako,4,347,
tanaka_mamimi,4,1477,
tanaka_misa,4,77,
tanaka_punie,4,34,
tanaka_rie,4,138,
tanaka_ryuunosuke,4,46,
tanaka_saeko_(haikyuu!!),4,46,
tanaka_shinbei_(fate),4,94,
tanaka_souichirou,4,31,
tanaka_tom,4,43,
tanaka_yoshitake,4,54,
tanaka_yuyuko,4,30,
tanamachi_kaoru,4,672,
tanarot,4,40,
tanashi_miyoko,4,48,
tanba_akari,4,317,
tanba_toshio,4,39,
tandemaus,4,73,
taneda_risa,4,83,
tanemon,4,82,
tanemura_koyori,4,308,
taneshima_popura,4,1034,
tanezaki_atsumi,4,73,
tang_keke,4,1101,
tang_san,4,106,
tang_sanzang,4,326,
tang_wutong_(douluo_dalu),4,160,
tangaroa_(housamo),4,179,
tange_sakura,4,60,
tangela,4,255,
tangle_the_lemur,4,54,
tangrowth,4,157,
tani_takeshi_(character),4,161,
tania_(dq6),4,53,
tania_(little_witch_nobeta),4,92,
tanigaki_genjirou,4,936,
tanigawa_kanna,4,444,
tanigawa_yuzu,4,161,
taniguchi_(female)_(suzumiya_haruhi),4,33,
taniguchi_(suzumiya_haruhi),4,137,
taniguchi_harumi,4,35,
tanikaze_(azur_lane),4,35,
tanikaze_(kancolle),4,877,
tanikaze_amane,4,293,
tanikaze_nagate,4,35,
tanikaze_riku,4,51,
tanima_yuri,4,50,
tanino_gimlet_(casual)_(umamusume),4,55,
tanino_gimlet_(embodiment_of_keravnos)_(umamusume),4,286,
tanino_gimlet_(umamusume),4,806,
tanith_(fire_emblem),4,50,
tanizaki_yukari,4,122,
tank_(bongfill),4,42,
tanned_cirno,4,880,
tanned_girl_(kamisimo_90),4,54,
tanngrisnir_(housamo),4,35,
tansansui_(vtuber),4,30,
tanuki_(ame_to_kimi_to),4,314,
tanuki_(kemono_friends),4,179,
tanuki_mario,4,44,
tanuma_miyuki,4,42,
tanya_(darker_than_black),4,41,
tanya_(granblue_fantasy),4,53,
tanya_degurechaff,4,946,
tanyuu_karibusa,4,65,
tanzawa_chizuru,4,41,
tao_blu_(splatoon),4,298,
tao_fa,4,53,
tao_jun,4,92,
tao_mongarten,4,74,
tao_pai_pai,4,108,
tao_ren,4,40,
taokaka,4,840,
taoqi_(wuthering_waves),4,120,
tap_dance_city_(casual)_(umamusume),4,20,
tap_dance_city_(glitter!)_(umamusume),4,130,
tap_dance_city_(umamusume),4,222,
tapioka,4,37,
tapris_chisaki_sugarbell,4,109,
tapu_bulu,4,60,
tapu_fini,4,76,
tapu_koko,4,137,
tapu_lele,4,152,
tar-21_(girls'_frontline),4,289,
tar-21_(night_at_the_bar)_(girls'_frontline),4,77,
tara_(nortuet),4,41,
tara_olphoros,4,37,
taranza,4,261,
taras-kun,4,40,
tarasque_(fate),4,58,
tareus_(girls'_frontline),4,69,
taric,4,95,
tarisa_manandal,4,53,
tarma_roving,4,93,
tarn,4,37,
tarnished_(elden_ring),4,1277,
tarnyang_(queen's_blade),4,35,
taro_(disgaea),4,46,
tarou_(shironeko_project),4,49,
tarou_tachi,4,273,
taroumaru_(gakkou_gurashi),4,86,
taroumaru_(genshin_impact),4,188,
tarountula,4,82,
tarragon_(pokemon),4,41,
tart_(fresh_precure!),4,100,
tartaglia_(genshin_fes_2026)_(genshin_impact),4,15,
tartaglia_(genshin_impact),4,5878,
tartar,4,37,
tarte_(kemono_teatime),4,28,
tartu_(azur_lane),4,67,
tashigi,4,214,
tashkent_(azur_lane),4,678,
tashkent_(kancolle),4,1648,
tashkent_(muse)_(azur_lane),4,76,
tashkent_(the_blue_snoozer)_(azur_lane),4,31,
tashkent_(the_bound_cruiser)_(azur_lane),4,140,
tasmanian_devil_(kemono_friends),4,240,
tasogare_mimi,4,91,
tatamaru_(vtuber),4,30,
tatara_kenshiro,4,31,
tatara_kogasa,4,16499,
tatara_kogasa_(umbrella),4,124,
tataru_taru,4,107,
tate_(pokemon),4,107,
tatebayashi_miharu,4,43,
tatebayashi_sakurako,4,518,
tategami_aoi,4,448,
tategami_yurara,4,18,
tateishi_shima,4,95,
tatekami_seri,4,79,
tatemiya_saiji,4,36,
tatenaori_ippatsu,4,13,
tateyama_ayaka,4,35,
tateyama_ayano,4,1515,
tateyama_kenjirou,4,71,
tatiana_(fire_emblem),4,46,
tatiana_vasilievna_stalina,4,32,
tatiana_wisla,4,39,
tatl,4,168,
tatsu_(gokushufudou),4,35,
tatsugiri,4,365,
tatsugiri_(curly),4,245,
tatsugiri_(droopy),4,158,
tatsugiri_(stretchy),4,141,
tatsuki_(debris),4,35,
tatsuki_asuka,4,44,
tatsumaki,4,3374,
tatsumi_(akame_ga_kill!),4,47,
tatsumi_kanji,4,1421,
tatsumi_kon,4,158,
tatsumi_koutarou,4,276,
tatsumiya_mana,4,171,
tatsuno_malm,4,83,
tatsuno_toshiko,4,56,
tatsuta_(kancolle),4,5497,
tatsuta_kai_ni_(kancolle),4,327,
tauburn_(star_driver),4,38,
tauemon,4,35,
taunt_fairy_(girls'_frontline),4,32,
tauro_(totk),4,36,
tauros,4,211,
taurus_aldebaran,4,46,
taurus_mask,4,226,
tav_(baldur's_gate),4,140,
tav_(baldur's_gate_3),4,117,
tavel,4,39,
tawa_(ookami_mio),4,53,
tawara_touta_(fate),4,83,
tawna_bandicoot,4,60,
tayama_(super_no_ura_de_yani_suu_futari),4,51,
tayelle_ebonclaw,4,143,
tayo,4,144,
tayuya_(naruto),4,182,
tazuna_joe,4,43,
tb_(azur_lane),4,131,
tbh_creature_(meme),4,33,
tea_(cafe-chan_to_break_time),4,128,
tea_(kino_no_tabi),4,39,
tea_party_militant_(blue_archive),4,64,
team_aqua_grunt,4,124,
team_flare_grunt,4,43,
team_galactic_grunt,4,104,
team_magma_grunt,4,126,
team_plasma_grunt,4,161,
team_rainbow_rocket_grunt,4,85,
team_rocket_grunt,4,269,
team_skull_grunt,4,393,
team_spica's_trainer,4,184,
team_yell_grunt,4,176,
teana_lanster,4,821,
tear_(recettear),4,45,
tear_grants,4,773,
tearju_lunatique,4,211,
tearlaments_havnis,4,60,
tearlaments_kitkallos,4,181,
tearlaments_merrli,4,74,
tearlaments_scheiren,4,89,
teba_(zelda),4,58,
tech_jacket,4,39,
technoblade,4,241,
technopop_yuuki_synthesizer-chan,4,10,
ted_(suikoden),4,70,
teddiursa,4,355,
teddy:_spectre_(pgr),4,17,
teddy_(mother),4,56,
teddy_(pui_pui_molcar),4,35,
teddy_(punishing:_gray_raven),4,81,
teddy_demon,4,86,
tedeza_rize,4,1953,
teemo,4,335,
teena_(granblue_fantasy),4,64,
teepo,4,52,
teepo_(tales),4,369,
tega_sword_(character),4,26,
teiiku,4,52,
teireida_mai,4,1448,
teisel_bonne_(mega_man),4,47,
tejina_senpai,4,188,
tekkaman_blade_(character),4,77,
teko_ion,4,15,
teletha_testarossa,4,310,
tellu_(sailor_moon),4,32,
tem_loaf_(temmie_chang),4,27,
temari_(naruto),4,639,
temari_(nekomata_okayu),4,104,
temenos_mistral,4,31,
temjin,4,51,
temmie,4,102,
temmie_chang_(character),4,36,
temujin_(housamo),4,80,
ten'i_(ikkitousen),4,181,
ten'inkou_korin,4,121,
ten'ou_haruka,4,992,
ten-chan_(pan_(mimi)),4,64,
ten_(urusei_yatsura),4,103,
ten_takashi,4,39,
tenchou_(jahy),4,30,
tendo_teru,4,236,
tendou_akane,4,1308,
tendou_karen,4,76,
tendou_kasumi,4,116,
tendou_kisara,4,45,
tendou_machi,4,31,
tendou_maya,4,801,
tendou_michiko,4,68,
tendou_nabiki,4,340,
tendou_rui,4,88,
tendou_rushuna,4,38,
tendou_souun,4,69,
tendouji_musubi,4,100,
tendouji_sarina,4,36,
tenebria_(epic_seven),4,60,
tengan_kazuo,4,37,
tengen_toppa_gurren-lagann_(mecha),4,75,
tenihaba_nana,4,38,
tenin_nigou_(yume_no_owari),4,34,
tenjin_kotone,4,129,
tenjou_utena,4,901,
tenjouin_asuka,4,1133,
tenjouin_fubuki,4,84,
tenjouin_katsura,4,41,
tenjouin_miruku,4,33,
tenjouin_saki,4,73,
tenkai_tsukasa,4,49,
tenkajin_chiyari,4,527,
tenkawa_akito,4,35,
tenkawa_kaoruko,4,133,
tenkawa_nayuta,4,412,
tenko_(yuureidoushi_(yuurei6214)),4,66,
tenko_kuugen,4,111,
tenko_shibuki,4,34,
tenkubashi_tomoka,4,397,
tenkyuu_chimata,4,1363,
tenma_(project_moon),4,56,
tenma_asuka,4,16,
tenma_kenzou,4,40,
tenma_maemi,4,182,
tenma_maemi_(1st_costume),4,40,
tenma_maemi_(office_lady),4,18,
tenma_maemi_(shrine_maiden),4,19,
tenma_mitsuru,4,124,
tenma_saki,4,667,
tenma_tsukasa,4,1580,
tenma_umatarou,4,76,
tennant_(reverse:1999),4,48,
tennessee_(azur_lane),4,81,
tennis_daisy,4,79,
tennis_peach,4,63,
tennis_rosalina,4,33,
tennoji_rina,4,401,
tennoji_rina_(kujibikido_swimsuit),4,19,
tennouboshi_uzume,4,651,
tennouji_kotarou,4,189,
tennouji_nae,4,45,
tennouji_nagisa,4,96,
tennouji_rina,4,1284,
tennouji_shin'ya,4,30,
tennouji_yuugo,4,32,
tennousu_athena,4,132,
tenochtitlan_(event_portrait)_(fate),4,39,
tenochtitlan_(fate),4,975,
tenochtitlan_(first_ascension)_(fate),4,155,
tenochtitlan_(second_ascension)_(fate),4,292,
tenochtitlan_(swimsuit_mooncancer)_(fate),4,208,
tenochtitlan_(swimsuit_mooncancer)_(first_ascension)_(fate),4,92,
tenochtitlan_(swimsuit_mooncancer)_(second_ascension)_(fate),4,39,
tenochtitlan_(swimsuit_mooncancer)_(third_ascension)_(fate),4,86,
tenryou_ikki,4,34,
tenryuu_(kancolle),4,11628,
tenryuu_kai_ni_(kancolle),4,713,
tenshinhan,4,213,
tenshouin_eichi,4,393,
tenshouin_himeno,4,43,
tentacool,4,201,
tentacruel,4,223,
tentei_forte,4,51,
tenten_(naruto),4,395,
tentomon,4,197,
tenzan_(kancolle),4,90,
tenzin_(arknights),4,201,
tenzou_crossunite,4,130,
teostra,4,41,
tepetlisaurus_(genshin_impact),4,43,
tepig,4,1245,
tequila_(arknights),4,301,
tequila_(cardwinner)_(arknights),4,35,
tequila_marjoram,4,39,
tera_(aurahack),4,31,
terakomari_gandezblood,4,141,
teramoto_tomiko,4,89,
terapagos,4,129,
terapagos_(normal),4,87,
terauchi_kiyo,4,41,
terazaki_kaoru,4,161,
terebi-chan,4,203,
terence_t._d'arby,4,242,
teresa_(claymore),4,158,
teresa_(iron_saga),4,32,
teresa_(mazohaha),4,78,
teresa_beria,4,55,
teresse_(brown_dust),4,42,
termichan_(not-a-bot),4,174,
terminus_est,4,54,
terra_(dc),4,50,
terra_(kingdom_hearts),4,222,
terra_branford,4,1722,
terra_branford_(school_cardigan),4,92,
terrakion,4,50,
terrako,4,56,
terran,4,66,
terrence_(ff16),4,171,
terriermon,4,247,
terror_(azur_lane),4,133,
terry_(dq6),4,48,
terry_bogard,4,688,
teru-chan_(aoi_tori),4,57,
terufu-chan,4,74,
teruhashi_kokomi,4,82,
terui_soushichi,4,180,
terumi_(len'en),4,61,
terumi_mei,4,121,
teruya_fumika,4,39,
teruyof,4,221,
teruzuki_(kancolle),4,1936,
teshigawara_katsuhiko,4,47,
tess_lightman_(searyn),4,17,
tess_turner,4,34,
tessou_tsuzuri,4,42,
testament_(fate),4,78,
testament_(guilty_gear),4,616,
tethys_(fire_emblem),4,45,
teto_(nausicaa),4,224,
tetra,4,363,
tetsu_(cencoroll),4,42,
tetsujin_28,4,66,
tetsujo,4,45,
tetsukan,4,42,
tetsuox_(housamo),4,46,
tetsutetsu_tetsutetsu,4,35,
tettere,4,37,
teucer_(genshin_impact),4,161,
tewatasanaiinu,4,33,
texas_(arknights),4,6193,
texas_(willpower)_(arknights),4,711,
texas_(winter_messenger)_(arknights),4,578,
texas_the_omertosa_(arknights),4,921,
texas_the_omertosa_(wingbreaker)_(arknights),4,46,
tezcatlipoca_(fate),4,749,
tezcatlipoca_(housamo),4,92,
tezcatlipoca_(second_ascension)_(fate),4,48,
tezcatlipoca_(third_ascension)_(fate),4,71,
tezcatlipoca_(young)_(fate),4,34,
tezuka_rin,4,255,
tgp11s_hawkeye_(mechanical_buddy_universe),4,37,
thai_girl_(okpriko),4,81,
thailand_(hetalia),4,36,
thanatos_(hades),4,322,
thanatos_(persona),4,319,
thanatos_eros,4,36,
thancred_waters,4,178,
thanos,4,89,
tharja_(bridal)_(fire_emblem),4,58,
tharja_(fire_emblem),4,1467,
tharja_(plegian)_(fire_emblem),4,52,
tharja_(summer)_(fire_emblem),4,74,
tharja_(winter)_(fire_emblem),4,91,
tharkis,4,42,
thatch,4,63,
thave_(marik_bentusi),4,21,
the_baddest_ahri,4,93,
the_baddest_akali,4,77,
the_baddest_evelynn,4,89,
the_baddest_kai'sa,4,40,
the_baron,4,70,
the_batter_(off),4,94,
the_bog_(kaiji),4,35,
the_bookhunter,4,52,
the_boss,4,68,
the_boy_(the_last_guardian),4,34,
the_burrowing_heaven,4,37,
the_cecile_(vtuber),4,33,
the_chicken_that_appears_in_the_middle_of_cookie,4,86,
the_count_of_monte_cristo_(fate),4,81,
the_dark_urge_(baldur's_gate),4,102,
the_darkness_(monogatari),4,34,
the_deathslinger_(dead_by_daylight),4,23,
the_doctor,4,60,
the_emperor_(arknights),4,366,
the_emperor_(baldur's_gate_3),4,57,
the_endsinger,4,88,
the_flash,4,76,
the_fool,4,78,
the_girl_(fear_&_hunger),4,58,
the_grateful_dead_(stand),4,74,
the_guide_(lake_of_voices),4,77,
the_hand_(stand),4,84,
the_hero_(slay_the_princess),4,49,
the_herta_(the_herta's_magic_kitchen)_(honkai:_star_rail),4,17,
the_immaculate_one,4,30,
the_iris_swordsoul,4,67,
the_judge_(ace_attorney),4,38,
the_king_in_yellow_(searching_for_a_world_that_doesn't_exist),4,95,
the_king_of_red_lions,4,72,
the_lamb_(cult_of_the_lamb),4,135,
the_legion_(dead_by_daylight),4,44,
the_little_mermaid_(andersen),4,50,
the_o_(mobile_suit),4,58,
the_oni_(ao_oni),4,59,
the_other_alice,4,11,
the_presence_(arknights),4,30,
the_prince_(disney),4,30,
the_prince_(katamari_damacy),4,64,
the_riddler,4,39,
the_rock_(dwayne_johnson),4,41,
the_roma-like_snowman,4,39,
the_shorekeeper_(wuthering_waves),4,558,
the_silent_orchestra,4,85,
the_skull_merchant_(dead_by_daylight),4,10,
the_thing_not_quite_sure_what_it_is,4,32,
the_walking_man_(the_exit_8),4,20,
the_white-haired_girl_(fata_morgana_no_yakata),4,31,
the_winged_dragon_of_ra,4,76,
the_world,4,561,
the_yuudachi-like_creature,4,320,
thea_(fire_emblem),4,89,
thea_(nekojira),4,167,
theend,4,34,
theiamillis_gre_fortorthe,4,32,
thelema_(honkai_impact),4,131,
thelema_nutriscu,4,90,
themis_(ff14),4,190,
theodor_bachstein,4,105,
theodor_edelbach,4,68,
theodora_(fire_emblem),4,12,
theodore_(persona),4,184,
theodore_riddle,4,1162,
theory_(xenoblade),4,92,
theoto_rikka,4,49,
theresa_(arknights),4,590,
theresa_(condolence)_(arknights),4,44,
theresa_apocalypse,4,2118,
theresa_apocalypse_(celestial_hymn),4,157,
theresa_apocalypse_(luna_kindred),4,482,
theresa_apocalypse_(lunar_vow:_crimson_love),4,321,
theresa_apocalypse_(sakuno_rondo),4,130,
theresa_apocalypse_(schicksal's_imperative),4,73,
theresa_apocalypse_(till_death_do_us_part),4,43,
theresa_apocalypse_(twilight_paladin),4,116,
theresa_apocalypse_(valkyrie_pledge),4,331,
theresa_apokalypse,4,75,
therese_(granblue_fantasy),4,91,
theresia_van_astrea,4,79,
theresis_(arknights),4,64,
therion_(octopath_traveler),4,234,
theta_(hunter_x_hunter),4,56,
thetis_(last_origin),4,96,
they_(kiman),4,246,
thia_(predator),4,10,
thief_(disgaea),4,88,
thief_(dq3),4,75,
thief_(dungeon_and_fighter),4,91,
thief_(fft),4,42,
thief_(final_fantasy),4,278,
thief_(ragnarok_online),4,146,
thievul,4,58,
thing_(addams_family),4,78,
thing_(the_addams_family),4,131,
thiollier_(elden_ring),4,45,
thirteen_(scissor_seven),4,31,
thistle_(dungeon_meshi),4,327,
tholindis_(genshin_impact),4,106,
thoma_(genshin_impact),4,1118,
thoma_avenir,4,53,
thomas_bangalter,4,52,
thomas_claire,4,32,
thomas_edison_(fate),4,176,
thomas_the_tank_engine_(character),4,68,
thompson_(eddsworld),4,13,
thompson_(girls'_frontline),4,290,
thomson's_gazelle_(kemono_friends),4,109,
thonk_(fir3born),4,93,
thor_(marvel),4,446,
thor_(toaru_majutsu_no_index),4,42,
thorfinn,4,185,
thorkell,4,39,
thorkell_(another_eidos),4,30,
thorns_(arknights),4,695,
thorns_(comodo)_(arknights),4,49,
thorr_(fire_emblem),4,93,
thorr_(summer)_(fire_emblem),4,34,
thorton_(pokemon),4,92,
thoth_(stand),4,32,
thoto,4,36,
thousand_sunny,4,138,
thranduil,4,55,
thrasir_(fire_emblem),4,87,
three_(drag-on_dragoon),4,60,
threo_(eternal's_summer_vacation)_(granblue_fantasy),4,46,
threo_(granblue_fantasy),4,382,
thresh_(league_of_legends),4,176,
throh,4,63,
thrud_(fate),4,367,
thrud_(swimsuit_assassin)_(fate),4,39,
thunder_(baniran_dorosu),4,31,
thunder_(girls'_frontline),4,359,
thunder_hawk,4,71,
thunder_kitty_wattson,4,85,
thunderbird,4,41,
thunderbird_(monster_girl_encyclopedia),4,40,
thunderbird_type-blue,4,41,
thundercracker,4,123,
thundurus,4,81,
thundurus_(incarnate),4,48,
thundurus_(therian),4,35,
thwackey,4,102,
thwomp,4,64,
thylacine_(kemono_friends),4,46,
thymilph,4,58,
ti2,4,35,
tia-chan,4,137,
tia_(nikke),4,194,
tia_dranjeel_(kagarimachi_konatsu),4,15,
tia_langray,4,39,
tialoft_e_tromea,4,31,
tiamat_(fate),4,690,
tiamat_(granblue_fantasy),4,56,
tiamat_(grand_chase),4,38,
tiamat_(last_origin),4,38,
tian_dian,4,42,
tian_ling_(qys3),4,44,
tiana_(the_princess_and_the_frog),4,41,
tianhu_(the_legend_of_luoxiaohei),4,90,
tianzi,4,414,
tiara_(fairy_fencer_f),4,90,
tibarn_(fire_emblem),4,112,
tibbers,4,175,
tibetan_fox_(kemono_friends),4,272,
tichiel_juspian,4,31,
ticonderoga_(azur_lane),4,73,
tidehunter_(dota),4,64,
tidus,4,570,
tidy_jk_(pikacchi),4,43,
tiea,4,48,
tien_(granblue_fantasy),4,234,
tiequan_(last_origin),4,43,
tier_harribel,4,518,
tieria_erde,4,906,
tierno_(pokemon),4,106,
tierra_azur,4,96,
tiese_schtrinen,4,136,
tifa_lockhart,4,11339,
tifa_lockhart_(bunny_bustier),4,34,
tifa_lockhart_(cowgirl),4,158,
tifa_lockhart_(exotic_dress),4,84,
tifa_lockhart_(fairy_of_the_holy_flame),4,71,
tifa_lockhart_(feather_style),4,34,
tifa_lockhart_(guardian_corps_uniform),4,12,
tifa_lockhart_(lifeguard),4,132,
tifa_lockhart_(loveless_dress),4,32,
tifa_lockhart_(majestic_glamour),4,43,
tifa_lockhart_(passion_mermaid),4,48,
tifa_lockhart_(refined_dress),4,388,
tifa_lockhart_(shining_spirit),4,343,
tifa_lockhart_(sporty_dress),4,100,
tiffa_adill,4,158,
tiffania_westwood,4,486,
tiffany_lilith_stella,4,48,
tiffany_lords,4,116,
tiffy_(merryweather),4,37,
tiffy_(nottytiffy),4,597,
tiger_(kemono_friends),4,240,
tiger_lily_cookie,4,35,
tiger_mask_(character),4,45,
tighnari_(genshin_impact),4,2162,
tighnari_(kiehls')_(genshin_impact),4,55,
tigress_(kung_fu_panda),4,51,
tigrex,4,122,
tika_blunche,4,32,
tikal_the_echidna,4,87,
tiki_(adult)_(bridal)_(fire_emblem),4,36,
tiki_(adult)_(fated_divinity)_(fire_emblem),4,60,
tiki_(adult)_(fire_emblem),4,1011,
tiki_(adult)_(summer)_(fire_emblem),4,127,
tiki_(dragon's_crown),4,66,
tiki_(fire_emblem),4,1821,
tiki_(pangya),4,54,
tiki_(young)_(fire_emblem),4,882,
tiki_(young)_(summer)_(fire_emblem),4,52,
tiko_(trouble_spirit),4,102,
tikoh,4,134,
tilarna_exedilika,4,54,
tild_framith,4,45,
tilia_(ar_tonelico),4,54,
till_(alien_stage),4,85,
till_(idaten93),4,37,
till_nys,4,53,
tim_drake,4,96,
tim_rhymeless,4,55,
timburr,4,45,
timcanpy,4,97,
time_mage,4,110,
time_mage_(fft),4,78,
timekeeper_cookie,4,79,
timerra_(fire_emblem),4,335,
timerra_(halloween)_(fire_emblem),4,44,
timi_(nikke),4,31,
timido_cute,4,165,
timmie_(genshin_impact),4,36,
timmy_(animal_crossing),4,84,
tin_(mixflavor),4,57,
tin_man,4,66,
tina_(closers),4,234,
tina_(fire_emblem),4,30,
tina_(gomulgong),4,23,
tina_armstrong,4,284,
tina_foster,4,30,
tina_sprout,4,150,
tina_topia,4,64,
tine_(fire_emblem),4,121,
tine_chelc,4,30,
ting_an_(azur_lane),4,72,
tingle,4,93,
tingyun_(honkai:_star_rail),4,610,
tink_(disgaea),4,56,
tinkatink,4,112,
tinkaton,4,395,
tinkatuff,4,36,
tinker_bell_(character),4,33,
tinker_bell_(disney),4,183,
tinkerbat,4,31,
tino_(ikeuchi_tanuma),4,112,
tiny_tina,4,32,
tio_(grandia),4,32,
tio_(konjiki_no_gash!!),4,60,
tio_plato,4,352,
tiona,4,60,
tiona_hyryute,4,76,
tione_hyryute,4,58,
tionishia,4,240,
tiphereth_a_(project_moon),4,337,
tiphereth_b_(project_moon),4,145,
tippy_(gochiusa),4,2475,
tir_mcdohl,4,189,
tira_(elfenlied22),4,40,
tira_(soulcalibur),4,80,
tira_misu,4,109,
tiramii,4,81,
tirpitz_(azur_lane),4,439,
tirpitz_(pit_stop_standby)_(azur_lane),4,10,
tirpitz_(snow-melting_summer)_(azur_lane),4,71,
tirpitz_(warship_girls_r),4,137,
tirtouga,4,50,
tiry,4,64,
tisshu_(karutamo),4,191,
tissue_princess,4,30,
tita_nium,4,49,
tita_russell,4,188,
titan_(generic)_(shingeki_no_kyojin),4,94,
titan_(rose_to_tasogare_no_kojou),4,36,
titan_(shingeki_no_kyojin),4,879,
titania_(final_fantasy),4,87,
titania_(fire_emblem),4,121,
titania_(sao),4,333,
titania_frost,4,60,
titanoboa_(kemono_friends),4,32,
titi-chan_(nezumi_inu),4,139,
titus_alexius,4,35,
tiya_(yi_er_san_si),4,130,
tiz_arrior,4,79,
tiziano,4,70,
tk_(angel_beats!),4,144,
tmp_(girls'_frontline),4,300,
to-class_light_cruiser,4,104,
toa_(dragonaut),4,50,
toad_(mario),4,635,
toadette,4,161,
toba_minami,4,59,
tobari_(pure_pure),4,40,
tobi_(naruto),4,116,
tobiichi_origami,4,478,
tobiichi_origami_(cr-unit),4,61,
tobiichi_origami_(the_spirit_of_allure),4,12,
tobin_(fire_emblem),4,78,
tobisawa_misaki,4,218,
toby_(ace_attorney),4,33,
toda_eulalia_kotohi,4,46,
toda_jun,4,254,
todayama_kyouko,4,30,
todd_ingram,4,223,
toddifons_(arknights),4,79,
todo_kohaku,4,53,
todo_yurika,4,794,
todoko_(osomatsu-san),4,75,
todoriki_rin,4,41,
todoroki_fuyumi,4,100,
todoroki_hajime,4,419,
todoroki_kakeru,4,32,
todoroki_kyouko,4,72,
todoroki_natsuo,4,39,
todoroki_rei,4,42,
todoroki_shouto,4,1967,
todoroki_touya,4,166,
todoroki_yachiyo,4,441,
toedscool,4,43,
toga_himiko,4,2725,
togakushi_touko,4,61,
togame,4,226,
togame_jou,4,47,
togame_momoko,4,257,
togami_byakuya,4,550,
togami_byakuya_(danganronpa_2),4,238,
togashi_koyori,4,76,
togashi_kuzuha,4,43,
togashi_yuuta,4,272,
togata_mirio,4,367,
togawa_mayuu,4,54,
togawa_sakiko,4,1590,
togawa_sakiko_(sarkaz),4,156,
togedemaru,4,301,
togekiss,4,458,
togemon,4,64,
togepi,4,767,
togetic,4,235,
togetsu_rei,4,32,
togo_ai,4,164,
togore_dreemurr,4,22,
toguro_otouto,4,69,
togusa_(gits),4,49,
togusa_saburou,4,48,
tohno_akiha,4,1449,
tohno_motosumi,4,37,
tohno_shiki,4,1132,
tohno_shiki_(2),4,166,
tohru_(dragon)_(maidragon),4,45,
tohru_(maidragon),4,1804,
tohsaka_aoi,4,250,
tohsaka_rin,4,9144,
tohsaka_rin_(fate/extra),4,160,
tohsaka_rin_(formalcraft),4,53,
tohsaka_sakura,4,76,
tohsaka_tokiomi,4,1197,
tojo_kirumi,4,728,
tojo_nozomi,4,245,
tojo_yuki,4,168,
tojou_michiru,4,209,
tokage_(kaamin),4,55,
tokage_setsuna,4,69,
tokai_teio_(beyond_the_horizon)_(umamusume),4,123,
tokai_teio_(casual)_(umamusume),4,155,
tokai_teio_(dream_butterfly_of_purple_clouds)_(umamusume),4,36,
tokai_teio_(peak_joy)_(umamusume),4,1957,
tokai_teio_(umamusume),4,4786,
tokarev_(a_couple's_journey)_(girls'_frontline),4,35,
tokarev_(girls'_frontline),4,577,
tokarev_(griffin's_dancer)_(girls'_frontline),4,100,
token_black,4,42,
toki_(blue_archive),4,7575,
toki_(bunny)_(blue_archive),4,4463,
toki_(hokuto_no_ken),4,127,
toki_(norahasu),4,46,
toki_(senran_kagura),4,138,
toki_ayano,4,169,
toki_kureha,4,327,
toki_sunao,4,101,
tokido_saya,4,423,
tokiha_mai,4,533,
tokihara_sayuki,4,57,
tokikago_yuri,4,41,
tokiko_(touhou),4,1394,
tokimatsuri_eve,4,62,
tokime_(fuuto_tantei),4,79,
tokime_shizuka,4,125,
tokimori_aoi,4,47,
tokiniwa_yuuki,4,32,
tokino_sora,4,1702,
tokino_sora_(1st_costume),4,614,
tokino_sora_(birthday_2022),4,45,
tokino_sora_(casual),4,160,
tokino_sora_(dj_hoodie),4,158,
tokino_sora_(hololive_summer_2019),4,47,
tokino_sora_(old_design),4,80,
tokino_sora_(streetwear),4,103,
tokinomiya_kamui,4,50,
tokisaki_asaba,4,402,
tokisaki_kurumi,4,1927,
tokisaki_kurumi_(twin_rose),4,69,
tokisaki_mio,4,608,
tokisaki_mio_(niliu_chahui),4,72,
tokishikko_dana,4,46,
tokishima_haruto,4,92,
tokitarou_(fate),4,1393,
tokitou_akari,4,34,
tokitou_muichirou,4,460,
tokitou_yuichirou,4,77,
tokitsukaze_(kancolle),4,2960,
tokiwa_kano,4,62,
tokiwa_kurumi,4,34,
tokiwa_midori,4,205,
tokiwa_mimori,4,37,
tokiwa_nanaka,4,150,
toko_(one_piece),4,38,
toko_(vtuber),4,24,
tokomon,4,93,
tokonome_mamori,4,166,
tokoro_megumi,4,831,
tokoyami_fumikage,4,264,
tokoyami_towa,4,7012,
tokoyami_towa_(1st_costume),4,1682,
tokoyami_towa_(5th_costume),4,334,
tokoyami_towa_(7th_costume),4,36,
tokoyami_towa_(jirai_kei),4,1667,
tokoyami_towa_(new_year),4,94,
tokoyami_towa_(school_uniform),4,251,
tokuchi_toua,4,46,
tokugawa_ieyasu_(sengoku_basara),4,172,
tokugawa_ieyasu_(sengoku_otome),4,56,
tokugawa_matsuri,4,562,
tokugawa_sen,4,60,
tokugawa_soyo,4,44,
tokui_sora,4,55,
tokunaga_(tales),4,307,
tokura_eiko,4,79,
tokura_misaki,4,91,
tokusa_(etra-chan_wa_mita!),4,37,
tokuto-kun,4,76,
tololo_(horizon_cruise)_(girls'_frontline_2),4,31,
tolone_(xenogears),4,61,
tom_(tom_and_jerry),4,89,
tom_marvolo_riddle,4,35,
tom_nook_(animal_crossing),4,206,
toma_(amnesia),4,62,
toma_(dragon_ball),4,33,
tomachop,4,71,
tomari_mari,4,352,
tomari_shinnosuke,4,35,
tomatita,4,78,
tomatsu_haruka,4,56,
tombo_(majo_no_takkyuubin),4,86,
tomboy_(amagasa_higasa),4,40,
tomboy_childhood_friend_(cccpo),4,76,
tome_of_the_night_sky,4,367,
tomee_bear_(eddsworld),4,36,
tomimi_(arknights),4,1023,
tomimi_(silent_night)_(arknights),4,158,
tomine_kasumi,4,45,
tomino_yoshiyuki,4,33,
tomioka_giyuu,4,928,
tomitake_jirou,4,145,
tommy_(animal_crossing),4,84,
tommy_oliver,4,32,
tommyinnit,4,78,
tomo-chan_(deadflow),4,74,
tomo_(aaron_ho),4,30,
tomo_(otosuki),4,36,
tomo_(princess_connect!),4,70,
tomo_(voisona),4,17,
tomoda_junpei_(boku_no_himitsu_taiken),4,17,
tomoe_(amano_pikamee),4,33,
tomoe_(blue_archive),4,212,
tomoe_(kamisama_hajimemashita),4,138,
tomoe_(kemono_friends)_(niconico88059799),4,62,
tomoe_(persona_4),4,75,
tomoe_(qipao)_(blue_archive),4,115,
tomoe_(queen's_blade),4,384,
tomoe_(tsuki_ga_michibiku_isekai_douchuu),4,32,
tomoe_gozen_(fate),4,2788,
tomoe_gozen_(swimsuit_saber)_(fate),4,739,
tomoe_gozen_(swimsuit_saber)_(first_ascension)_(fate),4,477,
tomoe_gozen_(swimsuit_saber)_(second_ascension)_(fate),4,39,
tomoe_gozen_(swimsuit_saber)_(third_ascension)_(fate),4,74,
tomoe_gozen_(traveling_outfit)_(fate),4,103,
tomoe_hiyori,4,228,
tomoe_hotaru,4,1199,
tomoe_mami,4,15303,
tomoe_mami_(magical_girl),4,101,
tomoe_mami_(swimsuit_ver.),4,46,
tomoe_marguerite,4,126,
tomoe_tamao,4,106,
tomoe_umari,4,81,
tomoe_umari_(umari_3.0),4,55,
tomoe_you,4,34,
tomoegata_naginata,4,52,
tomohane_(inukami),4,33,
tomoka_(ayaki_blade),4,62,
tomokane,4,61,
tomoki_nakamoto,4,32,
tomomi_(janken_game_acchi_muite_hoi!),4,24,
tomomi_sakurazawa,4,12,
tomonaga_rui,4,39,
tomori_nao,4,691,
tomoshibi_no_majo,4,49,
tomotake_yoshino,4,229,
tomte_(housamo),4,79,
ton-chan,4,92,
tonami_ibuki,4,319,
tonami_yuma,4,320,
tonberry,4,133,
tonbokiri_(touken_ranbu),4,457,
tone_(kancolle),4,2258,
tone_kai_ni_(kancolle),4,550,
tone_rion,4,55,
tonegawa_anju,4,67,
tonegawa_yukio,4,175,
tonelico_(fate),4,273,
tonelico_(first_ascension)_(fate),4,122,
tonelico_(second_ascension)_(fate),4,43,
tongkkangi_(streamer),4,196,
tonia,4,36,
tonio_trussardi,4,87,
tono_hanna,4,722,
tonraq,4,37,
tonttu,4,92,
tony_(mother_2),4,47,
tony_stark,4,612,
tony_the_tiger,4,34,
tony_tony_chopper,4,1387,
tonzura,4,43,
too_lily,4,20,
toomi_maya,4,56,
toomi_yuna,4,57,
toon_link,4,1167,
toon_zelda,4,349,
toona,4,67,
toono_minagi,4,180,
toono_mizuki,4,184,
tooth_fairy_(reverse:1999),4,257,
toothless,4,59,
tooyama_kazuha,4,85,
tooyama_rin,4,167,
tooyama_saku,4,66,
top_speed,4,47,
topaz_(honkai:_star_rail),4,1261,
toph_bei_fong,4,340,
topman_warcury,4,31,
topper_(nu_carnival),4,99,
tora_(ushio_to_tora),4,73,
tora_(xenoblade_2),4,252,
tora_tentei,4,115,
torahiko_oshima,4,58,
torahime,4,47,
torako_(yotsubato!),4,38,
toramaru_shou,4,7819,
toramaru_shou_(tiger),4,125,
toramimi-senpai,4,41,
toranyun_(akitsu_taira),4,65,
toratani_rin,4,33,
torbjorn_(overwatch),4,102,
torchic,4,1285,
torgal_(ff16),4,195,
toriel,4,462,
torii_(gundam),4,44,
torii_eriko,4,160,
torii_koyomi,4,87,
torikabuto_(flower_knight_girl),4,68,
torikai_hazuki,4,38,
torikai_rai_kunitsugu,4,39,
toriko,4,47,
torimachi_kazami,4,35,
toriningen,4,126,
toris,4,66,
torisumi_horou,4,52,
toriumi_arisu,4,51,
toriumi_isako,4,44,
toriyama_akira_(character),4,143,
torkoal,4,252,
tormod_(fire_emblem),4,42,
tornadus,4,82,
tornadus_(incarnate),4,48,
tornadus_(therian),4,33,
torneko,4,65,
toro_(shigure_ui_(vtuber)),4,59,
toromi_(samegami),4,65,
tororo_inniina,4,37,
torracat,4,138,
torrent_(elden_ring),4,141,
torricelli_(azur_lane),4,74,
torterra,4,254,
tortinita_fine,4,34,
tosa_(azur_lane),4,372,
tosa_(hometown_zest)_(azur_lane),4,189,
tosaki_mimi,4,162,
tosen_jordan_(aurore_vacances)_(umamusume),4,71,
tosen_jordan_(casual)_(umamusume),4,88,
tosen_jordan_(highkey_hallowed)_(umamusume),4,18,
tosen_jordan_(umamusume),4,859,
tosh_(arc_the_lad),4,54,
tosh_(splatoon),4,135,
toshinou_kyouko,4,2266,
tosya_(z.a.t.o.),4,23,
tote_col,4,39,
toto_(lom),4,50,
toto_(twooz),4,42,
totodile,4,899,
totoki_airi,4,1462,
totooria_helmold,4,639,
totoro,4,401,
totsuka_saika,4,158,
totter_(arknights),4,43,
toucannon,4,145,
toudou_aoi_(jujutsu_kaisen),4,715,
toudou_chise,4,191,
toudou_erena,4,130,
toudou_heisuke_(fate),4,295,
toudou_heisuke_(second_ascension)_(fate),4,19,
toudou_heisuke_(third_ascension)_(fate),4,103,
toudou_itsumi,4,164,
toudou_jinpachi,4,69,
toudou_kasumi,4,90,
toudou_kirin,4,77,
toudou_kyoushirou,4,40,
toudou_misa,4,74,
toudou_naoya,4,190,
toudou_shimako,4,949,
toudou_shion,4,294,
toudou_takatora_(sengoku_bushouki_muramasa),4,39,
tougetsu_matsuri,4,59,
tougi_shiro,4,97,
tougou_(osomatsu-kun),4,70,
tougou_hifumi,4,147,
tougou_mimori,4,468,
tougou_tsuyoshi,4,63,
touha_taiyo,4,10,
touhaku,4,85,
touhara_asuha,4,81,
touhoku_itako,4,612,
touhoku_kiritan,4,2815,
touhoku_zunko,4,855,
touin_rina,4,78,
toujou_aya,4,118,
toujou_basara,4,83,
toujou_koneko,4,574,
toujou_nozomi,4,6913,
toujou_ruby,4,74,
toujou_tsukasa,4,208,
toujou_yuuki,4,49,
touka_(fukuoka_katsumi),4,30,
touka_(nonaka_ritsu),4,74,
touka_(shirotsume_souwa),4,36,
touka_(utawarerumono),4,218,
touka_kureha,4,80,
toukyou_tama,4,46,
touma_hikaru,4,34,
touma_kazusa,4,204,
touma_saya,4,49,
tour_guide_from_the_underworld,4,86,
touri_sei,4,130,
touri_sei_(1st_costume),4,47,
touri_sei_(2nd_costume),4,37,
tousou_(touken_ranbu),4,44,
toutaku,4,49,
toutetsu_yuuma,4,1737,
touwa_erio,4,721,
touwa_meme,4,61,
touya_(log_horizon),4,37,
touya_akira,4,77,
touyama_nao,4,189,
touyoko_momoko,4,364,
touzoku_arthur,4,43,
touzokuou_bakura,4,43,
touzuki_suzuya,4,34,
tove_(nikke),4,71,
towa_(dragon_ball),4,72,
towa_(slow_damage),4,158,
towa_(towa_akqj10),4,72,
towa_(towa_and_the_guardians_of_the_sacred_tree),4,14,
towa_herschel,4,433,
towa_monaca,4,217,
towa_rui,4,51,
toxapex,4,68,
toxel,4,157,
toxic-chan_(kimtoxic),4,17,
toxicroak,4,116,
toxtricity,4,328,
toxtricity_(amped),4,173,
toxtricity_(low_key),4,162,
toy_chica,4,31,
toyama_kasumi,4,522,
toyama_misuzu,4,34,
toyama_satoru,4,96,
toyohama_nodoka,4,51,
toyohara_etsuko,4,116,
toyohara_mitsuki,4,35,
toyokawa_fuka,4,957,
toyosaki_aki,4,68,
toyosatomimi_no_miko,4,10085,
toyosatomimi_no_miko_(owl),4,60,
toyotomi_hideyoshi_(fate),4,36,
toyotomi_hideyoshi_(sengoku_basara),4,42,
tozaki_daijirou,4,95,
tr-6_woundwort,4,58,
trace_(pokemon),4,80,
tracer_(overwatch),4,1815,
tracey_sketchit,4,62,
track_kouhai_(gentsuki),4,58,
tracy_reznik,4,71,
traene_(sorai_shin'ya),4,45,
trafalgar_law,4,2403,
trailblazer_(honkai:_star_rail),4,8241,
trailblazer_(trash_cake)_(honkai:_star_rail),4,135,
train_heartnet,4,38,
trainer_(idolmaster),4,209,
trainer_(umamusume),4,7621,
trainer_kuronuma,4,36,
trainer_minamizaka,4,57,
training_drone_(girls'_frontline),4,44,
trance_(hijiri),4,70,
trance_terra_branford,4,121,
tranquill,4,55,
transcend_(twilight_neokagura)_(umamusume),4,10,
transcend_(umamusume),4,446,
transformed_ditto,4,242,
trapinch,4,382,
traptrix_allomerus,4,38,
traptrix_atrax,4,57,
traptrix_dionaea,4,32,
traptrix_genlisea,4,33,
traptrix_myrmeleo,4,49,
traptrix_nepenthes,4,43,
traptrix_pinguicula,4,67,
traptrix_rafflesia,4,103,
traptrix_sera,4,76,
traveler_(journey),4,95,
travis_touchdown,4,71,
tre_(nanoha),4,46,
treasure_hoarder_(genshin_impact),4,66,
treble_(mega_man),4,56,
tree_sparrow_(kemono_friends),4,12,
treecko,4,689,
trento_(azur_lane),4,99,
trento_(summer's_hotness?)_(azur_lane),4,50,
tressa_(chaos_zero_nightmare),4,56,
tressa_colzione,4,250,
trevenant,4,109,
trevor_(pokemon),4,98,
trevor_c._belmont,4,62,
trey_clover,4,103,
tri-brigade_ferrijit_the_barren_blossom,4,90,
tri-brigade_kitt,4,102,
tri-brigade_mercourier,4,38,
tri-brigade_shuraig_the_ominous_omen,4,42,
tri_(zelda),4,137,
tria_(project_tokyo_dolls),4,23,
triandra_(fire_emblem),4,170,
triandra_(spring)_(fire_emblem),4,32,
trickywi,4,65,
trico_(character),4,39,
triela,4,204,
trieste_(azur_lane),4,128,
trieste_(rooftop_lunch_break)_(azur_lane),4,35,
trigger-chan,4,75,
trigger_(ace_combat),4,38,
trimmau_(fate),4,81,
trinity_glassfield,4,83,
trinity_student_(blue_archive),4,71,
trip_the_sungazer,4,33,
trish_(devil_may_cry),4,161,
trish_una,4,877,
trisha_elric,4,86,
triss_merigold,4,97,
tristan_(fate),4,527,
tristana,4,427,
tristana_(girls_und_panzer),4,56,
triton_(housamo),4,96,
trixie_lulamoon,4,59,
trobbio_(hollow_knight),4,21,
troja_von_richtofen_(eurasia),4,35,
tron_bonne_(mega_man),4,801,
trony_(nikke),4,83,
tropius,4,224,
trotter_(honkai:_star_rail),4,469,
trowa_barton,4,74,
trubbish,4,134,
truck_(nifast_(greentail)),4,42,
trucy_wright,4,412,
true_damage_qiyana,4,36,
trumbeak,4,33,
trundle,4,37,
trung_nhi_(fate),4,200,
trung_trac_(fate),4,203,
trunks_(dragon_ball),4,1186,
trunks_(future)_(dragon_ball),4,586,
trunks_(future)_(xeno)_(dragon_ball),4,32,
tryndamere,4,102,
tsana_(lansane),4,177,
tsareena,4,406,
tsathoggua_(housamo),4,56,
tseng,4,172,
tsona_(nyantcha),4,166,
tsu-class_light_cruiser,4,172,
tsubaki-chan_(ina_(inadahime)),4,48,
tsubaki_(blue_archive),4,1496,
tsubaki_(flower_knight_girl),4,33,
tsubaki_(guide)_(blue_archive),4,387,
tsubaki_(kunoichi_tsubaki_no_mune_no_uchi),4,139,
tsubaki_(senran_kagura),4,30,
tsubaki_kento,4,31,
tsubaki_kureha,4,60,
tsubaki_ryouji,4,25,
tsubaki_seito,4,62,
tsubaki_yayoi,4,588,
tsubakihara_mira,4,33,
tsubakuro_yume,4,69,
tsubasa_(kureha),4,157,
tsubasa_ryuuji,4,189,
tsube_aika,4,157,
tsubomi_fujiko,4,48,
tsubomioka_happa,4,91,
tsuburaya_mana,4,41,
tsuburaya_mitsuhiko,4,48,
tsuchida_satsuki,4,32,
tsuchimi_rin,4,62,
tsuchimikado_maika,4,41,
tsuchimikado_motoharu,4,219,
tsuchimikado_natsume,4,58,
tsuchimiya_kagura,4,143,
tsuchinoko_(kemono_friends),4,877,
tsuchiya_(girls_und_panzer),4,340,
tsuchiya_ako,4,170,
tsuchiya_kouta,4,85,
tsuchiyamada_mitsuko,4,83,
tsuda_echizen-no-kami_sukehiro,4,39,
tsuda_kousuke,4,34,
tsuda_minami,4,39,
tsuda_takatoshi,4,78,
tsuduki-chan,4,54,
tsugihagi_(chainsaw_man),4,84,
tsugikuni_michikatsu,4,64,
tsugikuni_yoriichi,4,109,
tsugino_haru,4,103,
tsugou_makina,4,44,
tsugubumi_(rountain),4,19,
tsugumi-chan_(sora),4,41,
tsugumi_(guilty_crown),4,124,
tsugumi_seishirou,4,229,
tsugumi_takakura,4,34,
tsugumori,4,33,
tsuina-chan,4,61,
tsuji_airi,4,53,
tsuji_aya,4,38,
tsuji_renta,4,605,
tsuji_shinnosuke,4,57,
tsuji_tatsuya,4,40,
tsujidou_miyuri,4,30,
tsujigaito_satoha,4,35,
tsujimoto_natsumi,4,238,
tsujino_akari,4,698,
tsukahara_hibiki,4,470,
tsukahara_shizuku,4,49,
tsukamoto_shuuichi,4,86,
tsukamoto_tenma,4,209,
tsukamoto_yakumo,4,246,
tsukasa_(.hack//),4,52,
tsuki_(akatsuki_no_goei),4,34,
tsuki_jin,4,57,
tsuki_no_iwakasa,4,55,
tsukidate_chiyo,4,75,
tsukihiko_(kagerou_project),4,39,
tsukihime_souka,4,39,
tsukikage_yuri,4,1454,
tsukikawa_chili,4,229,
tsukikawa_chili_(normal),4,88,
tsukikusa_megumi,4,43,
tsukimi_(shironeko_project),4,30,
tsukimi_(yukinagi),4,37,
tsukimi_eiko,4,223,
tsukimi_yuzuki_(zhen_lu),4,13,
tsukimiya_ayu,4,808,
tsukimiya_kaede,4,39,
tsukimiya_miyabi,4,91,
tsukimiya_ringo,4,64,
tsukimori_kousuke,4,35,
tsukimori_madoka,4,80,
tsukimura_mayu,4,88,
tsukimura_suzuka,4,421,
tsukimura_temari,4,636,
tsukinaga_leo,4,267,
tsukinaga_ruka,4,45,
tsukinami_kasumi,4,54,
tsukine_kona,4,77,
tsukino_(monster_hunter),4,31,
tsukino_(show_by_rock!!),4,65,
tsukino_mito,4,2859,
tsukino_mito_(13th_costume),4,32,
tsukino_mito_(14th_costume),4,89,
tsukino_mito_(1st_costume),4,1424,
tsukino_mito_(2nd_costume),4,51,
tsukino_mito_(3rd_costume),4,156,
tsukino_mito_(4th_costume),4,33,
tsukino_mito_(5th_costume),4,44,
tsukino_mito_(6th_costume),4,30,
tsukino_mito_(9th_costume),4,36,
tsukino_mito_(china_dress),4,43,
tsukino_mito_(loungewear),4,50,
tsukino_shizuku,4,47,
tsukino_usagi,4,5414,
tsukinogi_(arknights),4,51,
tsukinoki_tirol,4,46,
tsukioka_(40hara),4,134,
tsukioka_chino,4,21,
tsukioka_kogane,4,1747,
tsukioka_lucy,4,30,
tsukioka_momiji,4,65,
tsukisaka_sayu,4,147,
tsukishima_hajime,4,704,
tsukishima_kei,4,180,
tsukishima_kirari,4,43,
tsukishima_koko,4,69,
tsukishima_maira,4,109,
tsukishima_riho,4,35,
tsukishima_ruriko,4,39,
tsukishima_shijima,4,132,
tsukishima_shizuku,4,90,
tsukishima_yui_(hachigatsu_no_cinderella_nine),4,53,
tsukishiro_hitomi,4,76,
tsukishiro_mina,4,60,
tsukishiro_mona_(shiromanta),4,77,
tsukishiro_monaka,4,35,
tsukishiro_yanagi,4,63,
tsukishiro_yukito,4,129,
tsukishita_kaoru,4,86,
tsukitsuba_ginko,4,53,
tsukiumi,4,192,
tsukiyama_minako,4,50,
tsukiyama_sena,4,36,
tsukiyama_shuu,4,87,
tsukiyomi_ikuto,4,71,
tsukiyono_ruli,4,49,
tsukuda_akemi,4,36,
tsukumi_tsumugi,4,37,
tsukumo_benben,4,1523,
tsukumo_kana,4,86,
tsukumo_kazuki,4,111,
tsukumo_san,4,42,
tsukumo_sana,4,1477,
tsukumo_sana_(1st_costume),4,655,
tsukumo_sana_(new_year),4,38,
tsukumo_yatsuhashi,4,1098,
tsukumo_yuki_(jujutsu_kaisen),4,133,
tsukumo_yuuma,4,90,
tsukune_(takane_lui),4,111,
tsukuo_(gintama),4,10,
tsukushi_aria,4,30,
tsukushino_mitsugu,4,65,
tsukuyo_(blue_archive),4,494,
tsukuyo_(gintama),4,219,
tsukuyomi_(ff14),4,103,
tsukuyomi_ai,4,342,
tsukuyomi_komoe,4,225,
tsukuyomi_luna,4,41,
tsukuyomi_mana,4,49,
tsukuyomi_sasami,4,49,
tsukuyomi_shinshi_(kemono_friends),4,92,
tsukuyomi_shirabe,4,1260,
tsumiki_mikan,4,2261,
tsumire_(takane_lui),4,99,
tsumiya_rio,4,10,
tsumugi_(blue_archive),4,48,
tsumugi_(halloween)_(princess_connect!),4,54,
tsumugi_(princess_connect!),4,270,
tsumugi_(summer)_(princess_connect!),4,40,
tsumugi_kokage,4,52,
tsumugi_wenders,4,306,
tsumugine_rei,4,40,
tsumugiya_ururu,4,30,
tsumujikaze_koyori,4,65,
tsumura_tokiko,4,223,
tsunade_(naruto),4,1436,
tsunami_(tenchi_muyou!),4,65,
tsunami_jousuke,4,165,
tsunashi_hajime,4,446,
tsunashi_kaoru,4,444,
tsunashi_ryunosuke,4,59,
tsunashi_ryuunosuke,4,36,
tsunashi_takuto,4,179,
tsunashi_youta,4,71,
tsuneaki_(live_a_hero),4,54,
tsuneda,4,36,
tsuneki_hikari,4,57,
tsuneki_kotoyuki,4,39,
tsunemori_akane,4,229,
tsunetsuki_matoi,4,304,
tsunoko,4,89,
tsunomaki_watame,4,2609,
tsunomaki_watame_(1st_costume),4,1010,
tsunomaki_watame_(1st_solo_live),4,33,
tsunomaki_watame_(loungewear),4,116,
tsunomaki_watame_(new_year),4,41,
tsunomaki_watame_(street_casual),4,202,
tsunomori_rona,4,91,
tsunomoto_rein,4,38,
tsunose_kotone,4,42,
tsunotori_pony,4,31,
tsurime-chan,4,109,
tsuru-chan,4,100,
tsuru-chan_(taishi),4,103,
tsuru_(one_piece),4,30,
tsuruga_ami,4,36,
tsurugaya_otsuu,4,30,
tsurugi_(blue_archive),4,1054,
tsurugi_(swimsuit)_(blue_archive),4,233,
tsurugi_hina,4,101,
tsurugi_kyousuke,4,509,
tsurugi_minko,4,218,
tsurugi_yashiro,4,30,
tsurugi_yuuichi,4,49,
tsuruhime,4,36,
tsuruhime_(sengoku_basara),4,69,
tsuruhime_yachiyo,4,81,
tsuruki_shizuka,4,173,
tsuruma_konoe,4,51,
tsurumaki_kokoro,4,972,
tsurumaki_maki,4,1423,
tsurumaru_kuninaga,4,1368,
tsurumaru_tsuyoshi_(dream_bold_stand_tall_tsuyoshi!)_(umamusume),4,66,
tsurumaru_tsuyoshi_(umamusume),4,275,
tsurumi_chiriko,4,282,
tsurumi_rumi,4,40,
tsurumi_tokushirou,4,261,
tsuruse_masaki,4,24,
tsuruta_himeko,4,168,
tsuruya,4,1198,
tsuruya-senpai,4,33,
tsushima_(kancolle),4,1191,
tsushima_leopard_cat_(kemono_friends),4,53,
tsushima_yoshiko,4,4003,
tsushima_yoshiko's_mother,4,33,
tsutamachi_chitose,4,30,
tsutsugami_gai,4,58,
tsutsuji_(etra-chan_wa_mita!),4,43,
tsutsukakushi_tsukiko,4,436,
tsutsukakushi_tsukushi,4,92,
tsutsumi_kinuka,4,58,
tsuuma,4,47,
tsuwabuki_(souma_(ordures)),4,57,
tsuyama_mutsuki,4,61,
tsuyazaki_kokage,4,41,
tsuyuhara_miu,4,62,
tsuyuri_kanao,4,797,
tsuyuri_kumin,4,299,
tsuyuzaki_mahiru,4,430,
tsuzaki_aoba,4,75,
tsuzuki_kei,4,76,
tsuzuki_shiori,4,81,
tsuzura_chitose,4,38,
tsuzura_saki,4,117,
tsuzurao,4,43,
tt-392,4,48,
tuba-kun,4,47,
tubbo,4,74,
tuesday_(reverse:1999),4,84,
tuesday_simmons,4,54,
tufted_puffin_(kemono_friends),4,50,
tuka_luna_marceau,4,115,
tulin_(zelda),4,79,
tulip_(pokemon),4,101,
tullece,4,116,
tunomon,4,76,
tupai_(touhou),4,53,
turbo_byakuren,4,220,
turbo_granny,4,90,
turing_(gyee),4,30,
turing_(neural_cloud),4,33,
turkey_(hetalia),4,96,
turn_a_gundam_(mobile_suit),4,260,
turn_x,4,88,
turo_(pokemon),4,189,
turters_(xenoblade),4,32,
turtonator,4,102,
turtwig,4,701,
tuscaloosa_(kancolle),4,242,
tusk_(stand),4,190,
tusk_act1,4,141,
tusk_act4,4,50,
tutu_(tales_weaver),4,11,
tuxedo_kamen,4,207,
tuxedo_sam,4,56,
tuya_bairon,4,46,
tuye_(arknights),4,126,
tweedledee_(alice_in_wonderland),4,30,
tweek_tweak,4,183,
twelve,4,42,
twelve_(zankyou_no_terror),4,34,
twenty-fifth_bam,4,35,
twenty_(milky_holmes),4,36,
tweyen_(eternal's_summer_vacation)_(granblue_fantasy),4,114,
tweyen_(granblue_fantasy),4,549,
twice_(boku_no_hero_academia),4,129,
twig_(hilda),4,36,
twilight_(go!_princess_precure),4,143,
twilight_(spy_x_family),4,3026,
twilight_sparkle,4,524,
twilight_sparkle_(human),4,35,
twin_braids_sister_(ironlily),4,93,
twin_turbo_(blast_mode!_turbo_engine)_(umamusume),4,1226,
twin_turbo_(casual)_(umamusume),4,77,
twin_turbo_(umamusume),4,2491,
twintail-chan_(white-stew),4,113,
twintailed_girl_(ishiyumi),4,49,
twintails_girl_(kamisimo_90),4,34,
twintelle_(arms),4,224,
twisted_fate,4,162,
twisty_amanozako,4,35,
twitch_(league_of_legends),4,44,
twitter-san_(character),4,182,
twitter_bird,4,125,
two_(drag-on_dragoon),4,49,
two_(tsu_(lovesick1964)),4,128,
twoearle,4,93,
ty_lee,4,177,
tycho_science,4,58,
tympole,4,192,
tynamo,4,90,
type:_null,4,69,
type_00_takemikazuchi,4,140,
type_0_fighter_model_21,4,40,
type_0_fighter_model_52,4,46,
type_100_(girls'_frontline),4,234,
type_3_active_sonar,4,31,
type_4_(girls'_frontline),4,89,
type_56-1_(girls'_frontline),4,57,
type_61_(gundam),4,30,
type_63_(girls'_frontline),4,30,
type_64_(girls'_frontline),4,85,
type_79_(girls'_frontline),4,153,
type_79_(nine-tail_fox)_(girls'_frontline),4,45,
type_80_(girls'_frontline),4,149,
type_81_carbine_(girls'_frontline),4,30,
type_88_(girls'_frontline),4,33,
type_94_shiranui,4,104,
type_95_(girls'_frontline),4,982,
type_95_(narcissus)_(girls'_frontline),4,156,
type_95_(summer_cicada)_(girls'_frontline),4,160,
type_97_(girls'_frontline),4,549,
type_97_(peony)_(girls'_frontline),4,109,
type_97_fubuki,4,36,
type_97_shotgun_(girls'_frontline),4,38,
type_97_torpedo_bomber,4,37,
type_99_dive_bomber,4,130,
type_a_kou-hyouteki,4,43,
typhlosion,4,623,
typhon_(arknights),4,456,
typhon_(re:zero),4,34,
typhon_(temperature_difference)_(arknights),4,45,
typhon_ephemeros_(fate),4,52,
typhon_ephemeros_(over_the_same_sky)_(fate),4,14,
tyr_(brown_dust),4,26,
tyrael_(shakugan_no_shana),4,32,
tyrande_whisperwind,4,61,
tyranid,4,65,
tyranitar,4,397,
tyranno_kenzan,4,39,
tyranomon,4,30,
tyrant,4,32,
tyrantrum,4,88,
tyrca_(venus_blood),4,31,
tyrea_(xenoblade),4,31,
tyrfing_(phantom_of_the_kill),4,77,
tyris_(shadow_slave),4,12,
tyris_flare,4,51,
tyrogue,4,78,
tyrunt,4,54,
tytree_crowe,4,41,
tzeentch,4,36,
u-110_(azur_lane),4,98,
u-1146,4,335,
u-1196,4,255,
u-31_(azur_lane),4,35,
u-410_(azur_lane),4,30,
u-47_(azur_lane),4,265,
u-47_(rookie_rider)_(azur_lane),4,46,
u-511_(kancolle),4,2316,
u-556_(azur_lane),4,110,
u-81_(azur_lane),4,108,
u-96_(azur_lane),4,41,
u-official_(arknights),4,116,
u-olga_marie,4,186,
u-tan,4,57,
ubel_(sousou_no_frieren),4,1353,
ubik_(berserk),4,32,
uboa,4,286,
ubukata_shinji,4,55,
ubume_(onmyoji),4,39,
ubuyashiki_kagaya,4,36,
uchi_emiri,4,767,
uchicchii,4,96,
uchida_aya,4,78,
uchida_maaya,4,80,
uchida_mayumi,4,50,
uchida_shuu,4,49,
uchida_tamaki,4,32,
uchida_yuka,4,101,
uchiha_itachi,4,545,
uchiha_madara,4,167,
uchiha_mikoto,4,39,
uchiha_obito,4,214,
uchiha_sarada,4,725,
uchiha_sasuke,4,2781,
uchimaki_subaru,4,30,
uchino_chika,4,59,
uchino_kazuhisa,4,170,
uchuuneko_(vtuber),4,53,
uda_megumi,4,39,
udagawa_ako,4,340,
udagawa_tomoe,4,650,
udberg_eldol,4,36,
udin_(kureiji_ollie),4,327,
udyr,4,33,
ueda_kana,4,52,
ueda_reina,4,30,
ueda_suzuho,4,147,
uehara_aiko_(walkman),4,10,
uehara_ayaka,4,67,
uehara_ayuko,4,41,
uehara_ayumu,4,2130,
uehara_himari,4,719,
uehara_keiko_(walkman),4,16,
uehara_miyako,4,143,
uehara_mutsuki,4,61,
uehara_rin,4,61,
uehara_sayoko,4,32,
uehara_yuuki,4,10,
ueki-chan,4,46,
uematsu_koboshi,4,53,
uemoto_sumire,4,33,
uendo_toneido,4,30,
ueno_(ueno-san_wa_bukiyou),4,165,
ueno_koyori,4,103,
ueno_naoka,4,66,
uenoyama_ritsuka,4,134,
uesaka_sumire,4,157,
ueshige_suzu,4,56,
uesugi_fuutarou,4,908,
uesugi_hidehiko,4,44,
uesugi_kenshin_(fate),4,195,
uesugi_kenshin_(rance),4,107,
uesugi_kenshin_(second_ascension)_(fate),4,110,
uesugi_kenshin_(sengoku_otome),4,37,
uesugi_kenshin_(third_ascension)_(fate),4,34,
uesugi_raiha,4,30,
uesugi_ren,4,41,
uesugi_u._kyouko,4,223,
uexkull,4,61,
ufo_(kirby),4,102,
uguisu_anko,4,57,
uguisumaru,4,348,
ui_(blue_archive),4,3233,
ui_(swimsuit)_(blue_archive),4,881,
ui_ui_(jujutsu_kaisen),4,31,
uiharu_kazari,4,1543,
uise_iu,4,54,
uit-25_(kancolle),4,41,
ujiie_mutsumi,4,88,
ujikintoki_ginka,4,104,
ujikintoki_kinka,4,96,
ujikintoki_tamaryu,4,191,
ujimatsu_chiya,4,1940,
uka-no-mitama-no-kami_(inakon),4,152,
ukai_zero,4,99,
uketsuke_succubus_(konosuba),4,61,
uki_violeta,4,296,
uki_violeta_(1st_costume),4,72,
ukino_youko,4,32,
ukita_akane,4,73,
ukitake_juushirou,4,80,
ukiyo_ace,4,48,
ukm-2000_(girls'_frontline),4,60,
ukraine_(hetalia),4,242,
ukuru_(kancolle),4,367,
ulaanbaatar_(housamo),4,74,
ulala,4,127,
ulforcev-dramon,4,71,
ullr_(last_origin),4,34,
ulpianus_(arknights),4,123,
ulquiorra_cifer,4,268,
ulrich_von_hutten_(azur_lane),4,634,
ulrich_von_hutten_(ignition_matrician)_(azur_lane),4,44,
ulrich_von_hutten_(liebestrank)_(azur_lane),4,16,
ulrich_von_hutten_(mayhem_maid)_(azur_lane),4,109,
ulthury,4,94,
ulti_(one_piece),4,481,
ultima_(fft),4,232,
ultimate_armor_x_(mega_man),4,39,
ultimate_chimera,4,30,
ultimate_madoka,4,4247,
ultimecia,4,164,
ultra_magnus,4,100,
ultra_seven,4,66,
ultra_sword,4,51,
ultraman,4,286,
ultraman_(shin),4,40,
ultraman_belial,4,40,
ultraman_jack,4,34,
ultraman_tarou,4,45,
ultraman_tiga,4,42,
ultraman_trigger,4,33,
ultraman_z,4,33,
ultraman_zero,4,70,
ultros,4,66,
ulu_(reverse:1999),4,35,
ulv_the_mad_knight,4,31,
uma_(oopartz_yang),4,47,
umaro,4,51,
umatachi_tsugumi,4,115,
umbral_knight_(ender_lilies),4,115,
umbrella_(skullgirls),4,126,
umbreon,4,2054,
ume-sensei,4,157,
ume_(ittla),4,79,
ume_(kancolle),4,120,
umegiri_ameto,4,102,
umegiri_hifumi,4,92,
umegiri_iroha,4,119,
umeki_otoha,4,143,
umemiya_hajime,4,64,
umenokouji_aoi,4,34,
umenomori_chise,4,86,
umeru_(admiral_bahroo),4,49,
umi_(zeebythesea),4,42,
umigame_(dragon_ball),4,34,
umihara_kawase_(character),4,92,
umihime,4,38,
umika_(blue_archive),4,224,
umikaze_(azur_lane),4,59,
umikaze_(kancolle),4,1430,
umikaze_kai_ni_(kancolle),4,266,
uminagi_karan,4,30,
umino_chika_(character),4,36,
umino_iruka,4,129,
umio_(neptunia),4,48,
umise_yotsuha,4,87,
umise_yotsuha_(1st_costume),4,44,
umitsuki_natsuzou,4,194,
umizakura_tachimi,4,64,
umori_hinako,4,61,
ump40_(girls'_frontline),4,385,
"ump45_(""just_this_time."")_(girls'_frontline)",4,33,
ump45_(agent_lop_rabbit)_(girls'_frontline),4,188,
ump45_(diamond_flower)_(girls'_frontline),4,46,
ump45_(girls'_frontline),4,3434,
ump45_(lonely_traveler_of_eternity)_(girls'_frontline),4,37,
ump45_(mod3)_(girls'_frontline),4,281,
ump45_(the_wish-making_sorceress_of_fireworks)_(girls'_frontline),4,32,
ump45_(winter_journey)_(girls'_frontline),4,31,
ump9_(girls'_frontline),4,2338,
ump9_(mod3)_(girls'_frontline),4,139,
ump9_(shiba_investigator)_(girls'_frontline),4,121,
ump9_(the_world's_melody)_(girls'_frontline),4,30,
un'you_(kancolle),4,100,
un_(kyousougiga),4,40,
un_(naraka),4,61,
un_(show_by_rock!!),4,45,
una_(pochincoff),4,56,
unabara_mitsuki,4,112,
unagi_(popotan),4,34,
unasaka_miri,4,53,
uncle_sam,4,75,
undertaker_(elden_ring),4,263,
undine_(guilty_gear),4,411,
undine_(seiken_densetsu),4,30,
undoukai_fubukihime,4,13,
undyne,4,570,
undyne_the_undying,4,56,
unegu_(kenkon_no_washi),4,65,
unfezant,4,88,
unfezant_(female),4,41,
unfezant_(male),4,57,
ungaro,4,51,
uni_(ikkakujuu_wa_tsuranukanai),4,19,
uni_(neptunia),4,698,
uni_(reborn),4,57,
uni_(unexistarts),4,51,
uni_(vocaloid),4,60,
unicorn_(a_dream_of_pure_vows)_(azur_lane),4,59,
unicorn_(azur_lane),4,3466,
unicorn_(little_star_songstress)_(azur_lane),4,58,
unicorn_(long-awaited_date)_(azur_lane),4,294,
unicorn_(pripara),4,41,
unicorn_(the_gift_of_spring)_(azur_lane),4,177,
unicorn_(warship_girls_r),4,37,
unicorn_gundam,4,414,
unicorn_gundam_banshee,4,123,
unicorn_gundam_phenex,4,55,
unicorn_kei_danshi,4,18,
unicron,4,38,
united_kingdom_(hetalia),4,1074,
universal_bulin_(azur_lane),4,90,
unknown_god_(genshin_impact),4,71,
unlovely_(happinesscharge_precure!),4,137,
unnamed_girl_(x0o0x),4,33,
uno_(nanoha),4,106,
uno_sakura,4,38,
uno_uzume,4,38,
unohana_kotoha,4,37,
unohana_no_sakuyahime,4,47,
unohana_retsu,4,357,
unova_mother_(bw),4,53,
unown,4,370,
unown_!,4,42,
unown_?,4,36,
unown_a,4,122,
unown_b,4,57,
unown_c,4,64,
unown_d,4,64,
unown_e,4,109,
unown_f,4,62,
unown_g,4,56,
unown_h,4,74,
unown_i,4,93,
unown_j,4,47,
unown_k,4,69,
unown_l,4,70,
unown_m,4,70,
unown_n,4,87,
unown_o,4,96,
unown_p,4,54,
unown_q,4,42,
unown_r,4,90,
unown_s,4,85,
unown_t,4,85,
unown_u,4,64,
unown_v,4,45,
unown_w,4,54,
unown_x,4,49,
unown_y,4,63,
unown_z,4,39,
unozawa_shiori,4,34,
unryuu_(kancolle),4,2682,
unryuu_kai_(kancolle),4,162,
unsinkable_sam,4,235,
unused_character_(kill_me_baby),4,128,
unusual_ecolo,4,72,
unyl-chan,4,67,
unyuu,4,69,
unzan,4,2706,
unzen_(arcane_ninja_knowledge)_(azur_lane),4,25,
unzen_(azur_lane),4,248,
unzen_(sojourn_through_clear_seas)_(azur_lane),4,113,
uogokoro-kun,4,31,
uozumi_kurumi,4,224,
upa_(steins;gate),4,74,
upao_(amane_kanata),4,158,
uphir_(megido72),4,36,
urabe_mikoto,4,236,
urabe_rika,4,52,
uraha_(air),4,49,
urahara_kisuke,4,174,
urakaze_(azur_lane),4,31,
urakaze_(kancolle),4,2793,
urako_(jotti),4,32,
urameshi_yusuke,4,201,
urami_kana,4,40,
uranami_(kancolle),4,594,
uranami_kai_ni_(kancolle),4,32,
urano_suzu,4,48,
uraraka_ochako,4,4145,
urashima_haruka,4,45,
urashima_kanako,4,42,
urashima_keitarou,4,60,
urashima_kotetsu,4,272,
uratanuki,4,67,
urataros,4,48,
uraume_(jujutsu_kaisen),4,35,
urbosa,4,493,
urd_(aa_megami-sama),4,267,
urd_(p&d),4,40,
urgot,4,40,
uri-tan,4,38,
urianger_augurelt,4,120,
urie_kuki,4,58,
uriel_(alchemy_stars),4,40,
uriel_(granblue_fantasy),4,34,
urien,4,101,
urin_(umi_monogatari),4,91,
urobuchi_gen,4,110,
urogi_(kimetsu_no_yaiba),4,44,
urokodaki_sakonji,4,42,
urotsuki,4,553,
ursaluna,4,67,
ursaring,4,194,
urshifu,4,108,
urshifu_(rapid),4,45,
urshifu_(single),4,47,
ursula_(23),4,230,
ursula_(breath_of_fire),4,133,
ursula_(disney),4,35,
ursula_(fire_emblem),4,161,
ursula_(summer)_(fire_emblem),4,36,
ursula_(takunomi),4,126,
ursula_(xenoblade),4,60,
ursula_charistes,4,319,
ursula_hartmann,4,343,
ursula_raiment,4,36,
urubida,4,109,
uruha_rushia,4,4385,
uruha_rushia_(1st_costume),4,1605,
uruha_rushia_(3rd_costume),4,638,
uruha_rushia_(new_year),4,39,
uruha_rushia_(school_uniform),4,402,
urushia_(okame_nin),4,75,
urushibara_ruka,4,415,
urushihara_hanzou,4,65,
uruuru,4,69,
uruwashi_hibiki,4,22,
uryuu_minene,4,209,
uryuu_ryuunosuke,4,1063,
uryuu_sakuno,4,74,
urza_pranaice,4,36,
usa-chan_(idolmaster),4,786,
usa_(yamai),4,49,
usa_mimi,4,193,
usacha,4,38,
usada_hikaru,4,942,
usada_pekora,4,8854,
usada_pekora_(1st_costume),4,3999,
usada_pekora_(casual),4,681,
usada_pekora_(furi_furi_bunny_dress),4,216,
usada_pekora_(new_year),4,153,
usada_pekora_(prisoner),4,253,
usada_pekora_(summer),4,83,
usagi-san,4,299,
usagi_(chiikawa),4,62,
usagi_(pripara),4,30,
usagyama_mika_(franchico1994),4,17,
usagyaru_(rangu),4,60,
usalia_(disgaea),4,153,
usami_(danganronpa),4,450,
usami_haru,4,37,
usami_ichika,4,479,
usami_iori,4,31,
usami_masamune,4,52,
usami_mizuki,4,182,
usami_nanako,4,82,
usami_natsuki,4,54,
usami_renko,4,9109,
usami_rito,4,48,
usami_shiori,4,40,
usami_sui,4,12,
usami_sumireko,4,3314,
usami_taiga,4,249,
usami_tokishige,4,152,
usami_tsuitachi,4,71,
usamin,4,63,
usamoto_anna,4,31,
usano_mimi,4,192,
usapyon,4,102,
usas-12_(girls'_frontline),4,58,
usaslug_(tsukumo_sana),4,168,
usatan_(ezaki_bisuko),4,70,
ushi-oni_(monster_girl_encyclopedia),4,71,
ushi_(genshin_impact),4,47,
ushi_gozen_(fate),4,71,
ushigome_rimi,4,236,
ushijima_wakatoshi,4,63,
ushimaru_(senran_kagura),4,55,
ushimi_ichigo,4,171,
ushimi_ichigo_(1st_costume),4,72,
ushimitsu_(pripara),4,39,
ushio_(kancolle),4,7068,
ushio_kai_ni_(kancolle),4,193,
ushiromiya_ange,4,1619,
ushiromiya_battler,4,2303,
ushiromiya_beatrice,4,34,
ushiromiya_eva,4,374,
ushiromiya_george,4,301,
ushiromiya_hideyoshi,4,78,
ushiromiya_jessica,4,873,
ushiromiya_kinzou,4,148,
ushiromiya_krauss,4,213,
ushiromiya_kyrie,4,283,
ushiromiya_lion,4,504,
ushiromiya_maria,4,1036,
ushiromiya_natsuhi,4,520,
ushiromiya_rosa,4,521,
ushiromiya_rudolf,4,176,
ushita_kaoruko,4,67,
ushiwakamaru_(corrupted)_(fate),4,34,
ushiwakamaru_(fate),4,2024,
ushiwakamaru_(ookami),4,99,
ushiwakamaru_(swimsuit_assassin)_(fate),4,357,
ushiwakamaru_(swimsuit_assassin)_(first_ascension)_(fate),4,298,
ushiwakamaru_(swimsuit_assassin)_(third_ascension)_(fate),4,33,
ushiwakamaru_(third_ascension)_(fate),4,34,
ushiyama_tatsuma,4,71,
ushizaki_urumi,4,890,
uso-kun,4,66,
uso_ewin,4,53,
usopp,4,1025,
usotsuki,4,90,
uss_lexington_(cv-16)_(y.ssanoha),4,53,
uss_missouri_(bb-63),4,46,
uss_missouri_(bb-63)_(ye_fan),4,16,
uss_new_jersey_(bb-62)_(ye_fan),4,22,
uss_wisconsin_(bb-64)_(ye_fan),4,10,
uss_yorktown_(cv-10)_(y.ssanoha),4,32,
ussr-tan,4,59,
usugumo_(kancolle),4,434,
usui_horokeu,4,48,
usui_kagerou,4,32,
usui_nagi,4,32,
usui_sachi,4,36,
usui_seri,4,62,
usuta_sumire,4,113,
usuzawa_sae,4,123,
usuzumi_hatsumi,4,188,
usuzumi_kei,4,33,
uta-chan_(pan_(mimi)),4,40,
uta_(one_piece),4,795,
uta_(tokyo_ghoul),4,38,
utada_hikari,4,34,
utage_(arknights),4,1178,
utage_(disguise)_(arknights),4,186,
utage_(summer_flowers)_(arknights),4,456,
utaha_(blue_archive),4,373,
utaha_(cheer_squad)_(blue_archive),4,90,
utai_meika,4,64,
utane_oto,4,31,
utane_uta,4,647,
utara_canaria,4,35,
utatane_nasa,4,34,
utatane_piko,4,177,
utsugi_kotoko,4,206,
utsugi_mikoto,4,80,
utsugi_noriyuki,4,2858,
utsugi_rangiri,4,152,
utsugi_uyu,4,205,
utsugi_yuuki,4,735,
utsui_chizuru,4,37,
utsumi_erice,4,916,
utsumi_erice_(mission_start),4,84,
utsumi_erice_(over_the_same_sky),4,10,
utsumi_erice_(swimsuit_avenger),4,204,
utsumi_erice_(swimsuit_avenger)_(first_ascension),4,66,
utsumi_erice_(swimsuit_avenger)_(second_ascension),4,60,
utsumi_erice_(swimsuit_avenger)_(third_ascension),4,63,
utsumi_sakura,4,582,
utsumi_shou,4,124,
utsunomiya_toramaru,4,70,
utsushimi_kemii,4,252,
uub,4,33,
uutiger,4,52,
uva,4,40,
uvogin,4,87,
uwasa_no_tsuruno,4,31,
uxie,4,186,
uzaki_hana,4,1266,
uzaki_hitomi,4,34,
uzaki_tsuki,4,865,
uzaki_yanagi,4,171,
uzen_kyouka,4,43,
uzi_(murder_drones),4,56,
uzui_tengen,4,349,
uzuki_(azur_lane),4,79,
uzuki_(cookie),4,564,
uzuki_(kancolle),4,2850,
uzuki_kou,4,377,
uzuki_kou_(3rd_costume),4,60,
uzuki_kou_(5th_costume),4,126,
uzuki_makio,4,115,
uzuki_sayaka,4,607,
uzuki_tooru,4,74,
uzumaki_boruto,4,556,
uzumaki_himawari,4,339,
uzumaki_kushina,4,268,
uzumaki_naruto,4,3550,
uzume_(gino),4,61,
uzume_(sekirei),4,62,
v-mon,4,181,
v.iv_rusty,4,71,
v.v.,4,57,
v1_(ultrakill),4,32,
v2_assault-buster_gundam,4,31,
v2_gundam,4,87,
v_(cyberpunk),4,63,
v_(devil_may_cry),4,154,
v_(murder_drones),4,57,
v_gundam,4,82,
vaal_hazak,4,49,
vaan,4,176,
vados_(dragon_ball),4,79,
vagabond_(elden_ring),4,37,
vaggie,4,265,
vaike_(fire_emblem),4,60,
vainamoinen_(personification),4,20,
vajra_(granblue_fantasy),4,570,
vajra_(macross),4,59,
vajra_(summer)_(granblue_fantasy),4,52,
valac_clara,4,110,
valbar_(fire_emblem),4,35,
valbun_(character),4,31,
valeera_sanguinar,4,34,
valentina_(fellatrix),4,38,
valentine_(guilty_gear),4,86,
valentine_(skullgirls),4,592,
valeria_(atelier),4,83,
valerie_(pokemon),4,157,
valgiris,4,68,
valiant_(azur_lane),4,57,
valiant_(kancolle),4,54,
valiant_vixen_(pso2),4,48,
valis,4,139,
valkenhayn_r._hellsing,4,106,
valkyrie_(apex_legends),4,546,
valkyrie_(fate),4,676,
valkyrie_(jojo),4,98,
valkyrie_(last_origin),4,67,
valkyrie_(p&d),4,312,
valkyrie_(vnd),4,234,
valkyrie_police_academy_student_(blue_archive),4,228,
valkyrie_police_academy_student_(sg)_(blue_archive),4,138,
valona,4,35,
valor_(league_of_legends),4,52,
valsione,4,74,
valsione_r,4,41,
valstrax,4,50,
valtava,4,234,
valus_(shadow_of_the_colossus),4,31,
valvatorez_(disgaea),4,189,
vampire's_sister_(gogalking),4,43,
vampire_(aoki_hagane_no_arpeggio),4,30,
vampire_(azur_lane),4,587,
vampire_(eloi's_blessing)_(azur_lane),4,42,
vampire_(gogalking),4,68,
vampire_(little_devil_in_white)_(azur_lane),4,75,
vampire_(the_breath_of_spring)_(azur_lane),4,47,
vampire_cookie,4,41,
vampirella_(character),4,92,
vampy,4,694,
van_arkride,4,297,
van_darkholme,4,101,
van_fanel,4,65,
van_gogh_(fate),4,810,
van_gogh_(second_ascension)_(fate),4,110,
van_gogh_(third_ascension)_(fate),4,86,
van_grants,4,32,
van_hohenheim,4,101,
vanadis,4,40,
vander_(arcane),4,38,
vander_(fire_emblem),4,36,
vane_(granblue_fantasy),4,1055,
vane_(halloween)_(granblue_fantasy),4,55,
vane_(summer)_(granblue_fantasy),4,34,
vane_(the_dragon_knights)_(granblue_fantasy),4,30,
vanellope_von_schweetz,4,113,
vanessa_(fire_emblem),4,68,
vanessa_(fnaf),4,38,
vanessa_(kof),4,256,
vanessa_(luminous_arc),4,31,
vanessa_(punishing:_gray_raven),4,66,
vanessa_enoteca,4,57,
vanessa_lewis,4,66,
vanfeny_vamp,4,97,
vanguard_(azur_lane),4,77,
vanguard_(half-hearted_masquerade)_(azur_lane),4,32,
vanica_zogratis,4,50,
vanilla_(arknights),4,108,
vanilla_(eden_(shiroki_yuutsu)),4,134,
vanilla_(girls_und_panzer),4,83,
vanilla_(last_origin),4,72,
vanilla_(mon-musu_quest!),4,48,
vanilla_(nekopara),4,716,
vanilla_(vanillaklein),4,36,
vanilla_h,4,300,
vanilla_ice,4,252,
vanilla_mieux,4,72,
vanilla_the_rabbit,4,144,
vanillish,4,116,
vanillite,4,317,
vanilluxe,4,135,
vanilmirth_(ragnarok_online),4,75,
vanir,4,89,
vanitas_(kingdom_hearts),4,125,
vanitas_(vanitas_no_carte),4,64,
vannini_(arknights),4,40,
vanta_(utaite),4,26,
vantacrow_bringer,4,43,
vantage_(apex_legends),4,70,
vante,4,60,
vaporeon,4,1682,
vargr_(last_origin),4,48,
varshahn,4,92,
varus,4,206,
varys_truss,4,35,
vaseraga,4,208,
vash_the_stampede,4,1081,
vashti_(pokemon),4,33,
vasily_(golden_kamuy),4,64,
vatista,4,148,
vato_falman,4,39,
vault_boy,4,104,
vault_girl,4,106,
vauquelin_(azur_lane),4,58,
vayne_(league_of_legends),4,185,
vector_(girls'_frontline),4,406,
vector_(kitty_paws)_(girls'_frontline),4,32,
vector_the_crocodile,4,119,
vedal987,4,102,
vedy_(yume-100),4,31,
vee_(neural_cloud),4,42,
veffidas_feaze,4,32,
vega_(street_fighter),4,239,
vegapunk_atlas,4,32,
vegapunk_lilith,4,143,
vegapunk_york,4,37,
vegeta,4,2295,
vegeta_(xeno),4,39,
vegetable_army_(kid_icarus),4,14,
vegetto,4,583,
vegetto_(xeno),4,125,
vei_(1st_costume)_(vtuber),4,44,
vei_(4th_costume)_(vtuber),4,165,
vei_(9th_costume)_(vtuber),4,16,
vei_(catgirl_maid)_(vtuber),4,10,
vei_(schoolgirl_2.0)_(vtuber),4,36,
vei_(sky_empress)_(vtuber),4,110,
vei_(summer_2022)_(vtuber),4,19,
vei_(vtuber),4,514,
vei_(vtuber)_(1st_costume),4,43,
vei_(vtuber)_(4th_costume),4,161,
vei_(vtuber)_(sky_empress),4,108,
veigar,4,169,
veight,4,83,
veigue_lungberg,4,70,
veinte,4,45,
vel'koz,4,72,
vel_(kamuo),4,37,
velkhana,4,35,
vellu_(geenymous),4,35,
velma_dace_dinkley,4,327,
velma_dinkley,4,32,
velocidrome,4,35,
velouria_(fire_emblem),4,251,
veluza,4,32,
velvet_(nikke),4,554,
velvet_(odin_sphere),4,282,
velvet_crowe,4,677,
velvet_scarlatina,4,290,
vena_(sait0moriyama),4,33,
venalita,4,110,
venat_(ff14),4,855,
vendela_(arknights),4,56,
vendetta_(overwatch),4,46,
venelana_gremory,4,45,
venera-sama,4,538,
vengeful_hannya_(onmyoji),4,45,
venipede,4,166,
venis,4,39,
venom_(guilty_gear),4,116,
venom_(marvel),4,517,
venom_snake,4,209,
venomoth,4,177,
venonat,4,165,
vent_(mega_man),4,159,
vent_of_the_front,4,32,
venti_(archon)_(genshin_impact),4,576,
venti_(genshin_impact),4,6484,
ventricosus,4,67,
ventus_(kingdom_hearts),4,263,
venus_(p&d),4,51,
venus_(skullgirls),4,43,
venus_paques_(umamusume),4,48,
venus_park_(umamusume),4,212,
venusaur,4,702,
venusmon,4,44,
vepley_(girls'_frontline_2),4,96,
ver_vermillion,4,83,
vera:_garnet_(punishing:_gray_raven),4,97,
vera:_rozen_(punishing:_gray_raven),4,76,
vera_(punishing:_gray_raven),4,297,
vera_collins,4,44,
vera_nair,4,75,
vera_nair_(buffy),4,10,
vergil_(devil_may_cry),4,1012,
vergilius_(project_moon),4,200,
vergo,4,38,
verina_(wuthering_waves),4,115,
verity_(pokemon),4,41,
vermeil_(arknights),4,382,
vermeil_(kinsou_no_vermeil),4,72,
vermilio_(helck),4,45,
vermillion_akiha,4,153,
vermillion_snow_(shining_nikki),4,26,
vermouth_(meitantei_conan),4,80,
vernika_answer,4,90,
verniy_(kancolle),4,4515,
veronica_(brave_princess)_(fire_emblem),4,65,
veronica_(dq11),4,410,
veronica_(fire_emblem),4,437,
veronica_(pgr),4,11,
veronica_(princess_rising)_(fire_emblem),4,89,
veronica_(spring)_(fire_emblem),4,51,
veronica_type-asc,4,51,
verosika_mayday,4,57,
verre_the_maid_of_endymion,4,12,
vert_(neptunia),4,842,
vert_farbreton,4,37,
vertin_(reverse:1999),4,1355,
vertin_(the_long-eared_watchmaker)_(reverse:1999),4,24,
vertin_(winter)_(reverse:1999),4,57,
verxina_(casual)_(umamusume),4,71,
verxina_(le_beau_sommet)_(umamusume),4,378,
verxina_(umamusume),4,894,
vespa_crabro,4,63,
vespid_(girls'_frontline),4,55,
vespiquen,4,109,
vestal_(azur_lane),4,98,
vesti_(nikke),4,51,
vestia_zeta,4,616,
vestia_zeta_(1st_costume),4,272,
vestia_zeta_(jirai_kei),4,34,
vesves_(sailor_moon),4,67,
veteran_mercenary_echidna,4,217,
vetochki_(arknights),4,25,
vex_(league_of_legends),4,228,
vex_shadow_(league_of_legends),4,102,
vexen,4,82,
vexoria_the_sun_eater,4,36,
vexoria_the_sun_eater_(frozen_empress),4,16,
veyle_(fell_successor)_(fire_emblem),4,47,
veyle_(fire_emblem),4,407,
vezalius_bandage,4,43,
vf-0,4,58,
vf-1,4,547,
vf-19,4,47,
vf-1_strike,4,60,
vf-1_super,4,89,
vf-1a,4,115,
vf-1d,4,30,
vf-1j,4,157,
vf-1s,4,151,
vf-25,4,211,
vf-27,4,38,
vf-31,4,97,
vf-31j,4,47,
vf-4,4,30,
vhs_(girls'_frontline),4,71,
vi3_(ex_astris),4,40,
vi_(league_of_legends),4,1052,
vibrava,4,106,
vic_viper,4,68,
vicar_amelia,4,51,
vicchan,4,44,
vice-versa_(skullgirls),4,369,
vice_(alchemy_stars),4,170,
vice_(kamen_rider_revice),4,55,
vice_(kof),4,202,
vice_bozeg,4,33,
vice_granscenic,4,44,
vicious_(cowboy_bebop),4,43,
vickie_(cryingrobot)_(character),4,71,
vicky_(fairly_oddparents),4,48,
victini,4,407,
victor_(deadlock),4,10,
victor_(pokemon),4,1399,
victor_(tales),4,49,
victor_grantz,4,80,
victor_grantz_(specter),4,10,
victor_von_gerdenheim,4,96,
victoria_(damegane),4,39,
victoria_(kagejitsu),4,25,
victoria_brightshield,4,84,
victoria_cindry,4,43,
victoria_dahlgrun,4,40,
victoria_roman,4,40,
victorica_de_blois,4,526,
victorious_(azur_lane),4,436,
victorious_(kancolle),4,269,
victorious_(yukata)_(kancolle),4,11,
victory_(dog),4,31,
victreebel,4,227,
vidar,4,57,
videl,4,769,
viego_(league_of_legends),4,179,
vienna_(1st_costume)_(vtuber),4,40,
vienna_(2nd_costume)_(vtuber),4,25,
vienna_(3rd_costume)_(vtuber),4,21,
vienna_(4th_costume)_(vtuber),4,40,
vienna_(farmer)_(vtuber),4,32,
vienna_(vtuber),4,145,
vienna_(vtuber)_(1st_costume),4,40,
vietnam_(hetalia),4,128,
viewtiful_joe_(character),4,55,
vifam,4,59,
vigil_(arknights),4,140,
vigna_(arknights),4,523,
vigna_(casual_vacation)_(arknights),4,119,
vignette_tsukinose_april,4,400,
vigoroth,4,63,
viichan,4,75,
vika_(fire_emblem),4,53,
vikala_(blooming_summer_wallflower)_(granblue_fantasy),4,174,
vikala_(granblue_fantasy),4,1237,
vikala_(parade_master)_(granblue_fantasy),4,15,
vikala_(summer)_(granblue_fantasy),4,50,
vikavolt,4,84,
viki_(suikoden),4,139,
viktor_(league_of_legends),4,121,
viktor_(suikoden),4,43,
viktor_nikiforov,4,1880,
viktoriya_ivanovna_serebryakov,4,140,
vil_schoenheit,4,164,
vila_(reverse:1999),4,185,
vile_(mega_man),4,97,
vileplume,4,317,
viletta_badam,4,61,
vill-v,4,342,
villager_(animal_crossing),4,798,
villager_(minecraft),4,83,
villetta_nu,4,448,
villhaze,4,69,
vina_victoria_(arknights),4,35,
vincent_brooks,4,60,
vincent_nightray,4,51,
vincent_obra_(arcanegold),4,16,
vincent_valentine,4,888,
vinegar_doppio,4,577,
vinny_(promare),4,34,
vinsmoke_ichiji,4,40,
vinsmoke_niji,4,43,
vinsmoke_reiju,4,211,
vinsmoke_yonji,4,45,
viola_(dekoboko_majo_no_oyako_jijou),4,30,
viola_(majo_no_ie),4,140,
viola_(one_piece),4,72,
viola_(pokemon),4,269,
viola_(soulcalibur),4,38,
viola_(trusty_bell),4,41,
violence_fiend_(chainsaw_man),4,106,
violet_(ac8231),4,161,
violet_(closers),4,131,
violet_(kelvin_hiu),4,45,
violet_evergarden,4,1083,
violet_parr,4,54,
violett_(k-rha),4,60,
violette,4,124,
viorate_platane,4,35,
viper_(final_fantasy),4,133,
viper_(nikke),4,694,
viper_(shine_of_love)_(nikke),4,167,
viper_(toxic_rabbit)_(nikke),4,190,
viper_(valorant),4,219,
vira_(granblue_fantasy),4,978,
vira_(summer)_(granblue_fantasy),4,129,
viral_(ttgl),4,464,
virgilia_(umineko),4,532,
virgin_mary,4,63,
virginia_(unicorn_overlord),4,46,
virginia_glynnberets,4,34,
virginia_kissless,4,46,
virginia_knights,4,290,
virginia_maxwell,4,252,
virginia_robertson,4,52,
virgo_shaka,4,60,
viridi,4,222,
viridiana_(girls_und_panzer),4,44,
virion_(fire_emblem),4,60,
virizion,4,100,
virtuosa_(arknights),4,1120,
visbou,4,35,
vision_(marvel),4,107,
vista-tan,4,211,
vistake,4,122,
vit,4,49,
vita_(honkai_impact),4,299,
vita_(nanoha),4,1888,
vita_clotilde,4,52,
vitte_(valis),4,32,
vittorio_veneto_(azur_lane),4,320,
vittorio_veneto_(the_flower_of_la_spezia)_(azur_lane),4,137,
vittorio_veneto_(warship_girls_r),4,212,
viveka_(haguruma_c),4,36,
vivi_(ac8231),4,214,
vivi_(vitaminechan),4,83,
vivi_ornitier,4,450,
vivia_twilight,4,114,
vivian_(mvv),4,104,
vivian_(paper_mario),4,210,
vivian_banshee_(iris_of_the_shore),4,604,
vivian_james,4,55,
vivian_seong_(blushyspicy),4,51,
viviana_(arknights),4,519,
vivid_bad_squad_kaito,4,75,
vivid_bad_squad_len,4,72,
vivid_bad_squad_luka,4,31,
vivid_bad_squad_meiko,4,71,
vivid_bad_squad_miku,4,174,
vivid_bad_squad_rin,4,65,
vividblue,4,51,
vividly_vivi,4,38,
vividyellow,4,31,
vivienne_(uchihime),4,50,
vivillon,4,251,
vivillon_(meadow),4,141,
vivio,4,1892,
vivit,4,80,
vivlos_(casual)_(umamusume),4,154,
vivlos_(umamusume),4,981,
vivlos_(voyage_etincelant)_(umamusume),4,433,
vivy,4,172,
viy_(fate),4,755,
vlad_iii_(fate/apocrypha),4,436,
vlad_iii_(fate/extra),4,70,
vlad_king_(boku_no_hero_academia),4,50,
vladilena_millize,4,511,
vladimir_(league_of_legends),4,68,
vladimir_lenin,4,34,
vladimir_putin,4,65,
vodka_(casual)_(umamusume),4,103,
vodka_(heart_ignition!!)_(umamusume),4,33,
vodka_(meitantei_conan),4,31,
vodka_(nonfreezing_aqua_vitae)_(umamusume),4,87,
vodka_(umamusume),4,2422,
void_(berserk),4,35,
void_(kirby),4,38,
void_archives_(honkai_impact),4,45,
void_princess_(elsword),4,231,
void_prowler_wraith,4,63,
void_soul,4,44,
void_specialist_wraith,4,43,
void_termina,4,134,
voidsent,4,30,
voidwalker_wraith,4,39,
volbeat,4,89,
volcanion,4,46,
volcarona,4,331,
voldemort,4,36,
volga_(azur_lane),4,70,
volibear,4,73,
volkan,4,30,
volkner_(pokemon),4,402,
volley-bu-chan_(tawawa),4,119,
volo_(pokemon),4,896,
volos_(housamo),4,32,
volt_(nikke),4,49,
voltes_v_(mecha),4,34,
voltorb,4,218,
voltron_(mecha),4,33,
volume_(nikke),4,122,
vomi_agogo_(slugbox),4,98,
von_lycaon,4,793,
vorona,4,74,
voroshilov_(azur_lane),4,71,
vox_(hazbin_hotel),4,35,
vox_(human)_(hazbin_hotel),4,34,
vox_akuma,4,641,
vox_akuma_(1st_costume),4,157,
vox_aura,4,32,
voxanne,4,55,
voyager_(fate),4,402,
voyager_(first_ascension)_(fate),4,92,
voyager_(reverse:1999),4,172,
voyager_(second_ascension)_(fate),4,35,
voyager_(third_ascension)_(fate),4,74,
vrco,4,30,
vriska_serket,4,43,
vritra_(fate),4,164,
vrtra,4,43,
vsk-94_(christmas_eve_detective)_(girls'_frontline),4,51,
vsk-94_(girls'_frontline),4,487,
vsk-94_(night_on_the_silver_bay)_(girls'_frontline),4,54,
vueko,4,128,
vulcan_(arknights),4,145,
vulcanus_(disgaea_4),4,167,
vullaby,4,65,
vulnificus,4,49,
vulpix,4,720,
vundo_(gyee),4,55,
vy1,4,123,
vy2,4,69,
vyn_richter_(tears_of_themis),4,341,
vyrn_(granblue_fantasy),4,718,
vyse,4,76,
w.d._gaster,4,67,
w_(act_ii)_(arknights),4,214,
w_(arknights),4,3180,
w_(fugue)_(arknights),4,90,
w_(mercenary)_(arknights),4,60,
w_(wanted)_(arknights),4,35,
wa-class_transport_ship,4,186,
wa2000_(ballroom_interlude)_(girls'_frontline),4,105,
wa2000_(date_in_the_snow)_(girls'_frontline),4,140,
wa2000_(girls'_frontline),4,2638,
wa2000_(haunted_castle)_(girls'_frontline),4,72,
wa2000_(op._manta_ray)_(girls'_frontline),4,132,
waai_fu_(arknights),4,442,
wachi_yuri,4,120,
wada_don,4,70,
wada_katsu,4,31,
wadanohara,4,284,
waddle_dee,4,1021,
waddle_doo,4,263,
waddles,4,30,
wagahai_(ace_attorney),4,44,
wagner_(genshin_impact),4,60,
waha,4,181,
wahira_nagomi,4,43,
wailmer,4,268,
wailord,4,282,
waitress_(pokemon),4,34,
wajima_maki,4,31,
waka_(yuuhagi_(amaretto-no-natsu)),4,197,
wakaba_(kancolle),4,663,
wakaba_(kemurikusa),4,94,
wakaba_ameha,4,32,
wakaba_hinata,4,128,
wakaba_mutsumi,4,1063,
wakaba_mutsumi_(cautus),4,123,
wakaba_wakaho,4,28,
wakabayashi_ikuno,4,65,
wakabayashi_iori,4,273,
wakabayashi_isamu,4,64,
wakabayashi_tomoka,4,270,
wakamatsu_hirotaka,4,137,
wakame-chan,4,49,
wakamiya_eve,4,241,
wakamiya_henri,4,43,
wakamiya_shinobu,4,32,
wakamo_(blue_archive),4,1770,
wakamo_(swimsuit)_(blue_archive),4,768,
wakamoto_tetsuko,4,96,
wakan_tanka,4,990,
wakan_tanka_(fashionista_swimsuit),4,39,
wakan_tanka_mugen,4,48,
wakana_rei,4,140,
wakana_shiki,4,469,
wakao_ruri,4,30,
wakaouji_ichigo,4,178,
wakasa_reo,4,44,
wakasa_yuuri,4,348,
wakasagihime,4,4188,
wakatsuki_nico,4,98,
wakazato_haruna,4,212,
wakiyama_tamami,4,195,
wakka,4,74,
wakui_rumi,4,163,
wakura_yuina,4,62,
walking_mushroom_(dungeon_meshi),4,290,
walking_wake,4,80,
wall-e_(character),4,39,
wallaby_(girls_und_panzer),4,82,
wallace_(pokemon),4,377,
wallace_(porforever),4,62,
wallace_wells,4,285,
wallachia,4,101,
wally_(pokemon),4,352,
wally_(where's_wally),4,76,
wally_west,4,33,
walnut_cookie,4,34,
walpurgisnacht's_familiars,4,32,
walpurgisnacht_(madoka_magica),4,485,
walrein,4,95,
walrus_(kemono_friends),4,46,
walter_c._dornez,4,105,
walter_sullivan,4,42,
walter_white,4,137,
waltrud_krupinski,4,467,
waluigi,4,293,
wamdus_(granblue_fantasy),4,150,
wamuu,4,476,
wan_qing_(arknights),4,42,
wanda_(wonder_festival),4,31,
wanda_maximoff,4,199,
wander_(shadow_of_the_colossus),4,208,
wanderer_(genshin_fes_2026)_(genshin_impact),4,84,
wanderer_(genshin_impact),4,4686,
wanderer_(mega_mgc_coffee)_(genshin_impact),4,112,
wanderer_(parallels_meet)_(genshin_impact),4,41,
wanderer_(ragnarok_online),4,279,
wanderer_(tower_of_fantasy),4,33,
wanderer_(wanderer_impression)_(genshin_impact),4,58,
wandjina_(fate),4,53,
wang_(arknights),4,57,
wang_cuilan,4,38,
wang_lifen,4,39,
wang_liu_mei,4,489,
wang_nuonuo,4,16,
wang_qiu_er_(douluo_dalu),4,37,
wang_yuanji,4,133,
wang_yujia,4,347,
wanibuchi_emoko,4,40,
wanjirou,4,86,
wanko,4,62,
wannai_kinuho,4,92,
wanshi_(punishing:_gray_raven),4,70,
war_counselor_iji,4,54,
war_devil_(chainsaw_man),4,77,
war_machine,4,37,
war_wolf_(last_origin),4,49,
warabeda_meijii,4,312,
warabeda_meijii_(1st_costume),4,57,
waremokou_(flower_knight_girl),4,31,
warfarin_(arknights),4,710,
warfarin_(casual_vacation)_(arknights),4,83,
warfarin_(the_feast)_(arknights),4,62,
wargreymon,4,226,
warin,4,39,
wario,4,746,
warlock_(granado_espada),4,45,
warlock_(granblue_fantasy),4,143,
warlock_(ragnarok_online),4,471,
warlock_(sekaiju),4,97,
warlock_2_(sekaiju),4,55,
warmy_(arknights),4,69,
warrior_(fantasy_earth),4,83,
warrior_(final_fantasy),4,200,
warrior_(sekaiju),4,47,
warrior_of_light_(ff1),4,386,
warrior_of_light_(ff14),4,15083,
warspite_(azur_lane),4,496,
warspite_(kancolle),4,3019,
wartortle,4,278,
waruiman,4,38,
warupeach,4,146,
warwick,4,135,
wasabi-chan_(eha7y),4,59,
washington_(azur_lane),4,230,
washington_(kancolle),4,527,
washington_(warship_girls_r),4,57,
washinomiya_koori,4,57,
washio_sumi,4,89,
washizu_iwao,4,124,
wasp_(kancolle),4,92,
watabe_koharu,4,217,
watadono_airu,4,22,
watagashi_unou,4,50,
watagi_michelle,4,55,
watahashi_yasumi,4,39,
watamate,4,141,
watanabe:_nightblade_(punishing:_gray_raven),4,32,
watanabe_(punishing:_gray_raven),4,97,
watanabe_akane,4,62,
watanabe_akari,4,71,
watanabe_ayasa_(jackdenpa),4,91,
watanabe_emily,4,12,
watanabe_kanako,4,131,
watanabe_minori,4,173,
watanabe_no_tsuna_(fate),4,159,
watanabe_saki,4,55,
watanabe_tsuki,4,120,
watanabe_you,4,5709,
watanae_yuuka,4,64,
watanuki_banri,4,144,
watanuki_fuuri,4,107,
watanuki_hibiki,4,48,
watanuki_kimihiro,4,102,
watarai_asuka,4,59,
watarai_hibari,4,97,
watarase_jun,4,464,
watase_kiui,4,176,
watase_nozomi,4,95,
watase_sanetoshi,4,87,
watashi_(jintai),4,253,
watashi_(yojouhan),4,44,
watatsuki_no_toyohime,4,1192,
watatsuki_no_yorihime,4,1705,
wataya_arata,4,35,
watchog,4,88,
water_enchantress_of_the_temple,4,66,
water_miku_(project_voltage),4,85,
water_valkyrie_(p&d),4,30,
waterboy_(dispatch),4,28,
watermelon_tonberry,4,10,
watermelon_tourmaline_(houseki_no_kuni),4,31,
waterwraith,4,32,
watson_amelia,4,6427,
watson_amelia_(1st_costume),4,2860,
watson_amelia_(3rd_costume),4,185,
watson_amelia_(astronaut),4,73,
watson_amelia_(new_year),4,97,
watson_amelia_(street_casual),4,501,
wattrel,4,69,
wattson_(apex_legends),4,1824,
wattson_(pokemon),4,47,
wauri_(exs-tia_concert),4,19,
wave_(akame_ga_kill!),4,37,
wave_the_swallow,4,81,
wavecat_(blue_archive),4,117,
waver_velvet,4,3082,
waver_velvet_(sensha_otoko),4,150,
waveracer_d.va,4,36,
wayward_passenger,4,34,
wazukyan_(human),4,50,
wazy_hemisphere,4,36,
weapon_merchant_cattleya,4,369,
weather_report,4,348,
weather_report_(stand),4,48,
weaver_(hollow_knight),4,11,
weaverling_(hollow_knight),4,27,
weavile,4,451,
web_(cookie),4,123,
webley_(girls'_frontline),4,74,
weddie_(dq10),4,60,
wedding_peach,4,75,
wedge_(ff7),4,49,
wednesday_(uchihime),4,18,
wednesday_addams,4,310,
weedle,4,236,
weedy_(arknights),4,463,
weedy_(candy_cape)_(arknights),4,44,
weepinbell,4,109,
weezing,4,230,
wei_wuxian,4,157,
wei_wuxian_(yunmeng_clan),4,143,
wei_yenwu_(arknights),4,48,
weird_cat_(mabinogi),4,18,
weiss,4,68,
weiss_schnee,4,3057,
weiss_winterprison,4,40,
weissritter,4,36,
wekapipo,4,45,
welch_vineyard,4,75,
welkin_gunther,4,44,
welrod_mkii_(girls'_frontline),4,610,
welt_joyce,4,32,
welt_yang,4,373,
weltall,4,30,
wemmbu,4,13,
wendi_(nanoha),4,137,
wendy_(honkai_impact),4,74,
wendy_(modern_mogal),4,65,
wendy_(red_velvet),4,56,
wendy_(wendy's),4,214,
wendy_corduroy,4,111,
wendy_crawford,4,65,
wendy_darling,4,38,
wendy_garrett,4,53,
wendy_marvell,4,367,
wendy_o._koopa,4,144,
wendy_testaburger,4,132,
wendy_wilkinson,4,20,
weno's_blonde_original_character,4,132,
wenren_dian_(shining_nikki),4,13,
werbellia,4,44,
weregarurumon,4,60,
wes_(pokemon),4,77,
weser_(azur_lane),4,68,
west_virginia_(azur_lane),4,72,
wester_(fresh_precure!),4,103,
western_lowland_gorilla_(kemono_friends),4,87,
western_parotia_(kemono_friends),4,160,
wheatley,4,65,
wheelie_(kirby),4,55,
wheeljack,4,41,
whimsicott,4,632,
whip_(kof),4,310,
whip_devil_(chainsaw_man),4,35,
whirl_(transformers),4,44,
whirlipede,4,85,
whis,4,121,
whiscash,4,93,
whiskey_project,4,145,
whislash_(arknights),4,887,
whislash_(glory_purple)_(arknights),4,41,
whismur,4,162,
whisper_(jejejunum),4,51,
whisper_(ragnarok_online),4,65,
whisper_(youkai_watch),4,435,
whisper_the_wolf,4,50,
whisperain_(arknights),4,432,
whisperain_(priory_of_abyss)_(arknights),4,42,
whisperain_(tremble_cold)_(arknights),4,84,
whispy_woods,4,147,
white-faced_varre,4,74,
white_(among_us),4,312,
white_(kekkai_sensen),4,78,
white_album_(stand),4,67,
white_base,4,74,
white_blood_cell_(hataraku_saibou),4,616,
white_bomberman,4,130,
white_burinyan,4,39,
white_delmo,4,118,
white_delmo_n,4,31,
white_dragon_(kemono_friends),4,165,
white_glint,4,76,
white_haired_girl_(gespens03366872),4,18,
white_haired_girl_(munashi_mujou),4,33,
white_heart_(neptunia),4,596,
white_kyurem,4,44,
white_len_(tsukihime),4,439,
white_lily_cookie,4,40,
white_lion_(kemono_friends),4,457,
white_mage,4,1232,
white_mage_(fft),4,268,
white_mage_(final_fantasy),4,57,
white_magician_pikeru,4,30,
white_pikmin,4,339,
white_queen_(date_a_live),4,37,
white_rabbit_(alice_in_wonderland),4,915,
white_rhinoceros_(kemono_friends),4,303,
white_robin,4,79,
white_rock_shooter,4,119,
white_serval_(kemono_friends),4,141,
white_sister_ram,4,80,
white_sister_ram_(des-ess_ai),4,35,
white_sister_rom,4,76,
white_sister_rom_(des-ess_ai),4,35,
white_thoroughbred_(kemono_friends),4,69,
white_tiger_(kemono_friends),4,161,
white_witch_(lack),4,35,
whitecul,4,32,
whitenight_(project_moon),4,70,
whitesmith_(ragnarok_online),4,426,
whitesnake_(stand),4,111,
whitney_(animal_crossing),4,45,
whitney_(pokemon),4,562,
who's_who_(one_piece),4,54,
whopperflower_(genshin_impact),4,34,
whydah_(azur_lane),4,42,
whyt,4,36,
wiccan,4,320,
wichita_(azur_lane),4,71,
wick_(identity_v),4,42,
wicke_(pokemon),4,458,
wicked_dragon_nympha,4,32,
widow_(hollow_knight),4,21,
widowmaker_(overwatch),4,1650,
wien_margarete,4,263,
wiene,4,35,
wiggler,4,39,
wigglytuff,4,353,
wight_(monster_girl_encyclopedia),4,65,
wiglett,4,164,
wii_fit_trainer,4,624,
wii_fit_trainer_(female),4,600,
wii_fit_trainer_(male),4,40,
wikipe-tan,4,73,
wikstrom_(pokemon),4,34,
wil_(fire_emblem),4,35,
wilardo_adler,4,54,
wilbell_voll-ersleid,4,105,
wilbur_(animal_crossing),4,43,
wilbur_soot,4,126,
wild_geese,4,427,
wild_mane_(arknights),4,84,
wild_tiger,4,498,
wilderness_bandit_risty,4,171,
wilhelm_(re:zero),4,62,
wilhelmina_braunschweig_ingenohl_friedeburg,4,240,
wilhelmina_carmel,4,204,
wilhelmina_frost,4,60,
wilk_(golden_kamuy),4,31,
will_(pokemon),4,158,
will_anthonio_zeppeli,4,220,
will_graham,4,31,
will_of_the_abyss,4,40,
willard_h._wright,4,301,
wille_(fatalbug896),4,69,
william_adler_(the_smoke_room),4,39,
william_afton,4,35,
william_d_porter_(warship_girls_r),4,32,
william_knights,4,30,
william_shakespeare_(fate),4,169,
william_tell_(fate),4,53,
willow_(neural_cloud),4,33,
willow_(pokemon),4,100,
willow_park,4,70,
willow_schnee,4,43,
willump,4,57,
wilma_bishop,4,106,
wilnas_(granblue_fantasy),4,80,
wimpod,4,113,
win_variation_(casual)_(umamusume),4,48,
win_variation_(dramatic_tutu)_(umamusume),4,327,
win_variation_(osaka_hai_celebration)_(umamusume),4,23,
win_variation_(umamusume),4,320,
winberrl,4,53,
wind_drake_(ff5),4,18,
wind_sneaker_(elsword),4,167,
winda_(yu-gi-oh!),4,256,
winda_priestess_of_gusto,4,150,
windblade,4,182,
windflit_(arknights),4,47,
windia_(deathsmiles),4,65,
windranger_(dota),4,75,
windsong_(reverse:1999),4,187,
windy_(clow_card),4,31,
windy_(panel_de_pon),4,32,
wing_diver,4,39,
wing_gundam,4,74,
wing_gundam_zero,4,56,
wing_gundam_zero_custom,4,123,
winged_kuriboh,4,198,
winged_lion_(dungeon_meshi),4,259,
winged_pikmin,4,219,
winged_victory_mercy,4,65,
wingul_(tales),4,61,
wingull,4,787,
winning_gundam,4,34,
winning_ticket_(casual)_(umamusume),4,51,
winning_ticket_(dream_deliverer)_(umamusume),4,39,
winning_ticket_(full-blown_tantrum)_(umamusume),4,11,
winning_ticket_(racehorse),4,49,
winning_ticket_(umamusume),4,1137,
winona_(pokemon),4,168,
winry_rockbell,4,1080,
winston_(overwatch),4,150,
winter_(aespa),4,70,
winter_lantern,4,38,
winter_schnee,4,229,
winter_soldier,4,203,
winter_wonder_lulu,4,43,
wiola_magica,4,45,
wirbel_(sousou_no_frieren),4,59,
wireface_(no_i'm_not_a_human),4,38,
wirt_(over_the_garden_wall),4,39,
wis'adel_(arknights),4,110,
wisconsin_(pacific),4,32,
wise_(zenless_zone_zero),4,812,
wishiwashi,4,407,
wishiwashi_(school),4,115,
wishiwashi_(solo),4,320,
wisp_(sonic),4,38,
wistar_(last_origin),4,14,
witch_(dmfd),4,51,
witch_(dungeon_and_fighter),4,50,
witch_(goblin_slayer!),4,37,
witch_(left_4_dead),4,88,
witch_(puyopuyo),4,417,
witch_king_of_angmar,4,30,
witch_mercy,4,295,
witchcrafter_haine,4,62,
witchcrafter_madame_verre,4,99,
wither_(jejejunum),4,34,
wiz_(konosuba),4,825,
wizard_(dragon's_crown),4,76,
wizard_(ragnarok_online),4,292,
wizard_cookie,4,46,
wizardess_of_oz,4,32,
wizarmon,4,73,
wo-chien,4,46,
wo-class_aircraft_carrier,4,4608,
wobbuffet,4,490,
wodom_pod,4,36,
wojak,4,130,
wojtek_(ido),4,42,
wolbach,4,44,
wolf-chan_(wataame27),4,218,
wolf_(fate),4,49,
wolf_(league_of_legends),4,344,
wolf_(minecraft),4,38,
wolf_link,4,299,
wolf_o'donnell,4,189,
wolf_spirit_(touhou),4,300,
wolf_tengu_extra_(touhou),4,101,
wolfchev,4,55,
wolfgang_amadeus_mozart_(fate),4,315,
wolfgang_mittermeyer,4,41,
wolfgang_schneider,4,50,
wolfram_von_bielefeld,4,30,
wolfrun,4,309,
wolfychu,4,82,
wolt_(fire_emblem),4,64,
wolverine,4,225,
wolverine_(kemono_friends),4,35,
wolverine_(x-men),4,783,
wolvermon,4,28,
wonder_acute_(casual)_(umamusume),4,68,
wonder_acute_(soft_light_-_hot_spring_scented_outfit)_(umamusume),4,20,
wonder_acute_(umamusume),4,523,
wonder_woman,4,410,
wonderbat,4,45,
wonderlands_x_showtime_kaito,4,104,
wonderlands_x_showtime_len,4,57,
wonderlands_x_showtime_luka,4,43,
wonderlands_x_showtime_meiko,4,34,
wonderlands_x_showtime_miku,4,216,
wonderlands_x_showtime_rin,4,64,
woobat,4,198,
wood_man,4,63,
woodrow_bianchi_(arknights),4,14,
woodstock,4,104,
woodwose_(fate),4,40,
wooloo,4,746,
wooper,4,704,
wooser_(character),4,59,
worick_arcangelo,4,43,
worker_(lethal_company),4,115,
worker_(pokemon),4,30,
wormadam,4,67,
wormadam_(plant),4,50,
wormmon,4,96,
wowaka,4,54,
wraicoon_(snuffy_(vtuber)),4,12,
wraith_(apex_legends),4,1641,
wraith_(madoka_magica),4,101,
wrath_(fma),4,55,
wreathlit_noel,4,39,
wreck-it_ralph_(character),4,47,
wriggle_nightbug,4,9092,
wriothesley_(genshin_impact),4,1402,
wrys_(fire_emblem),4,34,
wu_chang,4,31,
wu_song_(female)_(touqi_guaitan),4,109,
wu_song_(male)_(touqi_guaitan),4,74,
wu_song_(touqi_guaitan),4,53,
wu_zetian_(fate),4,797,
wu_zetian_(first_ascension)_(fate),4,237,
wu_zetian_(swimsuit_caster)_(fate),4,128,
wu_zetian_(swimsuit_caster)_(first_ascension)_(fate),4,55,
wu_zetian_(swimsuit_caster)_(third_ascension)_(fate),4,41,
wubbaboo_(honkai:_star_rail),4,112,
wugtrio,4,32,
wuk_lamat,4,60,
wukong_(league_of_legends),4,57,
wurmple,4,183,
wutong_(xinyue_tongxing),4,16,
wuxian_(the_legend_of_luoxiaohei),4,655,
wuyang_(overwatch),4,201,
wyldstyle,4,30,
wyll_(baldur's_gate),4,63,
wynaut,4,126,
wynn_(yu-gi-oh!),4,255,
wynn_the_wind_charmer,4,200,
wyrdeer,4,104,
wz.29_(girls'_frontline),4,43,
x-23,4,236,
x95_(girls'_frontline),4,65,
x_(mega_man),4,1216,
x_(project_moon),4,40,
x_(reverse:1999),4,179,
x_drake,4,140,
xabungle_(mecha),4,51,
xaldin,4,74,
xander_(fire_emblem),4,561,
xander_(spring)_(fire_emblem),4,36,
xane_(fire_emblem),4,45,
xanxus,4,54,
xatu,4,285,
xavier_(love_and_deepspace),4,190,
xayah,4,455,
xbox_series_x_(personification),4,32,
xe-shine_(ishiyumi),4,41,
xecty_ein,4,79,
xehanort,4,85,
xehanort_(kingdom_hearts),4,151,
xelloss,4,166,
xemnas,4,245,
xenia,4,56,
xeno'jiiva,4,35,
xeno_a,4,149,
xenogears_(mecha),4,30,
xenomorph,4,270,
xenovia_quarta,4,656,
xerath,4,111,
xerneas,4,172,
xerxes_break,4,110,
xi_gundam,4,264,
xia_fei_(vampire),4,20,
xia_you_qing,4,105,
xia_yu_yao,4,53,
xiang_yu_(fate),4,117,
xiangli_yao,4,164,
xiangling_(genshin_impact),4,1329,
xianming_lin,4,41,
xianyun_(genshin_impact),4,1048,
xiao-mei,4,76,
xiao_(bird)_(genshin_impact),4,64,
xiao_(genshin_impact),4,5120,
xiao_(hunyan),4,31,
xiao_(project_moon),4,218,
xiao_dianshi,4,154,
xiao_ma,4,58,
xiao_me,4,49,
xiao_pai,4,32,
xiao_qiao,4,74,
xiao_qiong,4,225,
xiao_wu_(douluo_dalu),4,602,
xiao_yan_(doupo_cangqiong),4,32,
xiaoguang_(you_can_eat_the_girl),4,35,
xiaolang,4,117,
xiaoling_(kyouno),4,72,
xiaoluobo_tu_tangni,4,13,
xiaomu,4,145,
xiaoqiao_(shin_sangoku_musou),4,40,
xiaoyuan_(you_can_eat_the_girl),4,87,
xiatian_(beatmania_iidx),4,60,
xie_bi'an_(broken_blossoms),4,20,
xie_bi'an_(far_east_wind),4,16,
xie_bi'an_(qilin_merchant),4,10,
xie_bian,4,69,
xie_lian,4,365,
xigbar,4,95,
xilonen_(genshin_impact),4,280,
xin_hua,4,85,
xin_zhao,4,63,
xing_cai,4,78,
xing_hai,4,43,
xingcai_(shin_sangoku_musou),4,80,
xingchen,4,286,
xingqiu_(aoi_no_okina)_(genshin_impact),4,47,
xingqiu_(bamboo_rain)_(genshin_impact),4,48,
xingqiu_(genshin_impact),4,1617,
xingye,4,58,
xinyan_(genshin_impact),4,536,
xio_derecha,4,47,
xion_(kingdom_hearts),4,588,
xm8_(girls'_frontline),4,73,
xochitonal_(fate),4,73,
xp-tan,4,842,
xp_home-tan,4,202,
xpmc,4,38,
xu_fu_(fate),4,479,
xu_fu_(swimsuit_avenger)_(fate),4,79,
xu_fu_(swimsuit_avenger)_(second_ascension)_(fate),4,47,
xuan_(mixflavor),4,57,
xuan_li_(the_legend_of_luoxiaohei),4,86,
xuan_ying,4,106,
xuangzang_sanzang_(fate),4,1161,
xuelan,4,41,
xueyi_(honkai:_star_rail),4,124,
xuhuai_(the_legend_of_luoxiaohei),4,186,
xurkitree,4,127,
xv-mon,4,41,
xwounds,4,23,
y'shtola_rhul,4,1130,
yaad_(dungeon_meshi),4,30,
yabai,4,49,
yabame_yume,4,76,
yabe_satoshi,4,64,
yabuki_kana,4,360,
yabuki_shingo,4,55,
yachi_hitoka,4,172,
yadomi_jinta,4,267,
yadone_kanna,4,54,
yadoumaru_lisa,4,45,
yae_(ganbare_goemon),4,175,
yae_kaori,4,51,
yae_kasumi,4,149,
yae_miko,4,9576,
yae_miko_(2nd_anniversary),4,52,
yae_miko_(fox),4,718,
yae_sakura,4,2044,
yae_sakura_(flame_sakitama),4,186,
yae_sakura_(goushinnso_memento),4,392,
yae_sakura_(gyakushinn_miko),4,687,
yaegaki_erika,4,38,
yaegashi_taichi,4,37,
yaemori_mini,4,42,
yaeno_miho,4,32,
yaeno_muteki_(casual)_(umamusume),4,16,
yaeno_muteki_(umamusume),4,328,
yaeno_nadeshiko,4,54,
yaezawa_natori,4,220,
yaga_masamichi,4,48,
yagami_coco,4,35,
yagami_hayate,4,3278,
yagami_hikari,4,768,
yagami_iori,4,488,
yagami_kagami,4,43,
yagami_kou,4,301,
yagami_light,4,535,
yagami_makino,4,372,
yagami_soma,4,41,
yagami_taichi,4,717,
yagami_takayuki,4,30,
yagami_toa,4,113,
yagatake_arashi,4,96,
yagen_toushirou,4,872,
yagi_shizusumi_(given),4,83,
yagi_toshinori,4,367,
yagi_yui,4,97,
yaginuma_io,4,40,
yagiri_namie,4,157,
yagiri_seiji,4,31,
yagiyama_yotsuyu,4,32,
yagokoro,4,307,
yagokoro_eirin,4,11630,
yagoo,4,339,
yaguchi_haruo,4,36,
yaguchi_miu,4,118,
yaguruma_rine_(1st_costume),4,71,
yaguruma_rine_(2nd_costume),4,15,
yaguruma_rine_(3rd_costume),4,22,
yagyu_mitsuyoshi,4,41,
yagyuu_(senran_kagura),4,426,
yagyuu_juubei_(hyakka_ryouran),4,120,
yagyuu_kyuubei,4,153,
yagyuu_munenori_(fate),4,197,
yaha-kui_zashunina,4,44,
yahagi_(kancolle),4,2571,
yahagi_kai_ni_(kancolle),4,360,
yahata_umiri,4,1002,
yahata_umiri_(lupo),4,106,
yahiko_(naruto),4,32,
yahisa_tsukiko,4,67,
yahna_(unicorn_overlord),4,64,
yai_ayanokoji_(mega_man),4,34,
yaia_(granblue_fantasy),4,314,
yaiba_(7th_dragon_iii),4,35,
yajima_caroline,4,58,
yajima_mirei,4,36,
yajuu_senpai,4,259,
yak_(kemono_friends),4,407,
yakishio_lemon,4,186,
yakishio_remon,4,68,
yakou_furio,4,75,
yakov_feltsman,4,34,
yakui,4,272,
yakul,4,74,
yakumo_(blue_archive),4,48,
yakumo_(cocoa_liqueur)_(nu_carnival),4,11,
yakumo_(crimson_phantom)_(nu_carnival),4,11,
yakumo_(nu_carnival),4,145,
yakumo_(ocean_breeze)_(nu_carnival),4,10,
yakumo_beni,4,569,
yakumo_beni_(1st_costume),4,68,
yakumo_beni_(2nd_costume),4,66,
yakumo_beni_(3rd_anniversary),4,60,
yakumo_beni_(3rd_costume),4,37,
yakumo_beni_(4th_costume),4,46,
yakumo_hamaji,4,33,
yakumo_koishi,4,47,
yakumo_mikage,4,133,
yakumo_mitama,4,265,
yakumo_mitama_(swimsuit_costume),4,34,
yakumo_ran,4,20095,
yakumo_ran_(fox),4,237,
yakumo_yukari,4,32439,
yakumo_yukari_(young),4,384,
yakushi_kabuto,4,36,
yakushiji_megumi,4,103,
yakushiji_saaya,4,603,
yakushimaru_ryota,4,89,
yakuzen_kusuri,4,71,
yama_raja_(elsword),4,163,
yama_usagi_(onmyoji),4,42,
yamabuki_inori,4,834,
yamabuki_kasumi,4,82,
yamabuki_saya,4,385,
yamabushi_kunihiro,4,210,
yamada_akito,4,34,
yamada_anna,4,1089,
yamada_aoi,4,701,
yamada_asaemon_fuchi,4,33,
yamada_asaemon_sagiri,4,132,
yamada_asaemon_shion,4,41,
yamada_asaemon_tensa,4,55,
yamada_ayumi,4,56,
yamada_elf,4,816,
yamada_hifumi,4,206,
yamada_ichiro,4,92,
yamada_jiro,4,67,
yamada_maririn,4,34,
yamada_maya_(infinite_stratos),4,133,
yamada_michiru,4,129,
yamada_ryo,4,4049,
yamada_saburo,4,67,
yamada_sanae_(bokuyaba),4,49,
yamada_suzume,4,35,
yamada_tae,4,556,
yamada_vanhouten,4,36,
yamada_vanhouten_(mato_tsuyoi),4,61,
yamada_yui,4,143,
yamagami_karuta,4,283,
yamagami_karuta_(1st_costume),4,96,
yamagami_lucy,4,108,
yamagami_miori,4,32,
yamagata_kousuke,4,31,
yamagishi_fuuka,4,1013,
yamagishi_saki,4,33,
yamagishi_yukako,4,513,
yamagou_ayumi,4,659,
yamaguchi_chihiro_(assault_lily),4,31,
yamaguchi_kisaragi,4,120,
yamaguchi_mami,4,59,
yamaguchi_mika,4,35,
yamaguchi_ryouko,4,75,
yamaguchi_tadashi,4,42,
yamaguchi_tamon,4,84,
yamagumo_(kancolle),4,1054,
yamai_kaguya,4,182,
yamai_kaguya_(blue_ocean_rendezvous),4,11,
yamai_ren,4,32,
yamai_yuzuru,4,170,
yamai_yuzuru_(blue_ocean_rendezvous),4,11,
yamakawa_michiko,4,70,
yamakaze_(kancolle),4,3396,
yamakaze_kai_ni_(kancolle),4,281,
yamamoto-genryuusai_shigekuni,4,62,
yamamoto_akane,4,43,
yamamoto_akira,4,138,
yamamoto_fuyuki,4,44,
yamamoto_keigo,4,202,
yamamoto_nanako,4,65,
yamamoto_takeshi,4,120,
yamamoto_youko,4,32,
yamamura_ken,4,76,
yamamura_sadako,4,1024,
yamana_akane,4,199,
yamanaka_ino,4,920,
yamanaka_inojin,4,57,
yamanaka_koyomi,4,65,
yamanaka_sawako,4,587,
yamanami_keisuke_(fate),4,255,
yamanashi_hibari,4,89,
yamanashi_kiwako_(ac8231),4,17,
yamanbagiri_chougi,4,123,
yamanbagiri_kunihiro,4,558,
yamanbagiri_kunihiro_(kiwame),4,36,
yamane_takao,4,82,
yamanin_zephyr_(casual)_(umamusume),4,12,
yamanin_zephyr_(umamusume),4,366,
yamano_remon,4,195,
yamano_thousand_(umamusume),4,15,
yamanobe_miki,4,36,
yamanobe_tomo,4,146,
yamanouchi_kano,4,407,
yamasachihiko_(housamo),4,104,
yamasaka_aimi,4,43,
yamasaki_hana,4,34,
yamashio_maru_(kancolle),4,172,
yamashiro_(azur_lane),4,1173,
yamashiro_(kancolle),4,4798,
yamashiro_(meta)_(azur_lane),4,43,
yamashiro_(retrofit)_(azur_lane),4,84,
yamashiro_(summer_offensive?)_(azur_lane),4,148,
yamashiro_kai_ni_(kancolle),4,147,
yamashiro_ren,4,48,
yamashiro_takane,4,540,
yamashiro_yui,4,34,
yamashita_jiro,4,140,
yamashita_majime,4,109,
yamask,4,190,
yamata_ia,4,85,
yamata_no_orochi,4,35,
yamata_no_orochi_(kemono_friends),4,60,
yamate_kyouko,4,75,
yamato-no-kami_yasusada,4,1412,
yamato-no-kami_yasusada_(kiwame),4,35,
yamato_(aoki_hagane_no_arpeggio),4,46,
yamato_(haiki),4,22,
yamato_(kancolle),4,6892,
yamato_(naruto),4,65,
yamato_(one_piece),4,1670,
yamato_(uchuu_senkan_yamato),4,189,
yamato_aki,4,284,
yamato_alexander,4,65,
yamato_christina_wako,4,30,
yamato_endo,4,36,
yamato_iori,4,189,
yamato_kai_(kancolle),4,63,
yamato_kai_ni_(kancolle),4,363,
yamato_maya,4,217,
yamato_mikoto,4,57,
yamato_nadeshiko_(street_fighter),4,95,
yamato_rinko,4,31,
yamato_suzuran,4,280,
yamato_takeru_(fate),4,817,
yamato_takeru_(over_the_same_sky)_(fate),4,12,
yamato_takeru_(third_ascension)_(fate),4,66,
yamauchi_sakura,4,37,
yamawaki_bon_ivar,4,53,
yamazaki_mary,4,45,
yamazaki_ryuuji,4,81,
yamazaki_sagaru,4,59,
yamazaki_sousuke,4,228,
yamcha,4,279,
yame_yukana,4,99,
yami-chan_(kamu_(geeenius)),4,42,
yami_bakura,4,149,
yami_freyja,4,47,
yami_kaname,4,32,
yami_makina,4,35,
yami_marik,4,101,
yami_reina,4,43,
yami_shoujo,4,86,
yami_sukehiro,4,164,
yami_yugi,4,76,
yami_yuugi,4,605,
yamifuka-san_(hoshi_san_3),4,146,
yamikumo,4,39,
yamin_(cookie),4,289,
yamiyo_mea,4,10,
yamiyono_moruru,4,118,
yamori_kou,4,74,
yamoto_koki,4,87,
yamper,4,939,
yamuraiha,4,139,
yan_(ex_astris),4,31,
yan_(gyee),4,79,
yan_(nikke),4,58,
yan_qing_(fate),4,591,
yan_vismok,4,355,
yana_(chihuri),4,529,
yanagi_aiji,4,43,
yanagi_akane,4,33,
yanagi_fuyumi,4,37,
yanagi_haru,4,32,
yanagi_kiyora,4,146,
yanagi_koharu,4,55,
yanagi_nina,4,184,
yanagi_reiko,4,32,
yanagiha_fuuka,4,15,
yanagin_(danshi_koukousei),4,40,
yanagisawa_naoko,4,69,
yanagiwara_maron,4,49,
yanai_ichiru,4,126,
yanami_anna,4,591,
yanase_mai,4,107,
yanase_miyuki,4,150,
yanasegawa_osamu,4,10,
yancy_(pokemon),4,98,
yanda,4,42,
yandere-chan_(ramchi),4,110,
yanfei_(genshin_impact),4,1996,
yang_fang_leiden,4,33,
yang_guifei_(fate),4,1603,
yang_guifei_(first_ascension)_(fate),4,295,
yang_guifei_(honey_lake)_(fate),4,35,
yang_guifei_(second_ascension)_(fate),4,896,
yang_guifei_(third_ascension)_(fate),4,218,
yang_harim,4,49,
yang_lee,4,140,
yang_nari,4,163,
yang_nari_(1st_costume),4,68,
yang_wen-li,4,114,
yang_xiao_long,4,2494,
yang_yang,4,31,
yangli_daxian,4,31,
yangu_shigekiyo,4,50,
yangus,4,46,
yangyang_(wuthering_waves),4,307,
yanhe,4,112,
yanma,4,169,
yanmega,4,130,
yano_(odd_taxi),4,77,
yano_erika,4,338,
yano_kuromu,4,50,
yano_kuromu_(1st_costume),4,111,
yano_kuromu_(2nd_costume),4,26,
yano_kuromu_(3rd_costume),4,34,
yano_mitsuki_(watayuri),4,34,
yanqing_(honkai:_star_rail),4,432,
yao_(path_to_nowhere),4,68,
yao_(sdorica),4,39,
yao_bikuni_(onmyoji),4,37,
yao_fueifuei,4,132,
yao_haa_dushi,4,37,
yaoshi_(honkai:_star_rail),4,36,
yaotome_gaku,4,49,
yaotome_urushi,4,423,
yaoyao_(genshin_impact),4,674,
yaoyorozu_momo,4,1829,
yarai_miu,4,286,
yarizakura_hime,4,59,
yarizui_sen,4,108,
yarne_(fire_emblem),4,65,
yaruo,4,55,
yasaka_hitsugi,4,37,
yasaka_kanako,4,11680,
yasaka_kazuki,4,46,
yasaka_mahiro,4,143,
yasaka_mai,4,57,
yasaka_mao,4,48,
yasaku_rei,4,64,
yashahime_(momotarou_densetsu),4,141,
yashajin_ai,4,454,
yashi_nagomi,4,57,
yashiki_yuuko,4,73,
yashio_kaito,4,53,
yashio_rui,4,169,
yashiro_(kancolle),4,226,
yashiro_kasumi,4,116,
yashiro_kizuku,4,235,
yashiro_kizuku_(1st_costume),4,45,
yashiro_momoka,4,121,
yashiro_nene,4,222,
yasopp,4,44,
yasu_(umineko),4,93,
yasuhara_ema,4,206,
yasuo_(league_of_legends),4,232,
yasuraoka_hanabi,4,52,
yasuri_nanami,4,100,
yasuri_shichika,4,157,
yasuyori_(housamo),4,91,
yasuzumi_yoriko,4,42,
yat_sen_(azur_lane),4,165,
yat_sen_(warship_girls_r),4,112,
yata_misaki,4,54,
yata_no_kagami_(crave_saga),4,34,
yatadera_narumi,4,810,
yatagarasu_(kemono_friends),4,80,
yatagarasu_(tsukumo_sana),4,241,
yatagawa_nazuki,4,63,
yaten_kou,4,132,
yato_(arknights),4,251,
yato_(noragami),4,105,
yatogami_fuma,4,243,
yatogami_kurou,4,35,
yatogami_tenka,4,80,
yatogami_tohka_(break_time),4,16,
yatogami_tooka,4,575,
yatonokami_kanata,4,164,
yatonokami_nayuta,4,142,
yatorishino_xam,4,31,
yatra_(vtuber),4,37,
yatsu_murasaki,4,139,
yatsushiro_nanaka,4,33,
yawata_maru_(kancolle),4,204,
yaya_(machine-doll),4,144,
yayaka,4,222,
yayoi_(kancolle),4,1824,
yayoi_b_lutwidge,4,46,
yayoi_hina,4,40,
yayoi_sakura,4,196,
yazaki_kallin,4,48,
yazawa_cocoa,4,64,
yazawa_cocoro,4,68,
yazawa_cotaro,4,82,
yazawa_nico,4,6761,
yazoo,4,64,
yazuki_(vtuber),4,31,
yda,4,41,
yda_hext,4,31,
ye_shunguang,4,2064,
yeager_(tales),4,33,
yeh_shuhua,4,31,
yejun_(plave),4,31,
yelan_(genshin_impact),4,3984,
yelena_(shingeki_no_kyojin),4,34,
yellow_(among_us),4,391,
yellow_(konkichi),4,45,
yellow_(pokemon),4,991,
yellow_devil_(mega_man),4,51,
yellow_diamond_(houseki_no_kuni),4,174,
yellow_gold_(rainbow_bubblegem),4,19,
yellow_heart_(neptunia),4,83,
yellow_pikmin,4,709,
yellow_toad_(mario),4,66,
yenisei_(reverse:1999),4,125,
yennefer_of_vengerberg,4,126,
yeqing_(gorgeous_mushroom),4,39,
yeri_(red_velvet),4,40,
yersiniakreuz,4,30,
yesod_(blue_archive),4,22,
yesod_(project_moon),4,361,
yeti_(monster_girl_encyclopedia),4,32,
yevgnen_jineman,4,18,
yf-19,4,88,
yf-21,4,48,
yf-29,4,39,
yfu,4,31,
yggdra_yuril_artwaltz,4,46,
yggdrasil_(granblue_fantasy),4,269,
yggdrasill_(digimon),4,27,
yhorm_the_giant,4,34,
yhun-chan_(kame_(3t)),4,61,
yhwach,4,81,
yi_(the_legend_of_luoxiaohei),4,21,
yi_feng_(the_legend_of_luoxiaohei),4,54,
yi_sang_(project_moon),4,1634,
yian_kut-ku,4,94,
yidhari_murphy,4,1119,
yield,4,30,
yiga_clan_footsoldier,4,50,
yile_(liu_liaoliao),4,48,
yin_(darker_than_black),4,1126,
ying_swei_(azur_lane),4,100,
yingxing_(honkai:_star_rail),4,221,
yinhuo_(xinyue_tongxing),4,13,
yinlin_(wuthering_waves),4,641,
yinlu_tongzi,4,47,
yipin_pot_(the_tale_of_food),4,31,
ylgr_(fire_emblem),4,149,
ylgr_(summer)_(fire_emblem),4,34,
ymir_(fire_emblem_heroes),4,42,
ymir_(queen's_blade),4,157,
ymir_(shingeki_no_kyojin),4,1537,
ymir_fritz,4,86,
yo-class_submarine,4,156,
yoake_sumire,4,23,
yoarashi_inasa,4,37,
yoda,4,59,
yoga_kimimaro,4,53,
yogatari_tobari,4,33,
yogiri_(hololive),4,40,
yohack,4,58,
yohane_(genjitsu_no_yohane),4,60,
yohane_bonaventura,4,305,
yohioloid,4,56,
yoi_(yakinasu),4,35,
yoimiya_(genshin_impact),4,3205,
yoisaki_kanade,4,1420,
yoite,4,30,
yoizuki_(azur_lane),4,90,
yoko_(splatoon),4,217,
yoko_littner,4,4985,
yokodera_youto,4,98,
yokoi_rumi,4,70,
yokomine_ibuki,4,52,
yokomiya_satsuki,4,93,
yokoshima_tadao,4,47,
yokosuka_saburo,4,10,
yokota_haruna,4,132,
yokoyama_chika,4,377,
yokoyama_ishimi,4,162,
yokoyama_nao,4,1008,
yokune_ruko,4,342,
yomako,4,209,
yomatsuri_akari,4,46,
yomemi,4,32,
yomi_(p&d),4,118,
yomi_(senran_kagura),4,474,
yomi_(trickcal),4,50,
yomi_(vesperbell),4,33,
yomi_hellsmile,4,125,
yomi_tsumugiha,4,40,
yomikawa_aiho,4,139,
yomiko_readman,4,309,
yomisawa_tsukino,4,37,
yomo_renji,4,33,
yomogawa_ayame,4,72,
yomogi_(monster_hunter),4,59,
yomotsu_hisami,4,591,
yomotsuka_makoto,4,48,
yona_(akatsuki_no_yona),4,153,
yona_(zelda),4,44,
yonab_(yonab),4,53,
yonaga_angie,4,1028,
yonagi_kei,4,40,
yonah,4,156,
yone_(league_of_legends),4,126,
yonebayashi_saiko,4,110,
yonehara_sousuke,4,75,
yoneme_mei,4,409,
yoneya_yousuke,4,35,
yonezawa_natsumi,4,243,
yong_(mg),4,30,
yonny_(pikmin),4,40,
yonomori_benio,4,77,
yonomori_kobeni,4,456,
yoo_joonghyuk,4,349,
yoo_joonghyuk_(999th_turn),4,106,
yoo_mina,4,180,
yoo_sena_(jagaimo_(kkamja)),4,34,
yoon_bum,4,37,
yor_briar,4,8112,
yorck_(azur_lane),4,85,
yorck_(breaker_under_the_blood_moon)_(azur_lane),4,31,
yorda,4,274,
yori_(princess_connect!),4,94,
yorick_(league_of_legends),4,60,
yorick_(shiori_novella),4,440,
yorigami_jo'on,4,2746,
yorigami_shion,4,3223,
yorihime_nao,4,56,
yorita_yoshino,4,730,
yoritomo_(housamo),4,62,
york_(azur_lane),4,65,
yorktown_(azur_lane),4,357,
yorktown_(warship_girls_r),4,53,
yorktown_ii_(azur_lane),4,124,
yorktown_ii_(bright-sky_mermaid)_(azur_lane),4,66,
yoroi_mikoto,4,55,
yoroizuka_mizore,4,1220,
yorozu_baku,4,21,
yorra_villeneuve_(nyantcha),4,181,
yoru_(chainsaw_man),4,1913,
yoru_(valorant),4,31,
yorumi_rena,4,1067,
yorumi_rena_(10th_costume),4,79,
yorumi_rena_(11th_costume),4,49,
yorumi_rena_(1st_costume),4,187,
yorumi_rena_(5th_costume),4,48,
yorumi_rena_(7th_costume),4,117,
yorumi_rena_(8th_costume),4,35,
yorumi_rena_(9th_costume),4,47,
yorumi_rena_(young),4,34,
yoruto_umi,4,59,
yosafire_(haiiro_teien),4,50,
yoshi,4,795,
yoshi_(nagatoro),4,67,
yoshida_ayumi,4,142,
yoshida_haru,4,38,
yoshida_hirofumi,4,496,
yoshida_kazumi,4,275,
yoshida_kochou,4,42,
yoshida_masaki,4,400,
yoshida_ryouko,4,277,
yoshida_saki,4,54,
yoshida_seiko,4,82,
yoshida_serina,4,57,
yoshida_shouyou,4,40,
yoshida_yuki_(given),4,56,
yoshida_yuki_(korezom),4,89,
yoshida_yuuko_(machikado_mazoku),4,2945,
yoshii_akihisa,4,145,
yoshikawa_chinatsu,4,1411,
yoshikawa_kikyou,4,75,
yoshikawa_mayuko,4,10,
yoshikawa_tomoko,4,59,
yoshikawa_yuki_(hori-san_to_miyamura-kun),4,46,
yoshikawa_yuuko,4,747,
yoshimi_(band)_(blue_archive),4,406,
yoshimi_(blue_archive),4,1255,
yoshimitsu_(namco),4,49,
yoshimoto_shizuka,4,103,
yoshimura_thi_mai,4,190,
yoshinaga_futaba,4,40,
yoshinaga_koi,4,127,
yoshino_(date_a_live),4,388,
yoshino_(minami-ke),4,33,
yoshino_(utaite),4,58,
yoshino_charles,4,37,
yoshino_chidori,4,260,
yoshino_junpei,4,57,
yoshino_sakura,4,118,
yoshinon,4,338,
yoshinoya_(hidamari_sketch),4,144,
yoshinoya_seine,4,44,
yoshioka_chie,4,204,
yoshioka_haru,4,58,
yoshioka_mamoru,4,45,
yoshioka_saki,4,135,
yoshioka_yuki,4,65,
yoshiori_(live_a_hero),4,34,
yoshitake_rika,4,45,
yoshitome_miharu,4,60,
yoshizawa_kasumi,4,1029,
yoshizawa_sumire,4,156,
yoshizuki_iori,4,58,
yosumi_(vtuber),4,40,
yotaka_aoi,4,15,
yotarou_(aoki_hagane_no_arpeggio),4,174,
yotsuba_(kyokugen_dasshutsu),4,64,
yotsuba_(sister_princess),4,81,
yotsuba_alice,4,1001,
yotsuba_satsuki,4,50,
yotsuba_tamaki,4,134,
yotsutsuji_mayoi,4,37,
yotsuya_miko,4,254,
yotsuya_yumi,4,68,
yotsuyu_goe_brutus,4,425,
you'tan_(wuthering_waves),4,35,
you_(granblue_fantasy),4,90,
you_hiori,4,30,
you_jiujiu,4,123,
you_marino,4,33,
you_mizuno,4,56,
youjo_(creek_(moon-sky)),4,118,
youkai_fox_(forbidden_scrollery),4,32,
youkai_fox_(wild_and_horned_hermit),4,83,
youko_(girls_und_panzer),4,315,
youko_(inukami),4,78,
youko_(monster_musume),4,46,
youko_(onmyoji),4,50,
youko_(tactics),4,64,
youko_kurama,4,54,
young_blood_bloodhound,4,36,
young_cricket,4,67,
young_eraqus,4,47,
young_genji,4,30,
young_link,4,971,
young_zelda,4,305,
youngchun_(trickcal),4,25,
younger_sister_(childhood_friend_series),4,52,
younger_sister_(elona),4,37,
younger_twin_sister_(muninshiki),4,57,
youngster_(pokemon),4,228,
youta_(carrot_robosquat),4,45,
youtou_hime_(onmyoji),4,96,
youzen,4,42,
yowai_totoko,4,435,
yowane_haku,4,1779,
yowaneko,4,55,
yoyo_(nikki),4,21,
yoyohara_tsukasa,4,122,
yozakura_(senran_kagura),4,366,
yozakura_tama,4,109,
yozora_mel,4,1015,
yozora_mel_(1st_costume),4,131,
yozora_mel_(2nd_costume),4,209,
yozora_mel_(5th_costume),4,33,
yozora_mel_(jirai_kei),4,60,
yozora_mel_(streetwear),4,49,
yozuna_niu,4,46,
yrel,4,37,
ys_aqua,4,91,
ysayle_dangoulain,4,115,
yssring_leavtruth,4,50,
yste,4,126,
yu'nyanko-chan_(yu'nyanko),4,77,
yu-bird,4,46,
yu_(bosshi),4,120,
yu_(puyopuyo),4,83,
yu_geum-i,4,50,
yu_iseol_(return_of_the_mount_hua_sect),4,78,
yu_mei-ren_(fate),4,2177,
yu_mei-ren_(festival_outfit)_(fate),4,78,
yu_mei-ren_(first_ascension)_(fate),4,354,
yu_mei-ren_(spare_the_idle_talk)_(fate),4,47,
yu_mei-ren_(swimsuit_lancer)_(fate),4,353,
yu_q._wilson,4,52,
yua_(your_diary),4,84,
yua_serufu,4,319,
yuan_(yeougui),4,14,
yuan_ji,4,34,
yuanhua_(shin_sangoku_musou),4,10,
yuasa_hiromi,4,105,
yuba_takuma,4,34,
yubaba,4,40,
yubel,4,240,
yubelluna,4,54,
yue-chan,4,31,
yue_(arifureta),4,99,
yue_(cardcaptor_sakura),4,136,
yue_(chinese_wife_diary),4,361,
yue_qingshu_(xianjian_qixia_zhuan_7),4,30,
yuegui_(genshin_impact),4,438,
yuel,4,54,
yuel_(granblue_fantasy),4,727,
yueying_(shin_sangoku_musou),4,22,
yuezheng_ling,4,241,
yuezheng_longya,4,44,
yuffie_kisaragi,4,2058,
yufine_(epic_seven),4,111,
yugen_ushitora,4,12,
yugi_tsukasa,4,57,
yugiri_mistwalker,4,66,
yugiri_perserte,4,59,
yugiri_princesca,4,36,
yugiri_tsuzuri,4,2134,
yugo_asuma,4,85,
yui_(angel_beats!),4,1189,
yui_(astral)_(princess_connect!),4,35,
yui_(ceremonial)_(princess_connect!),4,272,
yui_(kuro_kosyou),4,57,
yui_(new_year)_(princess_connect!),4,43,
yui_(ogino_atsuki),4,42,
yui_(princess)_(princess_connect!),4,78,
yui_(princess_connect!),4,1099,
yui_(real)_(princess_connect!),4,52,
yui_(sao),4,513,
yui_(sao-alo),4,253,
yui_(sky-freedom),4,72,
yui_(summer)_(princess_connect!),4,81,
yui_(yomawari),4,53,
yui_shousetsu_(fate),4,425,
yui_shousetsu_(first_ascension)_(fate),4,158,
yui_shousetsu_(second_ascension)_(fate),4,45,
yui_tsuruno,4,366,
yuigahama_yui,4,1466,
yuigahama_yui's_mother,4,276,
yuiki_yaya,4,43,
yuinshiel_asteria,4,77,
yuisis_(granblue_fantasy),4,279,
yuit_(queen's_blade),4,42,
yuitsuka_inori,4,82,
yuiyui_(konosuba),4,49,
yujin_(project_moon),4,52,
yujin_mikotoba,4,37,
yuka_(gore_screaming_show),4,36,
yukana,4,55,
yukari_(blue_archive),4,535,
yukari_(momoko),4,82,
yukari_(princess_connect!),4,136,
yukari_miyuri,4,55,
yukaribe_setsuko,4,82,
yukata_(yume_2kki),4,48,
yuki-chan,4,98,
yuki-onna_the_ice_mayakashi,4,40,
yuki_(agent_aika),4,35,
yuki_(cencoroll),4,87,
yuki_(idolish7),4,83,
yuki_(luupechi),4,33,
yuki_(ookami_kodomo),4,42,
yuki_(otosuki),4,48,
yuki_(princess_connect!),4,78,
yuki_(touhou),4,452,
yuki_(zomb),4,15,
yuki_aine,4,251,
yuki_akira,4,73,
yuki_judai,4,579,
yuki_len,4,45,
yuki_madoka,4,141,
yuki_miku,4,3431,
yuki_miku_(2010),4,165,
yuki_miku_(2011),4,341,
yuki_miku_(2012),4,199,
yuki_miku_(2013),4,231,
yuki_miku_(2014),4,328,
yuki_miku_(2015),4,226,
yuki_miku_(2016),4,108,
yuki_miku_(2017),4,328,
yuki_miku_(2018),4,205,
yuki_miku_(2018)_(applicant),4,40,
yuki_miku_(2019),4,297,
yuki_miku_(2020),4,161,
yuki_miku_(2021),4,258,
yuki_miku_(2022),4,218,
yuki_miku_(2023),4,96,
yuki_miku_(2024),4,86,
yuki_miku_(2024)_(applicant),4,32,
yuki_miku_(2024)_(candidate_no.4),4,30,
yuki_onna_(nurarihyon_no_mago),4,166,
yuki_onna_(onmyoji),4,55,
yuki_onna_(ring_dream),4,59,
yuki_rin,4,56,
yuki_setsuna,4,153,
yuki_setsuna_(kujibikido_swimsuit),4,32,
yuki_setsuna_(love_live!),4,585,
yukico-tan,4,241,
yukihana_lamy,4,4806,
yukihana_lamy_(1st_costume),4,1742,
yukihana_lamy_(4th_costume),4,221,
yukihana_lamy_(5th_costume),4,33,
yukihana_lamy_(casual),4,280,
yukihana_lamy_(loungewear),4,67,
yukihana_lamy_(new_year),4,147,
yukihana_lamy_(roomwear),4,534,
yukihira_itsuka,4,37,
yukihira_rei,4,33,
yukihira_souma,4,173,
yukihiro_ayaka,4,136,
yukikaze_(azur_lane),4,388,
yukikaze_(kancolle),4,6931,
yukikaze_(sovereign_of_the_swing)_(azur_lane),4,54,
yukikaze_(warship_girls_r),4,65,
yukikaze_kai_ni_(kancolle),4,402,
yukikaze_maya,4,11,
yukikaze_panettone,4,489,
yukiko_hime,4,79,
yukimaru_(disgaea),4,59,
yukime_(jigoku_sensei_nube),4,97,
yukime_(kagejitsu),4,23,
yukimi_(yagi),4,47,
yukimi_koume,4,111,
yukimin_(yukihana_lamy),4,339,
yukimura_anzu,4,60,
yukimura_aoi,4,741,
yukimura_chizuru,4,118,
yukimura_hyouga,4,82,
yukimura_seiichi,4,43,
yukimura_shinya,4,57,
yukimura_tokine,4,33,
yukimura_touko,4,30,
yukimura_yoichi,4,55,
yukina_(kabaneri),4,49,
yukina_(yu_yu_hakusho),4,107,
yukine_(noragami),4,64,
yukine_chris,4,2626,
yukine_chris_(another),4,37,
yukino_(blue_archive),4,183,
yukino_(zeroshiki_kouichi),4,54,
yukino_bijin_(casual)_(umamusume),4,37,
yukino_bijin_(cute_sweet_flower_of_mutsu)_(umamusume),4,67,
yukino_bijin_(umamusume),4,381,
yukino_kanae,4,68,
yukino_ko_(yukino_shiratama),4,40,
yukino_sayuri,4,60,
yukino_shigure,4,133,
yukinokouji_nobara,4,59,
yukinoshita_haruno,4,181,
yukinoshita_yukino,4,1617,
yukipo,4,32,
yukishiro_akira,4,79,
yukishiro_honoka,4,1587,
yukishiro_mahiro,4,102,
yukishiro_nanako,4,34,
yukishiro_reika,4,37,
yukishiro_tomoe,4,59,
yukishita_miyuri,4,34,
yukizome_chisa,4,248,
yukkronii_(ouro_kronii),4,42,
yuko_(chainsaw_man),4,50,
yuko_yurei,4,33,
yukoku_kiriko,4,1151,
yukoku_roberu,4,370,
yukoku_roberu_(1st_costume),4,35,
yukong_(honkai:_star_rail),4,221,
yuksi_(yuksi),4,40,
yukue_fumei,4,13,
yulha_(nikke),4,80,
yuli_(pop'n_music),4,41,
yulia_valkova,4,37,
yulie_ahtreide,4,108,
yuliya_(fire_emblem),4,31,
yulong_(journey_to_the_west),4,210,
yuma_(ebisujima_misato),4,135,
yuma_kokohead,4,313,
yumasaki_walker,4,75,
yume_(blue_archive),4,772,
yume_(grimgar),4,85,
yume_aoi,4,43,
yume_urara,4,40,
yumechi_(akiba_maid_sensou),4,35,
yumehara_nozomi,4,1020,
yumei,4,34,
yumeka_(kameari_shinkin_bank),4,11,
yumeka_tsukishiro,4,41,
yumekawa-chan_(ezaki_bisuko),4,34,
yumekawa_ruru,4,42,
yumekawa_shogo,4,88,
yumekawa_yui,4,337,
yumekichi,4,42,
yumeko_(touhou),4,851,
yumekui-baku_(genshin_impact),4,15,
yumemi_(uchihime),4,44,
yumemi_riamu,4,5007,
yumemizuki_mizuki_(parallels_meet),4,10,
yumeno_akari,4,57,
yumeno_gentaro,4,79,
yumeno_haru_(yunekoko),4,201,
yumeno_himiko,4,1346,
yumeno_kanade,4,53,
yumeno_koto,4,38,
yumeno_shiori,4,32,
yumeno_uta,4,165,
yumeoi_kakeru,4,211,
yumeoi_kakeru_(1st_costume),4,39,
yumeoji_fumi,4,38,
yumeoji_shiori,4,99,
yumesaki_emiko,4,41,
yumesaki_kaede_(game_club_project),4,43,
yumeshima_kanata,4,40,
yumi_(nt00),4,105,
yumi_(senran_kagura),4,1242,
yumi_(tsukiman),4,38,
yumi_sayaka,4,152,
yumia_liessfeldt,4,39,
yumina_elnea_belfast,4,52,
yumiya_rakko,4,41,
yumizuka_satsuki,4,656,
yumizuru_eleanora,4,40,
yumkasaurus_(genshin_impact),4,47,
yun_(simoun),4,106,
yun_jin_(genshin_impact),4,810,
yun_lee,4,173,
yun_yun_(doupo_cangqiong),4,139,
yuna_(biya_(1024)),4,164,
yuna_(ff10),4,1049,
yuna_(kuma_kuma_kuma_bear),4,64,
yuna_(mega_man),4,88,
yuna_(sao),4,118,
yuna_(veyonis),4,44,
yunael,4,33,
yunaka_(fire_emblem),4,596,
yunaka_(fire_emblem)_(spirited_envoy),4,92,
yunaka_(stealthy_imitator)_(fire_emblem),4,42,
yune_(ayanepuna),4,83,
yune_(fire_emblem),4,387,
yune_(ikoku_meiro_no_croisee),4,124,
yuneri_(azuki_akizuki),4,56,
yungoos,4,72,
yuni_(nikke),4,108,
yuni_(precure),4,378,
yuni_(princess_connect!),4,922,
yuni_(real)_(princess_connect!),4,105,
yuni_(school_festival)_(princess_connect!),4,96,
yuni_(yuni_channel),4,103,
yunifi_(unicorn_overlord),4,35,
yuniiho_(vtuber),4,90,
yuniko_moontail,4,32,
yunli_(honkai:_star_rail),4,650,
yuno_(black_clover),4,91,
yuno_(hidamari_sketch),4,1395,
yunobo,4,46,
yunoha_thrul,4,205,
yunohana_bloom_(umamusume),4,25,
yunohana_yuuna,4,90,
yunohara_izumi,4,79,
yunoki_rina,4,36,
yunomiya_agari,4,271,
yunyun_(canaan),4,34,
yunyun_(konosuba),4,1165,
yura_(kancolle),4,2481,
yura_kai_ni_(kancolle),4,461,
yurako-san_(tama),4,48,
yuramon,4,30,
yuran_(erubo),4,35,
yuri_(dirty_pair),4,376,
yuri_(dirty_pair_flash),4,50,
yuri_(doki_doki_literature_club),4,1013,
yuri_(etra-chan_wa_mita!),4,39,
yuri_(girls_und_panzer),4,115,
yuri_(project_moon),4,204,
yuri_(quiz_magic_academy),4,49,
yuri_alpha,4,61,
yuri_briar,4,330,
yuri_di_aristel,4,12,
yuri_eberwein,4,72,
yuri_hyuga,4,85,
yuri_leclerc,4,168,
yuri_lowell,4,1487,
yuri_lowell_(light_fedrock_uniform),4,34,
yuri_lowell_(reliable_senior),4,114,
yuri_lowell_(true_knight),4,39,
yuri_meichi,4,31,
yuri_petrov,4,354,
yuri_plisetsky,4,993,
yuri_sakazaki,4,796,
yuri_seo,4,216,
yuria_(hokuto_no_ken),4,40,
yuria_of_londor,4,47,
yuria_shardet,4,98,
yuria_the_witch,4,51,
yurie_sigtuna,4,91,
yurie_the_last_scholar,4,56,
yurigasaki_lulu,4,120,
yurika_(tiny_evil),4,45,
yurika_a_lutwidge_(lokulo_no_mawashimono),4,50,
yurikawa_hana,4,57,
yurikawa_midori,4,39,
yurikawa_saki,4,54,
yuriko_(gnosia),4,105,
yurin_leciel,4,103,
yurina_(rune_(dualhart)),4,88,
yurishia_farandole,4,64,
yurishiro_ginko,4,123,
yurizaki_mira,4,136,
yurodstvo_(arknights),4,10,
yurul,4,42,
yusa_(angel_beats!),4,314,
yusa_(jashin-chan_dropkick),4,30,
yusa_akane,4,37,
yusa_emi,4,285,
yusa_hazuki,4,44,
yusa_kozue,4,1035,
yushiro_(kimetsu_no_yaiba),4,31,
yusuf_dikec,4,109,
yutenji_yayoi,4,10,
yuu_(kyata_ti666),4,48,
yuu_(osananajimi_no_h_na_onee-san),4,36,
yuu_(re:lief),4,34,
yuu_(super_real_mahjong),4,45,
yuu_(tiny_evil),4,99,
yuu_(twisted_wonderland),4,741,
yuubari_(azur_lane),4,49,
yuubari_(kancolle),4,4262,
yuubari_gogo,4,38,
yuubari_kai_ni_(kancolle),4,435,
yuudachi_(azur_lane),4,870,
yuudachi_(kancolle),4,11622,
yuudachi_(retrofit)_(azur_lane),4,36,
yuudachi_(shogun_of_snowballs)_(azur_lane),4,106,
yuudachi_(the_bride_of_solomon)_(azur_lane),4,38,
yuudachi_(woofy_floofy_christmas_night)_(azur_lane),4,30,
yuudachi_kai_ni_(kancolle),4,8341,
yuugenmagan,4,171,
yuugiri_(zombie_land_saga),4,517,
yuugiri_ayano,4,70,
yuugo_(pokemon),4,25,
yuugo_(yu-gi-oh!),4,120,
yuugumo_(kancolle),4,2081,
yuugumo_kai_ni_(kancolle),4,246,
yuugure_(azur_lane),4,47,
yuugure_(kancolle),4,95,
yuugure_(towa_no_yuugure),4,14,
yuuhi_(cookie),4,220,
yuuhi_korona,4,42,
yuuhi_kurenai,4,188,
yuuhi_riri,4,300,
yuuhi_riri_(1st_costume),4,55,
yuuhi_riri_(4th_costume),4,50,
yuujin_(pageratta),4,49,
yuuka_(blue_archive),4,11170,
yuuka_(track)_(blue_archive),4,2957,
yuuki-chan_(kanabun),4,127,
yuuki_(gurande),4,34,
yuuki_(kameari_shinkin_bank),4,10,
yuuki_(princess_connect!),4,1047,
yuuki_(sao),4,1114,
yuuki_anju,4,184,
yuuki_aoi,4,223,
yuuki_chigusa,4,34,
yuuki_chihiro,4,357,
yuuki_chihiro_(1st_costume),4,65,
yuuki_chihiro_(8th_costume),4,36,
yuuki_haru,4,1402,
yuuki_haruna,4,65,
yuuki_juudai,4,934,
yuuki_kanade,4,34,
yuuki_kei,4,163,
yuuki_makoto_(ensemble_stars!),4,120,
yuuki_makoto_(persona_3),4,3429,
yuuki_mama,4,31,
yuuki_miaka,4,38,
yuuki_mikan,4,1180,
yuuki_miyaka,4,36,
yuuki_mizuho,4,121,
yuuki_nae,4,100,
yuuki_nanase,4,53,
yuuki_nao,4,194,
yuuki_noa,4,136,
yuuki_nona,4,65,
yuuki_rito,4,463,
yuuki_sakuna_(3rd_costume),4,209,
yuuki_setsuna_(love_live!),4,1702,
yuuki_shinjuurou,4,37,
yuuki_subaru,4,30,
yuuki_terumi,4,111,
yuuki_yuuna,4,675,
yuuko-san_(izure),4,14,
yuul_b_alwright_(mythbreakers),4,34,
yuuma_(renkin_san-kyuu_magical_pokaan),4,220,
yuumi_(league_of_legends),4,113,
yuumura_kirika,4,93,
yuunagi_tsubasa,4,470,
yuunagi_tsubasa_(bird),4,78,
yuuno_arashiko,4,58,
yuuno_scrya,4,648,
yuurei-chan,4,54,
yuuri_(saikin_yatotta_maid_ga_ayashii),4,162,
yuuri_(shoujo_shuumatsu_ryokou),4,940,
yuuri_(yu-gi-oh!),4,101,
yuuri_lessen,4,63,
yuuri_shachi,4,38,
yuusaki_riko,4,78,
yuusha_(maoyuu),4,115,
yuusha_masatoshi,4,67,
yuuta_(sonic),4,11,
yuuta_kanami,4,66,
yuutenji_mishio,4,31,
yuutenji_nyamu,4,319,
yuutenji_nyamu_(feline),4,45,
yuuto_(yu-gi-oh!),4,128,
yuuyami_no_mikazuki,4,39,
yuyake_hino,4,71,
yuyaki_(senran_kagura),4,102,
yuyu_(flip_flappers),4,35,
yuyusu_(cookie),4,121,
yuzaki_tatami,4,34,
yuzaki_tsukasa,4,54,
yuzu-chan,4,45,
yuzu_(blue_archive),4,2583,
yuzu_(konohana_kitan),4,69,
yuzu_(mahjong_soul),4,97,
yuzu_(maid)_(blue_archive),4,551,
yuzuha_(utawarerumono),4,93,
yuzuha_(vtuber),4,34,
yuzuha_riko,4,34,
yuzuhara_haruka,4,127,
yuzuhara_konomi,4,866,
yuzuhara_yuzumi,4,33,
yuzuki_choco,4,1902,
yuzuki_choco_(1st_costume),4,709,
yuzuki_choco_(6th_costume),4,53,
yuzuki_choco_(hololive_summer_2019),4,86,
yuzuki_choco_(maid),4,111,
yuzuki_choco_(new_year),4,37,
yuzuki_choco_(nurse),4,64,
yuzuki_roa,4,352,
yuzuki_roa_(1st_costume),4,169,
yuzuki_roa_(3rd_costume),4,52,
yuzuki_yukari,4,7281,
yuzuki_yukari's_younger_twin_brother,4,72,
yuzuki_yukari_(a.i._voice),4,58,
yuzuki_yukari_(lin),4,99,
yuzuki_yukari_(nagi),4,67,
yuzuki_yukari_(onn),4,124,
yuzuki_yukari_(rei),4,69,
yuzuki_yukari_(shizuku),4,379,
yuzuki_yukari_(vocaloid4),4,123,
yuzumoto_hitomi,4,33,
yuzuriha_(etra-chan_wa_mita!),4,46,
yuzuriha_(jigokuraku),4,220,
yuzuriha_(under_night_in-birth),4,306,
yuzuriha_inori,4,1839,
yuzuriha_kotoko,4,36,
yuzurizaki_nero,4,199,
yuzuru_(sekiya_asami),4,31,
yuzuruha,4,98,
yuzuyu_(cookie),4,44,
yveltal,4,188,
yves_astroel,4,36,
yvonne_(mawaridi),4,72,
yvraine,4,42,
yzak_joule,4,146,
z'gok,4,97,
z'gok_char_custom,4,41,
z-chan,4,39,
z-one,4,32,
z16_friedrich_eckoldt_(warship_girls_r),4,45,
z18_(azur_lane),4,49,
z19_hermann_kunne_(azur_lane),4,62,
z1_leberecht_maass_(azur_lane),4,144,
z1_leberecht_maass_(kancolle),4,3108,
z20_karl_galster_(azur_lane),4,34,
z23_(azur_lane),4,1670,
z23_(breezy_doubles)_(azur_lane),4,43,
z23_(philosophy_sensei)_(azur_lane),4,62,
z23_(retrofit)_(azur_lane),4,56,
z23_(schwarze_hochzeit)_(azur_lane),4,55,
z23_(serious_idol_@acting_manager?!)_(azur_lane),4,35,
z23_(the_banquet's_honor_student)_(azur_lane),4,35,
z23_(the_eyecatch_in_the_rye?)_(azur_lane),4,38,
z23_(upgrade_failure?!)_(azur_lane),4,65,
z24_(azur_lane),4,46,
z28_(azur_lane),4,30,
z2_georg_thiele_(azur_lane),4,51,
z35_(azur_lane),4,68,
z36_(azur_lane),4,34,
z3_max_schultz_(kancolle),4,3043,
z46_(azur_lane),4,610,
z46_(girls'_relay)_(azur_lane),4,39,
z46_(her_first_summer)_(azur_lane),4,87,
z47_(azur_lane),4,36,
z_(reverse:1999),4,88,
zabaniyya_(fashionista_suit)_(housamo),4,36,
zabaniyya_(fashionista_swimsuit)_(housamo),4,44,
zabaniyya_(halloween)_(housamo),4,48,
zabaniyya_(housamo),4,1010,
zabel_zarock,4,145,
zac_(league_of_legends),4,157,
zacian,4,258,
zacian_(crowned),4,151,
zacian_(hero),4,61,
zack_fair,4,1372,
zafina_(tekken),4,57,
zafira,4,346,
zagreus_(hades),4,509,
zaha,4,32,
zahlhamelina,4,50,
zain_(omaru_polka),4,296,
zaion_lanza,4,72,
zaizen_aoi,4,245,
zaizen_tokiko,4,371,
zaizen_touko,4,80,
zaki_(justice_gakuen),4,47,
zaku,4,421,
zaku_i,4,62,
zaku_ii,4,660,
zaku_ii_f/j,4,105,
zaku_ii_f2,4,30,
zaku_ii_fz_kai,4,68,
zaku_ii_s_char_custom,4,221,
zakuro_(otome_youkai_zakuro),4,65,
zakuro_(rariatto),4,223,
zamasu,4,195,
zamazenta,4,141,
zamazenta_(crowned),4,73,
zamazenta_(hero),4,40,
zambot_3,4,38,
zan_partizanne,4,160,
zange,4,435,
zangetsu,4,43,
zangief,4,590,
zangoose,4,260,
zangya,4,60,
zangyaku-san,4,264,
zani_(downtown_repose)_(wuthering_waves),4,124,
zant,4,39,
zantetsu_(gesogeso),4,33,
zao_(housamo),4,61,
zap_renfro,4,97,
zapdos,4,315,
zapfish,4,136,
zappa,4,39,
zapstring_(wuthering_waves),4,165,
zara_(azur_lane),4,1256,
zara_(kancolle),4,1254,
zara_(poolside_coincidence)_(azur_lane),4,893,
zara_(queen's_blade),4,34,
zara_due_(kancolle),4,134,
zara_moussa,4,44,
zaraki_kenpachi,4,147,
zarbon,4,59,
zarc,4,35,
zarik_kajiwara,4,37,
zarude,4,52,
zarya_(overwatch),4,327,
zas_m21_(girls'_frontline),4,340,
zas_m21_(white_queen)_(girls'_frontline),4,55,
zasha_(fire_emblem),4,13,
zashiki-warashi_(xxxholic),4,30,
zatanna_zatara,4,106,
zato-1,4,117,
zatsune_miku,4,135,
zaveid_(tales),4,95,
zax_magma,4,42,
zayne_(love_and_deepspace),4,184,
zaza_(hollow_knight),4,18,
zazie_rainyday,4,75,
zb-26_(girls'_frontline),4,74,
zdrada_(helltaker),4,580,
zea_cornelia,4,102,
zealotus,4,33,
zebrina_(show_by_rock!!),4,39,
zebstrika,4,254,
zechs_merquise,4,45,
zed_(league_of_legends),4,152,
zed_(wild_arms),4,38,
zed_o'_brien,4,39,
zeke_von_genbu_(xenoblade),4,348,
zeke_yeager,4,144,
zekrom,4,465,
zel_(ishuzoku_reviewers),4,50,
zelestia_(fire_emblem),4,49,
zelgadiss_graywords,4,154,
zelgius_(fire_emblem),4,59,
zelkov_(fire_emblem),4,59,
zell_dincht,4,109,
zelo_(len'en),4,33,
zelos_wilder,4,230,
zelsius,4,109,
zemi_mama,4,73,
zen'in_mai,4,133,
zen'in_maki,4,769,
zen'in_naoya,4,47,
zen_(susanghan_messenger),4,31,
zen_wistalia,4,45,
zena_(project_moon),4,87,
zenigata_kouichi,4,182,
zenigata_mawari,4,98,
zenith_(peach88),4,45,
zenith_(poolside_guardian)_(brown_dust),4,35,
zenith_greyrat,4,65,
zenkai_magine,4,43,
zenno_rob_roy_(casual)_(umamusume),4,52,
zenno_rob_roy_(magical_heroine)_(umamusume),4,30,
zenno_rob_roy_(umamusume),4,531,
zeno_1/128,4,31,
zenobia_(fate),4,390,
zenobia_(xenoblade),4,34,
zenon_zogratis,4,41,
zenos_yae_galvus,4,201,
zenpouji_isaku,4,44,
zentreya,4,452,
zentreya_(cyborg),4,196,
zentreya_(cyborg)_(1st_costume),4,75,
zentreya_(cyborg)_(regal),4,41,
zentreya_(dragon),4,194,
zentreya_(dragon)_(1st_costume),4,36,
zentreya_(dragon)_(3rd_costume),4,34,
zentreya_(dragon)_(dungeon_master),4,28,
zenyatta_(overwatch),4,148,
zeong,4,131,
zeorymer,4,54,
zepar,4,130,
zepar_(megido72),4,44,
zephia_(fire_emblem),4,53,
zephiel_(fire_emblem),4,31,
zephirin_de_valhourdin,4,116,
zeppy_(azur_lane),4,104,
zeraora,4,269,
zerg_(starcraft),4,60,
zeri_(league_of_legends),4,144,
zero(z)_(mega_man),4,821,
zero_(code_geass),4,443,
zero_(drag-on_dragoon),4,466,
zero_(ff14),4,193,
zero_(kamen_rider_zeztz),4,10,
zero_(katana_zero),4,53,
zero_(kirby),4,107,
zero_(mega_man),4,1631,
zero_(zero_kara_hajimeru_mahou_no_sho),4,108,
zero_the_flash,4,40,
zero_two_(darling_in_the_franxx),4,4159,
zero_two_(kirby),4,185,
zerozaki_hitoshiki,4,33,
zeru_(zerocat),4,50,
zeruel_(evangelion),4,67,
zerukalo_(cookie),4,33,
zessica_wong,4,428,
zest,4,74,
zeta_(dark)_(granblue_fantasy),4,100,
zeta_(granblue_fantasy),4,1390,
zeta_(halloween)_(granblue_fantasy),4,36,
zeta_(kage_no_jitsuryokusha_ni_naritakute!),4,39,
zeta_(kagejitsu),4,146,
zeta_(summer)_(granblue_fantasy),4,317,
zeta_(vtuber),4,92,
zeta_gundam_(mobile_suit),4,423,
zeta_plus,4,51,
zethia,4,98,
zetsu_(naruto),4,41,
zetta_(phantom_kingdom),4,70,
zetton,4,169,
zeus_(fate),4,48,
zeus_(one_piece),4,96,
zexion,4,101,
zhang_fei_(romance_of_the_three_kingdoms),4,34,
zhang_hao,4,81,
zhao_linger,4,101,
zhao_tianyou,4,61,
zhao_yun,4,36,
zhao_yuwen,4,61,
zhen_ji,4,56,
zheng_chenggong_(fate),4,161,
zhenji_(shin_sangoku_musou),4,61,
zhezhi_(wuthering_waves),4,181,
zhi_(arknights),4,122,
zhiyu_moke,4,72,
zhong_lanzhu,4,811,
zhong_lanzhu_(kujibikido_swimsuit),4,36,
zhongli_(archon)_(genshin_impact),4,545,
zhongli_(genshin_impact),4,8874,
zhongli_(lantern_rite)_(genshin_impact),4,35,
zhou_mingrui,4,44,
zhou_quiluo,4,31,
zhu_bajie,4,276,
zhu_yaoxing,4,162,
zhu_yuan,4,1620,
zhuang_fangyi_(arknights),4,774,
zhuge_kongming_(honkai_impact),4,271,
zhuge_kongming_(paripi_koumei),4,40,
zhuge_liang,4,47,
zhurong_(housamo),4,40,
zi_nu_(qinshi_mingyue),4,43,
ziche_fuqing,4,32,
ziche_fuzhao,4,1174,
zidane_tribal,4,1185,
ziggs,4,59,
ziggy_(xenosaga),4,20,
zigzagoon,4,186,
zilch_alexander,4,128,
zilvern,4,33,
zim_(invader_zim),4,63,
zima_(arknights),4,705,
zima_(ready_to_go)_(arknights),4,50,
zima_(reverse:1999),4,58,
zima_(ursus)_(arknights),4,31,
zinnia_(pokemon),4,517,
zinogre,4,151,
zircon_(houseki_no_kuni),4,59,
ziz_(housamo),4,54,
ziz_glover,4,89,
zock,4,31,
zodd_(berserk),4,74,
zodiac_(sekaiju),4,150,
zodiac_2_(sekaiju),4,64,
zodiac_4_(sekaiju),4,65,
zoe_(league_of_legends),4,350,
zoe_(spacezin),4,45,
zoe_rayne,4,46,
zoenuria_(eurasia),4,14,
zoey_(left_4_dead),4,90,
zoey_(pokemon),4,51,
zohakuten_(kimetsu_no_yaiba),4,33,
zoisite_(sailor_moon),4,69,
zola_(blue_dragon),4,40,
zom,4,48,
zoma,4,34,
zombie_(minecraft),4,132,
zombie_fairy_(touhou),4,427,
zombieman,4,55,
zombina_(monster_musume),4,134,
zon_(dungeon_meshi),4,52,
zone-tan,4,234,
zonko,4,58,
zooble_(the_amazing_digital_circus),4,53,
zooey_(granblue_fantasy),4,799,
zooey_(summer)_(granblue_fantasy),4,270,
zorayas,4,36,
zoroark,4,505,
zorome_(darling_in_the_franxx),4,145,
zorua,4,726,
zossie_(pokemon),4,78,
zoushi_kanai,4,63,
zoya_(path_to_nowhere),4,192,
zoya_petrovna_vecheslova,4,513,
zu-mebio-da,4,32,
zubat,4,335,
zudomon,4,37,
zuifeng_tenkai,4,362,
zuihou_(azur_lane),4,37,
zuihou_(kancolle),4,3710,
zuihou_kai_ni_(kancolle),4,53,
zuikaku_(azur_lane),4,793,
zuikaku_(ceremonial_crane)_(azur_lane),4,37,
zuikaku_(kancolle),4,10280,
zuikaku_(race_queen)_(kancolle),4,16,
zuikaku_(the_wind's_true_name)_(azur_lane),4,162,
zuikaku_kai_(kancolle),4,78,
zuikaku_kai_ni_(kancolle),4,601,
zuiun_(kancolle),4,87,
zuko,4,179,
zun,4,305,
zundamon,4,1577,
zuo_le_(arknights),4,170,
zuri_(desva),4,10,
zwei_(nikke),4,46,
zwei_(rwby),4,93,
zweilous,4,65,
zygarde,4,249,
zygarde_(10%),4,42,
zygarde_(50%),4,80,
zygarde_(complete),4,45,
zygarde_core,4,104,
zyra,4,162,
zz_gundam,4,165,
