.com_(bot_com1),1,120,
.sin,1,226,
0-den,1,236,
0002koko,1,142,
00047,1,208,
00kashian00,1,209,
013_(hamsasuke),1,250,
01_0219,1,115,
0202ase,1,124,
0321smith,1,152,
0725akaba,1,286,
0930erina,1,253,
0_(znanimo),1,155,
0jae,1,149,
100percent_park,1,116,
1041_(toshikazu),1,218,
108_gou,1,201,
10eki_(tenchou),1,321,
10mo,1,356,
119,1,426,
11kkr,1,128,
122pxsheol,1,144,
123456dyom,1,111,
12_graka,1,118,
13-gou,1,118,
13_(bbr584607091),1,122,
13_(spice!!),1,384,
147,1,110,
14_(vision5032),1,227,
14sai_bishoujo_(shoutarou),1,147,
152_in_can,1,144,
159cm,1,153,
1672,1,142,
16_ban,1,107,
1991_(blz),1,114,
1=2,1,151,
1jumangoku,1,297,
1nilla',1,120,
1nupool,1,164,
1ssakawaguchi,1,254,
2-butani,1,275,
2-g,1,139,
200f_(nifu),1,193,
203wolves,1,254,
212_(kisaragi),1,119,
216,1,185,
218,1,237,
21yc_(september_breeze),1,192,
221_(tsutsuichi),1,139,
23_(candy_chapus),1,143,
23_(real_xxiii),1,708,
258n,1,281,
28_(282teeth),1,241,
2b-ge,1,146,
2drr,1,185,
2dswirl,1,111,
2equal8,1,232,
2gong_(9ujin_),1,125,
2l_(2lsize),1,217,
2poet,1,133,
2sham,1,116,
2zuz4hru,1,204,
3.14,1,110,
30-06,1,189,
3104_(3104milkshake),1,146,
32zzz,1,162,
33_gaff,1,171,
343rone,1,115,
34_(sanjushi),1,115,
34no404,1,122,
3774.,1,136,
38_(sanjuuhachi),1,173,
39_iduki,1,118,
3_(sanyako1),1,285,
3_small_spiders,1,371,
3d_rod!,1,106,
3four,1,283,
3gs,1,165,
3j_dangan,1,115,
3u,1,139,
40010prototype,1,296,
4040_(abonriya),1,116,
40_(0f0urw),1,142,
40hara,1,828,
42u16,1,153,
43_pon,1,293,
463_jun,1,268,
4690_(tkpbsk),1,133,
47agdragon,1,462,
49s-aragon,1,315,
4_(nakajima4423),1,199,
4b-enpitsu,1,198,
4qw5,1,243,
4shi,1,369,
4suke,1,212,
547th_sy,1,419,
54hao,1,269,
58_(opal_00_58),1,152,
5altybitter5,1,237,
5danny1206,1,335,
5rwpvc,1,259,
5saiji,1,111,
5t_(5t_000),1,172,
5tatsu,1,124,
5tb,1,127,
60mai,1,556,
69_(tranquilo),1,133,
6_(yuchae),1,1151,
6_yin,1,122,
6maker,1,119,
6u_(eternal_land),1,613,
7001,1,129,
7010,1,1026,
71,1,360,
723/nanahumi,1,185,
73suke,1,117,
74,1,397,
770mk,1,151,
774_(nanashi),1,779,
778-go,1,118,
77gl,1,281,
78rr,1,107,
7_calpis_7,1,144,
7aka_ne11,1,117,
7fuji_06,1,122,
7gao,1,245,
7ife,1,182,
7lark,1,107,
7saki,1,435,
7zu7,1,157,
8-gou_(mechanist08),1,171,
80isiiii,1,135,
82jhin,1,148,
846-gou,1,636,
888myrrh888,1,146,
8931ponzu,1,270,
8_(yamalu),1,146,
8kumagawa_(log),1,128,
91007,1,124,
92m,1,1146,
9474s0ul,1,111,
9610_(kuroto),1,248,
96nokimihito,1,126,
96yottea,1,126,
9is,1,138,
9law,1,716,
9rimson,1,121,
=_(9_yawbus),1,123,
@@@,1,223,
@est@,1,135,
^jj^,1,199,
a-ka,1,525,
a-nya,1,160,
a-shacho,1,115,
a-xii,1,200,
a.a_(aa772),1,245,
a.hebmuller,1,160,
a.t._zero,1,113,
a.x.,1,469,
a1_(initial-g),1,2930,
a20_(atsumaru),1,164,
a888_n22,1,111,
a9b_(louis814),1,263,
a:n_(angrynum),1,195,
a_(aaaaaaaaaaw),1,110,
a_jak,1,126,
a_maru,1,129,
a_re,1,467,
a_tea,1,112,
aa211108,1,268,
aa2233a,1,129,
aaaa_(quad-a),1,1531,
aaeru,1,109,
aak,1,361,
aano_(10bit),1,259,
aaoshigatoutoi,1,121,
aaru_(tenrake_chaya),1,268,
aaru_sentou_shuudan,1,140,
aayh,1,140,
abandon_ranka,1,551,
abara_heiki,1,299,
abaratani_kurou,1,135,
abaraya,1,119,
abataa,1,139,
abazu-red,1,458,
abbystea,1,386,
abe_(kumayu),1,150,
abe_inori,1,142,
abe_kanari,1,760,
abe_suke,1,266,
abe_yoshitoshi,1,313,
abekawa,1,255,
abenattou,1,373,
abi_(abimel10),1,145,
abiko_yuuji,1,128,
abmayo,1,1008,
abo_(hechouchou),1,496,
aboude_art,1,121,
abpart,1,135,
absol_(dkqthf),1,222,
absolum_art,1,143,
abu,1,205,
abua,1,281,
abubu,1,2307,
abukobato,1,171,
aburaeoyaji,1,114,
aburidashi_zakuro,1,259,
abusoru,1,114,
abutomato,1,230,
acchii_(akina),1,270,
accio,1,432,
ace_rocket,1,117,
acea4,1,173,
acesrulez,1,181,
achan_(blue_semi),1,271,
achiki,1,432,
achilles_(yosshyachillesd),1,121,
achromaru,1,241,
achyue,1,107,
aco_(koaya_ako),1,125,
aco_peda,1,108,
acomu414,1,111,
acrux,1,118,
acryl,1,202,
acrylicstroke,1,120,
act_(xadachit),1,164,
acubi_tomaranai,1,212,
adarin,1,166,
adeshi_(adeshi0693119),1,115,
admiral_paru,1,204,
adochansukisuki,1,141,
adomi,1,140,
adpx,1,132,
adsouto,1,779,
aduti_momoyama,1,408,
advarcher,1,480,
adyisu,1,121,
ae_iueo,1,109,
aegis_(nerocc),1,288,
aelion_draws,1,266,
aenaluck,1,110,
aer007580,1,133,
aer7o,1,111,
aer_(tengqiu),1,173,
aestheticc-meme,1,911,
aetherion,1,363,
afnroll,1,112,
afrobull,1,1461,
aftamc,1,116,
afukuro,1,267,
afuro,1,171,
aga_marino,1,381,
agahari,1,1466,
agaki_anko,1,107,
agamemega,1,133,
agata_(agatha),1,164,
agawa_ryou,1,1930,
age_fx,1,122,
agekichi_(heart_shape),1,203,
agemmata,1,159,
agemono,1,179,
agenasu,1,188,
agetama,1,354,
agnamore,1,265,
agonasubi,1,159,
agoto,1,154,
agovitch,1,111,
agwing86,1,230,
ah-lyong_lee,1,311,
ah_yoshimizu,1,109,
ahenn,1,480,
ai-wa,1,393,
ai_dongdong,1,217,
ai_takurou,1,560,
aibon,1,106,
aibumi,1,237,
aida_takanobu,1,405,
aida_yuu,1,113,
aihara-rina,1,142,
aiharararara,1,114,
aikawa_arisa,1,107,
aikawa_ruru,1,126,
aikawa_ryou,1,706,
aikawa_tatsuki,1,124,
aikei_ake,1,350,
aikir_(jml5160),1,320,
aiko_(kanl),1,219,
aikome_(haikome),1,326,
aikura_(twilight_dusk),1,203,
aile_(crossroads),1,691,
ailu_elf,1,163,
aimee_(emi),1,178,
aimitsu_(ibityuttyu),1,120,
aimobake,1,146,
aimori_meguru,1,109,
aimpoleume,1,108,
ainezu,1,109,
ainy,1,527,
aioi_u,1,111,
airandou,1,254,
aircell,1,193,
airenif,1,141,
airisubaka,1,364,
airseal,1,245,
aislan,1,109,
aisutabetao,1,257,
aito,1,139,
aitsugawa_rui,1,134,
aiu404l,1,115,
aiuabo,1,297,
aiue_oka,1,141,
aiuti,1,272,
aiwo_o_lite,1,134,
aizawa_chihiro,1,129,
aizawa_sachi,1,126,
aizen_(syoshiyuki),1,128,
aizenpochi,1,132,
aji_(sakanaaj1),1,157,
aji_aji_nori,1,125,
ajidot,1,168,
ajifurai,1,189,
ajimita,1,109,
ajino_(sakanahen),1,147,
ajiriko,1,141,
ajishio,1,549,
ajitarou_(setsu),1,860,
aka6,1,117,
aka_ringo,1,294,
aka_shiba,1,173,
aka_tawashi,1,352,
aka_ume,1,212,
akabane_(zebrasmise),1,410,
akabane_hibame,1,140,
akabashi_yuusuke,1,200,
akableak,1,164,
akadako,1,543,
akaga_hirotaka,1,373,
akagashi_hagane,1,829,
akagi_(fmttps),1,518,
akagi_(sk0127aho),1,189,
akagi_asahito,1,220,
akagi_kurage,1,588,
akagi_rio,1,123,
akagi_shun,1,273,
akahi242,1,321,
akahige,1,145,
akahito,1,250,
akai_(riaakai),1,149,
akai_(ugokashitari),1,242,
akai_kitsune,1,160,
akai_ronii,1,122,
akai_sashimi,1,417,
akaiha_(akaihasugk),1,198,
akairiot,1,1280,
akakage_red,1,320,
akakokko_(niro_azarashi),1,208,
akakura,1,299,
akamaru,1,340,
akamatsu_ken,1,277,
akamoku,1,284,
akamtvahosi,1,117,
akanagi_youto,1,293,
akanasu,1,132,
akane_souichi,1,387,
akane_yuki,1,122,
akaneko_(redakanekocat),1,170,
akaneman,1,136,
akanesanzou,1,136,
akaneya,1,306,
akano_murasaki,1,283,
akaoni_(zumt3548),1,335,
akara_kai,1,444,
akasaai,1,642,
akasaka_(qv92612),1,146,
akasaka_yuzu,1,196,
akasata,1,170,
akashieru,1,455,
akashio_(loli_ace),1,648,
akasia,1,115,
akasode_(tyaramu),1,174,
akata_itsuki,1,300,
akatoro_(nightlord),1,159,
akatsuki_akane,1,485,
akatsuki_hijiri,1,479,
akatsuki_hiro,1,129,
akatsuki_ikki,1,110,
akaya_shiki,1,250,
akayama_yukihe,1,290,
akaza,1,352,
akazaki_yasuma,1,107,
akazawa_red,1,224,
akchu,1,691,
akechi_(826988799),1,139,
akechi_shizuku,1,120,
akefumi,1,107,
akehi_yuki,1,212,
aken,1,122,
akesaka_iku,1,115,
akeyama_kitsune,1,601,
aki663,1,305,
aki99,1,925,
aki_(akikaze_asparagus),1,404,
aki_(akisora_hiyori),1,145,
aki_(neyuki41028),1,550,
aki_(sangetusei),1,184,
aki_eda,1,106,
aki_inu,1,110,
aki_poi,1,330,
akiamare,1,134,
akiba_hideki,1,130,
akiba_monaka,1,172,
akichi_360,1,186,
akichin_(atelier_baguri),1,202,
akieda,1,203,
akiha_(attract),1,153,
akihare,1,109,
akihazama,1,109,
akihiyo,1,202,
akikaze_tsumuji,1,226,
akikazu_mizuno,1,116,
akimaki_yuu,1,237,
akimoto_dai,1,243,
akina_tsukako,1,907,
akinaie,1,362,
akinashi_yuu,1,251,
akinbo_(hyouka_fuyou),1,1024,
akine_(kuroyuri),1,169,
akino_coto,1,203,
akino_ell,1,373,
akino_hamo,1,325,
akino_komichi,1,344,
akino_shin,1,164,
akino_shuu,1,640,
akino_sora,1,522,
akino_subaru,1,155,
akino_takehiko,1,143,
akinoji_(akiponpon27),1,136,
akinomiya_asuka,1,249,
akipeko,1,138,
akira_(been0328),1,216,
akira_(coffee_curry),1,417,
akira_(kadokawa),1,289,
akira_(meltyhip),1,222,
akira_ituki,1,131,
akira_miku_ver,1,170,
akira_shiun,1,343,
akirannu,1,192,
akisa_yositake,1,288,
akisaka_yamoka,1,200,
akisha,1,141,
akishima_kei,1,294,
akisoba,1,106,
akisome_hatsuka,1,366,
akisora,1,494,
akita_hika,1,371,
akitaka_akita,1,148,
akiteru_(akiteru98),1,169,
akitetsu,1,338,
akito_(d30n26),1,185,
akito_(sub707),1,197,
akitokage,1,453,
akitsu_taira,1,118,
akitsuki_(oenothera),1,185,
akitsuki_itsuki,1,213,
akitsuki_karasu,1,1283,
akiyama_cz4a,1,132,
akiyama_enma,1,207,
akiyasu,1,146,
akiyoshi_(tama-pete),1,285,
akizero1510,1,166,
akizone,1,300,
akizora_momiji,1,346,
akizuki_(17769498),1,147,
akizuki_akina,1,204,
akizuki_ritchan,1,130,
akizuki_shigure,1,282,
akke,1,142,
akkgsyk,1,131,
akkijin,1,992,
akni,1,198,
akou_roushi,1,507,
aku_(dejigiga),1,190,
akujiki59,1,196,
akuma_(kishikaisei),1,129,
akuma_(st.takuma),1,213,
akure_ekuto,1,154,
akusema,1,274,
akutsu_(demodori),1,173,
akutsu_(yuumi),1,107,
alakoala,1,458,
alber,1,169,
albino_(a1b1n0623),1,253,
albyee,1,107,
alchemaniac,1,257,
alchera,1,302,
alcoholrang,1,123,
alcxome,1,179,
aldehyde,1,1506,
aldharoku,1,191,
ale_(ale_halexxx),1,204,
alecto_0,1,202,
aleriia_v,1,387,
alex_(alexandoria),1,151,
alex_ahad,1,529,
alexander_dinh,1,372,
alexi_(tits!),1,231,
alexi_oekaki,1,120,
alexmaster,1,453,
alfort_(may0508),1,218,
alfred,1,123,
alice_vu,1,118,
aliceblue,1,131,
alien1452,1,230,
alina_l,1,153,
alios_arvin,1,182,
alisia0812,1,118,
alison_(alison_airlines),1,299,
alkemanubis,1,244,
allenes,1,343,
allosauc,1,129,
alma01,1,113,
almic,1,133,
almualim,1,189,
aloe_(kenkou3733),1,189,
alonemistrist,1,107,
alp,1,715,
alpha_(alpha91),1,186,
alpha_(yukai_na_nakamatachi),1,806,
alphonse_(white_datura),1,563,
alphy,1,187,
alracoco,1,204,
alten,1,136,
alter_(kxk7357),1,120,
alto-00,1,178,
alto2019,1,181,
alto_seneka,1,196,
altronage,1,206,
alu.m_(alpcmas),1,149,
aluce,1,148,
alzi_xiaomi,1,220,
ama-tou,1,411,
ama_mitsuki,1,1173,
amaa_(chou_dennou_jidai),1,248,
amagaeru_(amapippi052525),1,159,
amagaeru_(hylathewet),1,203,
amagai_tarou,1,540,
amagai_yukino,1,113,
amagamido,1,151,
amagasa_higasa,1,151,
amagasa_yun,1,256,
amagi_(amagi626),1,661,
amagi_(volfuji),1,219,
amagi_hana,1,142,
amagi_shino,1,190,
amahara_subaru,1,309,
amai-pai,1,232,
amai_nekuta,1,321,
amaichi_esora,1,225,
amakara_surume,1,147,
amakawa_sakko,1,200,
amakura_(am_as),1,115,
amakusa_(hidorozoa),1,153,
amakusa_tobari,1,129,
amami_amayu,1,322,
amamine,1,139,
amamitsu_kousuke,1,193,
amamiya_(abaros),1,146,
amamiya_chiharu,1,166,
amamiya_minato,1,189,
amana_(pocketkey),1,210,
amanagi_seiji,1,150,
amane_hasuhito,1,611,
amane_kurumi,1,279,
amane_ruri,1,401,
amane_sora,1,271,
amane_sou,1,141,
amania_orz,1,459,
amano_chiharu,1,363,
amano_don,1,502,
amano_hagoromo,1,132,
amano_jack,1,257,
amano_kokoko,1,137,
amano_kouki,1,586,
amano_kozue,1,203,
amano_kusatsu,1,131,
amano_yo-ki,1,109,
amasa_mitsunaru,1,118,
amasaki_yusuke,1,171,
amasawa_natsuhisa,1,445,
amashiro_natsuki,1,469,
amasora_taichi,1,811,
amatari_sukuzakki,1,170,
amatsuji,1,290,
amau_(kosmos),1,115,
amayadori-tei,1,112,
amayo_thranana,1,192,
amazon_(taitaitaira),1,775,
amazou,1,107,
amazu_(kurozu),1,196,
amazuki_jou,1,465,
amazuyu_tatsuki,1,786,
ame-san,1,261,
ame.,1,622,
ame_(amechan17391739),1,355,
ame_(uten_cancel),1,306,
ame_816,1,219,
ame_sagari,1,163,
ame_usako,1,163,
ame_yamori,1,134,
amearare,1,162,
amedamacon,1,414,
amei_sumeru,1,117,
ameko53133,1,141,
amekosame,1,193,
amemasu79,1,124,
amemiya_ruki,1,255,
ameno_(a_meno0),1,744,
ameno_shigure,1,123,
amesawa_mokke,1,109,
ametama_(runarunaruta5656),1,163,
ametaro_(ixxxzu),1,160,
ameto_yuki,1,469,
ameyama_denshin,1,730,
ameyu_(rapon),1,174,
amezawa_koma,1,657,
amg_(nwmnmllf),1,115,
amibazh,1,324,
amicis,1,126,
amii,1,151,
amimi,1,169,
amino_(tn7135),1,407,
amisu,1,545,
amlichan,1,195,
amo_(shibu3),1,291,
amog,1,415,
amogan,1,310,
amonitto,1,457,
amrkdrw,1,117,
an-chan_(ananna0315),1,112,
an-telin,1,118,
an2a,1,224,
an_fyhx,1,116,
an_sin,1,116,
an_yasuri,1,360,
ana_(rznuscrf),1,297,
anabone,1,232,
anago_nia,1,117,
anagumasan,1,229,
anapom,1,114,
anarchojs,1,123,
anarogumaaa,1,346,
anato_finnstark,1,588,
anba_kohaku,1,107,
anbe_masahiro,1,168,
anbe_yoshirou,1,538,
anbj,1,112,
anbutter_siruko,1,188,
ancesra,1,707,
anchors_(mono_eye_os),1,150,
ancolatte_(onikuanco),1,115,
ancotaku,1,177,
ancotsubu,1,125,
andanden,1,187,
andava,1,201,
anderain,1,130,
andou_shuki,1,517,
andou_tomoya,1,106,
andou_you,1,304,
andrew_(duel_angel),1,110,
andrewcockroach,1,159,
andrian_januar_adilia,1,131,
aneco_(westsea1227),1,138,
anegawa_eiji,1,162,
ange_(angeban93),1,163,
angel31424,1,124,
angelchama,1,107,
angeldust,1,203,
ango_(f_ango),1,204,
angon623,1,190,
anibache,1,150,
anima_(togashi),1,183,
anima_miko,1,151,
animal_ears_(norankkori),1,126,
animanghayo,1,122,
animeflux,1,258,
aningay,1,548,
anisdrawn,1,239,
anizi,1,263,
anju_(mocomocousagi),1,129,
ankea_(a-ramo-do),1,192,
ankkoyom,1,356,
anko_(kirikiri),1,112,
ankoku_emu_shougun,1,221,
ankoro_mochi,1,110,
ankotsubumame,1,152,
anmi,1,631,
anmita_(rarutos),1,168,
anna_(drw01),1,221,
anniechromes,1,114,
annin_musou,1,1075,
annindoufu_(oicon),1,174,
annlu_vazzel,1,117,
anno88888,1,273,
anno_masato,1,121,
anny_(yoai),1,141,
ano_(gccx8784),1,190,
anoa,1,113,
anoko_(darenokoanoko),1,139,
anonymous_(japanese),1,201,
anshinmama,1,267,
antaria,1,151,
anti_(0324),1,367,
anti_(untea9),1,1790,
any_(lucky_denver_mint),1,198,
any_(trueblue),1,186,
anyan_(jooho),1,243,
anyannko,1,281,
anz32,1,252,
anza_tomo,1,325,
anzu0130,1,134,
anzu_(o6v6o),1,351,
anzu_ame,1,316,
anzumame,1,255,
ao+beni,1,242,
ao-shiba,1,121,
ao_(ao0_0nemu),1,224,
ao_(flowerclasse),1,321,
ao_banana,1,672,
ao_jun,1,300,
ao_madoushi,1,170,
ao_no_neko,1,208,
ao_oni_(onioni-aoi),1,374,
ao_usagi,1,494,
aoba_(akibajun),1,197,
aoba_(smartbeat),1,377,
aoblue,1,249,
aochoku,1,262,
aogiri_penta,1,205,
aogisa,1,457,
aohane,1,151,
aohashi_ame,1,349,
aoi_(annbi),1,781,
aoi_(buzhuen444),1,228,
aoi_(yooo009),1,128,
aoi_hiro,1,147,
aoi_kujira,1,311,
aoi_kumiko,1,603,
aoi_manabu,1,389,
aoi_masami,1,261,
aoi_nagisa_(metalder),1,590,
aoi_ogata,1,402,
aoi_riko,1,280,
aoi_sakura_(seak5545),1,132,
aoi_suzu,1,273,
aoi_tete,1,291,
aoi_thomas,1,136,
aoi_tiduru,1,234,
aoi_tori,1,124,
aoi_yun,1,146,
aoi_yuuka_(ao_no_kokoro),1,195,
aoi_zerii,1,136,
aoiabyss,1,127,
aoihitsuji,1,116,
aoin,1,232,
aoinu,1,121,
aoinu_(aoinu_99),1,116,
aoiro_050,1,123,
aoki_(fumomo),1,1035,
aoki_shizumi,1,555,
aoki_ume,1,391,
aokihoshi,1,182,
aokura_shou,1,200,
aoma_(xuanzexuexi),1,133,
aomoro,1,201,
aomushi_(mushamusha),1,492,
aona_(anagasaki),1,249,
aonaga_heri,1,241,
aono3,1,968,
aono_(aonocrotowa),1,121,
aono_(f_i_s),1,226,
aono_meri,1,108,
aono_shimo,1,396,
aonoji,1,168,
aonori_misuji,1,117,
aopanda,1,117,
aora,1,195,
aori_sora,1,203,
aos,1,247,
aosaki_yukina,1,186,
aoshima,1,1144,
aosora2823,1,481,
aosora_(mizore),1,146,
aosora_kamiya,1,198,
aosora_neko,1,109,
aotake_iro,1,269,
aotan_nishimoto,1,182,
aotori,1,160,
aotsu_karin,1,123,
aouma,1,107,
aoyashio_rin,1,146,
aozora_market,1,879,
aozora_nan,1,163,
ap_cammy,1,118,
apios,1,465,
apoidea,1,123,
apollo_(hu_maple),1,183,
apoloniodraws,1,170,
aposine,1,345,
apostle,1,110,
apple_caramel,1,785,
apple_ringo,1,113,
applekun,1,342,
applepie_(12711019),1,266,
appleq,1,339,
appleseed_(appleseed_art),1,123,
apt,1,350,
aqua_inc.,1,149,
ar_(lover_boy),1,261,
ar_(maeus),1,110,
ar_(rikuesuto),1,325,
arablue,1,130,
arado_balanga_(xchd7538),1,117,
aragiken,1,133,
arai_harumaki,1,149,
arai_hiroki,1,114,
arai_nobu,1,277,
arai_sumiko,1,170,
arai_togami,1,265,
araido_kagiri,1,296,
araiguma,1,253,
araizumi_rui,1,208,
arakawa_tarou,1,243,
araki495,1,291,
araki_(qbthgry),1,205,
araki_kanao,1,128,
arakumachikano,1,124,
arakure,1,138,
aramachi,1,189,
aramaru,1,276,
aramori_susumu,1,347,
araneesama,1,486,
arano_oki,1,644,
arapi,1,118,
araragi_ayune,1,159,
arashiki_mamizu,1,194,
arashiya,1,211,
arata_(xin),1,139,
arata_iri,1,132,
aratama_(a-tama),1,181,
arato_asato,1,173,
arc_draws,1,147,
arceonn,1,211,
archlich,1,132,
archstreal,1,177,
archvermin,1,128,
arcie_albano,1,356,
ardenlolo,1,194,
arepko,1,119,
argule0901,1,122,
ari_(bleum),1,117,
ari_hinoko,1,125,
aria_(koiiroharemoyou),1,450,
ariaridoradora,1,123,
ariga_hitoshi,1,212,
ariga_tou,1,217,
arikanrobo,1,257,
arikawa_satoru,1,387,
arikindows10,1,192,
ariko_youichi,1,172,
arikomen,1,120,
arim0k0,1,417,
arima_(arima_bn),1,173,
arimon_(dfrgty12),1,181,
arimura_yuu,1,380,
arin_(fanfan013),1,180,
arind_yudha,1,360,
arino_hiroshi,1,221,
arinu,1,956,
ario,1,388,
arion_canvas,1,177,
arisa_(aren),1,107,
arisaka_ako,1,398,
arisaka_yoshino,1,142,
ariso_kaoru,1,167,
arisu_kazumi,1,262,
arisugawa_bii,1,107,
arito_arayuru,1,267,
aritsuno,1,108,
ariverkao,1,355,
ariyoshi_gen,1,234,
arizuka_(catacombe),1,419,
ark_(morita_hitomi),1,198,
ark_john_up,1,139,
ark_kan,1,180,
arkapami,1,167,
arkatopia,1,123,
arlene_(ju),1,125,
arlizi,1,153,
arlonn,1,115,
arnest,1,709,
arnold-s,1,168,
arnold_tsang,1,118,
aro_(charged_time_out),1,122,
aro_1801,1,128,
aroa_(aroamoyasi),1,162,
aroma_sensei,1,489,
arou_(arrow_x666),1,126,
arowana2111,1,128,
arpeggio_kaga,1,245,
arqa,1,135,
arrow_(tamawo222),1,238,
arsenixc,1,423,
arsh_(thestarwish),1,169,
arthur_ko,1,468,
arthurlogansdps,1,134,
artisticjinsky,1,179,
artnip,1,115,
artpatient,1,331,
artsheops,1,187,
artsy-rc,1,493,
arttoru,1,172,
aru_ra_une,1,152,
arudebido,1,122,
aruka_(alka_p1),1,243,
arukiru,1,157,
aruma_(sawayaka_tokuko_miruku),1,127,
aruma_jiki,1,254,
aruman,1,355,
arutarika_(ri_kaoekaki),1,109,
arutera,1,378,
aruti,1,136,
aruva,1,138,
aruya_(flosrota),1,210,
arykei,1,120,
aryuma772,1,257,
as109,1,1529,
as4gi,1,129,
asa_(1asa-0-asa1),1,137,
asa_(coco),1,381,
asa_(swallowtail),1,139,
asa_no_ha_(awayuki),1,505,
asada_hachi,1,441,
asada_sadao,1,244,
asaga_aoi,1,345,
asagao_minoru,1,168,
asagi_(kabocha_oukoku),1,108,
asagi_nanami,1,145,
asagi_yuna,1,237,
asahi_(fullmetal_madness),1,134,
asahi_(uwa),1,129,
asahi_(zabaniyan),1,117,
asahi_kuroi,1,185,
asahikawa_hiyori,1,261,
asahina_hikage,1,359,
asakawa_(outeq),1,392,
asaki_takayuki,1,176,
asako_(itiba),1,106,
asakura_hayate,1,121,
asakura_kukuri,1,124,
asakura_masatoki,1,109,
asakura_noi,1,133,
asakura_sakura,1,199,
asakuraf,1,510,
asameshi,1,310,
asami_asami,1,272,
asamura_hiori,1,1305,
asanagi,1,1445,
asanagi_shion,1,309,
asanaya,1,149,
asasow,1,116,
asatani_tomoyo,1,182,
asato_(fadeless),1,111,
asatsuki_(fgfff),1,319,
asava_(hutaitenn),1,225,
asaya_minoru,1,1065,
asazuki_norito,1,251,
asc11,1,124,
ase_(nigesapo),1,121,
asgr,1,108,
asgykk,1,218,
ash_(cat7evy),1,171,
asha,1,337,
ashina_merou,1,129,
ashino,1,131,
ashino_moto,1,163,
ashinowoto,1,189,
ashiomi_masato,1,648,
ashiroku_(miracle_hinacle),1,349,
ashishun,1,165,
ashita_(2010),1,314,
ashita_yaru,1,146,
ashiwara_yuu,1,226,
ashiya_hiro,1,119,
ashiyama_yoshinori,1,335,
ashiyu_(ashu-ashu),1,161,
ashraely,1,118,
ashu,1,108,
asicah,1,177,
asimo953,1,182,
asiri_senpai,1,378,
ask_(askzy),1,466,
asle,1,154,
aslindsamure,1,386,
asoka,1,121,
asou_(asabu202),1,254,
asou_shin,1,217,
aspara,1,185,
ast,1,298,
ast.,1,2,
aster_crowley,1,793,
asterisk_kome,1,375,
asteroid_ill,1,1314,
asterozoa,1,201,
astg,1,189,
astraea_(atelierastraea),1,126,
astrayin,1,192,
asuka_(junerabitts),1,259,
asuka_rkgk,1,130,
asuka_shirou,1,135,
asuna_(doruru-mon),1,148,
asura_(asurauser),1,309,
asususususu,1,151,
asutora,1,1277,
asuzemu,1,388,
asya,1,156,
asyura_kumo,1,454,
at2.,1,676,
at_classics,1,703,
ata_(tsumari),1,182,
atage,1,174,
atahuta,1,448,
ataru_(ataru-littlebird),1,448,
ataru_(cha2batake),1,323,
ataruman,1,305,
atat250,1,119,
atawatsho,1,160,
atdan,1,870,
atelier-moo,1,421,
atenaba,1,201,
ateoyh,1,562,
atg_(wttoo0202),1,476,
atha_(leejuiping),1,146,
athenawyrm,1,284,
athrun1120,1,158,
atie1225,1,259,
aties20,1,231,
atoatto,1,164,
atoki,1,423,
atori,1,113,
atoshi,1,344,
atou_rie,1,109,
atoymk,1,258,
atsumi_jun,1,172,
atsumi_yoshioka,1,220,
atsumisu,1,126,
atsushi_(aaa-bbb),1,312,
atsutoku,1,214,
atte_nanakusa,1,464,
attsun_(atsushi_jb),1,232,
attyon,1,116,
atu,1,111,
au_(d_elete),1,192,
audiodude,1,176,
auer,1,147,
auguste,1,112,
auko,1,202,
aumann,1,400,
aurahack,1,682,
automatic_giraffe,1,389,
autumn-sacura,1,182,
auui,1,165,
aventador,1,127,
avogado6,1,2201,
awa,1,1043,
awa.,1,1,
awa_toka,1,190,
awa_yume,1,241,
awai880,1,179,
awai_shiro,1,117,
awara_kayu,1,209,
awatake_takahiro,1,116,
awayuki_ramika,1,134,
awe_(adorableduckyy),1,198,
awei_(aweirua),1,108,
awesomeerix,1,206,
axe_r18,1,197,
axia-chan,1,187,
axleaki,1,146,
axsen,1,278,
aya02ka,1,142,
aya_(lezon),1,221,
aya_carmine,1,129,
aya_shachou,1,366,
aya_shobon,1,127,
ayacho,1,173,
ayagi_daifuku,1,576,
ayahi_4,1,208,
ayakase_riberi,1,137,
ayakashi_(monkeypanch),1,514,
ayakaze_ryuushou,1,175,
ayaki,1,187,
ayaki_blade,1,225,
ayakumo,1,354,
ayakura_juu,1,575,
ayame_hashinimasen,1,202,
ayame_iro_(toumei_dolce),1,148,
ayamisiro,1,184,
ayamo_kaoru,1,115,
ayamy,1,1056,
ayanakitori,1,347,
ayanepuna,1,735,
ayanero_taicho,1,403,
ayano_(ayn398),1,152,
ayano_naoto,1,152,
ayano_yuu_(sonma_1426),1,229,
ayaoshiro,1,162,
ayasaka,1,302,
ayase-mio,1,199,
ayase_hazuki,1,393,
ayasugi_tsubaki,1,462,
ayato,1,482,
ayatoki-1,1,108,
ayatori_(aytr),1,183,
ayatsuki_sugure,1,185,
aymusk,1,107,
ayo_(ayosanri009),1,158,
ayomo_ro,1,194,
ayu_(mog),1,1648,
ayuanlv,1,109,
ayuayu_(chisuke_ayu),1,191,
ayuayu_(shouyu_no_sato),1,324,
ayukko_(forest_village),1,110,
ayul_(ayulneri_92),1,330,
ayuma_sayu,1,419,
ayuman,1,203,
ayumaru_(art_of_life),1,262,
ayuteisyoku,1,175,
ayya_sap,1,294,
ayyh,1,136,
ayyk92,1,232,
az_toride,1,204,
azasuke,1,924,
azel_(laevateinn495),1,151,
azelweien,1,108,
azen_(mntimcczgrtn),1,174,
azit_(down),1,119,
azmodan,1,119,
azna,1,189,
azomo,1,159,
aztodio,1,1092,
azu,1,109,
azu-taro,1,224,
azu.,1,3,
azu_(kirara310),1,135,
azu_torako,1,167,
azuazu_0405,1,122,
azuki_(azuki-taste),1,232,
azuki_akizuki,1,148,
azuki_osamitsu,1,590,
azuki_yui,1,301,
azukilib,1,113,
azuma_(azuma10270724),1,146,
azuma_aya,1,621,
azuma_kiyohiko,1,200,
azuma_minatsu,1,156,
azuma_seiji,1,143,
azuma_shino,1,355,
azuma_toh,1,143,
azuma_yuki,1,466,
azuma_yukihiko,1,195,
azumaya_hironaru,1,161,
azumi_(myameco),1,611,
azumi_akitake,1,211,
azumi_inori,1,251,
azumi_kazuki,1,586,
azure-maya,1,199,
azure_meraki,1,171,
azusa_(hws),1,616,
azuse_neko,1,243,
azuumori,1,243,
azuuru,1,498,
b-ginga,1,1371,
b-pang,1,211,
b.c,1,142,
b.c.,1,9,
b.c.n.y.,1,143,
b.d,1,155,
b.t._(boob_tong),1,119,
b1ack_illust,1,257,
b_(kana0816),1,119,
b_suke,1,150,
baakurou,1,215,
baanin,1,210,
baba_(baba_seimaijo),1,676,
baba_arumi,1,465,
bababababan,1,166,
babu,1,164,
bacheally,1,189,
bachera,1,228,
bacius,1,740,
bacun,1,184,
bada_(jksh5056),1,166,
badcompzero,1,326,
bae.c,1,444,
bae_(baebae),1,621,
baek_hyang,1,130,
bafarin,1,217,
baffu,1,786,
bag_(chrko_bag),1,134,
bagelbomb,1,133,
bahao_diqiu,1,127,
bai_lao_shu,1,1116,
bai_linqin,1,143,
bai_qi-qsr,1,186,
baige0,1,128,
bail,1,110,
baileys_(tranquillity650),1,576,
bailingxiao_jiu,1,281,
bails,1,129,
baimeme,1,135,
baisi_shaonian,1,240,
baji_toufuu_(bajitohfu),1,165,
bajima_shouhei,1,242,
baka-man,1,112,
bakemonsou,1,132,
baketsuya,1,204,
bakkanki,1,407,
bakko,1,130,
baku-p,1,478,
baku_taso,1,272,
bakugadou,1,367,
bakusai,1,174,
bakutendou,1,224,
bakuya,1,281,
balance_(superdust),1,109,
balnom,1,237,
balut_(7676i),1,110,
bambi2000line,1,122,
ban!_(bansankan),1,1172,
ban_(puka_0507),1,129,
banana_oekaki,1,120,
bananafish1111,1,142,
banboro_(technobot),1,118,
banchiku,1,208,
band-width,1,290,
band_(skymole01),1,119,
bang-you,1,375,
bang_dacy,1,164,
bangom_r,1,164,
bangqiao_yan,1,125,
baniran_dorosu,1,222,
banishment,1,232,
banjou_azusa,1,183,
bankoku_ayuya,1,289,
banned_artist,1,82834,
bannou_ippoutsukou,1,153,
bannouyakunta,1,125,
bano_akira,1,106,
banpai_akira,1,310,
banssee,1,146,
baobei_(baobei_bu),1,114,
baocaizi,1,262,
baozishark,1,173,
bara_(03_bara_),1,143,
baram,1,423,
baran._(ba_ra_ran),1,270,
barashiya,1,223,
barasui,1,163,
barbarian_tk,1,309,
barbariank,1,734,
baretto_(firearms_1),1,147,
baretto_(karasi07),1,459,
barkhorn0331,1,142,
barleyshake,1,278,
baron_(nsbaron),1,133,
baron_(varon666),1,118,
baron_(x5qgeh),1,146,
barry_nah,1,242,
bartolomeobari,1,191,
baru_(val-val),1,191,
basa_rutan,1,263,
bashen_chenyue,1,151,
basukechi,1,148,
batabiru,1,139,
batacchi_(mashimashi_butter),1,234,
batako_(batakoart),1,124,
batatata77,1,162,
batazungharn,1,137,
batrobin_k,1,347,
batsu,1,346,
batta_(ijigen_debris),1,553,
batta_(kanzume_quality),1,177,
batta_16-sei,1,294,
bayashiko,1,114,
bayeuxman,1,173,
bb_(baalbuddy),1,2715,
bba1985,1,152,
bbaltong,1,157,
bbb_(friskuser),1,998,
bbbb_fex,1,232,
bbc-chan,1,412,
bbk_(13zk),1,116,
bbolalus,1,111,
bbunny,1,227,
bbybluemochi,1,126,
bccp,1,139,
bd_ayknn,1,112,
be_(o-hoho),1,272,
beancurd,1,197,
beanis,1,146,
bebatch,1,120,
bebe_(bebe_pp),1,234,
bebebe_(pepegakii),1,277,
bebeneko,1,113,
bebetang,1,129,
bechu,1,228,
bee_(deadflow),1,1084,
bee_doushi,1,220,
beeeeen,1,395,
been,1,295,
befu,1,128,
beifeng_han,1,514,
beijuu,1,664,
beitemian,1,253,
beiyi,1,176,
beize_(garbage),1,236,
bekkankou,1,635,
bekkourico,1,126,
bekotarou,1,381,
beleven,1,261,
beliatan,1,149,
belko,1,1931,
bell_(oppore_coppore),1,327,
bell_orgel,1,131,
bellhenge,1,568,
bellsaltr,1,145,
bencao_gangmu,1,188,
benevole,1,132,
bengus,1,176,
beni_kurage,1,177,
beni_shake,1,1793,
benimura_karu,1,135,
benio_(dontsugel),1,239,
benitama,1,328,
benizuwai,1,280,
bentouoic,1,249,
beppu_mitsunaka,1,142,
berabou,1,335,
berg-yb,1,133,
beritabo,1,318,
berry_jou,1,109,
berryverrine,1,175,
berserker_r,1,168,
berserkert,1,243,
beru,1,129,
berukko,1,131,
beruko14,1,157,
berusuke_(beru_no_su),1,730,
besmiled,1,276,
betabeet,1,320,
betabetamaru,1,112,
betchan,1,222,
betock,1,372,
bettle_(b_s_a_n),1,224,
beudelb,1,431,
bf._(sogogiching),1,167,
bib_(bibboss39),1,137,
bibi02,1,375,
bien_(djpwjd1),1,115,
bifidus,1,412,
big.g,1,129,
big_o_pants,1,115,
big_shine,1,139,
bigdead,1,377,
bigkwl,1,272,
bigrbear,1,1004,
bigroll,1,127,
bigxixi,1,107,
bikkii,1,132,
bikkusama,1,142,
bilibili_xiaolu,1,245,
bilibilida,1,123,
billbung,1,137,
billie_(meng_gong_fang),1,254,
bimmy,1,257,
binato_lulu,1,225,
binayu,1,193,
binchou_maguro,1,108,
bing_zizi,1,141,
bingansuan_jiamouren,1,127,
binggong_asylum,1,297,
bingwei_huang,1,117,
binsen,1,500,
bintz,1,119,
binware,1,120,
bioroid_hei,1,110,
bippew,1,240,
birii,1,466,
bishi_(bishi),1,139,
bishooji,1,171,
bison_cangshu,1,762,
bitseon,1,259,
bitter_crown,1,137,
bity3155660241,1,122,
biya_(1024),1,176,
biyon,1,464,
bkub,1,3248,
blaccura,1,225,
black_bean,1,127,
black_beat,1,157,
black_cola,1,239,
black_mutou,1,138,
blackbox_(blackbox9158),1,174,
blackfangs,1,152,
blacknirrow,1,321,
blackrabbitsoul,1,163,
blacksaikou,1,226,
blade_(galaxist),1,3038,
blanc_(whit_blanc),1,139,
blanchat,1,134,
blanclauz,1,121,
blastbeat,1,181,
blaze_(blazeillust),1,225,
blazpu,1,464,
bleedman,1,140,
blew_andwhite,1,905,
blinkblink_art,1,124,
blondy_(ldlong),1,161,
blood_hood,1,130,
bloody0rabby,1,111,
bloom2425,1,247,
bloom_into_me15,1,150,
bloomminority,1,136,
blsh_(blshwrks),1,148,
blue-senpai,1,455,
blue_borscht,1,454,
blue_gk,1,336,
blue_sealad,1,144,
blue_vert,1,124,
blueberry_(5959),1,341,
blueblossom,1,129,
bluecup,1,144,
bluefield,1,549,
bluekalmia,1,122,
bluekomadori,1,188,
blueorca,1,337,
bluerabbit_gap,1,156,
bluethebone,1,550,
bluez,1,151,
blushyspicy,1,602,
blvefo9,1,543,
bm_tol,1,145,
bmkro,1,128,
bnari,1,142,
bnc_(bunshi),1,109,
boa_(brianoa),1,719,
bob_(biyonbiyon),1,320,
bob_(bobtheneet),1,240,
bob_(you-u-kai),1,194,
bobobo,1,198,
bobobong,1,133,
bobokuboboku,1,118,
bobomaster,1,117,
boca,1,208,
bococho,1,642,
bodskih,1,227,
bojue_(hakus_1128),1,193,
boke-chan,1,254,
boko_(maniacpurple),1,145,
bokoboko_(pandagapanda1),1,341,
bokota_(bokobokota),1,259,
bokuman,1,326,
bokuya,1,112,
bol_(liliymimi),1,142,
boleum_(dgrpluna),1,165,
bolos,1,159,
bolze,1,170,
bomber_grape,1,415,
bomhat,1,354,
bomi,1,117,
bon_(rump),1,239,
bondson,1,133,
bong_(0u0bon),1,128,
bongfill,1,143,
bonjindaaa,1,108,
bonkara_(sokuseki_maou),1,474,
bonkiru,1,130,
bonnie_(rsg),1,293,
bonno_sasu,1,123,
boogbogex,1,124,
booota,1,315,
boppin,1,321,
border0715,1,111,
borgbutler,1,236,
boris_(noborhys),1,2353,
born-to-die,1,729,
boro,1,162,
boruhis,1,249,
borumete,1,148,
borushichi,1,199,
borvar,1,118,
boshi_(a-ieba),1,528,
bosshi,1,1010,
bosstseng,1,204,
botan_m,1,115,
botantouki,1,131,
bottoms1237,1,187,
bou_(inubou),1,210,
bouen,1,245,
boushi-ya,1,772,
bow_(bhp),1,2969,
bowalia,1,322,
bowieknife,1,196,
bowwow_(hamju94),1,384,
box_(hotpppink),1,252,
box_wonderland,1,383,
boyaking,1,317,
boyano,1,353,
braco,1,128,
branch_(blackrabbits),1,453,
brandkojo,1,166,
brassica,1,302,
brat_(brabrabrat00),1,334,
brekkist,1,209,
brikot,1,220,
briska,1,139,
brll,1,345,
brmameng,1,157,
broiler,1,136,
bsapricot,1,286,
bseibutsu,1,134,
bshi_edayo,1,156,
btmr_game,1,494,
btraphen,1,141,
bubukka,1,1364,
bubuzuke,1,382,
bucchake_(asami),1,326,
buchi0122,1,173,
buchi_(qooo003),1,161,
buchi_(y0u0ri_),1,214,
buchi_maru,1,146,
buchikaki,1,178,
bud_(korovsme),1,109,
budgiepon,1,226,
bukiko,1,141,
bukimi_isan,1,407,
bukkuri,1,331,
buko_(bukosuki),1,125,
bukurote,1,197,
bulbonne,1,180,
bulga,1,215,
bullfalk,1,451,
bun_(bbb81bun),1,109,
buna_shimeji_(keymush),1,179,
bunbun,1,593,
bunji,1,305,
buntaichou,1,205,
buntan,1,106,
buran_(kure),1,180,
buran_buta,1,474,
burbur,1,245,
bureoeve,1,108,
buresu,1,198,
buri_(retty9349),1,261,
buriki,1,480,
burisuke_(koujiro),1,234,
burnt_green_tea,1,175,
buru-dai,1,124,
burusuta,1,168,
busujima_(kusahana),1,116,
buta_(uhoiiotoko),1,142,
buta_tamako,1,230,
buta_tsuzumi,1,181,
butakoma_300g,1,151,
butakun,1,126,
butcha-u,1,1492,
butcherboy,1,206,
buthikireta,1,170,
butter-t,1,515,
butter_(oshi8kyoumoh),1,153,
butter_sugoi,1,131,
butterchalk,1,341,
buuwa,1,196,
buzz_(moi),1,341,
buzzlyears,1,731,
bwcloud,1,109,
bwell,1,285,
byackopath_(artist),1,134,
byakuya_reki,1,138,
byeon_dha,1,180,
byourou,1,225,
byte_(allbyte),1,340,
byte_(grunty-hag1),1,117,
byulzzi,1,374,
byuub,1,160,
c-button,1,454,
c-low,1,196,
c.cu,1,220,
c.honey,1,205,
c.r.,1,306,
c/h,1,230,
c3_piyo,1,108,
c8oyk,1,109,
c_(neta),1,134,
c_(rahit),1,107,
c_(theta),1,316,
c_take0141,1,139,
ca_paria,1,217,
caburi,1,433,
cactus41747280,1,142,
cad_(caddo),1,692,
caee_penguin,1,146,
cafe_(chuu_no_ouchi),1,152,
cafekun,1,546,
cafenami,1,179,
caffein,1,808,
cafin,1,285,
cai_geng,1,307,
caibao_return,1,132,
caidychen,1,455,
caiman_pool,1,171,
cain_(gunnermul),1,167,
caisan,1,123,
caisena,1,281,
cait_aron,1,1203,
cake_mogo,1,122,
calcio,1,302,
caleb_thomas,1,160,
calin,1,425,
callan_(callancoe),1,141,
calm_mashiro,1,154,
calpara,1,135,
calpis118,1,151,
calpish,1,117,
camel000,1,145,
camonome,1,678,
camui1104,1,309,
can_(canzume),1,144,
canape_(canape0130),1,126,
cancell,1,154,
cancer_(zjcconan),1,143,
cang_(akaga204),1,132,
cang_se_ye_hua,1,130,
canking,1,264,
capera,1,211,
capitan_(tsyoujo),1,148,
capriccio,1,753,
capriccyo,1,195,
captain_kirb,1,112,
captain_yue,1,287,
capura_lin,1,461,
caracol,1,219,
carbohydrate_(asta4282),1,157,
carbon12th,1,243,
carcass_(artist),1,115,
carchet,1,115,
cariboy,1,108,
carimarica,1,160,
carina_(xiaowoo),1,281,
carlo_montie,1,351,
carnelian,1,2481,
carrot_(robosquat),1,211,
carte,1,255,
caryo,1,634,
casino_(casinoep),1,766,
cassandra_(seishun_katsu_sando),1,225,
castell,1,205,
casul,1,300,
cat_princess,1,140,
catball1994,1,167,
catbell,1,257,
catgirl0926,1,127,
catnnn,1,364,
cato_(monocatienus),1,1338,
catsmoon,1,301,
catstudioinc_(punepuni),1,1026,
catsubun_(kkst0904),1,121,
cavalry_(maslow),1,106,
cawang,1,151,
cbgb,1,174,
cbmus,1,220,
cc_lin,1,151,
ccccc_(jpn_m0),1,174,
cccpo,1,468,
cchiii,1,111,
cedar_(cedar_japonica),1,456,
cedric_(gear_art),1,108,
ceejles,1,112,
cenangam,1,260,
centurii-chan_(artist),1,413,
cero_(last2stage),1,180,
cero_rains,1,124,
cervus,1,210,
cesar_art456,1,112,
cesar_zebrah,1,156,
cessa,1,486,
cezaria,1,265,
cglas,1,121,
cha_goma,1,164,
chaa_(korone-ze),1,109,
chaamii,1,130,
chaba_(hortensia),1,193,
chabaneko,1,122,
chabi_(amedama),1,108,
chabo_(fuketsudan),1,176,
chacha_(ss_5087),1,212,
chacharan,1,642,
chachi_(azuzu),1,193,
chachi_(soulga),1,127,
chachie,1,132,
chaciooh,1,124,
chado,1,932,
chadolbaegi,1,134,
chaesu,1,715,
chagamaka,1,135,
chagen_kokimu,1,369,
chahan_(fried_rice0614),1,496,
chahashiraozen,1,113,
chahei,1,142,
chai_(drawingchisanne),1,777,
chaigidhiell,1,151,
chakabo,1,299,
chaki_(teasets),1,326,
chakuma_(yiyh1468),1,131,
chalseu,1,188,
chamaji,1,709,
chamame,1,108,
chamaruk,1,619,
chamba,1,129,
chamchami,1,305,
chameleon_(ryokucha_combo),1,595,
chameleon_man_(three),1,240,
champi,1,120,
chamu_(chammkue),1,112,
chamumi_(mochiumee),1,178,
chamupei,1,281,
chamuring,1,178,
chan1moon,1,111,
chan8016,1,140,
chan_(akuty_ikkot),1,106,
chan_co,1,1131,
changye,1,264,
chankuro,1,177,
chanmura,1,124,
chanta_(ayatakaoisii),1,1561,
chaosringen,1,129,
chapa_kari,1,128,
char_(2v_26),1,250,
charamells,1,191,
chariko,1,192,
charin,1,338,
chark14,1,139,
chascoby,1,107,
chata_maru_(irori_sabou),1,446,
chataro1412,1,127,
chawan_(yultutari),1,325,
cheer_(cheerpuppy14),1,497,
cheese_(cheese_koubou),1,136,
cheese_kang,1,125,
cheeseko,1,139,
chef_no_kimagure_salad,1,113,
cheken,1,153,
chela77,1,218,
cheli_(kso1564),1,138,
chelle_ingham,1,119,
chellyko,1,131,
chen_bin,1,270,
chen_yang_yang,1,164,
chen_zi,1,131,
chengongzi123,1,968,
cheogtanbyeong,1,168,
cheong_ha,1,116,
cheonyeon-hi,1,115,
cheri_zao,1,173,
cherico,1,222,
chernyyvo,1,120,
cherry-gig,1,334,
cherry_in_the_sun,1,193,
cherrypin,1,160,
cheshirrr,1,261,
cheunes,1,124,
chi_gu,1,168,
chi_no,1,135,
chiachun0621,1,222,
chiaki_rakutarou,1,335,
chiba_sadoru,1,196,
chiba_toshirou,1,352,
chibikki,1,215,
chibinon,1,117,
chibirisu,1,334,
chicago-x,1,447,
chichi_band,1,124,
chichi_guai,1,118,
chichibu_(watson),1,233,
chicke_iii,1,227,
chiemo_(xcem),1,129,
chien_zero,1,196,
chietori,1,139,
chig,1,165,
chigasaki_yukari,1,469,
chigusa_minori,1,1305,
chiharu_(9654784),1,396,
chihiro_(kemonomichi),1,595,
chihiro_(khorosho),1,290,
chihunhentai,1,424,
chihuri,1,2798,
chii-kun_(seedyoulater),1,161,
chii_(chi_pppuri),1,144,
chii_(tsumami_tsumamare),1,348,
chiimako,1,514,
chikado,1,485,
chikafumikou,1,188,
chikage_(kinokodou),1,200,
chikaretsu,1,377,
chikaya,1,125,
chikichi,1,180,
chikiso,1,142,
chikotam,1,274,
chikugen_shiina,1,108,
chikuwa.,1,1156,
chikuwa_(odennabe),1,142,
chikuwa_(tks),1,266,
chikuwa_savy,1,313,
chilakkk,1,213,
chilwell_seele,1,125,
chima_q,1,465,
chimachi,1,165,
chimaki_(impressiveanarchy),1,114,
chimunge,1,343,
chin_gero,1,170,
chinchongcha,1,272,
chingisu,1,127,
chinikuniku,1,246,
chinnpou,1,118,
chinomaron,1,522,
chintora0201,1,263,
chipa_(arutana),1,568,
chirang,1,124,
chirashi_(so),1,211,
chiri_(atlanta),1,324,
chiri_(ch!),1,206,
chiri_(o9o9),1,123,
chirigami-san,1,163,
chiro,1,169,
chiro.,1,7,
chiroron,1,129,
chiroru_(cheese-roll),1,282,
chiroshiron,1,298,
chirun0,1,115,
chiruto,1,127,
chis_(js60216),1,238,
chisato_(missing_park),1,132,
chisumi,1,220,
chita_(ketchup),1,805,
chitetan,1,190,
chitose_(usacan),1,119,
chitosezaka_suzu,1,366,
chitozen_(pri_zen),1,171,
chiune_(yachi),1,217,
chiwa_(chiwa0617),1,156,
chiwa_(chiwawanwan1206),1,148,
chiwino,1,334,
chixiao,1,284,
chiyami,1,142,
chiyingzai,1,296,
chiyo_(pk19981234),1,402,
chiyo_(rotsurechiriha),1,231,
chiyo_goya,1,126,
chiyoko_(oman1229),1,150,
chiyoko_(tykchiyo),1,160,
chiyomaru_(yumichiyo0606),1,218,
chiyonekoko,1,119,
chize,1,204,
chm_(macharge),1,354,
cho!cho!,1,181,
chobi_(penguin_paradise),1,180,
chobipero,1,162,
chobonu,1,167,
choborau_nyopomi,1,345,
chocho_(homelessfox),1,248,
chochomi,1,125,
choco_(chocolate_shop),1,287,
choco_(chocovix112),1,180,
choco_chip,1,457,
choco_tanuki,1,222,
chocoan,1,305,
chocoblood,1,195,
chocojax,1,288,
chocokin,1,251,
chocolat_(momoiro_piano),1,477,
chocomiru,1,436,
chocoshi,1,132,
choko_egg,1,154,
chomikuplus,1,293,
chomoran,1,340,
chon_(chon33v),1,185,
chonkyorca,1,175,
chorefuji,1,366,
chorimokki,1,408,
chou_(meteorite3),1,112,
chou_shippai-saku,1,134,
choufu_shimin,1,1019,
choujiroo,1,232,
choumi_wuti_(xueye_fanmang_zhong),1,177,
chounorin,1,316,
chowbie,1,312,
choyeon,1,286,
chris4708,1,135,
chris_(mario),1,155,
chris_re5,1,147,
chrisandita,1,249,
chro,1,183,
chroneco,1,162,
chronozbergh,1,168,
chroong,1,116,
chubb,1,108,
chuby_mi,1,148,
chuck_(harfmoondark),1,206,
chuckdaidai,1,160,
chueog,1,163,
chuhaibane,1,133,
chukibabo2,1,152,
chungmechanic,1,110,
chungu,1,154,
chunpai,1,211,
chunrijun_(springer),1,109,
chunta,1,178,
chunyan,1,163,
chuppa_(katotsuba),1,107,
chups,1,452,
chushou_jiang,1,129,
chutohampa,1,188,
chuunioniika,1,444,
chuuta_(+14),1,119,
chuzenji,1,139,
chyan,1,175,
chyko7080,1,533,
chyoel,1,181,
chyoling,1,116,
chyraliss,1,137,
cian_yo,1,778,
cibo_(killy),1,194,
cierra_(ra-bit),1,339,
ciloranko,1,204,
cinder_dryad_(voice_actor),1,108,
cink-knic,1,114,
cinkai,1,192,
cinko,1,165,
cinnabus,1,113,
cioccolatodorima,1,206,
cipher4109,1,140,
circussion,1,298,
cirenk,1,436,
cirilla_lin,1,395,
cirima,1,138,
cirnos,1,117,
cis_(carcharias),1,1005,
cisyo,1,211,
citemer,1,331,
citron80citron,1,152,
citron_82,1,364,
citrus_(place),1,131,
city_forest_online,1,194,
cizzi,1,136,
ckst,1,120,
cl_(summer_sama),1,129,
cla_(finesoda),1,236,
claireiosity,1,127,
clamp_(circle),1,565,
clare_(543),1,110,
clarevoir,1,373,
classic_(zildjian33),1,299,
clay_(clayjun),1,109,
cle_masahiro,1,1506,
clea_(geee13),1,129,
clear_glass_(mildmild1311),1,386,
clearite,1,1642,
clickdraws,1,151,
cliov,1,121,
clipe,1,298,
clivenzu,1,139,
cloba,1,510,
cloneko_(zelmeledf2),1,145,
cloritin,1,246,
clouble,1,179,
cloudxmoe,1,252,
clover_(lapis_lazure),1,125,
club3,1,949,
cluseller,1,922,
clyde_s,1,262,
clynxen,1,132,
cm_lynarc,1,196,
cmdr_saturn,1,110,
cnm,1,290,
coa_(chroo_x),1,330,
cobalta,1,136,
coco7,1,125,
cocoa_(cafe-hotcocoa),1,129,
cocoballking,1,424,
cocoloco,1,275,
cocomayo29_(tomato),1,179,
cocoon_(loveririn),1,137,
cocopalm,1,115,
cocoperino,1,162,
cocozasa,1,402,
cocq_taichou,1,278,
cofepig,1,155,
coffee-break,1,119,
coffee-kizoku,1,850,
coffee_cat,1,206,
coffeechicken,1,109,
coffeekite,1,441,
cofffee,1,654,
cogecha,1,215,
coin_rand,1,337,
coldcat.,1,370,
colis,1,292,
colis_(regunm772),1,116,
collagen,1,428,
colo_(nagrolaz),1,461,
colon_br,1,206,
colonel_aki,1,1122,
colorful_palette,1,571,
comah,1,455,
comala_(komma_la),1,203,
combos_&_doodles,1,431,
comeco,1,155,
comet_(teamon),1,109,
comiching,1,362,
comodomodo,1,328,
con_potata,1,151,
cona_kinaco,1,126,
cong1991,1,201,
congqian_you_ke_xing,1,110,
contllenge,1,198,
conto,1,202,
controlline3,1,228,
coo_(coonekocoo),1,114,
coojisan,1,121,
cool-kyou_shinja,1,783,
core_(mayomayo),1,408,
coreytaiyo,1,294,
coria,1,127,
coro_fae,1,461,
coroha,1,785,
cosaten,1,349,
cosine,1,230,
cosmic_(crownclowncosmic),1,351,
cosmic_bear,1,114,
cosmikaizer,1,135,
cotta_(heleif),1,185,
cottage,1,126,
cottontailtokki,1,261,
coubalty,1,284,
cougar_(cougar1404),1,1208,
coula_cat,1,113,
count_zero,1,186,
courreges_ace,1,303,
cowengium,1,118,
cowfee,1,416,
coyucom,1,329,
cp9a,1,115,
cpu_(hexivision),1,224,
cr72,1,119,
cradle_(circle),1,151,
craytm,1,178,
cream_(nipakupa),1,708,
cream_cod,1,309,
creat_(kuribeni),1,137,
creayus,1,1622,
creek_(moon-sky),1,287,
cremanata,1,238,
criin,1,355,
criis-chan,1,1022,
crimecrime,1,149,
crimson_comics,1,232,
cris_art,1,328,
cromachina,1,618,
cromwellb,1,273,
cross_(crossryou),1,424,
cross_(vgne4542),1,144,
cross_akiha,1,117,
crote,1,125,
crow_(siranui),1,681,
crumbles,1,646,
crybringer,1,190,
crystal_shoujo,1,147,
crystalherb,1,138,
cslucaris,1,268,
csyday,1,538,
ctrlz77,1,303,
cube85,1,298,
cuboon,1,779,
cui_(jidanhaidaitang),1,185,
cuivre,1,106,
culotte_(hosenrock),1,122,
culter,1,720,
cuon_(kuon),1,110,
cura,1,638,
curakuru,1,137,
curry_bowl,1,127,
curry_gohan,1,112,
curse_(023),1,326,
curss,1,312,
custom_(cus-tom),1,119,
cuteg,1,334,
cutesexyrobutts,1,1428,
cwind,1,172,
cyancapsule,1,350,
cyawa,1,207,
cyber_(cyber_knight),1,196,
cyclone_(reizei),1,383,
cygnus_(cygnus7),1,301,
cyicheng,1,411,
cyjalway,1,110,
cyka,1,151,
cynical_(llcbluckg_c004),1,201,
cyobiro,1,166,
cypress,1,323,
czk,1,126,
czy_(2894456992),1,150,
d-art,1,115,
d-floe,1,235,
d-m_(dii_emu),1,435,
d-rex,1,653,
d._(ddot2018),1,154,
d.k,1,158,
d.k.,1,2,
d.koutya,1,206,
d.y.x.,1,196,
d@i,1,147,
d_omm,1,150,
d_tomoki,1,135,
da-cart,1,231,
da-kuro,1,349,
da_(bobafett),1,158,
da_(datako),1,116,
da_mao_banlangen,1,163,
dabadhi,1,161,
dabuki,1,142,
dacchi,1,136,
dadadanoda,1,111,
dadijiji,1,258,
daeho_cha,1,214,
daenarys,1,117,
dagasi,1,1211,
dai-xt,1,182,
dai_yasude,1,109,
daiaru,1,859,
daichi_(tokoya),1,477,
daidai_(daidai826),1,150,
daidai_ookami,1,323,
daidou_(demitasse),1,205,
daifukumochi_(akaaokiiwo),1,257,
daigada,1,145,
daigoman,1,107,
daiishori,1,229,
dailybloopy,1,258,
daimaou_k,1,181,
daimaou_ruaeru,1,426,
dain,1,179,
dainamitee,1,260,
dairi,1,1203,
dairyo3,1,172,
daisi_gi,1,251,
daisukebear,1,183,
daisy_cutter,1,128,
daisy_mitsumata,1,141,
daitai_konna_kanji,1,322,
daito,1,355,
daive,1,520,
daizu_(melon-lemon),1,721,
dakappa,1,111,
dakemakura-koubou,1,425,
dakkalot,1,192,
dakku_(ogitsune),1,536,
dakkusu,1,110,
dakuazu,1,123,
dakusuta,1,338,
dal-gi,1,137,
dalc_rose,1,214,
dalrye_v3,1,116,
damda,1,504,
damegane,1,264,
damobelmont,1,158,
dampi,1,140,
dan-98,1,188,
dan_(kumadan),1,541,
dan_(orange_train),1,287,
dan_evan,1,226,
dana_(hapong07),1,118,
dana_(ocana_dana),1,112,
danaka,1,159,
danbal,1,115,
danboru_(jdanboru1182),1,196,
danby_merong,1,155,
dancho_(dancyo),1,306,
dandara_(karakure),1,436,
dandon_fuga,1,1264,
danemaru,1,118,
danfer3,1,121,
dangan_kurabu,1,133,
dangan_neko,1,111,
dangmill,1,226,
dango_(uni_520),1,199,
dango_remi,1,196,
dangomushi,1,378,
danhu,1,126,
dani-ikapi,1,113,
daniel_deng,1,133,
danimaru,1,358,
danji_bang,1,132,
danjou_sora,1,163,
dankestofdans,1,184,
danmakuman,1,249,
danna_(karatekikku),1,181,
danna_(tsukimisou),1,111,
dannex009,1,548,
dano,1,197,
danshaku,1,111,
dantes_ward,1,182,
dantewontdie,1,512,
darabuchi,1,182,
darahan,1,143,
daram_(shappydude),1,700,
daran9,1,289,
daraz,1,155,
darjeeling_(reley),1,617,
dark_jewel_(gem_oblivion),1,124,
darkavey,1,117,
darkkanan,1,263,
darkmaya,1,684,
darkpulsegg,1,163,
darkside,1,249,
darnell,1,126,
dars_(recolors),1,524,
daru_(kumakumadon),1,108,
daruia_(sabitare),1,114,
darumoon,1,763,
das_(dan_dan),1,114,
dasdokter,1,403,
dash_b,1,155,
dasha,1,249,
dashi_(dashiart),1,193,
dasoku_sentarou,1,204,
dasukasuki_3g,1,129,
datcravat,1,124,
date_(senpen),1,258,
datemegane,1,167,
dateya_torahachi,1,116,
dav-19,1,171,
dave_cheung,1,117,
dave_rapoza,1,122,
david_liu,1,296,
dawalixi,1,151,
dayama,1,113,
daydarion,1,295,
daydream_(zhdkffk21),1,169,
daylightallure,1,146,
dbmaster,1,213,
dbz_(misaki339),1,116,
dc_(makezzal),1,115,
dcwj,1,182,
dd_(ijigendd),1,2541,
ddal,1,332,
ddangbi,1,370,
ddari,1,335,
ddddecade,1,114,
dddoochi1,1,132,
ddolbang,1,428,
ddolggol,1,144,
ddt_(darktrident),1,127,
dduck_kong,1,351,
de_da_xianyu,1,114,
dead-robot,1,165,
deadnooodles,1,977,
deadpool_yuchan,1,212,
deadprince,1,111,
dean_(momodean),1,364,
dearmybrothers,1,325,
dearonnus,1,342,
deathalice,1,201,
deatheach,1,107,
deaver,1,594,
deca_purio,1,212,
deco_(geigeki_honey),1,699,
decoponmagi,1,206,
dede_(qwea_00000),1,447,
deego_(omochi_bazooka),1,429,
deekei,1,109,
deel_(rkeg),1,401,
deep_(deep4946),1,162,
deerwhisky,1,213,
deetamu,1,551,
def_(chronowarld),1,106,
defaultz,1,121,
deg_(deguana),1,134,
dei_shirou,1,1308,
deilan12,1,165,
deino_(deino3330),1,118,
deitaku,1,146,
dekasudachin,1,122,
dekosuke,1,198,
dekosukentr,1,143,
deku_(dekunosu),1,189,
deku_suke,1,466,
delalicious3_(voice_actor),1,117,
delica,1,126,
deliciousbrain,1,124,
deliciousorange,1,157,
delsaber,1,280,
delta_9,1,111,
deluxe<<<,1,227,
dema_hmw,1,393,
demekyon,1,160,
demizu_posuka,1,417,
demorzel,1,294,
den_(kur0_yuki),1,149,
denaseey,1,201,
denchu_(kazudentyu),1,124,
denchuubou,1,106,
dende_(dndn222),1,119,
denden,1,140,
denhijou_niki,1,360,
denjyou23,1,111,
denkaisui,1,127,
denki,1,120,
denki_showgun,1,288,
dennryuurai,1,121,
denpa_rasaito,1,117,
denpaken_pochi,1,120,
deogho_(liujinzy9854),1,202,
deras,1,408,
derauea,1,287,
dermar,1,665,
derpixon,1,125,
des_(namaasi),1,149,
desaku,1,108,
dethmaid,1,114,
deto,1,191,
dev_(dev0614),1,347,
devil_heavens,1,174,
devil_yanghyeok,1,110,
devilhs,1,219,
devilukez,1,271,
devin_elle_kurtz,1,116,
devy_lobotomy,1,201,
deyui,1,663,
deyuyama,1,122,
dfd,1,184,
dfra,1,246,
dh-zone,1,156,
dha,1,215,
dhfz181,1,123,
dhiea,1,138,
di_le_to,1,148,
diathorn,1,162,
dickbomber,1,227,
dickfish_(fishismdick),1,283,
didloaded,1,196,
die_(die0118),1,277,
diepod,1,168,
diesel-turbo,1,781,
difman,1,402,
diforland,1,288,
digdug006,1,135,
digimin,1,242,
digiral,1,125,
diieru,1,113,
diisuke,1,381,
diives,1,315,
dikko,1,1117,
din_(flypaper),1,140,
din_(raiden),1,128,
dingding_(chongsangjun),1,114,
dino_(dinoartforame),1,459,
dio_nand,1,191,
dior-zi,1,198,
dirty_ero,1,122,
disco_brando,1,481,
dise_(psychoro),1,330,
dishing,1,199,
dishui_tangni,1,174,
dishwasher1910,1,1223,
dismaiden,1,269,
dismassd,1,267,
distr,1,801,
disuto,1,113,
diva_(hyxpk),1,1597,
divergenceok,1,123,
dizdoodz,1,145,
dizi930,1,168,
djheycha,1,421,
dk.senie,1,329,
dlanon,1,202,
dm_(dai_miao),1,117,
dm_owr,1,120,
dmt_(auburn),1,126,
dnaitari,1,120,
do_(4-rt),1,218,
do_m_kaeru,1,1019,
dobato,1,146,
dobunezumi,1,205,
dobure18,1,111,
docozi,1,251,
dodai_shouji,1,441,
dodo_(yatotoyatoto),1,160,
dododo_dadada,1,118,
dodok_(gj77230),1,171,
dodome-iro_mayonnaise,1,239,
dodomori,1,196,
dofresh,1,134,
dog-san,1,141,
dogs_(dlrkdejr26),1,196,
dohyo123123,1,121,
doiparuni,1,165,
doitsuken,1,1076,
dojirou,1,152,
dokan_(dkn),1,236,
dokimaru,1,120,
doko_tetora,1,345,
dokomon,1,1339,
dokonjou_(odossan),1,133,
dokshuri,1,174,
doku-chan_(dokkudokudoku),1,119,
doku_corne,1,181,
dokudoku913,1,151,
dokuro-san,1,140,
dokuro_deluxe,1,280,
dolce_(dolsuke),1,209,
doldol_(rkwowlqrp),1,153,
dolechan,1,236,
dolldolldd,1,133,
dolri,1,255,
dolustoy,1,108,
domi_(hongsung0819),1,186,
domo1220,1,182,
domo_(domo_kizusuki),1,188,
domotolain,1,205,
don_(29219),1,290,
don_(rg06268),1,234,
donar0217,1,137,
donburi_(donburikazoku),1,746,
done_(donezumi),1,521,
donedone,1,194,
dongchuan,1,132,
dongho_kang,1,135,
dongsa_wonhyong,1,195,
dongsheng,1,167,
donguri_suzume,1,856,
dongye1551,1,128,
donmin_h,1,300,
donnpati,1,111,
donson,1,146,
donutman,1,233,
donuttypd,1,161,
doora_(dora0913),1,130,
dopamine70,1,196,
dopey_(dopq),1,781,
doppel_(bonnypir),1,306,
dora_ita,1,558,
dora_v_nu,1,173,
dorachan_r,1,190,
doradorakingyo,1,390,
doraeshi,1,301,
doran_(doran7280),1,273,
dore_(gilles_dore),1,133,
doremi,1,378,
doria_(p_f_dolia),1,149,
dorianpanda,1,184,
doribae,1,137,
doro_(sabarudoro),1,166,
doroidsan,1,119,
doromame,1,133,
dorontabi,1,435,
doroshe_(sdpw8474),1,109,
dorua_(dollar),1,181,
doruka,1,152,
dos_(james30226),1,366,
doskoinpo,1,119,
dosu_(doseven),1,214,
dosugon,1,362,
dotartnsfw,1,133,
dotsuco,1,117,
dou-t,1,107,
double_daggers,1,118,
dougan_calpis_con,1,155,
douji,1,236,
doumou,1,132,
doushi_tatsu_to_dekkai_no,1,303,
doushimasho,1,576,
douya_(233),1,279,
dove_pixie,1,210,
dowman_sayman,1,234,
doxy,1,308,
doyachii,1,142,
doyoon_7,1,126,
doyora,1,298,
doyouwantto,1,610,
dqn_(dqnww),1,165,
dr.p,1,603,
dr_graevling,1,227,
dr_rex,1,1358,
dr_yamero,1,126,
dra_(area-s),1,434,
dracksart,1,168,
dragon@harry,1,406,
dragoner,1,150,
dragonmaterial,1,154,
drawfag,1,2128,
dreadtie,1,233,
dreaming_oor,1,125,
dreamlight2000,1,166,
dreamoon,1,125,
dreamysuite,1,128,
dresstrip,1,180,
drew_(drew213g),1,325,
drid,1,117,
drie,1,174,
driftkingtw,1,253,
driftwoodwolf,1,130,
drill_(emilio),1,141,
drive_shot,1,111,
drops_mint,1,121,
dross,1,271,
drums_(artist),1,123,
drunkoak,1,218,
dsmile,1,588,
duan_henglong,1,154,
duca,1,120,
duckchuni,1,231,
dudeunderscore,1,112,
dudul,1,107,
duke_(inu_daimyou),1,582,
dulldull,1,162,
dungeon_toaster,1,178,
duoj_ji,1,289,
duoyuanjun,1,363,
dura,1,214,
durindana_7,1,271,
duto,1,112,
dwayne_hakkai_2,1,145,
dx_(dekusu),1,146,
dynamite_pussy_cat,1,110,
dynamitenatalia,1,134,
dyresbroom,1,110,
dyson_(edaokunnsaikouya),1,432,
dytm,1,278,
dyun,1,397,
dywx_poison,1,115,
e-bushi,1,123,
e-co,1,187,
e-fa-dorn,1,166,
e-note,1,135,
e.o.,1,1436,
e10,1,469,
e20,1,845,
e=mc2_(mosimosi),1,107,
e_(eokiba),1,234,
e_(you33ou),1,114,
e_sdss,1,198,
e_sky_rugo,1,255,
e_volution,1,427,
earasensha,1,225,
earlgrey,1,124,
earth_ekami,1,202,
easonx,1,419,
east_sha2,1,160,
easy_(aqk7bdqt),1,364,
ebanoniwa,1,189,
ebata_risa,1,137,
ebi_(eeotoko),1,156,
ebi_193,1,1503,
ebi_pri_shrimp,1,135,
ebi_puri_(ebi-ebi),1,193,
ebi_tendon,1,121,
ebibi_chiriri,1,174,
ebiblue,1,607,
ebido,1,362,
ebifly,1,412,
ebifurya,1,5846,
ebihara_beniko,1,383,
ebimomo,1,373,
ebinku,1,330,
ebira,1,195,
ebisujima_misato,1,153,
ebizome,1,436,
ebon,1,129,
ebonyxh,1,286,
ebora,1,680,
ecell,1,125,
ech,1,370,
echigoya_takeru,1,150,
echiru39,1,177,
echizen_(hvcv),1,167,
echizen_(n_fns17),1,243,
echj,1,646,
echo_(circa),1,1627,
echo_saber,1,475,
eckert&eich,1,295,
ecoman,1,160,
ecru,1,248,
edamameoka,1,169,
eddybird55555,1,269,
eden_(shiroki_yuutsu),1,141,
edkuroki,1,121,
edmun6969,1,142,
edobox,1,449,
edogawa_nao,1,208,
edogawa_roman,1,163,
edoya_inuhachi,1,248,
edoya_pochi,1,128,
educk,1,130,
edwin_(cyberdark_impacts),1,124,
eeeeee,1,177,
eencya,1,200,
eerr,1,136,
efe,1,587,
efreezerarts,1,234,
efukei,1,502,
efuri_(riarea00),1,278,
egami,1,360,
egawa_akira,1,146,
egawa_satsuki,1,342,
eggman_(pixiv28975023),1,395,
egk513,1,180,
egooo,1,128,
eguegu,1,137,
ehart,1,150,
eho_(icbm),1,478,
ehrrr,1,435,
ei_(marutendon),1,154,
eichan_(eichanidfi),1,193,
eichi_(yashokuya),1,128,
eichi_turnr,1,133,
eichi_yuu,1,568,
eichisu,1,107,
eidenjyou1997,1,167,
eien_no_sai_tori,1,106,
eigaka,1,124,
eight_tohyama,1,215,
eightman,1,106,
eihi,1,151,
eiji_(eiji),1,301,
eijima_moko,1,146,
eiku,1,226,
eilinna,1,109,
ein_(long_cake),1,122,
ein_lee,1,106,
eip_(pepai),1,276,
eiri_(eirri),1,1027,
eisu_(eith),1,363,
eisuto,1,134,
eitopondo,1,278,
eiwa,1,485,
ejami,1,669,
ek_masato,1,133,
eka_eri,1,134,
ekakibito,1,348,
ekao,1,351,
ekita_kuro,1,396,
ekm,1,177,
eko,1,496,
ekoru,1,175,
ekra,1,261,
ekrea_jan,1,256,
ekuesu,1,136,
ekus_(xo_ekus),1,125,
ekz_(robotekz),1,597,
elan_ouo,1,146,
elegant_(sumisumi4268),1,133,
elf_(stroll_in_the_woods),1,1157,
elf_k,1,191,
elfenlied22,1,598,
elina_(e2n04n),1,178,
elina_kuroe_no_daarin,1,149,
eliskalti,1,272,
elizabeth_(tomas21),1,341,
eljimadooor,1,107,
elleciel.eud,1,337,
elliemaplefox,1,209,
ellipsis_(mitei),1,119,
elphe,1,125,
elsevilla,1,135,
elsi,1,147,
eluthel,1,251,
elze_(s01047480836),1,191,
em_(totsuzen_no_hakike),1,998,
ema_(kuguiema),1,142,
emanon123,1,309,
emapippi,1,165,
emerane,1,231,
emg_(christain),1,208,
emia_(castilla),1,198,
emia_wang,1,197,
emilio_(tetsukazu_no_ao),1,138,
emily_(pure_dream),1,585,
emily_kim,1,212,
emirio_(emirio110),1,218,
emlan,1,177,
emma_(kumaema),1,155,
emmmerald,1,254,
emoi_do,1,115,
emon-yu,1,285,
emperpep,1,223,
empew,1,176,
emu_(emum),1,156,
emu_(toran),1,115,
emu_1316,1,125,
emurin,1,594,
emyo,1,454,
en@rain,1,123,
enajii,1,157,
enami_hakase,1,398,
enami_katsumi,1,417,
enarane,1,217,
endori,1,211,
endou_(zettai_bluenoid),1,293,
endou_hiroto,1,414,
endou_masatoshi,1,183,
endou_okito,1,304,
endsmall_min,1,149,
eneko_(olavcnkrpucl16a),1,112,
enelis,1,216,
engiyoshi,1,1311,
engo_(aquawatery),1,683,
enj!,1,129,
enjaku_izuku,1,577,
enjoy_mix,1,215,
enkichi_totan,1,116,
enkyo_yuuichirou,1,1803,
enma_(enmanuelart),1,299,
enn_matien,1,137,
enni,1,139,
eno_yukimi,1,248,
enoki_p,1,139,
enokuma_uuta,1,405,
enomoto_hina,1,122,
enoo,1,183,
enosan,1,314,
enoshima_iki,1,235,
enouchi_ai,1,133,
enpe,1,445,
enperuto_(yarumi),1,111,
enpitsu01,1,188,
enu_(brandnewday02),1,150,
enumiyaa,1,163,
enuni,1,218,
envyvanity,1,125,
eo_masaka,1,118,
eonsang,1,625,
epi_zero,1,180,
epic_armageddon,1,170,
epiphone_(flet06),1,392,
equal_(heartstrings),1,113,
era_(erasion),1,162,
erakin,1,226,
erako9,1,131,
erechan,1,168,
erect_sawaru,1,168,
eredhen,1,314,
ereka,1,341,
ereraero,1,160,
erere,1,854,
eretto,1,729,
erezu,1,254,
ergot,1,909,
eric_(tianqijiang),1,209,
erica_(naze1940),1,434,
eriimyon,1,180,
eringi_(rmrafrn),1,183,
eringikinono,1,177,
eriyama_e,1,133,
erkaz,1,454,
ero_kaeru,1,312,
ero_waifu,1,151,
eroborne,1,124,
erochi,1,117,
erodrunky,1,128,
eroe,1,1026,
eromame,1,1472,
eromkk,1,144,
erospanda,1,112,
erotibot,1,161,
errant,1,465,
error1980,1,164,
erubo,1,733,
erubusubori,1,142,
eruichi_(redphantom),1,107,
eruru_(erl),1,180,
eruthika,1,178,
eruu_(eruuman),1,306,
es_(eisis),1,255,
esaka,1,133,
eshineko,1,144,
esoragoto,1,122,
esouko,1,149,
esphy,1,108,
essual_(layer_world),1,139,
esther_shen,1,198,
esu_(tasoesu),1,138,
esukee,1,179,
esureki,1,263,
esuyuki,1,164,
eta,1,253,
etan14,1,174,
etchimune,1,150,
eternity_(shadeh),1,266,
ether_core,1,274,
eto_(ikumika),1,976,
etogami_kazuya,1,143,
etomai,1,120,
etou_(cherry7),1,171,
etsunami_kumita,1,174,
ett,1,735,
ettone,1,187,
etyaduke,1,118,
eu03,1,1164,
eudetenis,1,642,
eufoniuz,1,350,
eugle_na,1,122,
eunos,1,284,
eureka_814,1,107,
eus_ing,1,331,
ev_(dai00888),1,172,
eva_16-gouki,1,147,
evan_yang,1,250,
evandragon,1,279,
evening_rabbit,1,118,
everyday2,1,250,
everyntrge,1,417,
evinist,1,176,
evolvingmonkey,1,161,
evomanaphy,1,238,
evulchibi,1,161,
ewa_(seraphhuiyu),1,691,
ewokakukaede,1,112,
ex_idol,1,331,
exaxuxer,1,292,
exlic,1,624,
expulse,1,281,
eye_(mememem),1,118,
eymbee,1,161,
eyokiki,1,117,
ez6,1,368,
ezaki_bisuko,1,161,
ezaki_papiko,1,133,
ezoshika,1,175,
ezu_(e104mjd),1,124,
f-cla,1,109,
f.s.,1,497,
f.w.zholic,1,192,
f7(eiki),1,360,
fa_no_hito,1,185,
fabri,1,117,
facominn,1,144,
fadingz,1,302,
fafayu,1,147,
fagi_(kakikaki),1,467,
faicha,1,150,
faiz_azhar,1,134,
fajyobore,1,291,
fakepucco,1,464,
fakkuma,1,203,
fal_(fal-se-0),1,107,
fal_maro,1,320,
falcoon,1,227,
falken_(yutozin),1,823,
fami_(yellow_skies),1,274,
fan_yang_(jiuge),1,134,
fancybetty,1,108,
fang_qiao,1,161,
fangdan_runiu,1,327,
fangxiang_cuoluan,1,332,
fankupl,1,141,
fanshu,1,137,
fanta_(the_banana_pistols),1,127,
fantongjun,1,329,
fary5,1,222,
fasnakegod,1,113,
fataaa,1,218,
fateline_alpha,1,165,
fathom,1,619,
fatkewell,1,269,
faubynet,1,252,
faustsketcher,1,487,
favilia,1,119,
fay_(fay_axl),1,231,
fbc,1,366,
fc_(efushii),1,245,
fct,1,110,
fe_(tetsu),1,185,
fechirin,1,185,
fed_(giba),1,292,
feel_(nasitaki),1,132,
feguimel,1,507,
fei_(maidoll),1,372,
fei_luo_mao,1,212,
feint721,1,398,
feipin_zhanshi,1,223,
feiton,1,116,
feiyu30903448,1,185,
felipe_godoy,1,191,
fellatrix,1,296,
felutiahime,1,705,
feng_mouren,1,188,
fengling_(furin-jp),1,420,
fengmo,1,343,
fengtian_(artist),1,216,
fenrir_(fenlil0316),1,167,
fenrir_(fenriluuu),1,255,
fenyon,1,215,
feral_lemma,1,426,
ferdy's_lab,1,141,
fermium.ice,1,202,
ferret-san,1,310,
festa11307070,1,420,
feza_chen_(ushaku),1,109,
ffccll,1,113,
fffukuzawa,1,215,
fh_moya,1,180,
fhang,1,115,
fi-san,1,555,
fi_zz_ill,1,117,
fieryonion,1,133,
fifiruu,1,387,
fikkyun,1,163,
filha,1,111,
filkia,1,113,
finalcake,1,726,
findoworld,1,107,
fiodo,1,205,
fir3born,1,632,
fireblast,1,115,
firolian,1,191,
firstw1,1,119,
fish.boy,1,307,
fishee_(fisheem4mmal),1,110,
fishine,1,336,
fixro2n,1,261,
fizintine,1,379,
fizrotart,1,140,
fizz_(pixiv34498626),1,116,
fjsmu,1,528,
fkey,1,1083,
flamberge_lo,1,111,
flan_(seeyouflan),1,128,
flanvia,1,292,
flarefox,1,117,
flasher_(flasher_ura),1,119,
flask_(pandora),1,151,
flasso,1,281,
flat_(joppin_karu!),1,124,
flatculture,1,130,
flaw_eight,1,223,
fle0423,1,164,
fleebites,1,170,
flick_(sal23),1,123,
flipper,1,513,
flippy_(cripine111),1,205,
flo_(guilty_hearts),1,151,
flou_(flou_art),1,220,
flowers-imh,1,157,
flowerxl,1,196,
flowery_peko,1,172,
fluegel_(kaleido_scope-710),1,293,
fluffydango,1,395,
flx,1,357,
fly_(marguerite),1,312,
flying-frappuccino,1,125,
focke_wulf,1,229,
foifoi_(marfoyfoyfoy),1,121,
folait,1,304,
folks_(nabokof),1,367,
fon-due_(fonfon),1,172,
fongban_illust,1,137,
foolish_potato,1,145,
force_(4sk_force),1,187,
foreign_blue,1,133,
forest_(4423),1,355,
fori,1,120,
formicid,1,262,
fouriasensei,1,353,
fov_ps,1,118,
foxvulpine,1,231,
foxyreine,1,798,
fpanda,1,169,
fpminnie1,1,131,
fraankyy,1,190,
fractalmagnolia,1,244,
fragir,1,142,
francisco_mon,1,123,
franlol,1,116,
franz_(217franz),1,210,
frapowa,1,1301,
fred04142,1,139,
free_butterfree,1,109,
free_style_(yohan1754),1,614,
freed_turing,1,124,
freedom_nakai,1,191,
freely2327,1,134,
freeze-ex,1,195,
freng,1,483,
frfr,1,387,
fridaynightcat,1,154,
fried_bocky,1,110,
frikulu,1,241,
frischenq,1,110,
frogsnake,1,164,
frost_fog,1,174,
frostcyco,1,108,
frs2,1,107,
fruit_punch,1,211,
fte_(fifteen_199),1,152,
fu-ta,1,864,
fu_ga_(vivi912912),1,286,
fu_yukari,1,117,
fua_yuu,1,122,
fuantei,1,891,
fuchi_(nightmare),1,444,
fuchitoro,1,144,
fud,1,387,
fue_(rhomphair),1,325,
fue_(tsuzuku),1,114,
fuente,1,205,
fuepo,1,227,
fugaku_(miko_no_miyatsuguchi),1,162,
fugetsu_taku,1,203,
fugtrup,1,511,
fuji_(pixiv24804665),1,746,
fuji_fujino,1,323,
fuji_shinobu,1,353,
fuji_tarawi,1,122,
fuji_tsugu,1,122,
fuji_yoshida,1,128,
fujibejifu,1,107,
fujie-yz,1,149,
fujieda_miyabi,1,229,
fujieda_uzuki,1,362,
fujigaya_arctia,1,831,
fujii_eishun,1,275,
fujii_jun,1,218,
fujii_masahiro,1,309,
fujikawa,1,486,
fujikawa_arika,1,122,
fujikawa_daichi,1,389,
fujiko_(emnprmn),1,287,
fujima_(k114),1,132,
fujima_takuya,1,1722,
fujimaru_(green_sparrow),1,121,
fujimiya_yahiro,1,177,
fujimori_shiki,1,114,
fujimoto_akio,1,111,
fujino_(yoshi9798174),1,123,
fujinohara_akihira,1,116,
fujinoki_(horonabe-ken),1,238,
fujinomiya_rio,1,112,
fujirin,1,137,
fujisaka_kimihiko,1,147,
fujisaka_kuuki,1,119,
fujisaka_lyric,1,139,
fujisaki_hikari,1,862,
fujisaki_yuu,1,238,
fujisawa_takashi,1,133,
fujishima-sei_ichi-gou,1,390,
fujishima_kousuke,1,173,
fujishima_shinnosuke,1,448,
fujishiro_emyu,1,368,
fujita_(condor),1,155,
fujitaka_nasu,1,469,
fujiwara_akina,1,365,
fujiwara_gacho,1,159,
fujiwara_minaho,1,127,
fujiwara_tatsuroo,1,127,
fujiwara_warawara,1,151,
fujiya_takao,1,173,
fujiyama,1,110,
fujiyama_ichiha,1,265,
fuju,1,134,
fujy,1,175,
fuka_(hk_nemo),1,174,
fuka_(kantoku),1,199,
fukahire_(ruinon),1,630,
fukai_ryosuke,1,620,
fukaiton,1,217,
fukase_ayaka,1,155,
fukazaki,1,219,
fukemachi,1,165,
fukidashi_cotton,1,251,
fuku_(fuku12290574),1,198,
fukuda_shuushi,1,347,
fukudahda,1,227,
fukujima_kiwi,1,131,
fukumaaya,1,217,
fukumitsu_(kirarirorustar),1,121,
fukunaga_kazuhiro,1,169,
fukunaga_yukito,1,124,
fukunoki_tokuwa,1,158,
fukuoka_katsumi,1,232,
fukuro_(maruaru00),1,333,
fukuro_daizi,1,353,
fukuro_ooji,1,172,
fukurou_(owl222),1,340,
fukuroumori,1,308,
fukushima_masayasu,1,127,
fukusuke_hachi-gou,1,209,
fukutarou_(enji127),1,301,
fukutchi,1,148,
fule,1,111,
fumato,1,187,
fumei_(mugendai),1,152,
fumi11gou,1,110,
fumihiko_(fu_mihi_ko),1,1701,
fumihiro,1,258,
fumiko_(mesushi),1,330,
fumiko_(miruyuana),1,110,
fumio_(rsqkr),1,1414,
fumio_(ura_fmo),1,465,
fumirumochigashin,1,128,
fumitan_(humitan),1,751,
fumitsuki_(minaduki_6),1,546,
fumizuki_misoka,1,110,
fummy,1,147,
fumutarou,1,323,
fun_bo,1,578,
funa_(sakana),1,122,
funakura,1,132,
funamusea_(artist),1,356,
fune_(fune93ojj),1,114,
funi_mu9,1,380,
funii,1,137,
funikurikurara,1,121,
funitarefu,1,152,
funnyari,1,211,
funnyfunny,1,109,
funsexydb,1,168,
funyariko,1,169,
fuooooo,1,302,
fura,1,114,
furaggu_(frag_0416),1,761,
furahata_gen,1,207,
furai,1,118,
furau,1,402,
furim,1,119,
furisuku,1,209,
furorida,1,129,
furorina,1,163,
furukawa_(yomawari),1,847,
furukawa_herzer,1,154,
furukawa_itsuse,1,202,
furukawa_lemon,1,139,
furukawa_wanosuke,1,156,
furuyama_itaru,1,322,
fusazakura,1,107,
fushigi_ebi,1,244,
fushirun_rung,1,352,
fushisha_o,1,209,
fushitasu,1,231,
fusu_(a95101221),1,1266,
fusuma_(suwaru_boom),1,191,
futa_(nabezoko),1,2738,
futaba969649,1,125,
futaba_hazuki,1,131,
futaba_miwa,1,285,
futaba_suetsuki,1,167,
futami_yayoi,1,239,
futapi,1,107,
futase_hikaru,1,125,
futatsuki_eru,1,177,
futatsuki_hisame,1,703,
futomomomoe,1,137,
futon_(kitsune_tsuki),1,274,
futoumeido,1,109,
futsu_iyu,1,174,
fuu_fuu,1,142,
fuuen_(akagaminanoka),1,566,
fuuga_(perv_rsity),1,168,
fuugetsu_oreha_ikiru,1,148,
fuuka_(fukasheu),1,110,
fuukadia_(narcolepsy),1,610,
fuuki_(te_fuukin),1,190,
fuuma_nagi,1,601,
fuumi_(radial_engine),1,362,
fuuna,1,270,
fuurin_(omaemona),1,186,
fuussu_(21-kazin),1,217,
fuusuke_(fusuke208),1,339,
fuuzasa,1,1263,
fuwa_daisuke,1,424,
fuwa_fuwa_dog,1,175,
fuwafuwatoufu,1,173,
fuwamoko_momen_toufu,1,232,
fuya_(tempupupu),1,745,
fuyouchu,1,199,
fuyube_rion,1,181,
fuyuhino,1,116,
fuyuichi,1,147,
fuyuichi_monme,1,116,
fuyukayui,1,119,
fuyuki_(neigedhiver),1,143,
fuyumi_kazuki,1,313,
fuyuno_haruaki,1,227,
fuyuno_kamome,1,129,
fuyuno_taka,1,163,
fuyuno_yuuki,1,165,
fuyuzuki_gato,1,138,
fuzichoco,1,860,
fuzuki_fuuro,1,171,
fuzukikai,1,269,
fymrie,1,152,
fyuo,1,344,
g-room_honten,1,224,
g-tetsu,1,232,
g1_(jjw00123),1,199,
g_(genesis1556),1,884,
g_home,1,140,
g_ieep,1,207,
g_yuusuke,1,183,
ga320aaa,1,244,
gaako_illust,1,142,
gabao_(mattari_2019),1,184,
gabiran,1,554,
gabriel_evangel,1,462,
gabrieltenma77,1,205,
gacha-m,1,299,
gachigachi,1,151,
gachon_jirou,1,162,
gachou,1,531,
gagaimo,1,140,
gaiko_kujin,1,287,
gainoob,1,285,
gairou_(takakuan),1,152,
gaitoou,1,113,
gaketsu,1,271,
gakky,1,602,
gakubuchi_aiko,1,192,
galbany_(tsgororin),1,227,
gale_kawaii,1,398,
galibo,1,262,
gamarenji,1,148,
gambe,1,272,
gambler_club,1,240,
gamerag,1,124,
gamryous,1,214,
gamuo,1,297,
ganaishoten,1,185,
ganari_ryuu,1,337,
ganassa,1,199,
ganesagi,1,587,
gangshangguang_(smjy5842),1,145,
ganmaganmo,1,108,
ganto,1,264,
gao_(gaolukchup),1,341,
gao_kawa,1,113,
gaoling_gangqin,1,153,
gaoo_(frpjx283),1,1256,
gaothun,1,253,
gaou_(babel),1,296,
gaou_(umaiyo_puyoman),1,872,
gapamopa,1,117,
gar32,1,474,
garamgum,1,110,
garana,1,157,
garasuno,1,210,
gardavwar,1,110,
garimpeiro,1,275,
garnet,1,367,
garoudo_(kadouhan'i),1,205,
garouma,1,261,
garter-velvet,1,109,
garubegaru,1,116,
garukichi,1,120,
garuku,1,217,
garyou,1,113,
gashi-gashi,1,792,
gaston18,1,366,
gatau,1,316,
gatchan,1,387,
gatchapowa,1,114,
gatling_santouhei,1,145,
gatsby_ssl,1,159,
gau_(n00_shi),1,143,
gauss_<bokashi,1,144,
gawako,1,641,
gayarou,1,396,
gazacy_(dai),1,605,
gazing_eye,1,671,
gb_(doubleleaf),1,185,
gc3,1,136,
gcg,1,131,
gdhs,1,145,
ge-b,1,674,
ge_xi,1,161,
gearous,1,299,
gebijiade_89,1,170,
gecchu,1,163,
gedoooo,1,109,
gedou_(ge_ge_gedou),1,222,
gedou_(shigure_seishin),1,134,
geetsu,1,259,
geewhy,1,974,
gegegekman,1,145,
gegera,1,120,
gegeron,1,311,
geike,1,163,
gekkou_(geccomajin),1,160,
gemba_(dlfms75),1,139,
gemi,1,254,
gemi_ningen,1,124,
gemu555,1,589,
gen_(black_factory),1,259,
gen_(enji),1,258,
gen_(genetrix),1,114,
gendo0032,1,200,
genek,1,341,
geneva_bowers,1,187,
gengetsu_chihiro,1,214,
gengoroh,1,176,
gengorou,1,490,
gengoroumaru_(ambidextrous),1,373,
genjitsu_o_miro,1,188,
genkung,1,291,
genmon,1,125,
genshi,1,130,
genso,1,155,
gensou_aporo,1,113,
gensoukoumuten,1,627,
gentle_sasaki,1,138,
gentoku,1,212,
gentsuki,1,779,
genya_(genya67),1,187,
genyaky,1,845,
genzoman,1,650,
geo_(yukishitadou),1,199,
george_man,1,111,
georugu13,1,333,
geppewi,1,364,
geregere_(lantern),1,131,
gero_zoukin,1,243,
gerotan,1,150,
gerusyu,1,152,
geshumaro,1,559,
geso_smith,1,157,
gesugesu_ahoaho,1,228,
getsumen_suibaku_ver._a(c),1,126,
getsuyou_yasumi,1,152,
getto,1,154,
gg_dal,1,148,
gggg,1,409,
ggli_(yuine_wantan),1,123,
ggubii0225,1,189,
ghost_(tama),1,174,
gia,1,488,
gibagiba,1,747,
gibun_(sozoshu),1,420,
giga-tera,1,138,
giga_omega,1,149,
gigamessy,1,248,
giganticbuddha,1,123,
gigi_d.g.,1,120,
gigobyte350,1,216,
gigokku,1,150,
gijang,1,297,
gilse,1,245,
gimnang,1,119,
gin'ichi_(akacia),1,615,
gin'you_haru,1,467,
gin00,1,428,
gin_(ginshari),1,346,
gin_(oyoyo),1,210,
gin_(shioyude),1,400,
gin_(tttetu123),1,107,
gin_fragrans,1,156,
gin_moku,1,398,
gingami_(giluziru),1,145,
ginhaha,1,1887,
ginji74,1,152,
ginji_(sakaki_summer),1,196,
ginka_(gink_a),1,144,
ginklaga,1,212,
ginko_(nico),1,117,
ginko_(silver_fox),1,581,
ginmu,1,145,
ginnkei,1,228,
gino_(gino_h),1,198,
ginopi,1,136,
gins,1,317,
ginseng_(xin),1,140,
ginta,1,200,
gintarou_(kurousagi108),1,409,
ginzake_(mizuumi),1,169,
ginzuki_ringo,1,139,
giorgio_(yo_sumire_sola1),1,242,
giraffe_(ilconte),1,468,
girotin_ginza,1,148,
girutea,1,120,
giryu,1,134,
gishu,1,368,
gisyo,1,293,
giuniu,1,251,
givuchoko,1,725,
glastonbury1966,1,289,
gleision_adain,1,192,
glenn_andrean,1,141,
glitchedpuppet,1,475,
gloomyowl,1,143,
gloss,1,130,
gm_(ggommu),1,109,
gmgt_(gggggg3),1,153,
gmkj,1,958,
gmot,1,143,
gnai,1,147,
gnns,1,400,
go-1,1,379,
go-it,1,128,
go_e_0000,1,107,
go_robots,1,312,
goback,1,450,
goban,1,210,
gobanme_no_mayoi_neko,1,232,
gobi_(jtnyrwbkohiqsuldg),1,164,
gobou_1000,1,113,
goburin_second,1,153,
gochisousama_(tanin050),1,222,
gochou_(kedama),1,279,
godees,1,216,
godiva_ghoul,1,133,
godzillapigeon1,1,163,
goe_(g-o-e),1,475,
gofa,1,160,
gofelem,1,255,
gofu,1,1210,
gogalking,1,493,
gogatsu_fukuin,1,272,
gogatsu_no_renkyuu,1,112,
gogeyama,1,158,
gogiga_gagagigo,1,763,
gogo_(detteiu_de),1,128,
gogoco,1,164,
gogono_pan'ya,1,184,
gohanduck,1,155,
gohei_(aoi_yuugure),1,169,
gohpot,1,140,
gojarun,1,358,
goki_buri,1,266,
goku_suzume,1,394,
gokubuto_mayuge,1,147,
gokurin,1,138,
gokuu_(acoloredpencil),1,419,
gold_can,1,186,
goldowl,1,346,
golgi_hon,1,164,
goli_matsumoto,1,131,
goma_(11zihisin),1,112,
goma_(gomasamune),1,1516,
goma_(u_p),1,111,
goma_(yoku_yatta_hou_jane),1,1150,
goma_irasuto,1,223,
goma_konbu,1,122,
gomamiso_(gomamiso_sp),1,287,
gomano_rio,1,268,
gomashi_(goma),1,280,
gomashio_(goma_feet),1,1888,
gomashio_ponz,1,211,
gomashiwo_o,1,159,
gomatarou_(pixiv196136),1,108,
gomeifuku,1,203,
gomennasai,1,1158,
gomi_ichigo,1,169,
gomibako_(gomibako_price),1,114,
gomio_(bb-k),1,106,
gomipomi,1,407,
gompang_11,1,228,
gomtang,1,677,
gomu_(chewinggom),1,397,
gomulgong,1,308,
gomzi,1,319,
gond,1,133,
gondom,1,136,
gongba_laoge,1,173,
gongha,1,109,
gonoike_biwa,1,175,
gonster,1,188,
gonzarez,1,1608,
goom_(goomyparty),1,360,
goomrrat,1,355,
gorgeous_mushroom,1,507,
gorgonzola_(paradisegom),1,126,
goriate,1,281,
goribote,1,283,
gorilla_(bun0615),1,340,
gorirago,1,185,
goriyaku,1,119,
goroo_(eneosu),1,226,
goshiki_suzu,1,563,
goth_risuto,1,193,
goto_(sep),1,142,
goto_p,1,736,
gotoo,1,109,
gotou_(nekocat),1,886,
gotou_hisashi,1,383,
gotou_junji,1,171,
gotou_keiji,1,352,
gotou_kenji,1,159,
gotyou,1,822,
gou_lianlian_dogface,1,320,
gouda_nagi,1,160,
gouguru,1,187,
goumonsha,1,284,
goumudan,1,253,
gouta_(nagishiro6624),1,479,
goyain,1,500,
gozu_farm,1,198,
gozz,1,192,
gr_greeze,1,110,
gram_9,1,207,
grandguerrilla,1,108,
grandia_bing,1,175,
grandia_lee,1,279,
gray_bear,1,122,
graysheartart,1,178,
greatm8,1,685,
greatmosu,1,627,
greatodoggo,1,389,
greave_(asterism),1,113,
greco_roman_(spiral_brain),1,222,
greem_bang,1,913,
green322,1,353,
green_dew,1,245,
greenkohgen,1,175,
greenmarine,1,415,
greenopi,1,309,
greentanuki,1,178,
greenteaa,1,130,
greenteaneko,1,711,
greetload,1,124,
gregorius_yamada,1,146,
grel_(r6hgvu5),1,111,
grgrton,1,107,
grimgrim,1,178,
grimmelsdathird,1,175,
grizz,1,125,
grs-,1,212,
grune,1,159,
gryebooks,1,405,
gsusart,1,451,
gtunver,1,240,
gu_deulmok,1,124,
gu_li,1,211,
gu_luco,1,149,
guard_vent_jun,1,180,
guardian-panda,1,137,
gubbi_on,1,111,
gucchiann,1,311,
guchico,1,463,
guchiota_field,1,257,
gud0c,1,209,
gudanco_(nyanmeowzer),1,174,
gudon_(iukhzl),1,173,
gueya,1,179,
gufu_(guffuumu),1,121,
guhanshounen,1,140,
guin_guin,1,888,
gujianshaonu,1,201,
gujira,1,153,
gulim,1,139,
gulp5959,1,324,
gum_(gmng),1,170,
gum_(vivid_garden),1,157,
guman_project,1,312,
gumilkx,1,136,
gumoyu,1,166,
gunjou_row,1,280,
gunner-l,1,235,
gunnjou_yosio,1,222,
gunp,1,479,
gunsou1350,1,115,
gurageida,1,217,
gurajio,1,166,
gurande_(g-size),1,1360,
gurasion_(gurasion),1,229,
guree_(haiiro),1,130,
gurifu,1,139,
guriguri_(arayotto4351),1,193,
guriin,1,118,
gurimjang,1,294,
gurukousu,1,140,
gurumo_(twitter),1,127,
gus_(clarkii),1,146,
gusha_s,1,162,
gustav_(telomere_na),1,481,
gusu,1,201,
gutalalaman,1,109,
guttary,1,129,
guttia,1,117,
guumin,1,156,
guweiz,1,662,
guzangnanfeng,1,189,
gwao_(_ul_13),1,140,
gwayo,1,162,
gweda,1,1546,
gya_(144),1,246,
gyaheung,1,186,
gyari_(imagesdawn),1,204,
gyaza,1,175,
gyoju_(only_arme_nim),1,192,
gyosone,1,148,
gyoubu_ippei,1,158,
gyoukan_(jfxc),1,166,
gyouza_(mhea5724),1,340,
gyozanuko,1,316,
gyuunyuu_nomio,1,137,
gzei,1,309,
h-new,1,333,
h.an_(516635864),1,131,
h.carrrrrrot,1,112,
h2_(h20000000),1,193,
h2o_(ddks2923),1,345,
h2o_(dfo),1,124,
h2so4,1,418,
h@ll,1,125,
h_(eitilog),1,193,
h_kasei,1,581,
ha-ru,1,366,
ha_(hura76752775),1,135,
ha_akabouzu,1,1560,
ha_ze,1,129,
habara_meguru,1,129,
habatakuhituji,1,262,
habkart,1,127,
habsida_(habsida_hpy),1,350,
habu_rin,1,177,
haccan,1,152,
hacco_mayu,1,235,
hachi_(8bit_canvas),1,275,
hachi_(chihagura),1,453,
hachiko_(hati12),1,501,
hachikuji,1,130,
hachimitsu_hinako,1,116,
hachinatsu,1,133,
hachiroku_(hatirokusann86),1,127,
hachita_(odangoya),1,113,
hachiware_(8ware63),1,126,
hachiya_shohei,1,141,
hacko,1,151,
haconeri,1,112,
had_(had314),1,195,
hadaparuka,1,108,
hadashi_no_kenji,1,317,
haerge,1,181,
hafuku,1,110,
haga_yui,1,346,
hagane_soushi,1,282,
haganef,1,456,
haganemaru_kennosuke,1,221,
hage2013,1,154,
hage_tashuumi,1,161,
hagetapo,1,133,
hagi_(ame_hagi),1,253,
hagino_kouta,1,321,
hagino_makoto,1,195,
hagioshi,1,299,
hagiwara_daisuke,1,243,
hagiwara_rin,1,278,
hagiya_masakage,1,410,
hagoonha,1,882,
haguhagu_(rinjuu_circus),1,515,
hagure_kedama,1,410,
hagure_keg,1,297,
haguruma_c,1,202,
hahakigi,1,112,
hai_(h81908190),1,172,
hai_ookami,1,367,
hai_to_hickory,1,235,
haiba_09,1,263,
haida_katsuretsu,1,217,
haijin,1,219,
haikawa_hemlen,1,122,
haiki_(tegusu),1,237,
haimei1980,1,134,
haimura_kiyotaka,1,913,
hainchu,1,359,
haine,1,121,
haioku_colonel,1,189,
hairu,1,766,
haishiba_ame,1,146,
haishiki,1,114,
haizai,1,140,
hajika,1,511,
hajike_akira,1,254,
hajikkoneko,1,155,
hajime_(ak-r),1,144,
hajime_(caramel_toone),1,163,
hajime_(hajime-ill-1st),1,325,
hajime_kaname,1,247,
hajin,1,330,
hajun_(hey_sangha),1,108,
hakaba_(dairiseki),1,306,
hakai_shin,1,396,
hakamii,1,165,
hakano_shinshi,1,137,
hakika,1,467,
hakkai,1,273,
hakkasame,1,167,
hakkentai_pokedan,1,112,
hako_momiji,1,106,
hakonnbo,1,257,
hakou_(barasensou),1,171,
haku89,1,295,
haku_(grimjin),1,125,
haku_(sabosoda),1,245,
haku_geroda,1,120,
hakua_(hka_art),1,108,
hakua_ugetsu,1,200,
hakuda_tofu,1,254,
hakui_ami,1,311,
hakuishi_aoi,1,214,
hakuleg,1,267,
hakusai_(tiahszld),1,544,
hakusyokuto,1,246,
hakuto_(28syuku),1,115,
hakutocake,1,184,
hakuurei_amano,1,135,
hal_(goshujinomocha),1,289,
hal_(haaaalhal),1,154,
halcon,1,845,
halkawa501,1,226,
halorane,1,139,
halphelt,1,230,
halu-ca,1,200,
haluka_(aixioo),1,146,
halulu,1,184,
ham_(points),1,529,
hama!_(3toshinhmkz),1,321,
hama_(22ji_kara_24ji),1,180,
hama_chon,1,323,
hamaburicchi,1,235,
hamachamu,1,246,
hamada_(super_tachioyogi_kyousou),1,175,
hamada_pengin,1,125,
hamada_yoshikazu,1,472,
hamadaichi,1,230,
hamaguri_(hamaguri1234),1,237,
hamahama,1,184,
hamaken._(novelize),1,478,
hamamoto_ryuusuke,1,151,
hamanashi_(trapiorra),1,108,
hamano_yui,1,138,
hamao,1,704,
hamaru_(s5625t),1,120,
hamashima_shigeo,1,213,
hamayumiba_sou,1,300,
hamedoragon,1,331,
hamelon310,1,137,
hamico,1,170,
hamita_(rikopin_ika),1,114,
hammer_(sunset_beach),1,5387,
hamoto,1,125,
hamsterfragment,1,265,
hamu_(plot_sy),1,149,
hamu_koutarou,1,2380,
hamukiyo,1,111,
hamushima,1,404,
han-0v0,1,194,
han_(jackpot),1,586,
hana_(mew),1,162,
hana_kazari,1,1875,
hana_mori,1,390,
hanabana_tsubomi,1,216,
hanabi_(ocha),1,123,
hanabusaoekaki,1,551,
hanada_hyou,1,358,
hanada_yanochi,1,435,
hanagata,1,217,
hanahanamaki,1,124,
hanako151,1,163,
hanako_(akatsuki),1,124,
hanamaru_tsubaki,1,112,
hanamasa_ono,1,214,
hanamiya_natsuka,1,412,
hanamura_pink,1,174,
hanaon,1,166,
hanarito,1,274,
hanasaka_houcha,1,635,
hanasaki_komugi,1,158,
hanasaki_mahiru,1,142,
hanasakichu,1,121,
hanataro_(sruvhqkehy1zied),1,164,
hanato_(seonoaiko),1,449,
hanatsuka,1,206,
hanauna,1,539,
hanavbara,1,136,
hanayama_(inunekokawaii),1,118,
hanazawa_ma,1,120,
hanazawa_suou,1,301,
hanazome_dotera,1,228,
hanazuka_ryouji,1,115,
hanchou_(shirokun555),1,109,
handot_(d_yot_),1,187,
handplug,1,229,
handsome_wataru,1,355,
hane_(azelye),1,156,
hane_(hanegoya),1,260,
hane_yuki,1,444,
hanekoto,1,615,
hanenbo,1,268,
haneramu,1,274,
haneru,1,553,
hanetsuka,1,154,
hanetu,1,158,
hangaku,1,264,
hangleing,1,160,
hanh_chu,1,145,
hani_haya,1,127,
haniwa_(kiminozorazio),1,106,
haniwa_(leaf_garden),1,476,
haniwagi_(hal),1,127,
hanjuku_choco-pai,1,121,
hanny_(uirusu_chan),1,320,
hano_haruka,1,129,
hano_luno,1,133,
hanokage,1,331,
hanomido,1,364,
hanoyuta,1,106,
hanpenmaru,1,537,
hanpetos,1,486,
hanya_(hanya_yashiki),1,340,
hanyae,1,135,
hanzaki_jirou,1,176,
hanzou,1,817,
hao_(haozz),1,111,
hao_(patinnko),1,348,
haobuguniao,1,119,
haoni,1,780,
haori_io,1,368,
haoro,1,522,
happa_(cloverppd),1,460,
happening18,1,115,
happoubi_jin,1,1305,
happyongdal,1,131,
hara_(harayutaka),1,2846,
hara_id_21,1,167,
hara_kenshi,1,294,
hara_shoutarou,1,154,
hara_yui,1,202,
harada_(basashi),1,233,
harada_(sansei_rain),1,858,
harada_miyuki,1,179,
harada_takehito,1,1038,
harakomeshi,1,108,
harano,1,668,
harano_kaguyama,1,148,
harau,1,135,
haraya_manawari,1,319,
hare_(tetterutei),1,126,
harenchi,1,189,
hareno_chiame,1,243,
hareta,1,152,
hari611,1,109,
harigane_shinshi,1,838,
harihisa,1,317,
harikamo,1,117,
hariken,1,135,
harimoji,1,641,
harino646,1,129,
hario_4,1,126,
hariyaa,1,204,
hariyama_(toubou_tengoku),1,157,
harmonia,1,249,
harmonist11,1,177,
haro_art,1,126,
harris_hero,1,549,
haru57928031,1,153,
haru_(haruxxe),1,200,
haru_(hiyori-kohal),1,244,
haru_(konomi_150),1,334,
haru_(kyou),1,151,
haru_(nakajou-28),1,844,
haru_(nature_life),1,185,
haru_no_manji,1,125,
haru_yu,1,208,
haruaki_(onkai_planaria),1,157,
haruakira,1,514,
haruba_negi,1,201,
haruhata_mutsuki,1,328,
haruhina_purple,1,199,
haruhisky,1,1734,
haruhitooo,1,115,
harui_(hr_x9_),1,135,
haruichi_(komikal),1,381,
haruichi_(sazanami_complex),1,114,
haruka_(rsyaooooo),1,165,
haruka_natsuki,1,277,
harukappa,1,152,
harukaruha,1,112,
harukatron,1,159,
harukawa_moe,1,143,
harukaze_unipo,1,315,
haruken,1,245,
haruki_(colorful_macaron),1,422,
haruki_(haruki678),1,114,
haruki_reimari,1,162,
harukigenia,1,372,
harukui,1,124,
harumachi_nagaaki,1,359,
harumaki,1,136,
harumi_(harumix),1,119,
harumina_mau,1,388,
harumiya,1,236,
harunatsu_akito,1,427,
haruno_shuu,1,126,
harunoha,1,175,
harunoibuki,1,143,
haruri,1,547,
harurukan,1,205,
harusame_(rueken),1,304,
harusame_(unmei_no_ikasumi),1,755,
harusawa,1,219,
harushio,1,107,
haruta_(806060),1,224,
haruto_(harut_n),1,151,
haruwaka_064,1,153,
haruyama_kazunori,1,5229,
haruyonoto,1,116,
haruyuki_(gffewuoutgblubh),1,355,
haruyuki_(yukichasoba),1,423,
haruyukiko,1,146,
harvest_fes,1,270,
haryuu_(poetto),1,286,
hasaya,1,171,
hase_neet,1,141,
hase_yu,1,939,
hasebe_akira,1,134,
hasebe_yuusaku,1,276,
hasegawa_keita,1,123,
hasegawa_shin'ya,1,146,
hasekura_chiaki,1,139,
haseneko,1,135,
haseru_(ginku_mh),1,344,
hashi,1,407,
hashiko_nowoto,1,169,
hashimoto_takashi,1,404,
hashira_14,1,300,
hashiro,1,169,
hassan_(sink916),1,131,
hassen_(8cm),1,197,
hasu_(velicia),1,130,
hasumi_(hasubatake39),1,211,
hasune,1,130,
hasunokaeru,1,133,
hata4564,1,269,
hata_kenjirou,1,147,
hatachi,1,155,
hatafuta,1,228,
hatake_shimeji,1,240,
hatakenaka_(kamagabuchi),1,237,
hatano_kiyoshi,1,657,
hataraki_ari,1,127,
hataraki_kuma,1,130,
hataya,1,113,
hater_(hatater),1,409,
hati105,1,299,
hato_haru,1,428,
hato_no_suisou,1,115,
hatori_mia,1,445,
hatori_piyoko,1,117,
hatoyama_itsuru,1,415,
hatozuki_tsumiki,1,159,
hatsuitsumo,1,176,
hatsuko,1,139,
hatsunatsu,1,461,
hatsune_negame,1,110,
hatsuzuki_527,1,356,
hattori_masahiko,1,144,
hattori_masaki,1,262,
hatyuuruinohito,1,162,
haun,1,179,
haura_akitoshi,1,154,
hawe_king,1,176,
haya_taro_pochi,1,137,
hayabusa,1,859,
hayakawa_akari,1,292,
hayakawa_harui,1,371,
hayakawa_pao,1,214,
hayama_eishi,1,401,
hayama_kazusa,1,374,
hayana_neru,1,136,
hayanye,1,121,
hayashi_(l8poushou),1,154,
hayashi_custom,1,631,
hayashi_kewi,1,493,
hayashi_naoharu,1,116,
hayashiya_zankurou,1,824,
hayate_(leaf98k),1,209,
hayate_fish,1,121,
hayyan,1,231,
hazakura_hinata,1,250,
hazakura_satsuki,1,158,
hazuki_(nyorosuke),1,384,
hazuki_(sutasuta),1,288,
hazuki_haru,1,307,
hazuki_kasane,1,148,
hazuki_kyou,1,120,
hazuki_natsu,1,369,
hazuki_ruu,1,308,
hazumi_otoya,1,160,
hcnone,1,179,
healther,1,168,
healthyman,1,219,
hear_(kpmf4732),1,115,
heartbreak_juan,1,185,
hebameki,1,111,
hebino_rai,1,238,
hebitsukai,1,201,
hebitsukai-san,1,383,
hecha_(01964237),1,157,
hechi,1,362,
hechi_(hechi322),1,138,
hechima_(issindotai),1,130,
heco_(mama),1,152,
heebee,1,395,
hegata_(hegatia_lapis),1,126,
hehehzb,1,111,
hei_(tonarinohey),1,108,
heibonkaeru,1,169,
heigani,1,182,
heijialan,1,168,
heikala,1,208,
heikokuru1224,1,119,
heimu_(heim_kstr),1,140,
heirou,1,283,
heiwa_(murasiho),1,160,
heiwari_kanade,1,149,
heiyan_shenshi,1,142,
hekicha,1,172,
hekiga_(freelot),1,738,
hekomii,1,283,
hekoningyou_(waraningyou),1,195,
helbai,1,204,
helic_(7317helic),1,109,
hella_p,1,575,
hellandheaven,1,354,
helloimtea,1,367,
helvetica_std,1,256,
hemo_(hemoroda),1,289,
hemogurobin_a1c,1,801,
hemorina,1,170,
hen-tie,1,253,
hendra,1,196,
henet_hene,1,235,
henken,1,226,
henkuma,1,134,
henreader,1,299,
henria,1,401,
henriiku_(ahemaru),1,244,
henry_bird_9,1,218,
henshako,1,511,
hentai_oyaji,1,127,
hentaki,1,158,
hentaly,1,112,
hentaudio,1,130,
henyaan_(oreizm),1,313,
heoningu,1,126,
herada_mitsuru,1,815,
heran_hei_mao,1,197,
here_(hr_rz_ggg),1,155,
herigaru_(fvgyvr000),1,118,
herio,1,233,
heripantomorrow,1,387,
heripiro,1,111,
heriyama,1,126,
hermmy,1,138,
hero_neisan,1,494,
herohero_(higashi_no_dou),1,317,
herokick,1,122,
herozu_(xxhrd),1,154,
hershuar,1,234,
herunia_kokuoji,1,125,
hetareeji,1,199,
hetza_(hellshock),1,830,
hevn,1,123,
hews,1,2525,
hey_taisyou,1,326,
hhh_(wave),1,329,
hi-go!,1,145,
hi-ho-,1,255,
hi-na1,1,129,
hi_(ibisf5umauma),1,279,
hi_iro,1,203,
hi_ye,1,155,
hi_you_(flying_bear),1,592,
hibi89,1,239,
hibi_tsuna,1,117,
hibiki_(zerocodo),1,895,
hibiki_mio,1,133,
hibimegane,1,165,
hibioes,1,253,
hibun_tsukasa,1,225,
hicha_nomu,1,112,
hichiko,1,164,
hida_tatsuo,1,187,
hidari_(left_side),1,560,
hidari_(nanmu-left),1,132,
hidarikiki,1,116,
hide_(hideout),1,277,
hidebo,1,139,
hidebou,1,280,
hidefu_kitayan,1,1271,
hideko_(l33l3b),1,367,
hidezi,1,117,
hido_(cherryhido),1,114,
hidori_(hibi_toridori),1,258,
hidulume,1,484,
hiememiko,1,640,
hifumi_(3b_x),1,145,
hifumi_chiyoko,1,123,
hifumi_kei,1,165,
higa-tsubasa,1,166,
higa423,1,225,
higa_(gominami),1,237,
higa_yukari,1,260,
higaragi,1,298,
higashigunkan,1,216,
higashigure,1,209,
higashiyama_kazuko,1,108,
higashiyama_shou,1,112,
higata_akatsuki,1,106,
higeepon,1,123,
higeneko,1,165,
higuchi_isami,1,198,
higuchi_konomi,1,147,
hihiyama_yokikana,1,117,
hiide,1,150,
hiiragi_fuyuki,1,271,
hiiragi_hazime,1,434,
hiiragi_mikoto,1,123,
hiiragi_souren,1,270,
hiiragi_tomoka,1,224,
hiiragi_yuuichi,1,586,
hiiringu,1,338,
hiiro_(kikokico),1,114,
hiiro_h,1,153,
hiiro_yuki,1,128,
hijikawa_arashi,1,412,
hijiki_(hijikini),1,318,
hijiri_(resetter),1,477,
hijiri_rei,1,517,
hijiri_tsukasa,1,400,
hijirino_yuuta,1,115,
hijouguti,1,161,
hika_(cross-angel),1,118,
hikabe_sakuho,1,109,
hikage_eiji,1,507,
hikanyan,1,215,
hikari_(komitiookami),1,261,
hikari_niji,1,216,
hikarikmy,1,237,
hikaru_(ofuton_at5),1,213,
hikashima_(shiofune),1,246,
hikawa79,1,207,
hikawa_shou,1,947,
hikawayunn,1,194,
hiki_yuichi,1,190,
hikichi_sakuya,1,223,
hikimaru,1,123,
hikobae,1,191,
hikosan,1,132,
hilamaru,1,122,
hima,1,609,
hima_(mizu_ni_tsuyoi),1,106,
himadarou,1,123,
himadera,1,352,
himajin_noizu,1,1033,
himamo,1,147,
himaneko,1,12,
himaneko.,1,134,
himanemuitoma,1,135,
hime_(himetya105),1,133,
hime_gyo,1,125,
himegi,1,425,
himeliofon,1,153,
himetsuki_luna,1,174,
himeyamato,1,775,
himitsu_(hi_mi_tsu_2),1,460,
himiya_jouzu,1,657,
himuhino,1,228,
himukai_kyousuke,1,264,
himukai_yuuji,1,289,
himura_kiseki,1,1304,
himura_moritaka,1,540,
himuro_shunsuke,1,380,
hina_(cassissoda),1,107,
hinagi_(fox_priest),1,389,
hinainf,1,113,
hinaki_(hinaki_0102),1,222,
hinakisara,1,270,
hinamatsuri_touko,1,172,
hinami047,1,315,
hinami_(hinatamizu),1,298,
hinamori_(18ar0),1,163,
hinanosuke,1,164,
hinasaki_you,1,230,
hinasumire,1,142,
hinata_(echoloveloli),1,107,
hinata_(user_rjkt4745),1,317,
hinata_hibari,1,165,
hinata_ichi,1,207,
hinata_masaki,1,236,
hinata_mizuiro,1,134,
hinata_momo,1,262,
hinata_mutsuki,1,163,
hinata_nao,1,182,
hinata_nonoka,1,252,
hinata_sora,1,255,
hinata_yuu,1,477,
hinata_yuu_(atelierhinata),1,146,
hinayuki_usa,1,142,
hinazuka_ryou,1,110,
hinemosu_notari,1,179,
hinghoi,1,1505,
hino_(2nd_life),1,120,
hino_hino,1,139,
hino_minato_(spec.c),1,259,
hino_ryutaro,1,116,
hinoe_(dd_works),1,149,
hinoe_(right-hnxx03),1,166,
hinokami,1,210,
hinokumo_f,1,151,
hinomaru_(futagun),1,207,
hinomoto_madoka,1,213,
hinooka_shuuji,1,109,
hinoru_saikusa,1,215,
hinosaki,1,171,
hinoshita_akame,1,300,
hinoue_itaru,1,323,
hioyami,1,334,
hira-san,1,132,
hira_(nanika_no_heya),1,162,
hirabaru_kenji,1,113,
hiraga_matsuri,1,491,
hiragana_oufu,1,180,
hirai_chika,1,127,
hirai_yukio,1,201,
hirai_yuzuki,1,372,
hiraizumi_(mugenkidousha),1,109,
hirako,1,117,
hiramedousa,1,317,
hiranko,1,344,
hirano_katsuyuki,1,719,
hirasaka_makoto,1,634,
hirasawa_minami,1,108,
hirasawa_seiji,1,271,
hirase_yuu,1,155,
hirayama_kanna,1,214,
hiro1984,1,113,
hiro_(05112423),1,170,
hiro_(chumo),1,254,
hiro_(dismaless),1,225,
hiro_(hirohiro31),1,805,
hiro_(hirohiro_gorira),1,147,
hiro_(pqtks113),1,218,
hiro_hiroki,1,222,
hiro_yoshinaka,1,141,
hiroe_rei,1,299,
hiroikara_(smhong04),1,175,
hirokawa_kouichirou,1,155,
hirokazu_(analysis-depth),1,118,
hiroki_(hirokiart),1,126,
hiroki_(yyqw7151),1,2511,
hiroki_ree,1,312,
hirokiku,1,270,
hiromaster_sinta_jh,1,144,
hiromumaru,1,107,
hironii_(hirofactory),1,107,
hirooka_masaki,1,124,
hiropon_(tasogare_no_puu),1,113,
hirosato,1,176,
hirose_(mokiki),1,305,
hirose_madoka,1,126,
hiroshi_(hunter-of-kct),1,246,
hirota_(masasiv3),1,158,
hirota_fruit,1,221,
hirota_tsuu,1,186,
hirotaka0125,1,180,
hirowa_nagi,1,316,
hiroya_juuren,1,372,
hiroyama_hiroshi,1,203,
hiroyuki,1,334,
hiruma_andon,1,110,
hirunagi,1,482,
hirune_(konekonelkk),1,334,
hiruno,1,235,
hiryuu_(kana_h),1,150,
hisae_(hisae_collect),1,338,
hisahiko,1,2596,
hisakabe_oto,1,214,
hisakata_souji,1,162,
hisakawa_chin,1,193,
hisakawa_riho,1,128,
hisako_(6anmbblfnjueeff),1,111,
hisama_kumako,1,158,
hisame_genta,1,240,
hisasi,1,663,
hisayoshi_(hisa),1,118,
hisayuki_hirokazu,1,279,
hisen_kaede,1,577,
hisha_(kan_moko),1,227,
hishigata,1,120,
hisin,1,241,
hisona_(suaritesumi),1,2251,
hisui_(stapspats),1,132,
hita_(hitapita),1,324,
hitachi_sou,1,117,
hitch_(perotoss),1,116,
hitec,1,474,
hiten_(hitenkei),1,717,
hitmanatee,1,259,
hito_komoru,1,290,
hitobashira_(1746164306),1,138,
hitode,1,195,
hitofutarai,1,280,
hitogome,1,131,
hitokoto,1,158,
hitokuirou,1,129,
hitomaru,1,480,
hitomi_o,1,195,
hitomin_(ksws7544),1,195,
hitoto,1,386,
hitotose_rin,1,607,
hitotsuki_nanoka,1,173,
hitotsuki_nebura,1,831,
hitowa,1,370,
hitsuji_bako,1,175,
hitsuji_takako,1,122,
hitsujibane_shinobu,1,133,
hitsuki_rei,1,287,
hitsukuya,1,751,
hiwatari_rin,1,168,
hiya_gohan,1,139,
hiyada_yuu,1,147,
hiyama_yuu_(wee259hiyama),1,307,
hiyamizu_yukie,1,121,
hiyashi_mirano,1,125,
hiyaya_(kochi_michikaze),1,144,
hiyayo25,1,115,
hiyo_(2016.10),1,187,
hiyo_kiki,1,143,
hiyohiyo,1,223,
hiyopuko,1,112,
hiyori_(rindou66),1,319,
hiyori_mizuki,1,172,
hiyoshi_hana,1,126,
hiyuu_(hiyualice),1,345,
hizagawa_rau,1,212,
hizaka,1,1447,
hizakake,1,136,
hizuki_akira,1,658,
hizuki_aya,1,146,
hizuki_higure,1,206,
hizuki_miya,1,151,
hizuki_yayoi,1,1057,
hizukiryou,1,140,
hjl,1,316,
hjz_(artemi),1,220,
hk_(hk),1,202,
hk_(nt),1,175,
hm_(hmongt),1,726,
hmage,1,203,
hmax,1,174,
hmdark-9,1,185,
hobak,1,110,
hoe-l,1,111,
hoenn_(jgm1102),1,125,
hogara,1,176,
hogey_nk-2000,1,112,
hohehohe,1,220,
hokori_sakuni,1,249,
hokuro_ryuuseigun,1,508,
hokuto_(scichil),1,348,
holeecrab,1,189,
holiday_(pangjelly),1,114,
hollomaru,1,166,
holmemee,1,150,
holy_meh,1,161,
homaderi,1,181,
homare_(fool's_art),1,1349,
homare_(g_hmr88),1,115,
homare_(suzu_no_oka),1,198,
hometa,1,167,
hominamia,1,395,
homing_(areya),1,149,
homunculus_(alchemynote),1,201,
homura_subaru,1,651,
honami_(yths4221),1,115,
honashi,1,161,
honchu,1,257,
honda_naoki,1,273,
honda_takaharu,1,217,
honda_takeshi,1,130,
honda_tamanosuke,1,205,
hondaranya,1,297,
hone_(honehone083),1,240,
hong_(white_spider),1,911,
hong_bai,1,237,
hong_doo,1,241,
hongbaise_raw,1,192,
hongcasso,1,114,
hongshi_(13234456009),1,127,
honi_(honi1010),1,198,
honjou_raita,1,499,
honkivampy,1,206,
honlo,1,243,
honma_(honmatomohiro),1,176,
honnryou_hanaru,1,272,
hono,1,139,
honoji,1,117,
honoka_chiffon,1,135,
honon,1,157,
honotai,1,273,
honyang,1,208,
honzawa_yuuichirou,1,219,
hoo_bamon,1,215,
hood_(james_x),1,475,
hoojiro,1,271,
hoojiro_(found1093),1,144,
hooreng,1,154,
hop3,1,137,
hopepe,1,151,
hoppege,1,416,
horang4628,1,112,
hori_(hori_no_su),1,1058,
hori_shin,1,310,
horibe_hiderou,1,283,
horiguchi_yukiko,1,780,
horiizumi_inko,1,119,
horikoshi_kouhei,1,273,
horikou,1,400,
horikwawataru,1,155,
hormone_koijirou,1,283,
horn/wood,1,1091,
horokusa_(korai),1,347,
horosuke,1,1745,
horoyuki_(gumizoku),1,119,
horuhara,1,120,
horz,1,165,
hosaka_dx,1,115,
hoshara,1,210,
hoshi-pan,1,198,
hoshi-toge,1,115,
hoshi_(snacherubi),1,368,
hoshi_mikan,1,110,
hoshi_rasuku,1,127,
hoshi_san_3,1,987,
hoshi_umi,1,153,
hoshi_usagi,1,141,
hoshiakari_(c2_kikan),1,177,
hoshibuchi,1,146,
hoshihuri,1,171,
hoshii_1213,1,189,
hoshiibara_mato,1,120,
hoshikuzu_pan,1,124,
hoshimame_mana,1,184,
hoshimiya_aki,1,494,
hoshimiya_mashiro,1,166,
hoshina_meito,1,128,
hoshina_satoya,1,109,
hoshino_kagari,1,174,
hoshino_koucha,1,128,
hoshino_lily,1,110,
hoshino_madoka,1,144,
hoshino_ouka,1,435,
hoshino_souichirou,1,299,
hoshiringo0902,1,231,
hoshiyui_tsukino,1,106,
hoshizaki_reita,1,227,
hoshizuki_(seigetsu),1,1075,
hosizora_mikoto,1,422,
hosoda_naoto,1,133,
hospital_king,1,976,
hot_melon,1,179,
hot_vr,1,687,
hota,1,251,
hotaryuso,1,148,
hotate-chan,1,758,
hotate_rayan,1,151,
hotathino,1,962,
hotel01,1,128,
hotori_(sion),1,109,
hototogisu_(7kanu_7ra),1,119,
hototogisu_(hot_to_gis),1,114,
hou_(hachiyou),1,310,
hou_(ppo),1,275,
houden_eizou,1,183,
houdukixx,1,138,
hougu_souji,1,177,
houhou_(black_lack),1,222,
houji_tea_latte,1,140,
houkai_(collapse_illust),1,229,
houkisei,1,257,
houmatu_awa,1,206,
houmitsu,1,175,
hounori,1,638,
hourai_kiriri,1,121,
hourai_ninjin,1,130,
houraku,1,299,
house_tag_denim,1,242,
housou-kun,1,242,
houtengeki,1,2352,
houzuki_(hotondo),1,500,
howhow_notei,1,133,
hoxutixu,1,245,
hoyon,1,173,
hozumi_kaoru,1,220,
hozumi_rino,1,132,
hplay,1,198,
hrd,1,188,
hrna,1,139,
hsin,1,372,
hsuliherng,1,187,
htm_(gixig),1,111,
hu_dako,1,574,
hu_kotora,1,165,
hu_sea,1,135,
hua-huahua,1,190,
hua-j,1,213,
hua_hua_de_meme,1,139,
huan_li,1,322,
huang_gua,1,176,
huangdanlan,1,251,
huanxiang_heitu,1,448,
huanxiang_huifeng,1,367,
hubrael,1,238,
huei_nazuki,1,288,
hufy,1,146,
hug_(yourhug),1,264,
hujikok,1,217,
hukahire0120,1,116,
hukahito,1,165,
huke,1,453,
humiyou,1,124,
humuyun,1,238,
hun_(uyonis),1,129,
hungry_clicker,1,2546,
hunterkay,1,149,
hunyan,1,225,
huqu,1,421,
husagin,1,128,
hushabye,1,163,
huwari_(dnwls3010),1,304,
huxiao_(mistlakefront),1,203,
huyandere,1,313,
huyase,1,256,
huyuharu0214,1,166,
huyumitsu,1,899,
huyusilver,1,165,
huziko32,1,215,
hwan_(mob_hwan),1,187,
hwansang,1,247,
hwansang_jungdog,1,143,
hwaryeok,1,234,
hxd,1,550,
hxxg,1,679,
hyakucha,1,215,
hyakuen_raitaa,1,206,
hyakuhachi_(over3),1,342,
hyakumangoku_masurao,1,424,
hyanna-natsu,1,367,
hyatsu,1,118,
hybridmink,1,130,
hyde_(tabakko),1,501,
hydrant_(kasozama),1,161,
hyocorou,1,230,
hyoe_(hachiechi),1,185,
hyogonosuke,1,136,
hyoin,1,190,
hyonee,1,185,
hyou_(hyouga617),1,108,
hyou_(pixiv3677917),1,114,
hyouju_issei,1,268,
hyouta_(yoneya),1,202,
hyouuma,1,339,
hyperbudd,1,185,
hys-d,1,117,
hyudora,1,404,
hyulla,1,148,
hyurasan,1,432,
hyuuga_azuri,1,630,
hz_(666v),1,349,
i-la,1,141,
i-pan,1,251,
i.f.s.f,1,187,
i.t.o_daynamics,1,110,
i.takashi,1,189,
i.u.y,1,888,
ia_(ias1010),1,312,
iahfy,1,686,
ibara_azuki,1,236,
ibara_dance,1,169,
ibara_riato,1,236,
ibaraki_natou,1,370,
ibaraki_shun,1,147,
ibenz009,1,171,
ibsukionsen,1,207,
ibuki_(abuki),1,113,
ibuki_(ibuki0118),1,136,
ibuki_grunt,1,136,
ibuki_notsu,1,913,
ibuki_pon,1,189,
ibuki_satsuki,1,229,
ibukichi,1,116,
ibuo_(ibukht1015),1,296,
ibushi_(oath),1,132,
ica,1,577,
ice_(ice_aptx),1,145,
ice_reizou,1,110,
ice_s_s_z,1,122,
icecake,1,205,
icedev,1,130,
icehotmilktea,1,345,
icetea774,1,118,
ichi-go,1,289,
ichi-jirushi,1,222,
ichi_(ichi.colors),1,255,
ichi_(ichikai),1,344,
ichiba_youichi,1,820,
ichibi,1,195,
ichidai_taisa,1,139,
ichiei,1,253,
ichifuji_nitaka,1,139,
ichigai_(hayawossan),1,182,
ichihachiyon,1,115,
ichihaya,1,584,
ichihisa,1,241,
ichijo_rei,1,208,
ichijou_(kr_neru0),1,150,
ichijou_hitoshi,1,129,
ichijou_takakiyo,1,174,
ichika_(ichika87),1,194,
ichika_(ichika_manga),1,134,
ichikawa_feesu,1,1581,
ichikawa_masahiro,1,330,
ichikawa_noa,1,156,
ichikawa_ryuunosuke,1,137,
ichikawa_saasha,1,117,
ichiki_1,1,182,
ichikushi_mojibake,1,202,
ichimedoo,1,181,
ichimi,1,2266,
ichimi_renge,1,273,
ichimonme_(ichi),1,154,
ichimura_kanata,1,227,
ichino_tomizuki,1,149,
ichinomiya_(blantte),1,303,
ichinose777,1,174,
ichinose_(sorario),1,120,
ichinose_jun,1,149,
ichio,1,288,
ichiren_namiro,1,331,
ichiren_takushou,1,252,
ichirino_minagi,1,184,
ichiroku_(sakumogu-029),1,197,
ichirugi,1,356,
ichiryuu_tsumiki,1,151,
ichiyan,1,184,
ichiyou_moka,1,420,
ichizen_(o_tori),1,329,
ico_(green_bullet),1,162,
icomochi,1,602,
icwine,1,126,
ida_(idalol490),1,123,
idashige_(walkietalkie),1,137,
idass_(idass16),1,137,
idaten93,1,339,
ideolo,1,591,
idfer,1,230,
idkuroi,1,558,
ido_(teketeke),1,2771,
idora_(idola),1,116,
idoraad,1,251,
ie_(raarami),1,326,
ieiieiiei,1,121,
iesupa,1,2299,
if_f,1,109,
ifuji_sakura,1,172,
ifuji_shinsen,1,245,
iga_tamaki,1,147,
iga_tomoteru,1,128,
iganashi1,1,181,
igarashi_(nogiheta),1,192,
igarashi_kyouhei,1,334,
igarashi_mangou,1,243,
igashiko,1,232,
igayan,1,407,
igni_tion,1,305,
igusaharu,1,292,
ihobus,1,185,
iida_kento,1,125,
iiimirai,1,145,
iincho_(airi8751),1,117,
iizuka_haruko,1,121,
iizuki_tasuku,1,1104,
ijac_ray,1,107,
ijima_yuu,1,242,
ijiro_suika,1,152,
ika_(4801055),1,107,
ikaasi,1,220,
ikada_kai,1,169,
ikaheigen,1,154,
ikamagu,1,151,
ikari_(aor3507),1,288,
ikari_manatsu,1,1150,
ikarin,1,297,
ikasamahideo,1,108,
ikasoba,1,113,
ikawa_waki,1,127,
ikayaki_(ikayaki4),1,153,
ikazu401,1,438,
ikazuchi_akira,1,112,
ikeda_(cpt),1,270,
ikeda_jun_(aquaqua),1,124,
ikeda_jun_(mizutamari),1,482,
ikeda_kazumi,1,347,
ikeda_masateru,1,139,
ikeda_ruriko,1,291,
ikeda_shouko,1,317,
ikeda_yasuhiro,1,167,
ikegami_akane,1,444,
ikei,1,136,
ikemen'na_ore-shi,1,167,
ikemeru19,1,468,
ikemura_hiroichi,1,175,
ikeno_daigo,1,146,
ikeshita_moyuko,1,425,
ikeuchi_tanuma,1,1433,
ikezaki_misa,1,165,
ikezawa_shin,1,218,
ikkyuu,1,360,
ikr_(artist),1,127,
iku2727,1,124,
ikuchan_kaoru,1,1245,
ikuchi_osutega,1,140,
ikue_fuuji,1,194,
ikuhana_niiro,1,241,
ikuhashi_muiko,1,170,
ikune_juugo,1,247,
ikura_hato,1,117,
ikura_nagisa,1,296,
ikurauni,1,357,
ikusagawa,1,127,
ikuta_takanon,1,209,
ikuya_koimori,1,131,
ikuyoan,1,307,
ikzw,1,119,
ildy,1,114,
illian-san,1,151,
illu_(illu_stratos),1,381,
illumi999,1,222,
illusionk,1,124,
illust_mi,1,138,
iltusa,1,145,
ilya_kuvshinov,1,1482,
im_(badmasa),1,136,
ima_(lm_ew),1,245,
imachireki,1,117,
imagawa_akira,1,287,
imai_kazunari,1,305,
imaichi,1,446,
imaikuy0,1,249,
imaishi_hiroyuki,1,138,
imamiya_pinoko,1,135,
imamura_ryou,1,139,
imasogari,1,140,
imay3927,1,139,
imazawa,1,171,
imazon,1,506,
imigimuru,1,254,
imizu_(nitro_unknown),1,1334,
imo_bouya,1,134,
imo_norio,1,124,
imoko_(imonatsuki),1,549,
imtmcomics,1,115,
imu_sanjo,1,1596,
in-hyuk_lee,1,226,
in_(ain),1,311,
ina_(1813576),1,381,
ina_(gokihoihoi),1,475,
ina_(inadahime),1,200,
inaba_shiki,1,984,
inaco,1,116,
inada_roku,1,112,
inaeda_kei,1,269,
inagoinaire,1,210,
inai_uchi,1,129,
inaka_keikou,1,123,
inami_hatoko,1,182,
inamimi_(sheep1733),1,147,
inamitsu_shinji,1,212,
inanaki_shiki,1,583,
inari1369,1,128,
inari_(ambercrown),1,170,
inari_(inariya),1,181,
inasaki_shirau,1,147,
inayama,1,206,
incase,1,373,
indai_(3330425),1,183,
indesign,1,329,
indol,1,198,
indosou,1,302,
ine_(ineinnen),1,117,
ineka_ka,1,211,
infi,1,178,
infinote,1,730,
infukun,1,647,
ingi,1,111,
inhoso,1,137,
ini_(inunabe00),1,1172,
ini_(mocomocccos),1,121,
inika,1,113,
inishie,1,252,
inishie_kumo,1,226,
inker_comics,1,120,
inkerton-kun,1,443,
inkey,1,163,
inkspirate,1,107,
inma,1,148,
innerkey_(kgfw5338),1,185,
inniyik,1,154,
innoarukugyou,1,146,
ino_(magloid),1,928,
ino_(tellu0120),1,346,
inon,1,136,
inoshira,1,424,
inoshishi_(ikatomo),1,261,
inotukuhito,1,124,
inou_shin,1,219,
inoue_kouji,1,112,
inoue_seita,1,138,
inoue_sora,1,587,
inoue_takuya,1,222,
inoue_takuya_(tactactak),1,381,
inoue_yoshihisa,1,140,
inre_kemomimi,1,196,
instant_ip,1,173,
interstellar,1,352,
inu3,1,148,
inu777,1,123,
inu_(aerodog),1,819,
inu_(marukome),1,277,
inu_fuji,1,125,
inu_totemo,1,140,
inuarashi,1,296,
inuburo,1,242,
inudori,1,434,
inue_shinsuke,1,295,
inuga_anahoru,1,147,
inugami_kira,1,394,
inui_(jt1116),1,144,
inui_nagi,1,133,
inui_nakiru,1,141,
inui_sanagi,1,152,
inuinui,1,578,
inuinuo_gataken,1,137,
inukai_mofu,1,144,
inuki_(aruurara),1,154,
inumori_sayaka,1,203,
inumoto,1,136,
inuno_rakugaki,1,344,
inunoko.,1,396,
inuo_(inuo_x),1,145,
inusaka,1,256,
inushima,1,196,
inutose,1,241,
inuyama_nanami,1,423,
inuyayo,1,147,
inuzuka_bouru,1,227,
inuzumi_masaki,1,380,
inyucchi,1,249,
inyuppo,1,135,
inzup,1,152,
io_(io_oekaki),1,108,
io_(onisarashi),1,165,
io_(sinking=carousel),1,216,
io_naomichi,1,167,
io_takuya,1,139,
iogi_(iogi_k),1,164,
ion_(cation),1,258,
ion_(on01e),1,137,
iparupua,1,189,
ippers,1,269,
ippo,1,108,
ippongui,1,227,
ippus,1,126,
ipuu_(el-ane_koubou),1,337,
iranon_(new_iranon),1,139,
ireading,1,301,
iren_lovel,1,115,
iria_(yumeirokingyo),1,118,
iris_anemone,1,248,
irkawaza,1,126,
iro_(boo_iro),1,151,
iro_(sekaixiro),1,153,
iro_ame_(amewaagada),1,209,
iro_marimo,1,146,
irodori_warabi,1,109,
iroha_(iroha_matsurika),1,285,
iroha_(shiki),1,311,
iroha_(unyun),1,144,
iroha_tooko,1,121,
irohakaede,1,149,
irohara,1,411,
irohara_mitabi,1,389,
irohasu_(sasagarasu),1,131,
iroiro_yaru_hito,1,466,
irokari,1,135,
irokohaku,1,194,
iromeki_overdrive,1,197,
ironlily,1,405,
irono_(irtyu),1,132,
irori,1,274,
irori_(irorixc),1,134,
irotsuya,1,116,
irouha,1,119,
iroyopon,1,520,
irua,1,359,
iruma_kamiri,1,260,
is_ii,1,169,
isa,1,171,
isa_(peien516),1,282,
isaacchief300,1,130,
isaki_(gomi),1,584,
isaki_tanaka,1,157,
isamu-ki_(yuuki),1,300,
isana615,1,182,
isao,1,167,
ise_(0425),1,219,
isedaichi_ken,1,359,
isegawa_yasutaka,1,447,
iseki_(kuroshura_no_tabiji),1,156,
isemagu,1,189,
isemori,1,215,
iseshi,1,118,
ishibori_eregomos,1,156,
ishida_akira,1,355,
ishida_arata,1,182,
ishida_aya,1,271,
ishida_mia,1,147,
ishida_seito,1,269,
ishida_sui,1,131,
ishida_umi,1,234,
ishigaki_takashi,1,289,
ishihara_(kuniyoshi),1,147,
ishihara_masumi,1,311,
ishii_akira,1,144,
ishii_hisao,1,891,
ishii_takamori,1,108,
ishikawa_hideki,1,179,
ishikawa_sparerib,1,198,
ishikei,1,1648,
ishikkoro,1,651,
ishimari,1,140,
ishimiso_(ishimura),1,356,
ishimu,1,258,
ishiusu,1,137,
ishiyuki,1,202,
ishiyumi,1,2299,
island_(kossori),1,382,
isna_(footprintsofisna),1,210,
isosceles_triangle_(xyzxyzxyz),1,124,
isou_nagi,1,124,
isse,1,316,
isshi_pyuma,1,863,
isshiki_(ffmania7),1,1319,
isshoku_(shiki),1,111,
isu,1,185,
isu_(is88),1,223,
isuka,1,307,
isya,1,106,
itachi_kanade,1,131,
itachou,1,280,
itaco,1,270,
itamidome,1,145,
itamochi,1,258,
itano_chiharu,1,107,
itaru_(kidomh63),1,165,
itatatata,1,333,
itefu,1,162,
ito_noizi,1,1427,
itogari,1,127,
itohana,1,375,
itoichi.,1,209,
itoko_(i_t_k),1,108,
itolife,1,387,
itomugi-kun,1,4512,
itosu200,1,119,
itou_(mogura),1,138,
itou_(onsoku_tassha),1,581,
itou_(very_ito),1,170,
itou_ayachi,1,147,
itou_eito,1,145,
itou_hachi,1,136,
itou_ikuko,1,121,
itou_korosuke,1,212,
itou_nanami,1,245,
itou_ryuusei,1,134,
itou_shin'ichi,1,201,
itou_tatsuya,1,112,
itou_yuuji,1,733,
itowo_(itowc),1,287,
itsuka_neru,1,361,
itsuki_kousuke,1,226,
itsuki_kuro,1,145,
itsuki_sayaka,1,140,
itsuki_tasuku,1,143,
itsukia,1,127,
itsumi_(itumiyuo),1,131,
itsumizu,1,171,
itsumo_nokoru,1,197,
ittla,1,544,
itto_(mentaiko),1,623,
ittokyu,1,878,
itzah,1,225,
iuew,1,211,
iumi_urura,1,291,
iumu,1,146,
iuro,1,150,
iury_padilha,1,125,
iuui,1,246,
iv_4t,1,136,
ivan_wang,1,127,
ivory_(25680nico),1,108,
ivy_(675671),1,191,
ivy_(sena0119),1,206,
iwa_(iwafish),1,107,
iwai_ryou,1,145,
iwamoto_eiri,1,555,
iwamoto_sora,1,228,
iwamoto_zerogo,1,336,
iwamushi,1,243,
iwanori,1,130,
iwao178,1,378,
iwao_(pixiv258710),1,113,
iwasaki_takashi,1,334,
iwashi_(iwashi008),1,158,
iwashi_80,1,192,
iwashi_dorobou_-r-,1,798,
iwasi_29,1,297,
iwatobi_hiro,1,243,
iwawa,1,178,
iwbitu,1,850,
ixima,1,171,
ixmmxi,1,129,
ixy,1,2916,
iyakun,1,125,
iyou,1,141,
izawa_(bhive003),1,993,
izayoi_seishin,1,212,
izra,1,167,
izu_lemon,1,188,
izuka_daisuke,1,201,
izumi_(nagashi),1,121,
izumi_(stardustalone),1,216,
izumi_(toubun_kata),1,124,
izumi_akane,1,239,
izumi_kei,1,136,
izumi_kirifu,1,149,
izumi_mahiru,1,463,
izumi_makoto,1,177,
izumi_masashi,1,205,
izumi_minami,1,201,
izumi_rei,1,142,
izumi_sai,1,523,
izumi_tsubasu,1,1920,
izumi_yukiru,1,238,
izumikuma,1,147,
izuminanase,1,110,
izumiyuhina,1,156,
izumo_neru,1,238,
izuoku,1,297,
izure_(pixiv16392012),1,160,
izuru_(timbermetal),1,159,
j.c.14,1,218,
j.h.,1,163,
j.k.,1,275,
j.moon,1,230,
j.raido,1,119,
j7w,1,600,
j@ck,1,470,
j_adsen,1,204,
j_humbo,1,155,
j_yak47,1,156,
j_young,1,130,
jabara_tornado,1,734,
jack_(slaintheva),1,201,
jack_(wkm74959),1,213,
jack_dempa,1,1107,
jacknavy,1,121,
jaco,1,307,
jacy,1,240,
jadenkaiba,1,343,
jadf,1,312,
jaemin107,1,120,
jaga_note,1,117,
jagabutter,1,295,
jagaimo_(kkamja),1,479,
jagaimobeniko,1,160,
jagoo,1,189,
jaho,1,324,
jairou,1,312,
jajala,1,123,
jakelian,1,223,
jakko,1,293,
jako_(jakoo21),1,1460,
jako_(toyprn),1,173,
jakqbigone,1,128,
jaku_sono,1,311,
jam-orbital,1,201,
jam_(nandade),1,262,
james_turner,1,118,
jamesmikopi,1,115,
jamir,1,114,
jamjamstyle,1,129,
jampen,1,296,
jan_(lightdragoon),1,370,
jan_azure,1,401,
jane_mere,1,199,
janis_(hainegom),1,239,
janne_cherry,1,261,
janong,1,560,
janyhero,1,157,
jarckius,1,189,
jas_(littlecrime),1,287,
jasdavi,1,177,
jason_(kaiten_kussaku_kikou),1,664,
jason_kim,1,244,
jasony,1,352,
jazz_grace,1,132,
jazz_jack,1,886,
jazztaki,1,171,
jc_shikikan,1,142,
jcm2,1,824,
je_o_mo,1,140,
jean.organ,1,236,
jean_(jean_sp),1,111,
jeanex,1,231,
jeff_miga,1,107,
jeffr,1,221,
jehyun,1,178,
jellcaps,1,255,
jelly_shrimp,1,232,
jellytits-7,1,793,
jema,1,491,
jeneral,1,490,
jenevan,1,254,
jenmin12,1,116,
jeno,1,954,
jenshenya,1,109,
jenson_tw,1,116,
jeon-eo_konoshiro,1,110,
jeremy_anninos,1,107,
jesse_(pixiv34586727),1,171,
jesse_schickler,1,112,
jet_yowatari,1,169,
jeto_(jetopyon),1,164,
jetto_komusou,1,875,
jettoburikku,1,124,
jewel_(the_black_canvas),1,219,
jeze,1,277,
jfjf,1,149,
jh,1,123,
ji_dao_ji,1,286,
ji_no,1,525,
jiang_ye_kiri,1,242,
jianjia,1,115,
jianmo_sl,1,204,
jianren,1,151,
jiao_mao,1,129,
jibakurei_(elite_unchi),1,165,
jidao_huashi,1,112,
jiekuijiangshadaonijiamenkou,1,255,
jiffic,1,305,
jigatei_(omijin),1,446,
jigoku_meguri,1,124,
jiguang_haibao,1,121,
jiino,1,325,
jiji_(aardvark),1,498,
jikatarou,1,329,
jiki_(gkdlfnzo1245),1,175,
jikihatiman,1,269,
jikuno,1,315,
jill_07km,1,494,
jilpoong17,1,130,
jilu,1,470,
jima,1,186,
jimmy_madomagi,1,273,
jimsdaydreams,1,177,
jin_(mugenjin),1,1012,
jin_(oihlf),1,222,
jin_(sirius-j),1,130,
jin_akhr,1,230,
jin_nai,1,113,
jin_rou,1,153,
jin_young-in,1,210,
jing_hu,1,155,
jingai_modoki,1,697,
jingb_dx,1,110,
jingo,1,206,
jingo_kajiki,1,110,
jinguu_(4839ms),1,1087,
jinjide_shaonian,1,115,
jinjin,1,117,
jinmeii,1,112,
jinroku,1,181,
jiro_(ninetysix),1,133,
jiroo,1,429,
jirou_(chekoro),1,377,
jiru_(jirufun),1,387,
jirusu,1,178,
jiryu50610218,1,109,
jiseki_rena,1,129,
jito_mesuki_nitouhei,1,106,
jitome_no_tsugumi,1,132,
jittsu,1,246,
jiu_(sdesd3205),1,174,
jiu_ye_sang,1,154,
jiujiuyatou_(yayanzz),1,108,
jiusan_naitang,1,174,
jivke,1,192,
jixing_renou,1,110,
jixo_(user_nzhc8728),1,132,
jiyu2,1,174,
jiyu_(jiyusi),1,142,
jiyuuyuu,1,159,
jiz_(pffbq),1,192,
jizeru_(giselebon),1,818,
jj_(ssspulse),1,309,
jjanda,1,747,
jjune,1,1298,
jk_arts,1,121,
jkisaradu,1,110,
jknor,1,111,
jl_tan,1,241,
jmao,1,146,
jmg,1,1171,
jndfh,1,228,
jnt,1,150,
jo_tuesday19,1,139,
joakim_sandberg,1,126,
johan_(johan13),1,315,
john_(a2556349),1,199,
john_(nakoto),1,139,
john_doe,1,672,
john_doe_shinobu,1,157,
john_kafka,1,267,
john_su,1,136,
john_zerowb,1,116,
john_zhang,1,199,
johnny_(from_scratch),1,235,
johnny_funamushi,1,223,
jojobirdz,1,165,
joka_(night_gate),1,112,
jokanhiyou,1,1297,
jokebag,1,189,
joker_(stjoker),1,139,
joker_(tomakin524),1,108,
joko_jmc,1,181,
joman,1,338,
jon_(pixiv31559095),1,209,
jonasan_(bad-t),1,116,
jong_tu,1,111,
jonpei,1,162,
jonsun,1,483,
jont,1,151,
jonya,1,164,
jonylaser,1,456,
joosi,1,191,
joou_heika_(precare_deum),1,158,
jorin,1,231,
jornyhail,1,217,
jorori,1,160,
joseph_lee,1,151,
joshua_(shisanli934),1,338,
jotti,1,117,
jou_(jo_jjo),1,108,
jourd4n,1,426,
jouvru,1,124,
jouzaburou_(joe3),1,358,
jovejun,1,223,
joy_division,1,236,
joy_ride,1,809,
joypyonn,1,117,
jp06,1,320,
jpc,1,114,
jq,1,154,
jrpencil,1,126,
jsscj,1,129,
jt_dong-agyoku,1,135,
jtleeklm,1,207,
jtveemo,1,746,
juaag_acgy,1,116,
juanmao,1,121,
judo_fuu,1,479,
juejue,1,133,
juerucj,1,122,
juexing_(moemoe3345),1,343,
jujunaught,1,129,
jumbowhopper,1,136,
jumonji,1,121,
jun_(aousa0328),1,493,
jun_(navigavi),1,969,
jun_project,1,172,
juna,1,249,
junajuice,1,120,
junes,1,240,
jungon_kim,1,177,
junior27016,1,167,
junjun_(kimi-la),1,127,
junkpuyo,1,414,
junny,1,150,
junpaku_karen,1,257,
junsuina_fujunbutsu,1,401,
junu_(jwoo5627),1,143,
junwool,1,218,
jurakin,1,109,
jurge,1,259,
juria0801,1,136,
jurrig,1,264,
just_some_guy,1,141,
justin_leyva_(steamy_tomato),1,136,
justrube,1,126,
juubaori_mashumaro,1,108,
juugonichi_(wheeliex2),1,232,
juugoya_neko,1,147,
juurouta,1,684,
jyaoh0731,1,140,
jyon,1,120,
jyt,1,574,
jyukawa,1,133,
jyuru,1,175,
k+,1,175,
k-rha's,1,181,
k-suwabe,1,1464,
k-y,1,141,
k.t.cube,1,155,
k.ty_(amejin),1,173,
k00s,1,221,
k0nfette,1,129,
k0ng,1,374,
k10k,1,377,
k2isu,1,323,
k3rd,1,167,
k52,1,173,
k@bu,1,124,
k_(art71),1,124,
k_(gear_labo),1,254,
k_(sktchblg),1,109,
k_hiro,1,790,
k_jie,1,266,
k_jin,1,160,
k_kanehira,1,111,
k_mugura,1,479,
k_pring,1,269,
k_toast,1,116,
ka-9,1,155,
ka2,1,278,
ka_(marukogedago),1,421,
ka_ze_na_mi,1,110,
kaamin_(mariarose753),1,1542,
kaatsu_katsurou,1,266,
kaauchi,1,140,
kabaji,1,224,
kabayaki_(kabayaki_eel),1,894,
kabayaki_namazu,1,164,
kabayaki_unagi,1,251,
kabedoru,1,151,
kabeu_mariko,1,236,
kabi_(zcwd8845),1,107,
kabiinyo_(kab),1,171,
kabocha_(monkey4),1,330,
kabocha_head,1,125,
kabocha_torute,1,909,
kabocha_usagi,1,124,
kabocya_na,1,215,
kabu_(niniko2ko),1,139,
kabu_usagi,1,173,
kaburagi_yasutaka,1,140,
kaburagi_yuki,1,143,
kabutoyama,1,128,
kabuyama_kaigi,1,220,
kachayori,1,187,
kachima,1,128,
kachin,1,112,
kacyu,1,236,
kadan_(ad1999),1,141,
kadeart,1,516,
kadoi_aya,1,156,
kadokadokado,1,109,
kadose_ara,1,529,
kaede_(mmkeyy),1,332,
kaede_(sayappa),1,362,
kaede_(shijie_heping),1,285,
kaede_(yumesaki_kaede),1,316,
kaedeko_(kaedelic),1,399,
kaenuco,1,296,
kaeranu_kaeru,1,201,
kaeru_(kaerism),1,127,
kaerunoashi,1,140,
kaerunoko,1,163,
kaerunrun,1,134,
kaeruyama_yoshitaka,1,167,
kaetzchen,1,683,
kafu_(logaemon),1,447,
kafun,1,264,
kaga3chi,1,676,
kagachi_saku,1,342,
kagami_chihiro,1,199,
kagami_hirotaka,1,1187,
kagami_toufu,1,150,
kagami_uekusa,1,423,
kagari6496,1,145,
kagari_liroi,1,137,
kagarimachi_konatsu,1,262,
kagawa_ichigo,1,253,
kagawa_yuusaku,1,260,
kage_houshi,1,106,
kage_yuu,1,115,
kagehara_hanzou,1,125,
kageharu,1,150,
kagehito,1,144,
kageira,1,156,
kagematsuri,1,794,
kagemichi,1,141,
kagemusha,1,342,
kagenoyuhi,1,128,
kagerou_(kers),1,352,
kagerou_(shadowmage),1,148,
kagesaki_yuna,1,167,
kageshio_(276006),1,354,
kagi_f,1,120,
kagiana,1,258,
kaginoni,1,187,
kagiyama_(clave),1,212,
kagiyama_shachou,1,301,
kago_no_tori,1,418,
kagome_(traumatize),1,197,
kagome_f,1,120,
kagoya1219,1,310,
kagto_(alterna),1,117,
kagura_chitose,1,185,
kagura_kurosaki,1,114,
kagura_mizuki,1,147,
kagura_yuuki,1,156,
kagura_yuuto,1,110,
kaguura_(kagu),1,195,
kaguya_(srx61800),1,133,
kaguyuzu,1,369,
kahadu_(kawazu),1,206,
kahlua_(artist),1,223,
kaho_okashii,1,178,
kai_(akamekogeme),1,211,
kai_(link2262),1,174,
kai_yuuki,1,179,
kaiaik_(zheliakaina),1,162,
kaida_michi,1,197,
kaidou_j1,1,223,
kaidou_zx,1,246,
kaiduka_akuta,1,122,
kaieda_hiroshi,1,115,
kaifei_(kaifei_29),1,242,
kaiga,1,671,
kaigan0211,1,128,
kaigen_1025,1,1383,
kaijumilk_(milkchaotea),1,120,
kaiman_garupan,1,443,
kaimuari,1,133,
kainkout,1,119,
kainown,1,184,
kairakuen_umenoka,1,427,
kairos+,1,129,
kairunoburogu,1,972,
kaisen_chuui,1,1080,
kaisenpurin,1,222,
kaishaku,1,122,
kaiso_(kaisooekaki),1,133,
kaita_(mokamilkcup),1,166,
kaito_(k4itoh),1,208,
kaito_(kaixm),1,121,
kaiware-san,1,124,
kaiza_(rider000),1,328,
kaizeru,1,134,
kajaneko,1,164,
kajatony,1,132,
kajimakoto,1,387,
kajin_(kajinman),1,507,
kajino_(aosansai),1,153,
kajitsu_no_hito,1,117,
kajuu,1,154,
kakage,1,511,
kakao_(chocolate_land),1,445,
kakao_(noise-111),1,399,
kakao_rantan,1,197,
kakaobataa,1,161,
kakaon,1,134,
kakaricho_dairi,1,118,
kakeami,1,114,
kakeku,1,175,
kakerayuri,1,118,
kakeru_(dbskakeru),1,286,
kakesu,1,146,
kaki_z3,1,120,
kakifly,1,163,
kakiha_makoto,1,114,
kakiko210,1,351,
kakiman,1,239,
kakimoto_nao,1,112,
kakinoki_mikan_(kari),1,120,
kakitama,1,201,
kakiuchi_itsuki,1,174,
kakizaki_(chou_neji),1,545,
kakogawa_tarou,1,220,
kakone,1,496,
kakuchoshi,1,174,
kakudai_(hujikolp),1,146,
kakult2017,1,132,
kakumayu,1,284,
kakuno,1,163,
kakure_eria,1,765,
kakuteru_sudachi,1,147,
kakuzatou_(koruneriusu),1,261,
kakuzatou_(satousatotototo),1,113,
kaleka,1,137,
kaliningradg,1,152,
kalmahul,1,471,
kamaboko_(ossann0125),1,270,
kamaboko_red,1,175,
kamaboko_senshi,1,157,
kamachi_(kamati0maru),1,136,
kamameshi_gougoumaru,1,225,
kamaniki,1,148,
kamata_yuuya,1,396,
kamatama,1,146,
kamatama_rom,1,195,
kame_(3t),1,441,
kame_(kamepan44231),1,1257,
kamee_(kamee_f),1,313,
kamehito,1,157,
kamekoya_sato,1,133,
kamelie,1,939,
kamenozoki_momomo,1,231,
kameponde,1,265,
kamesys,1,119,
kameyan,1,173,
kamezaemon,1,602,
kami_tora,1,113,
kamia_(not_found),1,336,
kamidan,1,335,
kamii_momoru,1,119,
kamiki_uutarou,1,174,
kamikiririp,1,583,
kamikita_futago,1,293,
kamille_(vcx68),1,1483,
kamimiya,1,316,
kaminagi_(kaminagi-tei),1,459,
kaminari_doon,1,226,
kaminary,1,116,
kaminokefusa,1,172,
kamioka_shun'ya,1,438,
kamishima_kanon,1,561,
kamishiro_(rsg10679),1,139,
kamishiro_mai_(capti-no),1,165,
kamishiro_ryuu,1,153,
kamisimo_90,1,697,
kamisuki,1,112,
kamitani_george,1,114,
kamitoge_supino,1,289,
kamitsuki_manmaru,1,139,
kamitsuki_shion,1,115,
kamitsurugi_ouka,1,116,
kamiya_maneki,1,511,
kamiya_tomoe,1,548,
kamiya_yuu,1,211,
kamiya_zuzu,1,205,
kamiyama_aya,1,314,
kamiyoshi_rika,1,608,
kamizaki_hibana,1,211,
kamizono_(spookyhouse),1,652,
kamizuki_shiki,1,135,
kamo_(kamonabe_44),1,243,
kamo_(kamonegioisi),1,191,
kamo_(yokaze),1,110,
kamo_ashi,1,214,
kamo_kamen,1,446,
kamogawa_tanuki,1,959,
kamon_rider,1,128,
kamonari_ahiru,1,495,
kamotama,1,276,
kamoto_tatsuya,1,144,
kamu_(geeenius),1,344,
kamu_(kamuuei),1,207,
kamue,1,166,
kamui_natsuki,1,135,
kamukamu_(ars),1,608,
kamuo,1,163,
kamuraaa_615,1,194,
kan_liu_(666k),1,124,
kana616,1,207,
kana_(kanna_runa0620),1,221,
kana_(okitasougo222),1,123,
kana_(user_rkuc4823),1,142,
kanabun,1,781,
kanachirou,1,310,
kanacho,1,141,
kanade_(kanadeya),1,154,
kanae_(inorin05kanae),1,129,
kaname_aomame,1,465,
kaname_nagi,1,251,
kanameya,1,163,
kanan,1,243,
kanapy,1,317,
kanaria_(bocmn),1,127,
kanaria_(fuusenkazura),1,158,
kanaria_hisagi,1,317,
kanata_(kanade_pa),1,153,
kanato345,1,116,
kanau,1,192,
kanazawa_shinnosuke,1,114,
kanbayashi_makoto,1,183,
kanchiyo,1,264,
kanda_aya,1,116,
kanda_done,1,234,
kandanchi,1,178,
kandata_nijou,1,136,
kanden_sky,1,529,
kandori,1,142,
kanduki_kamibukuro,1,736,
kane-neko,1,355,
kaneaki_mukku,1,254,
kaneblob,1,132,
kanekan,1,121,
kanekiyo_miwa,1,400,
kaneko_(bblogtinhan),1,115,
kaneko_(novram58),1,176,
kaneko_hiraku,1,157,
kaneko_naoya,1,139,
kaneko_ryou,1,313,
kaneko_tsukasa,1,150,
kanemaki_thomas,1,218,
kaneni,1,315,
kaneru,1,264,
kangetsu_(fhalei),1,276,
kangoku_kou,1,212,
kani_aruki_(bucket_crawl),1,178,
kani_biimu,1,2356,
kani_bonara,1,277,
kani_club,1,294,
kani_fish,1,194,
kani_nyan,1,182,
kanibasami,1,119,
kanijiru,1,225,
kanikama,1,2093,
kanikama25,1,147,
kanikou,1,235,
kanimura_ebio,1,120,
kaninn,1,199,
kanipanda,1,164,
kanisawa_yuuki,1,171,
kaniya_shiku,1,175,
kanju,1,259,
kanjy00u,1,326,
kankan33333,1,1412,
kanke_(yonkuma),1,200,
kankito,1,108,
kankitsunabe_(citrus),1,365,
kanlamari,1,121,
kanmiya_shinobu,1,543,
kanmoku-san,1,264,
kanmuri_(hanyifan30338),1,113,
kanna_(plum),1,442,
kanna_asuke,1,207,
kanna_hisashi,1,164,
kanna_kanaki,1,110,
kannagi_kaname,1,222,
kannagi_rei,1,121,
kannari,1,282,
kannatsuki_noboru,1,423,
kannazuki_genshi,1,142,
kannazuki_hato,1,302,
kanniiepan,1,512,
kannko_bokujou,1,592,
kanno_izuka,1,174,
kanno_takanori,1,557,
kannon_ouji,1,174,
kano_(wi3028),1,160,
kanoe_(gallery_walhalla),1,107,
kanoe_soushi,1,329,
kanokoga,1,138,
kanola_u,1,366,
kanon_(kurogane_knights),1,3890,
kanon_(rsl),1,106,
kanopan,1,172,
kanora,1,189,
kanosawa,1,137,
kanpa_(campagne_9),1,1113,
kanpyou_(hghgkenfany),1,118,
kanro_ame_(ameko),1,153,
kansou_samehada,1,379,
kansuke,1,190,
kansuke_(kansuke_717),1,125,
kanta_(kanta_077),1,821,
kanta_(pixiv9296614),1,136,
kantaka,1,299,
kantarou_(8kan),1,146,
kanten,1,179,
kantoku,1,2322,
kantori,1,153,
kanya_pyi,1,231,
kanyoko_(yuzukano_17),1,137,
kanzaki_hiro,1,461,
kanzaki_kureha,1,244,
kanzaki_muyu,1,423,
kanzaki_nyo,1,115,
kanzakietc,1,872,
kanzarin,1,410,
kanzen_bouon,1,173,
kao_ru05,1,138,
kaoling,1,423,
kaoming,1,366,
kaorihero,1,385,
kaoru_(alicemakoto),1,117,
kaoru_(gensou_yuugen-an),1,177,
kaoruru_(sakuno2911),1,369,
kaos_art,1,314,
kaosu_(kaosu0905),1,155,
kapatarou,1,864,
kaptivate,1,326,
kapuchii,1,252,
kapura,1,156,
kapuru_0410,1,270,
kaqo,1,196,
kara_(color),1,941,
kara_age,1,184,
kara_aren,1,132,
karaage3,1,145,
karaage_(xxxmido02),1,121,
karaage_bou,1,280,
karaagetarou,1,1316,
karadborg,1,188,
karahai_(31448823),1,157,
karakari,1,246,
karakuri_musha,1,173,
karakuzu_red,1,106,
karamoneeze,1,445,
karan,1,220,
karaori,1,108,
karappo_(poket12),1,145,
karasaki,1,250,
karasawa-40,1,136,
karasu-san_(syh3iua83),1,112,
karasu_(jjwh2832),1,125,
karasu_(naoshow357),1,203,
karasu_raven,1,148,
karasuma_kuraha,1,214,
karasuma_yayoi,1,164,
karasumi_(aiseec),1,210,
karasusou_nano,1,429,
karatakewari,1,226,
karbo,1,232,
kare_huang,1,128,
karei,1,266,
karen_(karenendo),1,167,
karepack,1,109,
kareya,1,119,
kari_(kakko_k),1,174,
kari_kenji,1,107,
karikura_(atatata71),1,224,
karin_bluez3,1,155,
karinto_yamada,1,204,
karipaku,1,133,
kariya_(mizore),1,140,
karlwolf,1,205,
karmiel,1,119,
karo-chan,1,123,
karochii,1,333,
karokuchitose,1,237,
karory,1,705,
karuha,1,234,
karukan_(monjya),1,1315,
karunabaru,1,269,
karuta_(karuta01),1,151,
karutamo,1,675,
karv,1,151,
kasa_(hitori_sanka),1,240,
kasa_list,1,181,
kasai_shin,1,519,
kasaneko,1,128,
kasanui,1,131,
kasasasagi,1,115,
kasashi_(kasasi008),1,227,
kase_daiki,1,1174,
kashi,1,125,
kashi_kosugi,1,120,
kashiba_aira,1,108,
kashikaze,1,1669,
kashima_miyako,1,159,
kashimu,1,134,
kashiwa_kiseri,1,143,
kashiwada_kiiho,1,119,
kashiwadokoro,1,158,
kashiwagi_chisame,1,129,
kashiwagi_kano,1,146,
kashiwagi_tsukiko,1,133,
kashiwagi_yamine,1,123,
kashiwamochi_yomogi,1,1128,
kashmir_0808,1,127,
kashu_(hizake),1,812,
kashuu_(b-q),1,202,
kasseus_maximus,1,119,
kasu_(kasunohikari),1,161,
kasu_kazu,1,107,
kasuga_(kasuga39),1,287,
kasuga_ayumu_(haruhipo),1,206,
kasuga_haruhi,1,265,
kasuga_souichi,1,131,
kasuga_sunao,1,231,
kasuga_yukihito,1,737,
kasuga_yuuki,1,179,
kasugai_(de-tteiu),1,235,
kasugano_tobari,1,125,
kasukabe_akira,1,199,
kasumi_(skchkko),1,1573,
kasumi_komo,1,178,
kasumi_saika,1,263,
kasumi_seiki,1,123,
kasuya_baian,1,297,
kat_(bu-kunn),1,359,
katade,1,125,
katagiri_(mighty_swing),1,254,
katagiri_hachigou,1,560,
katagiri_hinata,1,435,
katagirinanoka,1,177,
katahira_masashi,1,1481,
katai_(nekoneko0720),1,203,
kataku_musou,1,299,
katami_shinta,1,160,
kataokasan,1,291,
katari,1,208,
katari_(ropiropi),1,183,
kataro,1,202,
kataru_(ubw-emiya),1,181,
katase_minami,1,129,
katatsuka_kouji,1,308,
katayama_kei,1,621,
kate_(alice_catharsis),1,132,
katiko,1,291,
katori_(mocchidou),1,173,
katori_(quietude),1,157,
katoroku,1,138,
katoryu_gotoku,1,132,
katou_(osoraku),1,225,
katou_haruaki,1,258,
katou_kaiou,1,112,
katou_shinobu,1,424,
katou_teppei,1,127,
katsu_(katsupainter),1,160,
katsudansou,1,229,
katsukare,1,141,
katsuoboshi,1,210,
katsuobushi_(eba_games),1,380,
katsura_harufumi,1,122,
katsura_masakazu,1,112,
katsuragi_niya,1,167,
katsurai_yoshiaki,1,206,
katsushika_pachi,1,230,
katsuten,1,169,
katsuwo_(cr66g),1,264,
katto8452,1,170,
katuko_deluxe,1,142,
katwo,1,317,
katzeh,1,124,
kauru00,1,148,
kauto,1,153,
kava,1,119,
kavka,1,232,
kawa683,1,107,
kawa_mura,1,203,
kawabata_yoshihiro,1,130,
kawachi_koorogi,1,503,
kawachi_rin,1,205,
kawacy,1,447,
kawagishi_keitarou,1,442,
kawagoe_pochi,1,403,
kawai_(purplrpouni),1,599,
kawai_makoto,1,342,
kawai_ritsu_(rits_meg),1,533,
kawai_rou,1,128,
kawakami_masaki,1,289,
kawakami_rokkaku,1,828,
kawakami_shuuichi,1,139,
kawamochi_(tddm3573),1,138,
kawamura_tsukasa,1,119,
kawanabe,1,152,
kawanakajima,1,183,
kawanami_eito,1,119,
kawano_takuji,1,217,
kawanobe,1,204,
kawanuma_uotsuri,1,144,
kawarajima_kou,1,278,
kawaraya_a-ta,1,152,
kawaruhi,1,256,
kawasaki_(kwsk_8765),1,225,
kawasaki_kazuhiko,1,120,
kawasaki_tadataka,1,169,
kawase_seiki,1,566,
kawaseki,1,137,
kawasemi27,1,149,
kawashina_(momen_silicon),1,1376,
kawasumi_(japonica),1,131,
kawata_hisashi,1,768,
kawatiw,1,138,
kawatsu_yuuki,1,260,
kawaty,1,154,
kawausoman,1,120,
kawayabug,1,888,
kay-i,1,194,
kay_yu,1,196,
kaya8,1,163,
kaya_rio,1,177,
kayabakoro,1,514,
kayahara,1,200,
kayako_(tdxxxk),1,253,
kayama_benio,1,120,
kayama_kenji,1,218,
kayanogura,1,180,
kayjae,1,129,
kayon_(touzoku),1,249,
kayumidome,1,156,
kayura_yuka,1,166,
kazaana,1,413,
kazabuki_poni,1,306,
kazakura,1,121,
kazama_raita,1,166,
kazami_chiu,1,170,
kazami_karasu,1,300,
kazami_ruku,1,203,
kazana_(sakuto),1,247,
kazane-wind,1,284,
kazari_tayu,1,274,
kazawa_(tonzura-d),1,288,
kaze-hime,1,232,
kaze_makase,1,153,
kazeharu,1,145,
kazekawa_nagi,1,155,
kazenemuri,1,128,
kazeno,1,367,
kazenokaze,1,1140,
kazenoko,1,466,
kazepana,1,344,
kazetto,1,431,
kazo_(kazozakazo),1,296,
kazu_(muchuukai),1,362,
kazuaki,1,126,
kazuboh,1,189,
kazuchi,1,148,
kazuha_nanako,1,111,
kazuharu_kina,1,421,
kazuki-mendou,1,197,
kazuki_seihou,1,134,
kazuko_(towa),1,138,
kazukoto,1,275,
kazuma_(kazumav),1,550,
kazuma_kaneko,1,170,
kazuma_muramasa,1,1002,
kazumasa,1,127,
kazumi_yoshiyuki,1,155,
kazune_(baumkuchen),1,214,
kazuneko_(wktk1024),1,184,
kazuoki,1,113,
kazutake_hazano,1,667,
kc-rk_sl,1,147,
kcar66t,1,164,
kdash,1,136,
kdm_(ke_dama),1,248,
ke-su,1,258,
ke-ta,1,869,
kedama_(kedama_akaza),1,116,
kedama_milk,1,628,
kedamono_kangoku-tou,1,475,
keenbiscuit,1,136,
keenh,1,668,
keepout,1,177,
kei_(bekei),1,270,
kei_(keigarou),1,418,
kei_(soundcross),1,453,
kei_jiei,1,872,
kei_kei,1,270,
keibleh,1,201,
keigi,1,262,
keihh,1,292,
keikesu,1,167,
keiki8296,1,209,
keiko_(mitakarawa),1,287,
kein_hasegawa,1,196,
keiran_(ryo170),1,182,
keisea,1,230,
keiseki1,1,111,
keishi_surota,1,221,
keishin,1,225,
keita_(tundereyuina),1,388,
keita_naruzawa,1,343,
keke_(kokorokeke),1,165,
kekekeke,1,110,
kekel,1,132,
kekemotsu,1,568,
keki_chogyegi,1,116,
kekocha,1,220,
kelinch1,1,114,
kelvin-trainerk,1,259,
kelvin_hiu,1,589,
kem_kem,1,346,
kemachiku,1,1143,
kemigawa_mondo,1,124,
kemo_chiharu,1,171,
kemomin_nosuke,1,127,
kemoyuri,1,117,
kemu_(guruguru_dan),1,229,
kemuri_haku,1,142,
kemurin,1,147,
ken'ichi_(ken1ro_u),1,254,
ken-1,1,202,
ken-ji,1,181,
ken_(coffee_michikusa),1,416,
ken_(haresaku),1,161,
ken_(koala),1,492,
ken_(shutenndouji1),1,264,
ken_ill,1,196,
kenatosne,1,117,
kendy_(revolocities),1,170,
kenix,1,137,
kenken,1,233,
kenken_(keuken),1,110,
kenko_(a143016),1,109,
kenkou_cross,1,1017,
kenoka,1,181,
kenpi_(hs-totyu),1,118,
kenron_toqueen,1,248,
kenshin187,1,630,
kentairui,1,122,
kentan_(kingtaiki),1,226,
kentaurosu,1,341,
kenuu_(kenny),1,276,
kenzo_093,1,149,
kep_(ahokep),1,123,
kereno,1,281,
kermittend,1,132,
kernel_killer,1,195,
kerno,1,169,
kero_sweet,1,221,
kerok_(joniko1110),1,240,
kerorira,1,539,
kerorokjy,1,145,
kesoshirou,1,351,
kesuida,1,159,
ketopon,1,123,
keuma,1,495,
kevbot,1,227,
kevin.g.tuck,1,116,
kevn,1,116,
kexue,1,125,
key_(gaigaigai123),1,277,
key_(kagibangou),1,175,
key_kun,1,146,
keyaki_chimaki,1,347,
keyfanjun,1,109,
kezune_(i-_-i),1,309,
kfr,1,1019,
kgeroua,1,193,
kgt_(pixiv12957613),1,184,
khn_(kihana),1,156,
khoaphan96,1,122,
khyle.,1,645,
ki_(adotadot),1,239,
ki_(kk-sk-ray),1,285,
ki_no_nekko,1,155,
kiana_mai,1,137,
kiato,1,297,
kiba_satoshi,1,206,
kibadori_rue,1,201,
kibanda_gohan,1,321,
kibellin,1,153,
kibihimi,1,380,
kibii_mocha,1,131,
kibisake,1,543,
kibou,1,114,
kibushi,1,271,
kicchi_(tmgk),1,132,
kicdon,1,108,
kichihachi,1,1020,
kid_(kidocchi),1,140,
kida_kuro_mu,1,151,
kidachi,1,210,
kidmo,1,286,
kido_(choushouya),1,163,
kiduta_cielo,1,141,
kie_(wylee2212),1,241,
kieed,1,171,
kienbiu,1,444,
kieta,1,248,
kieyza,1,288,
kigan'eiji,1,125,
kigidere,1,119,
kiguchiko,1,267,
kihaiu,1,172,
kihane_atsusane,1,131,
kihou_no_gotoku_dmc,1,273,
kiichi,1,112,
kiikii_(kitsukedokoro),1,458,
kiira,1,516,
kiiro_kimi,1,117,
kiirokuma,1,170,
kijinaka_mahiro,1,109,
kikai_(akita_morgue),1,167,
kikimi,1,175,
kikimifukuri,1,240,
kikivi,1,148,
kikoka_(mizuumi),1,294,
kiku_hitomoji,1,768,
kikuchi_mataha,1,164,
kikuchi_michitaka,1,139,
kikuchi_milo,1,174,
kikuchi_seiji,1,217,
kikuchi_tsutomu,1,258,
kikugetsu,1,271,
kikuichi_monji,1,174,
kikumaru_bunta,1,526,
kikunosukemaru,1,126,
kikurage_(crayon_arts),1,357,
kikurage_(plastic_people),1,266,
kikurina,1,113,
kikuta,1,253,
kikuyoshi_(tracco),1,559,
kilabo,1,228,
kilart,1,236,
kildir,1,178,
kilesha,1,434,
kili_kilio,1,160,
kiliko-san,1,124,
kilva_lollop,1,109,
kilye_kairi,1,1406,
kim_eb,1,384,
kim_hyung_tae,1,362,
kim_kwang_hyun,1,133,
kim_yura_(goddess_mechanic),1,237,
kimagure_blue,1,157,
kiman,1,429,
kimarin,1,179,
kimblee,1,117,
kimi_tsuru,1,160,
kimidake,1,213,
kimino_tomonari,1,161,
kimishima_ao,1,390,
kimizuka_aoi,1,272,
kimmy77,1,768,
kimoshi,1,720,
kimtoxic,1,261,
kimura_(ykimu),1,177,
kimura_shigetaka,1,145,
kimura_shiki,1,321,
kimura_shuuichi,1,186,
kimura_takahiro,1,542,
kimuti-g,1,124,
kimuwaipu,1,109,
kin-san_(sasuraiga),1,112,
kin_mokusei,1,166,
kin_niku,1,143,
kinagi_yuu,1,189,
kinako_(marubotan),1,145,
kinako_(mzknk0),1,166,
kinako_(shiratama_mochi),1,350,
kinakomoti,1,157,
kinbakuman,1,271,
kincora,1,187,
kindatsu,1,109,
kine-c,1,113,
kinese_(katasutorohu),1,139,
kinfuji,1,349,
king_of_unlucky,1,141,
kingchenxi,1,141,
kingin,1,295,
kingjoshua,1,114,
kinhasu,1,230,
kinjero,1,114,
kinjo_kuromomo,1,285,
kink_(tortoiseshell),1,467,
kinketsu,1,128,
kinkymation,1,1288,
kinmedai_pink,1,190,
kinnan,1,147,
kinntarou,1,239,
kino_(kino_konomi),1,287,
kino_(m6t2a),1,389,
kino_kokko,1,250,
kinocopro,1,422,
kinoebi,1,169,
kinohara_kossuta,1,215,
kinoko_(hkn),1,125,
kinokohime,1,194,
kinokomushi,1,253,
kinom_(sculpturesky),1,181,
kinomiki_nobori,1,244,
kinona,1,570,
kinosaki,1,238,
kinoshita_ichi,1,443,
kinoshita_neko,1,154,
kinoshita_sakura,1,167,
kinosuke_(pattaba),1,138,
kinosuke_(sositeimanoga),1,294,
kinsenka,1,154,
kinsenka_momi,1,191,
kinta_(distortion),1,492,
kintaro,1,189,
kintarou_(kintarou's_room),1,109,
kinty,1,112,
kinugasa_yuuichi,1,157,
kinuko_(kinucakes),1,148,
kinutani_yutaka,1,164,
kinzaibatsu91,1,136,
kio_is_here,1,117,
kion-kun,1,383,
kiona_(giraffe_kiona),1,384,
kionant,1,342,
kionaoki,1,169,
kippu,1,493,
kippuru,1,406,
kira_(kira_dra),1,115,
kiragera,1,110,
kirai_shouen,1,288,
kirai_y,1,409,
kiraki,1,287,
kiramarukou,1,245,
kirameki_(rikukaikuu),1,151,
kirarin369,1,131,
kirby_d_a,1,234,
kirero,1,559,
kiri_(2htkz),1,248,
kiri_futoshi,1,391,
kirieppa,1,139,
kirifrog,1,150,
kirigakure_(kirigakure_tantei_jimusho),1,477,
kirigaya_yuuji,1,134,
kirikan_(cokekiri),1,195,
kirikirimai_(kkm),1,238,
kiriko_(araragikoyomi),1,205,
kirikuchi_riku,1,144,
kirima_(user_danf8787),1,158,
kiriman_(souldeep),1,188,
kirin_(suzoke_1),1,130,
kirin_kakeru,1,254,
kirin_toroika,1,195,
kirino_souya,1,132,
kiriririn,1,139,
kirisaki_akihito,1,152,
kirisaki_byakko,1,290,
kirisaki_reina,1,171,
kirisaki_seeker,1,217,
kirisaki_shuusei,1,141,
kirisame_mia,1,375,
kirisato_itsuki,1,270,
kirisawa_juuzou,1,2528,
kirisawa_saki,1,253,
kirise_mitsuru,1,255,
kirishima_riona,1,299,
kirishima_satoshi,1,866,
kirisita,1,166,
kirita_(noraring),1,182,
kiritani_(marginal),1,156,
kiritto,1,983,
kiritzugu,1,299,
kiriu,1,155,
kiriya_(552260),1,320,
kiriyama,1,141,
kiriyama_taichi,1,403,
kirome_(kamipaper),1,230,
kiroshi,1,133,
kiru_(m_putorius),1,140,
kirusu,1,225,
kiryu_manzoku,1,497,
kiryuu_makoto,1,234,
kisa_(k_isa),1,118,
kisa_(leg3043),1,129,
kisairo_kaede,1,424,
kisamu_(ksmz),1,237,
kisaragi_chiyuki,1,131,
kisaragi_gunma,1,242,
kisaragi_kaya,1,372,
kisaragi_kokoro_(hazuki),1,131,
kisaragi_koushi,1,133,
kisaragi_miyu,1,227,
kisaragi_mizu,1,177,
kisaragi_nana,1,616,
kisaragi_ryou_(sougetsu-tei),1,228,
kisaragi_tsurugi,1,300,
kisaragi_yuri,1,269,
kisaragi_yuu_(fallen_sky),1,420,
kisaragi_zwei,1,347,
kisasage_kouta,1,157,
kisei2,1,132,
kisekisaki,1,118,
kisetsu,1,720,
kishi_nisen,1,244,
kishi_takuya,1,113,
kishi_torajirou,1,135,
kishibe,1,287,
kishida-shiki,1,159,
kishida_mel,1,1002,
kishida_shiki,1,886,
kishimen,1,138,
kishiyo,1,477,
kishizuka_kenji,1,180,
kisou_(kisou00),1,142,
kistina,1,106,
kisumi_rei,1,196,
kisuu,1,145,
kisw2010,1,304,
kita_(7kita),1,122,
kita_(kitairoha),1,344,
kita_no_shinya,1,141,
kita_senri,1,442,
kitada_mo,1,288,
kitagawa_mikio,1,157,
kitahama_(siroimakeinu831),1,603,
kitahara_tomoe_(kitahara_koubou),1,629,
kitajima_yuuki,1,422,
kitaku_(nakamachi_machi),1,459,
kitamura_(bamboo),1,112,
kitamurashu,1,206,
kitano_(kitanosnowwhite),1,314,
kitano_tomotoshi,1,117,
kitano_yuusuke,1,174,
kitasaya_ai,1,278,
kitayama_miuki,1,333,
kitayuki_kajika,1,263,
kitazawa_(embers),1,172,
kitazinger,1,281,
kitazume_hiroyuki,1,197,
kitazume_kumie,1,112,
kitiroku,1,333,
kito_(sorahate),1,394,
kito_koruta,1,249,
kitora_(kisekinonameko),1,118,
kitou_sakeru,1,145,
kitsune-neko,1,246,
kitsune-tsuki_(getter),1,117,
kitsune23star,1,109,
kitsune_(kazenouta),1,226,
kitsune_maru,1,187,
kitsunebi_v3kokonn,1,128,
kitsuneno_denpachi,1,358,
kitsunerider,1,1821,
kitsunetsuki_itsuki,1,220,
kittew,1,222,
kittona,1,149,
kiui_(dagk8254),1,209,
kiunchiku,1,124,
kivo,1,193,
kiwwwwwi,1,118,
kiya_machi,1,291,
kiya_shii,1,226,
kiyakyuu,1,109,
kiyama_satoshi,1,791,
kiyomin,1,359,
kiyu_rei,1,141,
kiyuu,1,168,
kizaki_(volvox),1,135,
kizaki_yuuri,1,400,
kizami_nori_to_yamaimo,1,192,
kizuki_aruchu,1,215,
kj_(k777),1,106,
kji_(rozo),1,175,
kkaebing,1,114,
kkam-sang,1,109,
kkato,1,355,
kkia,1,138,
kkix25,1,280,
kkkaaaayyy,1,151,
kkopoli,1,456,
kkry99,1,118,
kkuem,1,162,
kl,1,463,
klaius,1,496,
klegsart,1,118,
kloah,1,1023,
km_yama,1,423,
kmitty,1,132,
kmnm_1403,1,118,
knifedragon,1,239,
kntrs_(knyrs),1,208,
ko-on_(ningen_zoo),1,124,
ko_kita,1,213,
ko_yu,1,417,
koahri,1,307,
koba,1,123,
kobaji,1,400,
kobamiso_(kobalt),1,439,
kobanzame,1,141,
kobashi_daku,1,224,
kobayashi_chisato,1,735,
kobayashi_chizuru,1,138,
kobayashi_hiyoko,1,158,
kobayashi_kabura,1,111,
kobayashi_nyoromichi,1,107,
kobayashi_ritz,1,144,
kobayashi_tetsuya,1,131,
kobayashi_yoshitaka,1,153,
kobayashi_yuuji,1,431,
kobeya_(tonari_no_kobeya),1,153,
kobi_(piliheros2000),1,192,
kobinbin,1,308,
kobo_(cobo_0609),1,143,
kobone,1,239,
kobuichi,1,837,
kobuta,1,154,
kobutanori,1,137,
kobuushi,1,158,
kochipu,1,139,
kochiya_(gothope),1,443,
kochoko,1,125,
kock_k,1,114,
koda1ra,1,159,
kodachi_(kuroyuri_shoukougun),1,448,
kodama_(mmt_uf),1,138,
kodama_(wa-ka-me),1,189,
kodama_yuu,1,246,
kodamari,1,390,
kodou_mikoto,1,152,
koeda_(k83_4),1,121,
koenza_botoke,1,109,
koflif,1,481,
kofunami_nana,1,313,
kogaku_kazuya,1,183,
kogame,1,166,
kogane_(staygold),1,224,
kogarashi_8,1,108,
kogatarou,1,290,
koge_donbo,1,229,
koh_(minagi_kou),1,437,
koh_rd,1,143,
kohakope,1,177,
kohaku_muro,1,119,
kohaku_q,1,143,
kohakugin,1,147,
kohanayuki,1,150,
koharu2.5,1,289,
kohatsuka,1,174,
kohige,1,114,
kohinata_hoshimi,1,297,
kohsaka_jun,1,456,
kohshibasaki,1,145,
koi_(koisan),1,582,
koi_drake,1,113,
koi_han,1,135,
koikawa_minoru,1,373,
koike3582,1,203,
koikeya_(keroro7),1,133,
koin_(foxmark),1,167,
koio,1,114,
koishi_chikasa,1,153,
koiso_usu,1,244,
koissa,1,339,
koisuke,1,122,
koizumi_amane,1,264,
koizumi_arata,1,265,
koizumo,1,223,
koji_(wildlhz),1,128,
kojiki-life,1,140,
kojima_(blue_stardust),1,250,
kojima_saya,1,786,
kojima_takeshi,1,581,
kojiro337,1,236,
kokaki_mumose,1,593,
kokechan,1,113,
kokekokko_coma,1,150,
kokeshi_(yoi_no_myoujou),1,142,
koki_(ryoushikiha),1,110,
kokihanada,1,346,
kokka_han,1,423,
kokoa_ninniku,1,227,
kokomachi,1,129,
kokomi_(aniesuakkaman),1,381,
kokone_(coconeeeco),1,485,
kokono_coco,1,135,
kokonoka,1,160,
kokorono_arika,1,110,
kokorozashi,1,170,
kokotetsu,1,191,
kokouno_oyazi,1,132,
kokoyashi,1,122,
koku,1,726,
kokuchuutei,1,393,
kokudou_juunigou,1,669,
kokujuuji,1,180,
kokukyukeo,1,291,
kokura_masashi,1,214,
kokuriu,1,295,
kokutan_kitsunen,1,184,
kokuto_(kurousagi1210),1,164,
kokutou_nikke,1,260,
kokuzou,1,385,
kolshica,1,287,
koma_midori,1,264,
koma_neko,1,244,
komachi_narota,1,127,
komachi_pochi,1,194,
komainu_(yamaha1997),1,171,
komakoma_(magicaltale),1,554,
komaku_juushoku,1,878,
komame_(st_beans),1,245,
komasawa_(fmn-ppp),1,188,
komasi,1,156,
komatsu_(sakanae),1,177,
komatsu_eiji,1,913,
komatsuzaki_rui,1,166,
komb,1,301,
kome_cola,1,182,
komeshiro_kasu,1,887,
kometsubu,1,113,
kometubu0712,1,129,
komi_(komiking),1,117,
komi_zumiko,1,603,
komimiyako,1,188,
komiya_kuniharu,1,115,
komomo_(ptkrx),1,186,
komone_ushio,1,859,
komori_kei,1,476,
komori_kuzuyu,1,601,
komorihikki,1,168,
komota_(kanyou_shoujo),1,166,
komowata_haruka,1,126,
komusou_(jinrikisha),1,867,
komuzuka,1,124,
kon-kit,1,417,
kon5283,1,160,
kon_manatsu,1,172,
kona_ming,1,215,
konabetate,1,130,
konagi_(konotuki),1,107,
konakona,1,190,
konarofu,1,132,
konata_gazel,1,258,
konayama_kata,1,358,
konboi-eg,1,234,
konbu_wakame,1,903,
konfuzikokon,1,112,
kongari_tokei,1,131,
konishi_(koconatu),1,589,
konka,1,289,
konkichi_(flowercabbage),1,143,
konkito,1,276,
konmori_(kinbou_sokai),1,179,
konno_takashi,1,261,
konno_tohiro,1,715,
konnyaku_(kk-monmon),1,938,
konoe_ototsugu,1,260,
konoe_yuba,1,123,
konogi_nogi,1,123,
konohana_saku,1,122,
konohanaya,1,122,
konomi_(kino_konomi),1,285,
konoshige_(ryuun),1,1895,
konpeto,1,753,
konshin,1,542,
konya_karasue,1,185,
koohee,1,289,
koohiitei_shinbo,1,317,
kook,1,136,
koomoi,1,117,
koorimizu,1,277,
kopaka_(karda_nui),1,958,
kopianget,1,231,
korandamu,1,107,
koretsuki_azuma,1,449,
korie_riko,1,621,
korisei,1,134,
kornod,1,150,
koru_koruno,1,170,
koru_pera,1,153,
koruri,1,1499,
koruse,1,328,
koruta_(nekoimo),1,172,
koryuu_(gackter10),1,200,
kosai_takayuki,1,226,
kosaki_wit,1,154,
kosame_daizu,1,250,
koshigaya_tatsumi,1,112,
koshika_rina,1,388,
koshiro_itsuki,1,263,
kosmos_beta,1,267,
kosobin,1,136,
kosokosomaru_(higashi_taishi),1,273,
kosshii_(masa2243),1,338,
kosuke_(bb),1,132,
kosuke_haruhito,1,155,
kosuzume,1,205,
kotaka,1,130,
kotaro-nosuke,1,110,
kotarou_(rakugaki_shirushi),1,117,
kotatsu_(g-rough),1,649,
kotatsu_(kotatsu3),1,246,
kotatsu_kaya,1,310,
kotatu_(akaki01aoki00),1,445,
koto_(colorcube),1,153,
koto_(shiberia39),1,136,
koto_inari,1,1199,
kotoba_noriaki,1,761,
kotobuki_(momoko_factory),1,606,
kotobuki_(stealth_sendan),1,346,
kotobuki_(tiny_life),1,712,
kotobuki_hajime,1,195,
kotobuki_nashiko,1,140,
kotobuki_toro,1,114,
kotobuki_tsukasa,1,229,
kotobuki_utage,1,112,
kotobukkii_(yt_lvlv),1,206,
kotomuke_fuurin,1,190,
kotone11152,1,129,
kotone_a,1,109,
kotorai,1,1783,
kotoribako,1,510,
kotowari_(newtype_kenkyuujo),1,120,
kotoyama,1,758,
kotoyoshi_yumisuke,1,272,
kotsu,1,130,
kotteri,1,373,
kou1,1,262,
kou_(garakuta_teikoku),1,187,
kou_(haijindeath),1,251,
kou_futoshi,1,253,
kou_hiyoyo,1,3372,
kou_mashiro,1,912,
kouba,1,155,
koubou_(cowbow_kun),1,153,
koucha_indian,1,111,
kouda_suzu,1,581,
kouda_tomohiro,1,445,
kouga_(mutsumi),1,148,
kougi_hiroshi,1,267,
kouguchi_moto,1,112,
kouhei_(sxmas),1,109,
kouhiipan,1,134,
kouichi_eiji,1,120,
kouji_(campus_life),1,4269,
kouji_(kari),1,203,
koujima_shikasa,1,115,
kouka_(mrakano5456),1,168,
kouki_kuu,1,234,
koukoku,1,141,
koume_keito,1,537,
koumei_(twinameless),1,452,
kouno_(masao),1,2172,
kouno_hikaru,1,816,
kounoike_tsuyoshi,1,116,
kounosu_satori,1,290,
kourourin,1,190,
kourui,1,119,
kousa_(black_tea),1,117,
kousaka_0v0,1,148,
kousaki_rui,1,569,
kousaku,1,249,
kousei_(public_planet),1,776,
kousei_horiguchi,1,118,
kousetsu,1,267,
kousuke0912,1,163,
kouta.,1,202,
koutaro,1,705,
koutarosu,1,198,
koutarou_(girl_power),1,170,
koutarou_(plusdrive),1,118,
koutate,1,125,
koutetu_yarou,1,129,
kouya_toufu,1,132,
kouyafu,1,182,
kouzuki_(reshika213),1,118,
kouzuki_hajime,1,240,
kouzuki_kei,1,252,
kouzuki_tsubasa_(musou_kaidou),1,158,
kowai_(iamkowai),1,237,
kowiru,1,138,
koya_(koya_x_00),1,336,
koyama_hirokazu,1,344,
koyama_shigeru,1,2091,
koyansuee,1,156,
koyap,1,222,
koyashaka,1,375,
koyo_akio,1,259,
koyoi_mitsuki,1,197,
koyoinacho,1,169,
koyomania,1,505,
koyorin,1,1016,
koyubi_(littlefinger1988),1,541,
koyuki_(kotatsu358),1,727,
koza900,1,160,
koza_game,1,136,
kozaki_yuusuke,1,597,
kozakura_(dictionary),1,286,
koze_niire,1,140,
kozou_(rifa),1,205,
kozou_(soumuden),1,330,
kozu_(bloomme1_me),1,177,
kozue_akari,1,593,
kozy,1,109,
kozzz_y,1,108,
ko~cha,1,347,
krab_(fumekrab),1,131,
krabbytheartist,1,161,
kradebii,1,202,
krazehkai,1,126,
krekkov,1,430,
krenz,1,142,
krin_(krinnin),1,134,
krirk,1,249,
krokobyaka,1,307,
krono_tokage,1,139,
krs_(karasu),1,120,
krudears,1,585,
krystopher_decker,1,140,
ks_(xephyrks),1,424,
kshimu,1,403,
ksk_(semicha_keisuke),1,227,
kso,1,393,
kt._(kaisou-notagui),1,109,
ktokei_(kurokku-tokei),1,127,
ktsecond,1,138,
ktsis,1,129,
ku_roiko,1,206,
kuase,1,153,
kuavera,1,1278,
kubo_tite,1,202,
kubocha,1,228,
kuboken,1,449,
kubong,1,135,
kuboshun,1,106,
kubota_masaki,1,163,
kubyou_azami,1,172,
kuchibashi_(9180),1,148,
kuconoms,1,148,
kudou_(ooabareteng),1,232,
kudou_(sikisiki0000),1,176,
kudou_makoto,1,150,
kudoukudokudo,1,118,
kuen_(kuennn12),1,267,
kuena,1,630,
kuga_huna,1,254,
kuga_tsukasa,1,293,
kuga_tsuniya,1,202,
kuga_zankurou,1,175,
kugelschreiber,1,387,
kugi_ta_hori_taira,1,130,
kugimiya_atsuki,1,510,
kugui_kiyunemu,1,276,
kuguri_oimo,1,364,
kuhotaka,1,353,
kuhuku006f86,1,135,
kujira_hebi,1,123,
kujira_lorant,1,199,
kujira_naoto,1,421,
kujiran,1,290,
kujou_danbo,1,357,
kujou_ichiso,1,525,
kujou_karasuma,1,1305,
kujou_mikuru,1,186,
kujuu_shikuro,1,132,
kujya,1,111,
kuki_panda_(wkdwnsgk13),1,130,
kukie-nyan,1,1127,
kukimaru,1,202,
kukka,1,278,
kukumomo,1,408,
kulo_jawa,1,152,
kulolin,1,141,
kuma-bound,1,278,
kuma_(bloodycolor),1,251,
kuma_(crimsonvanilla),1,279,
kuma_(jk0073),1,168,
kuma_(kumahoihoi),1,149,
kuma_daigorou,1,123,
kuma_no_bansoukou,1,121,
kuma_piv,1,109,
kuma_yuu,1,108,
kumaartsu,1,141,
kumadano,1,688,
kumagai_haito,1,232,
kumakichi_(cost-lost),1,185,
kumako_(kumakonoh),1,137,
kumakou,1,134,
kumamiya,1,109,
kumamoto_(bbtonhk2),1,195,
kumamoto_aichi,1,209,
kumanomi,1,124,
kumanz,1,112,
kumao_mofumofu,1,210,
kumaori_jun,1,131,
kumarang,1,200,
kumasan_(kumazonjp),1,119,
kumasteam,1,207,
kumasyan1998,1,255,
kumatangent,1,146,
kumatora_tatsumi,1,161,
kumehara_chiyota,1,106,
kumichou_(kumichoubox),1,140,
kumiko_shiba,1,693,
kumiyabe,1,219,
kumo_(mokumoku_warabi),1,108,
kumoi_takashi,1,109,
kumonji_aruto,1,152,
kumu_zaisheng,1,208,
kunabishi,1,585,
kunaboto,1,131,
kunifuto,1,205,
kunikune,1,110,
kunikuni_(kunihiro2005),1,107,
kunitori,1,114,
kuno_(runkunochan),1,110,
kunugi_miyaco,1,168,
kuon_(kwonchanji),1,244,
kuon_(nokokopopo),1,115,
kuon_bb,1,181,
kuon_yashiro,1,133,
kupa_(jesterwii),1,459,
kupala,1,204,
kuppipi_ramutarou,1,442,
kupuru_(hirumamiyuu),1,140,
kurabayashi_aya,1,110,
kurachi_mizuki,1,340,
kuragare,1,243,
kuragari,1,369,
kurage1,1,136,
kurage_cc,1,120,
kurahana_chinatsu,1,139,
kurai_nao,1,146,
kuraki,1,166,
kurami_(kohaku.),1,198,
kuramochi_kyouryuu,1,107,
kuramoto_takato,1,267,
kurano_kisuke,1,222,
kuranosuke,1,182,
kurappii,1,111,
kurarin,1,135,
kurasaki_moroko,1,133,
kurasawa_kyoushou,1,157,
kurasawa_moko,1,226,
kurashima_tomoyasu,1,536,
kurasuke,1,528,
kurata_rine,1,510,
kurattes,1,132,
kurau_kii,1,164,
kure_(kure_ng),1,180,
kureaki_(exit),1,152,
kurebayashi_noe,1,322,
kureha_(ironika),1,266,
kureha_mitsushige,1,325,
kuren,1,255,
kurenai_karasu,1,228,
kurenaiz_(kuayrenaiz),1,299,
kuresento,1,469,
kuresuku_(lessons),1,177,
kureta_(nikogori),1,162,
kure~pu,1,208,
kuri_(animejpholic),1,179,
kuri_(kurigohan),1,231,
kuri_choko,1,148,
kuri_dora,1,155,
kuri_giepi,1,243,
kuria_(clear_trip_second),1,301,
kurihara_kenshirou,1,163,
kurihara_sakura,1,273,
kurikabacha,1,115,
kurikara,1,904,
kurimochi_chizuru,1,113,
kurinton,1,195,
kurione_(zassou),1,613,
kurisu-kun,1,258,
kurisu_sai,1,239,
kuriyuzu_kuryuu,1,190,
kurkoboltsi,1,132,
kuro-kun_(nablack),1,133,
kuro_(be_ok),1,360,
kuro_(kuroneko_no_kanzume),1,144,
kuro_(tbm9187),1,233,
kuro_(toi_et_moi),1,484,
kuro_(zhurunbo1997),1,149,
kuro_chairo_no_neko,1,646,
kuro_hopper,1,110,
kuro_kosyou,1,1056,
kuro_mushi,1,283,
kuro_nezumi_inu,1,121,
kuro_oolong,1,238,
kuro_suto_sukii,1,715,
kuro_wa_shinoru,1,125,
kuro_yanagi,1,158,
kuro_yuzu,1,423,
kuroame_(kurinohana),1,143,
kuroba_dam,1,226,
kuroba_rapid,1,320,
kuroba_u,1,177,
kurobeko_(kur0bek0),1,228,
kurobikari,1,110,
kuroboshi_kouhaku,1,758,
kurochiroko,1,262,
kuroda_(nanchara_flight),1,143,
kuroda_akimi,1,289,
kuroda_asaki,1,124,
kuroda_bb,1,327,
kuroda_kazuya,1,286,
kurodahlia18,1,138,
kurodeko,1,127,
kuroduki_(pieat),1,231,
kuroe_(sugarberry),1,192,
kuroemon,1,345,
kurofood,1,156,
kurofude_anna,1,146,
kurogane_gin,1,239,
kuroganeruto,1,204,
kurogarasu,1,400,
kurohara_yuu,1,130,
kuroi_(liar-player),1,504,
kuroi_enpitsu,1,124,
kuroi_mimei,1,613,
kuroi_nyan,1,200,
kuroi_suna,1,416,
kuroi_susumu,1,402,
kuroida,1,115,
kuroihato,1,168,
kuroimori,1,146,
kuroino_(kuroyashiro),1,127,
kurokaji,1,264,
kurokan_(kokkyou_oudan),1,224,
kurokawa_(kurokashi655),1,185,
kurokawa_(silve),1,147,
kurokawa_izumi,1,173,
kurokawa_makoto,1,195,
kurokawa_otogi,1,244,
kurokaze_no_sora,1,203,
kuroki_(ma-na-tu),1,196,
kurokin,1,213,
kurokoeda,1,141,
kurokoori,1,178,
kurokoshou_(emuburemu123),1,776,
kurokuro,1,358,
kuromame_(8gou),1,209,
kuromari_(runia),1,162,
kuromayu,1,560,
kuromitsu_(9633_kmfr),1,112,
kuromiya,1,1375,
kuromori_yako,1,212,
kuromu,1,109,
kuromu_(underporno),1,157,
kuromu_shado,1,129,
kurona,1,614,
kurone_rinka,1,468,
kuroneko_(kuroneko_works),1,178,
kuroneko_douji,1,185,
kuroneko_liger,1,109,
kuroneko_no_toorimichi,1,203,
kuronezumi,1,139,
kurono,1,161,
kurono_kito,1,135,
kurono_mitsuki,1,217,
kurono_nekomaru,1,163,
kurono_yuu,1,290,
kurono_yuzuko,1,323,
kuronoiparoma,1,117,
kuronosu_(yamada1230),1,120,
kuronuko_neero,1,469,
kuronyan,1,392,
kuroonehalf,1,392,
kurororo_rororo,1,311,
kurosaki_coco,1,146,
kurosawa_kiyotaka,1,110,
kurose_kousuke,1,360,
kuroshinki,1,395,
kuroshiro00,1,157,
kuroshiro_(ms-2420),1,157,
kuroshiro_kanae,1,137,
kurosujuu,1,131,
kurosuke_(nora),1,170,
kurosususu,1,278,
kurot,1,599,
kurotama,1,511,
kuroten,1,118,
kurotofu,1,516,
kurotsuki_(luowei99),1,109,
kurou_(bcrow),1,176,
kurou_(quadruple_zero),1,792,
kuroume_(aihikarikuroume24),1,108,
kurousagi_yuu,1,224,
kurowa,1,400,
kurowa_(curowa),1,151,
kurowan,1,215,
kurowana,1,210,
kuroya_shinobu,1,179,
kurozako,1,178,
kurozawa_yui,1,564,
kurozero,1,121,
kurozu_(crozu),1,125,
kurukurumagical,1,979,
kurumi_(recycllamo),1,229,
kurumi_lm,1,116,
kurun_(kurun777),1,126,
kururi,1,113,
kurusu_tatsuya,1,129,
kuruton486,1,139,
kusaba_(kusabashiki),1,192,
kusabi_(aighe),1,226,
kusada_souta,1,220,
kusagami_style,1,245,
kusahagane,1,110,
kusaka_kokage,1,173,
kusaka_souji,1,976,
kusakabe_(kusakabeworks),1,274,
kusakami_akira,1,150,
kusakanmuri,1,178,
kusami_toka_naku_au,1,139,
kusana_(dudqja602),1,187,
kusana_(kusana47454281),1,111,
kusanagi_kaoru,1,278,
kusanagi_tonbo,1,895,
kusano_(torisukerabasu),1,424,
kusano_houki,1,112,
kusano_shinta,1,167,
kusaremix,1,208,
kuse_(0201),1,245,
kushida_you,1,212,
kushidama_minaka,1,109,
kushinaka,1,143,
kuso_otoko,1,180,
kusoyuridanchi,1,135,
kusugi_tai,1,237,
kusujinn,1,115,
kusukusu,1,174,
kusumoto_shizuru,1,179,
kusuribe,1,277,
kutabireta_neko,1,343,
kutan,1,756,
kutata,1,208,
kutone_shirika,1,337,
kutsuki_kai,1,575,
kutsuno,1,113,
kuu_nekoneko,1,110,
kuuchuu_yousai,1,434,
kuuma25_kuma,1,115,
kuune_rin,1,379,
kuuro_kuro,1,225,
kuuru_(kuuru-n),1,111,
kuurunaitsu,1,387,
kuutamo,1,176,
kuwada_yuuki,1,199,
kuwahara_taiki,1,148,
kuwashima_rein,1,346,
kuya_(hey36253625),1,541,
kuyoumi,1,141,
kuziaaizuk,1,212,
kuzu_(miduhana),1,128,
kuzu_kow,1,278,
kuzukago_(bitchmaker),1,108,
kuzumiya_yuyu,1,175,
kuzumochi_(kuzumochiya),1,247,
kuzumomo,1,233,
kuzumosu,1,256,
kuzuryuu_kennosuke,1,835,
kuzuvine,1,276,
kvlen,1,342,
kwaejina,1,141,
kws,1,173,
kwsby_124,1,107,
ky.,1,148,
kyabakurabakufu,1,121,
kyabekko,1,203,
kyaku_tasu,1,149,
kyaku_tatsu,1,128,
kyano_(kyanora3141),1,179,
kyapinetzu,1,112,
kyarahiba,1,151,
kyata_ti666,1,291,
kyjsogom,1,223,
kyle_(kysizzle),1,119,
kylin,1,179,
kyo-hei_(kyouhei),1,292,
kyo_(kuroichigo),1,560,
kyo_zip,1,157,
kyoeiki,1,285,
kyoffie,1,123,
kyogoku-uru,1,290,
kyogoku_shin,1,613,
kyoko_(akakikyoko),1,255,
kyoku_tou,1,129,
kyokucho,1,374,
kyokutou_hentai_samurai,1,249,
kyou_(fr39),1,390,
kyou_(ningiou),1,210,
kyou_039,1,248,
kyouda_suzuka,1,786,
kyougoku_touya,1,340,
kyouichi,1,146,
kyouna,1,144,
kyouno,1,359,
kyouno_aki,1,119,
kyousaku,1,112,
kyousaru,1,366,
kyoutsuugengo,1,232,
kyouyasai4423,1,108,
kyoyakyo,1,191,
kyudoli,1,109,
kyufe,1,120,
kyundoo,1,140,
kyuri,1,204,
kyuri_tizu,1,252,
kyusoukyu,1,185,
kyutai_x,1,267,
kyuu_(plastic_night_q),1,336,
kyuuba_melo,1,495,
kyuukei_usagi,1,110,
kyuukon_(qkonsan),1,171,
kyuuri_(miyako),1,281,
kyuuso_inukami,1,378,
kyuutou_(kyuutouryuu),1,278,
kz_nagomiya,1,131,
kz_oji,1,292,
kztk,1,149,
l4wless,1,123,
l_(matador),1,196,
l_hakase,1,480,
l_ract,1,176,
la-na,1,137,
labombardier!,1,110,
lack,1,1083,
laco_soregashi,1,232,
lacryboy,1,107,
ladic,1,273,
laika_(sputnik2nd),1,112,
lainart,1,430,
lakilolom,1,317,
lalazyt,1,184,
lam_(ramdayo),1,371,
lamb-oic029,1,990,
lamb_(hitsujiniku),1,330,
lambda_(kusowarota),1,962,
lan_mao_akko,1,212,
landacdeus,1,239,
landolt_tamaki,1,149,
langbazi,1,471,
langley1000,1,158,
lank_(lankdesu),1,136,
lanlanlap,1,121,
lansane,1,628,
lanthan,1,120,
lanubis,1,110,
lanzi_(415460661),1,178,
lao_meng,1,199,
laoan,1,134,
laofuzi_dai_bansho,1,190,
las91214,1,286,
laser-lance,1,230,
laserflip,1,533,
lask,1,164,
laspberry.,1,132,
lasterk,1,979,
lasto,1,351,
latenight,1,147,
lavelis,1,216,
laxiusart,1,108,
lazyartlazy12,1,265,
lazyprocrastinator,1,475,
ld_(luna_dial398),1,410,
lds_(dstwins97),1,245,
leaphere,1,146,
leavv,1,191,
lebring,1,145,
ledjoker07,1,211,
lee_(colt),1,507,
lee_(dragon_garou),1,211,
lee_hyeseung,1,234,
lefthand,1,287,
leftporygon,1,118,
leilin,1,131,
leiq,1,134,
lelie_(lelie_link),1,151,
lelioz,1,134,
lemon89h,1,348,
lemon_pan,1,260,
lemon_snail,1,153,
lemonade_kokoi,1,122,
lemonail,1,170,
lemontea,1,283,
lemontyoisy_r18,1,161,
lemtun,1,116,
len_(a-7),1,242,
len_(hand_linke),1,283,
leng_wa_guo,1,112,
lengchan_(fu626878068),1,113,
leoandaslan_(leobongnana),1,137,
leogust,1,290,
leon0705,1,111,
leon_(mikiri_hassha),1,437,
leona_(pixiv),1,113,
leonardo_16sei,1,122,
leonat,1,363,
leonmandala,1,340,
leria_v,1,232,
lerico213,1,141,
leslyzerosix,1,187,
less,1,607,
less_end,1,329,
letdie1414,1,212,
lets0020,1,1384,
leveen,1,133,
level-00,1,118,
leviathan_(hikinito0902),1,396,
lewdamone,1,362,
lewdishsnail,1,122,
lewdkuma,1,166,
lexaiduer,1,156,
li04r,1,160,
li@_(rikku04),1,122,
li_(lithium0522),1,267,
li_sakura,1,112,
li_se,1,139,
liang_cun_rakuna,1,157,
liang_xing,1,815,
liaowen,1,132,
liar_lawyer,1,128,
libbyframe,1,120,
libre,1,377,
lichiko,1,154,
liclac,1,173,
liduke,1,366,
lielos,1,804,
lieqi_hun,1,175,
lif_(lif_&_ref),1,129,
lifeline_(a384079959),1,136,
lightria,1,186,
lightsource,1,422,
liita_(dusk_snow),1,123,
likey,1,145,
lilac_(k32420276),1,115,
lilac_(p-f_easy),1,159,
lilaccu,1,154,
lili_mdoki,1,119,
lilish,1,417,
lilithbloody,1,111,
lillithlauda,1,336,
lillly,1,514,
lily0428,1,167,
lily_(artist),1,251,
lim_jaejin,1,116,
limart,1,185,
limeblock,1,148,
limgae,1,382,
lin+,1,115,
linda,1,236,
lindaroze,1,791,
linfi-muu,1,119,
ling_dianxia,1,123,
ling_s,1,317,
lingerie_(aki3240),1,154,
lingshalan,1,266,
lingyi,1,215,
linjie,1,118,
link_(aa30),1,144,
linmiee,1,191,
lino-lin,1,134,
lino_chang,1,144,
linreplica,1,232,
linterteatime,1,230,
liowig,1,218,
lira,1,118,
liren44,1,134,
lit_silium,1,170,
lithographica,1,108,
litsvn,1,194,
littlebluemuffin,1,183,
littlecloudie,1,118,
liu_lan,1,129,
liu_liaoliao,1,245,
liukensama,1,112,
lium,1,134,
live_for_the_funk,1,202,
liveactors,1,120,
liwen520,1,124,
liwendala,1,117,
lix_(iroiro3843),1,287,
liya,1,847,
liyart,1,117,
liyom,1,111,
liz_(piyoko_piyop),1,588,
lk149,1,277,
lk_(lk00),1,171,
lkari_shi,1,158,
lkeris,1,132,
lliissaawwuu2,1,109,
llkapital,1,118,
lloule,1,313,
llowoll,1,154,
lm7_(op-center),1,444,
lm_(legoman),1,816,
lo_xueming,1,121,
loading_(verjuice),1,182,
lobelia_(saclia),1,310,
lobsteranian,1,154,
lockheart,1,563,
lococo:p,1,152,
locon,1,120,
lodbyy,1,111,
loen,1,233,
logan_cure,1,324,
loggy,1,106,
logiclr,1,137,
lokman_lam,1,124,
lokulo_no_mawashimono,1,759,
loli_bushi,1,141,
lolicom,1,279,
loliconder,1,476,
lolikaku,1,217,
lolimate,1,228,
lolita_channel,1,1829,
lolo_(kemonono),1,117,
lololotton,1,149,
lomocya,1,203,
london_inu,1,114,
long28,1,120,
longdq3008,1,149,
longlong_(drasdr7513),1,215,
longmei_er_de_tuzi,1,186,
loodncrood,1,304,
loooyd,1,303,
loped,1,123,
lor_(roasyerizyonirapi),1,241,
lord_guyis,1,109,
lordol,1,197,
lost_one_zero,1,112,
lotosu,1,359,
loundraw,1,161,
love_cacao,1,428,
love_makira,1,130,
love_mintchoco,1,202,
loveloveknight,1,121,
lovelovemaid,1,115,
lowe_(slow),1,201,
lowlight_kirilenko,1,109,
lozelia,1,146,
lpip,1,1159,
lq_saku,1,151,
lr_hijikata,1,284,
lrh0123,1,255,
lrk,1,156,
lshiki,1,173,
lsls,1,155,
lts_kakuyo,1,142,
luai,1,141,
lubikaya,1,147,
lucadark_art,1,122,
lucidsky,1,190,
lucie,1,246,
lucknight,1,375,
ludens_(inonaka_koubou),1,125,
ludo0109,1,125,
lufi_ays,1,237,
luicent,1,569,
luimiart,1,166,
luizhtx,1,247,
luke_(b10a3123m),1,279,
luke_(dydansgur),1,666,
luke_(kyeftss),1,111,
lulu-chan92,1,389,
lumarianne20,1,144,
lumineko,1,116,
luminous,1,181,
luminous_slime,1,305,
luminyu,1,398,
lumo_1121,1,447,
lun7732,1,127,
luna_(gkluna_mas),1,109,
luna_(reclaimed_land),1,131,
luna_lia,1,191,
lunacats,1,138,
lunacle,1,440,
lunamoon,1,146,
lunar_(lunar_815),1,119,
lunarisaileron,1,166,
lunch_(lunchicken),1,180,
lunch_(shin_new),1,336,
lunch_boxer,1,181,
lunia,1,134,
luse_maonang,1,327,
lutherniel,1,290,
luxuriou_s,1,154,
luzi,1,117,
luzzi_(milllim),1,114,
lvetica,1,144,
lvi,1,255,
lvl_(sentrythe2310),1,816,
lvlv,1,202,
lydia601304,1,165,
lynus,1,409,
lyra-kotto,1,217,
lyrinne,1,146,
lysander_z,1,159,
lyy,1,142,
lzh,1,484,
m&m_(mickey_and_mackey),1,444,
m-da_s-tarou,1,2363,
m-rs,1,154,
m.a.o,1,127,
m.m,1,771,
m.q_(mqkyrie),1,187,
m.tokotsu,1,182,
m0_chi,1,146,
m0ti,1,142,
m3_(gardevoir_m3),1,115,
m75255831,1,202,
m_(m073111),1,160,
m_(neteitai10),1,134,
m_alexa,1,134,
m_k,1,582,
m_ko_(maxft2),1,142,
m_mance,1,129,
m_r_b,1,222,
ma-2_(konkon_kitakitsune),1,123,
ma_draws,1,183,
ma_rukan,1,930,
maa_(forsythia1729),1,212,
maa_(maa1),1,135,
maachin,1,218,
maakun_(makun_dx),1,230,
maanii,1,171,
maanu,1,215,
maaru_(akira428),1,168,
mabanna,1,384,
mabataki,1,111,
mabera,1,130,
mabing,1,422,
maboroshi_mochi,1,684,
mabuchoco_m,1,216,
maburu_(lojyq1eur3e8bit),1,284,
mac_naut,1,106,
mac_star,1,355,
macaroni_hourensou,1,199,
macaronk,1,180,
macbail,1,114,
maccha,1,361,
maccha_(mochancc),1,403,
macchiato_(jae-min_cho),1,106,
macciatto_(aciel02),1,115,
machi_(7769),1,423,
machi_(ritovoyage),1,182,
machico_maki,1,130,
machigami_yoh,1,300,
machiko_(beard),1,265,
machimura_komori,1,237,
machinosuke,1,120,
machismo_fuji,1,476,
machulanko,1,110,
machuuu68,1,176,
macken,1,144,
mackia,1,121,
maco22,1,583,
maco_spl,1,149,
macosee,1,201,
mad_(hazukiken),1,253,
mad_kimo,1,136,
madana_(xesa7885),1,232,
madaotheory,1,124,
madara_inosuke,1,210,
madara_sai,1,126,
madcore,1,740,
madhatter_hello,1,113,
madjian,1,455,
mado_(mukade_tou),1,327,
madogawa,1,233,
madotsuki_ren,1,123,
madotsukumo,1,250,
mady_(madine08260),1,134,
madyy,1,197,
mae_(maesanpicture),1,760,
maeda_hiroyuki,1,137,
maeda_r44,1,142,
maeda_risou,1,139,
maegami_(daisuki_oekaki1),1,129,
maeha,1,185,
maeka_(kumaekake),1,234,
maekawa_suu,1,279,
maemi_(maemi12),1,116,
maenchu,1,173,
maenoo,1,143,
maeshima_shigeki,1,401,
maeshimashi,1,238,
maett,1,373,
maewix_(artist),1,247,
maeya_susumu,1,251,
mafuyu_(chibi21),1,587,
mafuyu_(kanden_shoujyo),1,211,
mag_(huangmag),1,109,
magaeshi,1,120,
magai_akashi,1,271,
magaki_ryouta,1,238,
magako,1,149,
magari_(c0rn3r),1,145,
magatsumagic,1,225,
mage_(harumagedon),1,130,
magenta_(atyana),1,189,
maggea22,1,325,
maggi,1,118,
magicians_(zhkahogigzkh),1,166,
magion02,1,429,
magister,1,443,
mago,1,132,
mago_(gengennikoniko),1,114,
magowasabi,1,438,
magui3,1,209,
magukappu,1,904,
maguro_(mawaru_sushi),1,216,
maguta,1,136,
mahan,1,121,
mahcdai,1,196,
mahito,1,198,
maho_(yakimorokoshi),1,156,
maho_moco,1,325,
mahoro_(minase_mahoro),1,120,
mahou_kyuuri,1,194,
maibotsumou,1,269,
maidforge,1,201,
maigoyaki,1,136,
maiii_(smaii_i),1,250,
maiko_(setllon),1,140,
maiku,1,366,
maiqo,1,280,
mairo,1,218,
maitake_(kinokonabe_hinanjo),1,150,
maitei_roppa,1,139,
maitora,1,115,
maitou,1,109,
majamari,1,215,
majiang,1,171,
majima_yuki,1,203,
majime_joe,1,125,
majin_(marcia),1,110,
majo_(pastamajo),1,121,
majoccoid,1,398,
majunjuu,1,170,
mak066,1,149,
maka_(morphine),1,186,
makabe_gorou,1,208,
makacoon,1,505,
makadamixa,1,159,
makai,1,242,
makai_no_juumin,1,294,
makako_(yume_bouei_shoujo_tai),1,173,
makaria,1,175,
makaroll,1,322,
makarou,1,121,
maki_(letusgomaki),1,123,
maki_(natoriumu),1,267,
maki_(seventh_heaven_maxion),1,692,
maki_daikichi,1,133,
maki_ikazuya,1,210,
maki_keigo,1,234,
maki_soutoki,1,128,
makiaato,1,149,
makicha_(sasurainopink),1,830,
makigai,1,279,
makihige,1,123,
makihitsuji,1,449,
makimura_shunsuke,1,310,
makin_tama,1,141,
makinaru,1,270,
makingtawawa,1,114,
makino_(ukiuo),1,254,
makino_harumaki,1,122,
makino_momiji_(artist),1,125,
makino_tomoyasu,1,135,
makio_(makiomeigenbot),1,466,
makiri_akira,1,130,
makirin,1,119,
makise_minami,1,121,
makishima_azusa,1,206,
makita_(twosidegekilove),1,117,
makita_maki,1,147,
makitoshi0316,1,115,
mako_gai,1,109,
makochan42,1,203,
makochin,1,176,
makoron117117,1,138,
makoto_daikichi,1,458,
makoto_ikemu,1,155,
maku-raku,1,153,
maku_ro,1,272,
makumaxu,1,186,
makura_(y_makura),1,229,
makuran,1,738,
makuro,1,158,
makuwauri,1,1341,
malberrybush,1,205,
malcorond,1,164,
malino_(dream_maker),1,180,
mallizmora,1,161,
mama_(mama_hiro),1,186,
mamaloni,1,904,
mamaprofennn,1,125,
mame,1,126,
mame1645,1,423,
mame_komari,1,150,
mame_moyashi,1,182,
mame_nabe_donko,1,150,
mamedenkyuu_(berun),1,331,
mameeekueya,1,333,
mamei_mema,1,228,
mamel_27,1,177,
mamemo_(daifuku_mame),1,111,
mamemochi,1,337,
mameojitan,1,210,
mamerakkkkko,1,835,
mameroku,1,113,
mameshiba_(pixiv_59310),1,369,
mami_(apsaras),1,137,
mamimi_(mamamimi),1,352,
mamimu_(ko_cha_22),1,246,
mamimumemo,1,177,
mamiyahara_hitoshige,1,130,
mamiyama,1,355,
mamo_williams,1,272,
mamuru,1,879,
mamyouda,1,319,
man_(man-room),1,287,
mana_(remana),1,454,
mana_(tsurubeji),1,351,
mana_kakkowarai,1,171,
manabe_jouji,1,114,
manabe_mana,1,109,
manaka_(pdx),1,113,
manana_(matoi1111),1,121,
manarou,1,170,
manatsuki_manata,1,168,
manda_(manda9n),1,174,
maneki-neko_(fujifuji),1,126,
manekineko5319,1,115,
manekinekoppoi_inu,1,111,
manglifer,1,114,
mango_(mgo),1,161,
mani_oniniku,1,122,
mania_(fd6060_60),1,132,
maniacpaint,1,380,
maniani,1,128,
manino_(mofuritaionaka),1,529,
manio,1,190,
manji_taba,1,112,
manjirou_(manji_illust),1,175,
mankai_kaika,1,201,
manle,1,170,
mannack,1,291,
manno_(kanpi2100),1,108,
mano_aaa,1,153,
manoji,1,174,
manyako_(mohumohu),1,215,
manzai_sugar,1,153,
mao_(6r),1,142,
mao_(expuella),1,227,
mao_lian_(nekokao),1,468,
mao_yu,1,120,
maonatten,1,108,
maosame,1,209,
maou_(demonlord),1,145,
maou_(maoudaisukiya),1,152,
maou_alba,1,427,
maozi_dan,1,159,
map_(blue_catty),1,172,
mapar,1,317,
mappaninatta,1,496,
mappe_(778exceed),1,139,
mar10,1,136,
mararu,1,141,
maratang,1,107,
march-bunny,1,268,
march_ab,1,174,
marco_albiero,1,132,
mardjan,1,110,
marekamico,1,123,
maremay0513,1,190,
mari0ball,1,136,
mari_audio,1,164,
maria_(syake-uni),1,153,
marimo_(yousei_ranbu),1,316,
marimo_danshaku,1,437,
marimo_jh,1,177,
marin_(myuy_3),1,123,
marina_(mrn9),1,118,
marinesnow,1,205,
mario_(mario_portal),1,152,
mario_kaneda,1,116,
marion-ville,1,168,
marionette_(excle),1,125,
marisasu_(marisa0904),1,356,
marisayaka,1,146,
marisu,1,127,
maritan_(pixelmaritan),1,255,
mark_gavatino,1,343,
marmaladica,1,116,
marmoset_(marmoset0),1,107,
maro_(lij512),1,118,
maro_nie,1,107,
maromi_(am97),1,381,
maromichan,1,131,
maron_(kagamikunn),1,109,
maroonabyss,1,148,
marota,1,543,
marse_(rokudaime),1,180,
marsen,1,117,
marshall_k,1,278,
martinreaction,1,131,
maru-sun,1,124,
maru_(hachi_47923),1,142,
maru_(marg0613),1,910,
maru_(sara_duke),1,192,
maru_ccy,1,322,
maru_daizu_(aqua6233),1,165,
maru_usagi,1,135,
maruchan.,1,125,
maruchi,1,173,
marueri,1,120,
marugoshi_(54burger),1,782,
marugoshi_teppei,1,481,
marui,1,122,
marui_koishi,1,409,
marui_shiro,1,168,
maruino,1,196,
maruino.,1,1,
maruki_(punchiki),1,998,
maruko_tooto,1,135,
maruku,1,130,
marukyuu_ameya,1,576,
maruma_(maruma_gic),1,360,
marumai,1,166,
marumi,1,115,
marumikan,1,824,
marumoru,1,461,
maruneko,1,138,
maruno,1,171,
maruro,1,232,
maruse_nisanosuke,1,161,
marushin_(denwa0214),1,453,
maruti_bitamin,1,266,
maruto!,1,413,
maruwa_tarou,1,159,
maruyaa_(malya1006),1,252,
maruyo,1,201,
marvin_(omarvin),1,110,
maryquant,1,113,
masa_masa,1,413,
masabodo,1,429,
masaharu,1,174,
masaki_(celesta),1,131,
masaki_(ekakiningen),1,265,
masaki_(machisora),1,167,
masaki_(msk064),1,242,
masaki_itsuki,1,230,
masaki_kei,1,128,
masaki_nanaya,1,250,
masakichi_(crossroad),1,589,
masami_chie,1,622,
masamuuu,1,195,
masanaga_(tsukasa),1,453,
masara_(chuujou),1,634,
masaru.jp,1,315,
masaru_(kises_j),1,149,
masato_(mirai_koubou),1,134,
masatoki,1,127,
masayo_(gin_no_ame),1,699,
masayoshi_togashi_(alu379),1,132,
masayu,1,201,
masgamjya,1,107,
masha,1,376,
mashayuki,1,348,
mashicono,1,158,
mashikaku_(ma4kaku10fu),1,145,
mashima_hiro,1,655,
mashima_jirou,1,139,
mashima_saki_(mashimasa),1,230,
mashima_shima,1,368,
mashimaro_tabetai,1,182,
mashimashi,1,201,
mashinatsu,1,185,
mashio,1,187,
mashiro_aa,1,469,
mashiro_kta,1,155,
mashiro_miru,1,840,
mashiro_yukiya,1,949,
mashue,1,191,
mashuu_(neko_no_oyashiro),1,998,
mashuu_masaki,1,593,
masirosu,1,150,
maskwolf,1,184,
masoq,1,194,
massakasama,1,1060,
massala,1,451,
massan,1,107,
masshirokachi,1,180,
masso,1,123,
master_(4th),1,122,
master_maichin,1,156,
masu_gitsune,1,119,
masuda_(yousaytwosin),1,123,
masuishi_kinoto,1,486,
masuku_(saint_mask),1,130,
masukudo_(hamamoto_hikaru),1,219,
masukuza_j,1,1289,
masushita,1,108,
masuyama_ryou,1,720,
mata_(matasoup),1,570,
matahei,1,122,
mataichi_mataro,1,450,
matangom,1,222,
matanonki,1,617,
matanukinuki,1,290,
mataro_(matarou),1,838,
matarou_(matarou072),1,255,
matasabu,1,178,
matatabi_maru,1,187,
matataku,1,299,
matayoshi,1,194,
matcha_(mattyan),1,173,
matcha_kingyo,1,138,
matemi,1,334,
materclaws,1,271,
mathew_(srmmk_mce),1,273,
mathiamo13,1,110,
matilda_fiship,1,602,
mato_(mozu_hayanie),1,159,
mato_spectoru,1,157,
mato_tsuyoi,1,177,
matokechi,1,221,
matoyama,1,366,
matra_milan,1,166,
matrix16,1,374,
matsu-sensei,1,277,
matsu_84,1,128,
matsu_kitsune,1,140,
matsuba_(idiotlantern),1,124,
matsuba_mattsu,1,154,
matsubara_hidenori,1,213,
matsubara_tsuyoshi,1,178,
matsuda_(matsukichi),1,769,
matsuda_hikari,1,319,
matsuda_yuusuke,1,510,
matsui_yasutsugu,1,309,
matsukawa_(pale_scarlet),1,152,
matsuki_(mikipingpong),1,163,
matsukura_nemu,1,198,
matsukuzu,1,219,
matsumiya_kiseri,1,163,
matsumoto_noriyuki,1,163,
matsumoto_tomoyohi,1,487,
matsumotoke,1,296,
matsunaga777,1,129,
matsunaga_(haku),1,242,
matsunaga_garana,1,122,
matsunaga_kouyou,1,3048,
matsunaka_hiro,1,114,
matsuno_canel,1,133,
matsuo_(matuonoie),1,199,
matsuo_yukihiro,1,124,
matsuo_yuusuke,1,212,
matsuoka_michihiro,1,116,
matsuri_(matsuike),1,163,
matsurika_youko,1,357,
matsuryuu,1,1582,
matsusaka_gyuu,1,136,
matsushita_makako,1,128,
matsushita_yuu,1,383,
matsutani,1,271,
matsuzaki_miyuki,1,148,
mattaku_mousuke,1,1871,
mattari_illust,1,222,
mattari_yufi,1,861,
mattsuu,1,150,
matty_(zuwzi),1,178,
matuda_(matudayazo),1,157,
maturiuta_sorato,1,1292,
maullarmaullar,1,409,
mauve,1,1291,
mawaru_(mawaru),1,644,
max_(maxlikeapicture),1,118,
max_melon,1,246,
maxa',1,255,
maxwelzy,1,120,
may.l,1,130,
may9,1,149,
may_(2747513627),1,132,
maya_g,1,270,
mayachi_(amuriya),1,194,
mayafufu,1,149,
maybe_its_mayvi,1,116,
maybecrosswise,1,178,
maydrawfag,1,199,
mayo_(becky2006),1,301,
mayo_(miyusa),1,195,
mayo_riyo,1,657,
mayogii,1,412,
mayonaka_taruho,1,168,
mayura_(lucadia),1,401,
mayusaki_yuu,1,202,
mayutsuba_mono,1,137,
mazamuno,1,126,
mazarimon,1,107,
maze_(gochama_ze_gohan),1,516,
maze_yuri,1,224,
mazenda_(3378),1,176,
mazeran,1,268,
mazjojo,1,684,
mazume,1,325,
mbr90munouk,1,186,
mcdobo,1,145,
mcgmark,1,115,
mcgunngu,1,346,
mdf_an,1,524,
mdthetest,1,175,
meago,1,118,
mearian,1,106,
measho,1,146,
mebae,1,259,
mebaru,1,203,
mebe_(teadia_violet),1,120,
mebunryo_(mebunryo2),1,212,
mechiru,1,107,
mechrailgun,1,151,
mechuragi,1,199,
medinki,1,201,
medu_(rubish),1,414,
meeeeeeco359,1,150,
meeko,1,333,
meekohopanes,1,148,
meen_(ouaughikepdvrsf),1,202,
mefomefo,1,706,
megadeko,1,516,
megahiyo,1,448,
megame_(okbnkn),1,186,
megane_chuu,1,110,
megao_3rd,1,332,
megateru,1,266,
mege_(megechan),1,113,
megu_(pixiv9460065),1,122,
megumiya,1,295,
meguro_fukuzou,1,141,
meguru_(megurunn),1,215,
mei_(maysroom),1,698,
mei_(meiday_mise),1,135,
mei_ford,1,107,
mei_ichi,1,122,
mei_miya,1,207,
meicha,1,116,
meihemu,1,116,
meiji_(meiji770),1,235,
meiji_(meizi493),1,126,
meiji_ken,1,437,
meimaru_inuchiyo,1,761,
meimei_(meimei89008309),1,167,
meimi_k,1,135,
meimone,1,146,
meimu_(infinity),1,108,
meinoss,1,111,
meion,1,347,
meipoi,1,219,
meipu_hm,1,157,
meiro_(yuu),1,123,
meis_(terameisu),1,477,
meisansan,1,107,
meito_(maze),1,1344,
meitoro,1,319,
meiya_neon,1,295,
meji_aniki,1,127,
mejikara_scene,1,124,
mekarauroko,1,112,
meke_(77842928),1,127,
mel/a,1,453,
mel6969,1,125,
mel_(dodosae),1,132,
mel_(melty_pot),1,892,
melailai,1,174,
melanbread,1,234,
melaton,1,367,
melings_(aot2846),1,197,
mell_(dmwe3537),1,128,
mellozzo,1,123,
melon22,1,779,
melopun,1,330,
melowh,1,405,
meltyrice,1,129,
meme50,1,353,
memeh,1,160,
memekko,1,206,
memeno,1,159,
memento_vivi,1,198,
mendou_kusai,1,331,
mendou_saya,1,215,
menea,1,175,
meng_ziya,1,305,
mengxin_huazha,1,150,
menma_(enaic31),1,1036,
menmen_(menmen13s),1,139,
menna_(0012),1,149,
menotama,1,145,
menoziriath,1,127,
ment,1,424,
mentaiko_mamire,1,134,
mentei_yakuna,1,143,
menthako,1,212,
mento,1,139,
menyoujan,1,378,
meola,1,193,
meolucky147,1,113,
meow_(nekodenki),1,1235,
meoyo,1,121,
mephisto_(angraecum),1,279,
mepikari,1,177,
mercy_rabbit,1,223,
meremero,1,717,
merlusa,1,252,
mero_(starfish_jcs),1,141,
meron,1,113,
meron_nouka,1,138,
merry-san,1,236,
merry_(diameri),1,132,
merry_program,1,145,
merrytail,1,325,
merryweather,1,442,
merumeru626,1,186,
merunyaa,1,1584,
merxkialis,1,180,
mery_(yangmalgage),1,1587,
messikid,1,134,
messy_(efuya),1,219,
mesuosushi,1,119,
mesushio,1,114,
meta_meta,1,110,
metadio,1,107,
metal_man10,1,116,
metal_owl_(aden12),1,227,
metaljelly,1,217,
metallican,1,110,
metata,1,459,
meth_(emethmeth),1,543,
metindone,1,127,
meto31,1,288,
meto_(metrin),1,158,
metsu_end,1,237,
mettaflix,1,147,
meu203,1,129,
meunhongcha,1,237,
mexif,1,172,
meyamu,1,182,
meyoco,1,1153,
meyou_0319,1,136,
mezashi_(mezamashi_set),1,270,
meziosaur,1,214,
mg42cat-k1ng,1,166,
mg_pong,1,137,
mg_renders,1,143,
mgk968,1,157,
mgomurainu,1,106,
mgong520,1,163,
mhk_(mechamania),1,317,
mhunter_45,1,141,
mi2mi2_minmi,1,107,
mi8pq,1,138,
mi_(pic52pic),1,212,
mi_no_take,1,151,
mi_taro333,1,338,
mia0309,1,134,
mia_(fai1510),1,188,
mian_lang,1,147,
miaogujun,1,239,
miata_(miata8674),1,390,
miazi,1,473,
miazuma_sarin,1,155,
mibry_(phrysm),1,370,
mibu_natsuki,1,671,
mibushiro,1,185,
micchan_(micchanmeido),1,191,
michael_f91,1,725,
michairu,1,734,
miche,1,151,
michibata_65,1,183,
michihasu,1,346,
michihito,1,161,
michii_yuuki,1,686,
michiking,1,220,
michimaru_(michi),1,153,
michiru_(amphibian),1,172,
micho,1,123,
michou,1,122,
mickeysmith,1,250,
miclot,1,468,
micon,1,234,
micosiva,1,264,
microa,1,243,
midfinger,1,159,
midnight_(banyex),1,430,
midori_(310ri_21),1,151,
midori_(misuriru8),1,361,
midori_(user_nsaz3272),1,144,
midori_foo,1,370,
midori_niku,1,246,
midori_xu,1,180,
midoribox,1,192,
midoriiro_no_shinzou,1,188,
midorikawa_you,1,607,
midorino_eni,1,172,
miebao,1,122,
mieharu,1,305,
miel_(lessontome),1,168,
miemia,1,136,
mifuru,1,276,
mifuta,1,110,
miga_(migao),1,206,
migi_(mm86262394),1,158,
migihidari_(puwako),1,357,
migishita,1,154,
mignon,1,824,
migolu,1,530,
migu_(iws2525),1,128,
migu_(migmig),1,118,
migumigu,1,121,
mihatarou,1,118,
mihato_senba,1,126,
mihifu,1,196,
mihira_(tainosugatayaki),1,107,
miho_(mi),1,154,
miike_(992058),1,178,
miiko_(drops7),1,151,
miito_shido,1,181,
miitoban,1,128,
miix777,1,137,
mijikayo,1,238,
mijinko_(rioriorio),1,216,
mika_(1020mk),1,254,
mika_miche,1,122,
mika_pikazo,1,965,
mikagami_hiyori,1,805,
mikagami_mamizu,1,374,
mikagami_sou,1,472,
mikage_kirino,1,187,
mikage_sekizai,1,413,
mikage_takashi,1,1446,
mikakami1e,1,122,
mikaku,1,109,
mikami,1,129,
mikami_(mkm0v0),1,112,
mikami_komata,1,151,
mikami_mika,1,189,
mikan-uji,1,163,
mikan_(5555),1,232,
mikan_(ama_no_hakoniwa),1,129,
mikan_(bananoha),1,210,
mikan_(chipstar182),1,738,
mikan_(manmarumikan),1,169,
mikan_tabetai,1,164,
mikao_(eanv5385),1,221,
mikapoe,1,140,
mikasayaki,1,125,
mikaze_oto,1,131,
mikazuchi_zeus,1,547,
mikazuki_akira!,1,878,
mikazuki_neko,1,567,
mikazuki_sara,1,257,
mike156,1,244,
mike_inel,1,431,
mike_luckas,1,134,
mikeco,1,160,
mikel_(4hands),1,224,
mikeou,1,1164,
mikeran_(mikelan),1,392,
miki_purasu,1,275,
mikicat,1,131,
mikimoto_haruhiko,1,358,
mikisai,1,177,
mikkoukun,1,500,
miko_(royal_milk),1,532,
miko_fly,1,222,
miko_machi,1,139,
mikoma_sanagi,1,180,
mikomachi_(35machi),1,303,
mikomiko_(mikomikosu),1,152,
mikoscrub,1,162,
mikoto_(oi_plus),1,221,
mikoto_akemi,1,232,
mikoyan,1,674,
mikozin,1,1223,
mikripkm,1,191,
mikuni_mizuki,1,134,
mikuning,1,116,
mikuro,1,125,
mikuroron,1,116,
mikurou_(nayuta),1,240,
mikurun,1,120,
mil_(xration),1,431,
milcho,1,159,
mildt,1,166,
mile_(off8mile),1,364,
milephunter,1,111,
milim_nova,1,133,
milin_(orange_maru),1,124,
militia_minpei,1,192,
milk_puppy,1,125,
milka_(milk4ppl),1,361,
milkpanda,1,2059,
milkshakework,1,1063,
milktea_(gggrrr2000),1,146,
milkytiddyboy,1,112,
mille,1,126,
milli_little,1,179,
mimamui,1,119,
mimasi_osuwari,1,158,
mimelond,1,196,
mimi_(mimi_puru),1,174,
mimi_n,1,118,
mimikaki_(men_bow),1,441,
mimimi_(mimimim9999),1,518,
mimizubare,1,167,
mimo_lm,1,113,
mimofu_(fullhighkick),1,414,
mimonel,1,910,
mimoth,1,114,
mimoto_(aszxdfcv),1,310,
mimoza_(96mimo414),1,175,
mimulishizi,1,149,
mimuni362,1,108,
mimura_kaoru,1,252,
mimura_zaja,1,216,
mimyo,1,265,
min-naraken,1,280,
min_(120716),1,117,
min_(myna8247),1,246,
mina_cream,1,627,
minaba_hideo,1,2329,
minagi,1,131,
minagiku,1,160,
minaha_(playjoe2005),1,276,
minahamu,1,128,
minahoshi_taichi,1,140,
minakami_(flyingman555),1,1040,
minakami_rinka,1,134,
minakamirin,1,158,
minakata_sunao,1,336,
minami_(apricot_tea),1,141,
minami_(colorful_palette),1,1735,
minami_(minami373916),1,115,
minami_aomori,1,154,
minami_juujisei,1,159,
minami_koyogi,1,378,
minami_saki,1,316,
minami_seira,1,191,
minamiya_mia,1,134,
minamon_(vittel221),1,267,
minamoto80486,1,191,
minamoto_(mutton),1,214,
minamura_haruki,1,803,
minapo,1,119,
minarai,1,509,
minarai_shachou,1,225,
minarai_tenna,1,176,
minarai_zouhyou,1,204,
minase_(mmakina),1,109,
minase_(takaoka_nanase),1,301,
minase_kaya,1,110,
minase_shuu,1,129,
minasenagi,1,188,
minashirazu,1,387,
minato_fumi,1,229,
minato_hitori,1,858,
minato_ojitan,1,941,
minato_yoshihiro,1,127,
minatosaiga,1,142,
minatsuki_alumi,1,230,
minatsuki_randoseru,1,390,
minawa,1,112,
minazuki_haruka,1,209,
minazuki_juuzou,1,356,
minazuki_mizu,1,128,
minazuki_noumu,1,204,
minazuki_tooru,1,114,
minazuki_tsuyuha,1,259,
mindoll,1,171,
mine_(peak),1,260,
mine_thrower_(ore_no_bakudan),1,115,
mineta_naoki,1,117,
minew,1,212,
ming_(5unri5e666),1,133,
mingke,1,148,
mini_mamu,1,112,
minidraco,1,178,
minikon,1,148,
minillustration,1,169,
minimaru,1,201,
minimilieu,1,112,
miniru,1,122,
minj_kim,1,112,
mino_tarou,1,195,
minoa_(lastswallow),1,227,
minosu,1,406,
minowa_sukyaru,1,161,
minpei_ichigo,1,139,
mins_(minevi),1,204,
minster_(dooke),1,138,
minted,1,108,
mintoaisu,1,176,
minuspal,1,204,
minust,1,584,
minutachi,1,107,
minyom,1,146,
mioda_xi,1,168,
miraa_(chikurin),1,257,
mirage_(rairudiseu),1,127,
mirai_(sugar),1,225,
mirai_denki,1,168,
mirai_hikari,1,510,
mirakichi,1,154,
mirakururu,1,122,
mirea,1,128,
mirei,1,451,
miri_(ago550421),1,528,
miri_(cherryjelly),1,287,
miri_(tobira_no_mukou),1,141,
mirimo,1,120,
mirin_(coene65),1,199,
mirin_chikuwa,1,492,
mirino,1,166,
miroku_san-ju,1,269,
miru,1,110,
miru_(mill_36),1,178,
mirufuaa,1,145,
mirufui,1,267,
mirui,1,115,
miruki,1,121,
mirukurim,1,212,
miruto_netsuki,1,300,
misa_pika,1,113,
misaka_(missa),1,122,
misaka_12003-gou,1,515,
misaki_juri,1,253,
misaki_kurehito,1,1233,
misaki_nonaka,1,512,
misaki_yuu,1,108,
misakura_nankotsu,1,187,
misashi_(raichi821),1,122,
misato_hao,1,144,
misawa_hiroshi,1,236,
mise_yuzuki,1,142,
misekai_555,1,472,
misekiss,1,130,
misha_(hoongju),1,250,
misha_(ohds101),1,236,
mishima_hiroji,1,376,
mishima_kurone,1,1354,
mishiro_(andante),1,171,
mishiro_(ixtlolton),1,233,
mishiro_shinza,1,134,
mishuo_(misuo69421),1,116,
misnon_the_great,1,263,
miso-ha_(ukyuu),1,116,
miso_(b7669726),1,116,
miso_(misomiso_154),1,265,
miso_katsu,1,247,
miso_panda,1,145,
misoni_(mi_so_ni_t),1,160,
misonou_hirokichi,1,223,
misooden,1,183,
misoshiru_umai4,1,116,
miss_faves,1,152,
missile228,1,529,
misteor,1,591,
mister_(black_and_white),1,158,
mistrail,1,174,
misu_kasumi,1,933,
misuguu,1,173,
misumi_(macaroni),1,1065,
misumi_(niku-kyu),1,735,
misyune,1,198,
mitake_eil,1,350,
mitama_mudimudi,1,193,
mitarashi_kousei,1,589,
mitarashi_neko,1,132,
mitchell_(dynxcb25),1,202,
mitchi,1,250,
mitha,1,573,
mito_(calcomer),1,116,
mito_(go!go!king!),1,353,
mito_soosu,1,121,
mitomumitomu,1,295,
miton_(turuyasann),1,159,
mitsu_(mitsu_art),1,438,
mitsu_(tendou_itsuki),1,164,
mitsu_yomogi,1,121,
mitsuba_choco,1,510,
mitsubachi_koucha,1,126,
mitsudoue,1,354,
mitsugi,1,125,
mitsugu,1,437,
mitsukazu_(nijigen_complex),1,120,
mitsuki_meia,1,254,
mitsuki_mitsuno,1,109,
mitsuki_tayura,1,158,
mitsuki_tsumi,1,144,
mitsuki_yuuya,1,296,
mitsumi_misato,1,946,
mitsumine_(ookami_no_oyashiro),1,159,
mitsumine_raimu,1,163,
mitsumomo_mamu,1,538,
mitsumoto_jouji,1,1214,
mitsunara,1,316,
mitsunari_miyako,1,108,
mitsuru_(pixiv_34028718),1,276,
mitsurugi_sugar,1,623,
mitsurugi_tsurugi,1,161,
mitsuyo_(mituyo324),1,320,
mitu_yang,1,116,
mitumi_mira,1,122,
mitya,1,1237,
mityubi,1,213,
miu_(angelo_whitechoc),1,137,
miu_(miuuu_721),1,226,
miuku_(marine_sapphire),1,815,
miura-n315,1,602,
miurahha,1,138,
miv4t,1,255,
miwa_shirow,1,720,
miwa_yoshikazu,1,217,
miwabe_sakura,1,540,
miwano_rag,1,430,
miwasiba,1,235,
mixplin,1,212,
miy@,1,256,
miya9,1,273,
miya_(miyaruta),1,542,
miya_(tsumazukanai),1,275,
miya_kazutomo,1,112,
miya_nns35,1,189,
miya_star_saa,1,149,
miya_ur,1,127,
miyabi_(037),1,141,
miyabi_akino,1,303,
miyabino_(miyabi1616),1,233,
miyage_no_nukegara,1,165,
miyagoe_yoshitsuki,1,915,
miyahara_takuya,1,276,
miyai_(myai04),1,113,
miyai_sen,1,367,
miyajima_hitoshi,1,106,
miyakawa106,1,150,
miyako_(naotsugu),1,367,
miyako_(rgrayt),1,285,
miyako_(xxxbibit),1,249,
miyako_draw,1,128,
miyako_hito,1,409,
miyakure,1,271,
miyama-san,1,107,
miyama-zero,1,514,
miyama_(lacrima01),1,142,
miyama_amehiko,1,212,
miyamae_(miyazen9311),1,109,
miyamae_porin,1,133,
miyamaru,1,113,
miyamoto_issa,1,465,
miyamoto_ryuuichi,1,198,
miyan_(oceanmaiden),1,107,
miyanami_3,1,207,
miyano_ururu,1,158,
miyao_ryuu,1,391,
miyasaka_miyabi,1,253,
miyasaka_miyu,1,221,
miyasaka_naco,1,198,
miyase_mahiro,1,851,
miyashiro_ryuutarou,1,180,
miyashiro_sousuke,1,112,
miyashita_miki,1,114,
miyasu_risa,1,477,
miyata_(lhr),1,227,
miyata_gakuman,1,109,
miyata_sou,1,199,
miyatsuki_itsuka,1,123,
miyazakisoul,1,166,
miyazawa_tsutomu,1,122,
miyo_(miyomiyo01),1,145,
miyo_(ranthath),1,1782,
miyoshi_(triple_luck),1,160,
miyoshi_yoshimi,1,364,
miyoshino,1,201,
miyu_(matsunohara),1,132,
miyuki_(miyuki0529),1,217,
miyuki_rei,1,163,
miyuki_ruria,1,314,
miyukiyo,1,203,
miz_(mi),1,187,
miz_(mizillustration),1,268,
mizin_kosutin,1,333,
mizoguchi_keiji,1,285,
mizoki_kei,1,173,
mizore_arius,1,107,
mizu_(lzzrwi603),1,149,
mizu_asato,1,274,
mizu_cx,1,166,
mizuamememe,1,232,
mizuga,1,489,
mizuhara_aki,1,1334,
mizuhara_yuu,1,307,
mizuiro123,1,116,
mizukami_ryouma,1,132,
mizuki_(flowerlanguage),1,449,
mizuki_(koko_lost),1,407,
mizuki_(mizuki_ame),1,254,
mizuki_(uzuki_no_sato),1,194,
mizuki_gyokuran,1,154,
mizuki_hitoshi,1,4291,
mizuki_kotora,1,364,
mizuki_makoto,1,1775,
mizuki_maya,1,116,
mizuki_riko,1,189,
mizuki_ryuu,1,164,
mizuki_sei,1,160,
mizuki_takehito,1,118,
mizuki_yuuma,1,124,
mizukikushou,1,120,
mizukoshi_(marumi),1,309,
mizumi_zumi,1,154,
mizumizu_(phoenix),1,144,
mizumizuni,1,1720,
mizumori_keiichi,1,212,
mizumoto_tadashi,1,1407,
mizunashi_(second_run),1,434,
mizunashi_hayate,1,124,
mizunashi_kenichi,1,291,
mizune_(winter),1,111,
mizuno_(okn66),1,228,
mizuno_asami,1,213,
mizuno_keisuke,1,156,
mizuno_kurage,1,294,
mizuno_mumomo,1,176,
mizuno_sao,1,137,
mizunoe_kotaru,1,257,
mizunomoto,1,144,
mizuryu_kei,1,685,
mizushima_(p201112),1,391,
mizushima_oonari,1,108,
mizushina_minato,1,412,
mizusoba,1,230,
mizuta_kenji,1,424,
mizutama,1,435,
mizutamako,1,237,
mizutame_tori,1,251,
mizutani_megumi,1,112,
mizuumi_(bb),1,699,
mizuya_nao,1,150,
mizuyan,1,291,
mizuyoukan_(mikususannda),1,113,
mizzterbii,1,128,
mk-5,1,140,
mk_(masatusaboten),1,111,
mk_(mod0),1,1275,
mkiiiiii,1,236,
mkm_(mkm_storage),1,134,
mks,1,159,
mku,1,236,
mleth,1,506,
mm_(mm_chair),1,382,
mm_(motot),1,154,
mm_(yoromu),1,164,
mmhomm,1,213,
mmlyno,1,139,
mmm_(ji1945),1,270,
mmm_(mmm623),1,172,
mmmalice,1,132,
mmmilk,1,145,
mmmmmkun,1,123,
mmrailgun,1,109,
mnejing30,1,110,
mo23,1,249,
mo_(kireinamo),1,1016,
mo_(mocopo),1,131,
mo_(pixiv9929995),1,130,
mo_ne,1,271,
moai_(aoh),1,111,
mobu,1,475,
mobu_45,1,118,
mocacoffee_1001,1,280,
mocchi_(mocchichani),1,480,
mocchisake,1,188,
mocha_(cotton),1,608,
mocha_(naturefour),1,145,
mocha_(snowflake),1,135,
mochacot,1,198,
mochi-iri_kinchaku,1,119,
mochi.f,1,270,
mochi_(chain_csn),1,110,
mochi_(circle_rin),1,150,
mochi_(k620803n),1,215,
mochi_(mochi444420),1,184,
mochi_au_lait,1,1812,
mochigome_(ununquadium),1,239,
mochii,1,187,
mochiki,1,156,
mochiko_(uyu_omochi),1,136,
mochikushi,1,157,
mochimiya_(coyo),1,114,
mochimochi_(xseynao),1,163,
mochinue,1,193,
mochirong,1,544,
mochitsuki_karen,1,213,
mochiya_marosuke,1,299,
mochiyuki,1,444,
mochizou,1,127,
mochizuki_ado,1,170,
mochizuki_kei,1,537,
mochizuki_mina,1,107,
mochizuki_mochi,1,278,
mochizuki_nozomu,1,145,
mochizuki_riku,1,195,
mochizuki_shiina,1,560,
mockingeu,1,188,
mocollie,1,189,
mocomori,1,117,
moda_(mo_da_3),1,111,
modare,1,807,
modeseven,1,174,
moe_(hamhamham),1,322,
moeanime,1,218,
moebell,1,363,
moegi0926,1,122,
moeki_yuuta,1,250,
moekibara_fumitake,1,428,
moekon,1,112,
moekyon,1,121,
mof,1,150,
moffle_(ayabi),1,197,
mofu07519,1,152,
mofu_(mof_swimradio),1,166,
mofu_namako,1,443,
mofuaki,1,289,
mofuringu,1,141,
mogamiya_honu,1,210,
moge-hera,1,115,
mogi_yasunobu,1,194,
mogiki_hayami,1,282,
mogskg,1,300,
mogu_(au1127),1,415,
mogudan,1,1045,
mogumo,1,251,
mohei,1,125,
mohoshadream,1,174,
moisture_(chichi),1,1310,
moja_(moja4192),1,202,
mojarin_(kihara_mojarin),1,266,
moke_ro,1,1005,
mokemoke_chan,1,195,
mokeo,1,231,
moketa,1,460,
moketto,1,136,
mokke_(mokke99),1,326,
mokkori9,1,127,
mokkouyou_bond,1,156,
mokku,1,262,
moko_(moko/moko),1,180,
moko_(mokochisa),1,143,
mokoiscat,1,178,
mokoke,1,164,
mokokiyo_(asaddr),1,244,
mokomoko_yanakku,1,207,
mokopuru,1,158,
mokorei,1,168,
mokottsu,1,113,
mokufuu,1,751,
mokumokuren_(atariya_kyoushitsu),1,117,
mokuzou_(moku_ssbu),1,275,
mokyu,1,148,
mokyuko,1,113,
mokyutan,1,281,
mola_mola,1,169,
molu_stranger,1,464,
molyb,1,223,
momae_makku,1,171,
momdy_(talesshinja),1,120,
momendoufu,1,429,
mometsu_033,1,237,
momiage_40,1,123,
momiahair,1,116,
momihige,1,157,
momiji_mao,1,770,
momiji_oroshi,1,182,
momimaki,1,114,
momio,1,908,
momisan,1,337,
mommorua,1,165,
momo_(higanbana_and_girl),1,339,
momo_hiki,1,119,
momo_no_kanzume,1,144,
momo_no_suidou-sui,1,147,
momo_no_sukebe,1,1088,
momochi_chia,1,107,
momoda_yasuhito,1,145,
momofuki_rio,1,170,
momoi_komomo,1,205,
momoiro,1,121,
momoiro_lettuce,1,199,
momoirone,1,256,
momoji_(lobolobo2010),1,416,
momoko_(momoko14),1,111,
momoko_(momopoco),1,1162,
momoko_(palemon),1,175,
momokumo,1,171,
momomatang,1,166,
momomo_(m0_3),1,207,
momomoi_momoi,1,158,
momoniku_(taretare-13),1,204,
momonosuke_(u-ma991028),1,140,
momose_(oqo),1,586,
momoshiki_tsubaki,1,517,
momoya_show-neko,1,113,
momozu_komamochi,1,219,
mon_mon,1,140,
monaim,1,221,
monaka_(gatinemiku),1,171,
monaka_(siromona),1,144,
monaka_curl,1,271,
monaka_ooji,1,131,
monamin,1,160,
monbetsu_kuniharu,1,179,
monchan_rev3,1,345,
mondi_hl,1,671,
monegi,1,115,
monety,1,838,
mongguri,1,145,
moni_monico,1,124,
monicanc,1,273,
monikano,1,560,
monizumi_ishikawa,1,144,
monkey_jon,1,167,
mono_(moiky),1,377,
mono_(mono60),1,118,
mono_land,1,150,
mono_lith,1,161,
monobe_tsukuri,1,147,
monobe_yuri,1,479,
monoku,1,243,
monokubo,1,159,
monolith_(suibou_souko),1,284,
monori_rogue,1,574,
monorus,1,412,
monosenbei,1,204,
monoto,1,130,
monowe,1,117,
monpuchi,1,116,
monrooru,1,469,
monsuu_(hoffman),1,129,
mont_blanc_(heartcatch_ayaya),1,110,
montemasa,1,549,
monteriakitto,1,122,
moo_(umineko),1,145,
moo_yoshio,1,107,
mool_yueguang,1,190,
moon_ldl,1,160,
moonbell,1,138,
moonjunk,1,173,
moonsorrow,1,126,
moonywitcher,1,155,
moor,1,135,
moorina,1,200,
moose_(moosemitchell2),1,215,
moral_cacoethes,1,402,
morerin,1,128,
moreshan,1,134,
mori_(unknown.),1,144,
mori_airi,1,121,
mori_shin_risuku,1,110,
mori_toshiaki,1,266,
moribe_(rabumanyo),1,385,
moribuden,1,394,
moriforest1040,1,187,
morifumi,1,170,
morigami_(morigami_no_yashiro),1,191,
moriguchi_nao_(naonao),1,121,
morihito,1,228,
morii_shizuki,1,454,
morikura_en,1,684,
morimiya_masayuki,1,113,
morimoto_kiyona,1,288,
morina_nao,1,149,
morinaga_kobato,1,135,
morinaga_miki,1,314,
morino_bambi,1,263,
morino_donguri,1,375,
morino_hon,1,1019,
morino_shoutarou,1,143,
morinomiya_ruri,1,123,
morio_(poke_orio),1,293,
morioka_itari,1,225,
morisawa_haruyuki,1,195,
morishita_naochika,1,237,
morisobo,1,709,
morisova,1,205,
morisshii_(morishiey),1,150,
morita_(moritania),1,129,
morita_kazuaki,1,238,
morita_yuu,1,129,
moritan,1,160,
moriya_naoki,1,124,
morizo_(morizoshop),1,114,
morizo_cs,1,125,
morizono_shiki,1,418,
morncolour,1,192,
morogami_ryou,1,250,
morokoshi_(tekku),1,185,
moroyan,1,148,
morry,1,232,
moru,1,168,
moru_(monaka),1,207,
moruchi_(rinaka_moruchi),1,282,
moruga,1,121,
morugen,1,114,
morumoru_x,1,237,
moruta_(sunu-pio),1,130,
mosako,1,376,
mosha,1,697,
moshi_(0364p),1,110,
moshihimechan,1,191,
moshimoshibe,1,318,
mosho,1,726,
mossacannibalis,1,1113,
mosta_(lo1777789),1,217,
mostlybluewyatt,1,126,
mosu_(korikan),1,156,
mosuke,1,106,
mosuko,1,151,
mota,1,1146,
mota2yanen,1,137,
moth1,1,140,
moti_coi,1,176,
moto_murabito,1,238,
motobi_(mtb_umk),1,180,
motohara_moka,1,176,
motoi_hiroumi,1,197,
motojima_hakka,1,175,
motokonut,1,185,
motomiya_mitsuki,1,406,
motono_(sakamotono),1,182,
mototenn,1,132,
motsuaki,1,151,
motsunuki,1,118,
motsutoko,1,125,
motto_(night_wear),1,149,
motto_notto,1,126,
mottsun_(i_40y),1,138,
mou_tama_maru,1,197,
moudoku_(decopon3rd),1,349,
mouen_tw,1,110,
mountain_han,1,324,
mountain_pukuichi,1,107,
moupii_(hitsuji_no_ki),1,184,
moura_(kenyuugetu),1,152,
moursho,1,145,
mousou_(mousou_temporary),1,322,
mouyi,1,109,
movik,1,118,
moyachii,1,116,
moyan,1,171,
moyazou_(kitaguni_moyashi_seizoujo),1,958,
moyori,1,340,
moyoron,1,932,
moyu_marginal,1,292,
moyui_(myi_005),1,107,
mozu_(peth),1,221,
mozukun43,1,222,
mozukuzu_(manukedori),1,810,
mozuno_(mozya_7),1,116,
mozuwaka,1,201,
mozuya_murasaki,1,128,
mp100days,1,120,
mp150_plus,1,155,
mpien,1,481,
mr.lime,1,251,
mr.romance,1,263,
mrdotd,1,179,
mrkg_(arsfatuus),1,134,
msa_(fary_white),1,201,
msp_sammy,1,183,
msx_(mis4xi),1,169,
mtu_(orewamuzituda),1,845,
mtyy,1,144,
mu-pyon,1,234,
mu46016419,1,383,
mu_mashu,1,232,
mu_tu_bu,1,138,
mubo,1,146,
mucha_(muchakai),1,198,
muchi_maro,1,602,
muchin_jousha,1,126,
mud_(artist),1,112,
mudo_(saji),1,125,
mudou_eichi,1,751,
muffin_(sirumeria),1,340,
mugen_ouka,1,133,
mugetsu2501,1,230,
mugi_(banban53),1,176,
mugi_(mugimugi_9kv),1,116,
mugicha_(mugicha0929),1,175,
mugicha_(zoro1132),1,177,
mugichoko_(mugi_no_choko),1,229,
mugimugigo,1,121,
mugita_konomi,1,181,
muguet,1,235,
muhi11234,1,157,
muji_(uimss),1,233,
mujinbensin,1,555,
muju,1,110,
muk_(monsieur),1,538,
muka_tsuku,1,259,
mukaibi_aoi,1,240,
mukakin,1,650,
mukanata,1,126,
muke_(fz064),1,198,
mukiguri,1,107,
mukiki,1,288,
mukka,1,448,
mukkushi,1,197,
muku_(apupop),1,139,
muku_(muku-coffee),1,573,
mukuba,1,137,
mukunoki_nanatsu,1,202,
mukunokino_isshiki,1,206,
mukuroi,1,108,
mullmull02,1,262,
muloli,1,186,
mumu_(mumunyan),1,441,
mumumu,1,127,
mumumu_(road),1,216,
munakata_(sekimizu_kazuki),1,592,
munashi_mujou,1,295,
muneneko,1,144,
muneshiro_(hitsuji_kikaku),1,175,
muninshiki,1,138,
munlu_(wolupus),1,311,
munmu-san,1,684,
munseonghwa,1,123,
munyuu,1,157,
muo_(muojjang_0929),1,187,
muoto,1,410,
mura_karuki,1,411,
murabito,1,116,
murabito_c,1,447,
murai_shinobu,1,225,
muraicchi_(momocchi),1,123,
murakami_hisashi,1,324,
murakami_kou_(raye),1,257,
murakami_meishi,1,120,
murakami_suigun,1,1440,
murakami_yuichi,1,388,
muramasa_mikado,1,346,
muramura_hito,1,122,
murani,1,127,
murano,1,163,
muraryo,1,143,
murasaki_(murasakiiro_no_yoru),1,107,
murasaki_himuro,1,125,
murasaki_iro,1,232,
murasaki_nyaa,1,108,
murasaki_saki,1,115,
murasakio,1,149,
murasame_shia,1,107,
murase48,1,234,
murata_(acid-head),1,157,
murata_range,1,917,
murata_tefu,1,595,
murata_yuusuke,1,429,
murayama_ryota,1,250,
murio,1,158,
muririn,1,847,
muro,1,124,
muroku_(aimichiyo0526),1,422,
muromaki,1,359,
murota_yuuhei,1,209,
muryotaro,1,469,
musanix,1,132,
musashino_sekai,1,145,
musashiya_chougenbou,1,141,
muse_(rainforest),1,186,
musen-shiki_sanhankikan,1,304,
mush,1,108,
mush820823,1,153,
mush_(mushlicious),1,111,
mushi024,1,710,
mushi_gyouza,1,271,
mushiro_(nijie728995),1,209,
mushoku_loli,1,111,
mushpz,1,142,
mushroom_(osh320),1,220,
musicatopos,1,119,
musouzuki,1,680,
musshu_(omu001),1,317,
mustee,1,219,
musyne_xsk,1,207,
muta_poo,1,185,
mutang,1,191,
muteppona_hito,1,289,
mutomorokoshi,1,145,
mutou_kurihito,1,294,
mutou_mame,1,166,
mutou_mato,1,284,
mutsu_(layergreen),1,354,
mutsuba_fumi,1,167,
mutsuki_(moonknives),1,798,
mutsuki_riichi,1,186,
mutsumi_masato,1,260,
mutsuno_hekisa,1,115,
mutsutake,1,282,
mutugorou_u,1,111,
muu_(mumumer),1,483,
muu_rian,1,253,
muuba,1,239,
muunai,1,123,
muunyan_(yumenekoya),1,207,
muuran,1,765,
muzuki_uruu,1,168,
mvv,1,598,
mx2j,1,377,
mxx33,1,168,
my700,1,239,
my_nameisyoon,1,132,
my_pet_tentacle_monster,1,143,
myabit,1,301,
myama,1,497,
myeolchi,1,265,
mygiorni,1,185,
myht,1,146,
myon_(tokipi),1,157,
myong8_0,1,135,
myoushun,1,122,
myowa,1,201,
mysteryctu,1,148,
mystra77,1,117,
mytea_(soso),1,142,
myth1carts,1,591,
myu-po,1,118,
myumi,1,130,
myung-jin_lee,1,124,
myung_yi,1,135,
myusha,1,385,
myuto_(advent_retribution),1,108,
myuton,1,128,
myuu_(arisumeria),1,342,
mzet,1,165,
mzh,1,229,
mzyk,1,114,
n-mix,1,131,
n.g.,1,828,
n2midori,1,115,
n3moni,1,140,
n9+,1,122,
n9at,1,371,
n:go,1,456,
n_(dai_n_honpo),1,193,
na!_(na'mr),1,154,
na-ga,1,841,
na-gyou_(nunumaru),1,137,
na_(sodium),1,130,
na_bia,1,112,
na_insoo,1,198,
na_kyo,1,155,
na_tarapisu153,1,358,
naaga_sonomono,1,109,
naba_(take_tonbo),1,164,
nababa,1,399,
nabe0721,1,117,
nabe_puyo,1,310,
nabenko,1,122,
nabeshima_tetsuhiro,1,472,
nabeyu,1,147,
nabi_(uz02),1,123,
nablange,1,109,
nac000,1,373,
nacht_(nacht_01),1,133,
nada_haruka,1,318,
nada_namie,1,290,
nadaka_harutsugu,1,111,
nadeara_bukichi,1,260,
nadegata,1,586,
nae_(rno),1,136,
naegi_(naegidokoro),1,463,
nafta,1,118,
naga_u,1,3533,
nagami_yuu,1,660,
nagana_sayui,1,238,
nagano_rira,1,192,
nagare,1,734,
nagare_hyougo,1,142,
nagareboshi,1,235,
nagasawa_shin,1,224,
nagasawa_tougo,1,208,
nagase_haruhito,1,651,
nagashii_kouhei,1,140,
nagasioo,1,497,
nagata_gata,1,194,
nagata_nagato,1,110,
nagato-chan,1,235,
nagatsukiariake,1,279,
nagatsukiin,1,258,
nagayama_yuunon,1,384,
nagayori,1,467,
nagehazushi,1,145,
nagi_(shunsuke-manage),1,129,
nagi_ryou,1,418,
nagian,1,954,
nagidango,1,121,
nagiha_kuten,1,147,
nagiko_(mangalove1111),1,125,
nagimiso,1,159,
naginami,1,154,
nagineko,1,360,
nagioka,1,630,
nagisa_(cxcx5235),1,141,
nagishiro_mito,1,713,
nagomi_(mokatitk),1,318,
nagomian,1,222,
nagoooon_114,1,160,
nagu,1,405,
nagumo_(nagumon),1,134,
naguno-0713,1,114,
naguru_(cyoroama),1,162,
nagy,1,185,
naha78,1,222,
nahaki,1,695,
naho_(pi988y),1,187,
nahu,1,156,
nai_ga,1,338,
naidong_(artist),1,385,
naik,1,331,
nair_(mindcreator),1,129,
naitou_kirara,1,149,
naitou_kouse,1,353,
naitou_ryuu,1,255,
najar,1,126,
najimi_shin,1,206,
najuco_(naju0517),1,143,
naka_(cheeseyeast),1,198,
naka_akira,1,163,
nakaaki_masashi,1,393,
nakaba_(mode),1,138,
nakabayashi_reimei,1,263,
nakabayashi_zun,1,556,
nakachiruno,1,116,
nakadori_(movgnsk),1,342,
nakaga_eri,1,107,
nakagawa_waka,1,153,
nakahira_guy,1,641,
nakaichi_(ridil),1,228,
nakajima_atsuko,1,198,
nakajima_konta,1,242,
nakajima_lupus,1,145,
nakajima_yuka,1,682,
nakajou,1,213,
nakamura_eight,1,199,
nakamura_hinata,1,109,
nakamura_hinato,1,401,
nakamura_kanko,1,186,
nakamura_kusata,1,167,
nakamura_regura,1,666,
nakamura_rohane,1,257,
nakamura_sandayo,1,119,
nakamura_sumikage,1,265,
nakamura_takeshi,1,431,
nakamura_tetsuya,1,156,
nakamura_yukitoshi,1,454,
nakano_(2_mannaka),1,149,
nakano_maru,1,443,
nakano_sora,1,323,
nakasawa_kei,1,137,
nakashima_(pluscolor),1,120,
nakasone_haiji,1,321,
nakatama_kyou,1,293,
nakatani_nio,1,656,
nakatokung,1,318,
nakayama_miyuki,1,393,
nakayama_tooru,1,223,
nakayama_yukiji,1,174,
nakazawa_aki,1,141,
nakiusagi,1,207,
nakkar,1,441,
nako_(nonrain),1,132,
nako_(unclebanana),1,163,
nakukoroni,1,137,
nakura_hakuto,1,117,
nakuta,1,120,
naltal,1,133,
nam_(valckiry),1,314,
nama_shirasu,1,153,
nama_udon,1,272,
namaata,1,120,
namagome_negi,1,203,
namahamu_(hmhm_81),1,239,
namakawa,1,136,
namako_(namacotan),1,162,
namako_daibakuhatsu,1,349,
namakuby,1,213,
namamake,1,121,
namamo_nanase,1,597,
namaniku_atk,1,715,
namaonpa,1,178,
namaru_(summer_dandy),1,157,
namatyoco,1,169,
namauni,1,658,
namazu_(yamasonson),1,277,
name_(oiuio),1,125,
name_john,1,186,
namekuji_(namekuzu),1,146,
nameless_(rynono09),1,128,
nameo_(judgemasterkou),1,624,
namespace,1,112,
nametake,1,161,
nami_(nyaa),1,304,
nami_makoto,1,148,
nami_nami_(belphegor-5812),1,195,
namidame,1,314,
namidate,1,114,
namie-kun,1,570,
namihaya,1,167,
namikawa_kuroha,1,144,
namiki_(remiter00),1,322,
namiki_itsuki,1,145,
namiorii,1,386,
namisaki_yuka,1,113,
namonashi,1,473,
namori,1,1276,
namu_(nurui_cha),1,195,
namuko,1,140,
namyo,1,131,
nana_(manaita_koumuten),1,112,
nana_(nanalog76),1,121,
nana_(raiupika),1,215,
nana_g,1,168,
nana_kagura,1,260,
nana_mikoto,1,163,
nanabuluku,1,188,
nanachides,1,107,
nanahamu,1,307,
nanahara_fuyuki,1,327,
nanaheibei_3,1,194,
nanahime,1,411,
nanaichi,1,194,
nanaka_mai,1,171,
nanakaku,1,226,
nanaken_nana,1,408,
nanakura_nanane,1,123,
nanakusa,1,113,
nanakusa_amane,1,133,
nanakusa_suzuna,1,1243,
nanam_(nanam_sk),1,118,
nanamatsu_kenji,1,106,
nanameda_kei,1,206,
nanami_(nunnun_0410),1,387,
nanami_ayane,1,118,
nanami_ayane_(kusunoki5050),1,171,
nanami_sano,1,150,
nanamo_yado,1,187,
nanamomo_rio,1,230,
nanamura,1,110,
nanana_(chicken_union),1,158,
nanana_(nanana_iz),1,397,
nanananana,1,198,
nanao_(mahaya),1,424,
nanao_(naoekaki25),1,232,
nanao_futaba,1,177,
nanao_naru,1,942,
nanaran,1,152,
nanaroba_hana,1,253,
nanaroku_(fortress76),1,741,
nanase_aoi,1,293,
nanase_meruchi,1,279,
nanase_miori,1,484,
nanase_miri,1,158,
nanase_nao,1,1284,
nanashi_(nlo),1,2239,
nanashi_maru,1,149,
nanashi_noiji,1,261,
nanashii_(soregasisan),1,429,
nanashiki_fuuka,1,171,
nanashin_naomi,1,387,
nanashinayuzu_mochi,1,174,
nanashino,1,540,
nanashiro_gorou,1,766,
nanateru,1,347,
nanatsuta,1,172,
nanaume_(shichimi_tougarashi),1,180,
nancou_(nankou),1,173,
nanika_(nnkgh),1,131,
nanikairu,1,163,
nanimonothing,1,112,
nanin,1,298,
nanja,1,187,
nanjou_asuka,1,136,
nanju_bami,1,124,
nannacy7,1,626,
nanno_koto,1,166,
nannung,1,232,
nano_(nanosize),1,236,
nano_(syoutamho),1,242,
nanohana_(november.),1,418,
nanohana_kohina,1,200,
nanoless,1,745,
nanonin,1,166,
nanoningen_(anapoko),1,158,
nanostar,1,203,
nanotaro,1,126,
nanotsuki,1,246,
nanpou_(nanpou0021),1,226,
nao97122,1,210,
nao_(naaa_195),1,135,
nao_(nao_eg),1,139,
nao_(ritsancrossover),1,465,
nao_(syn_eaa),1,155,
nao_suke,1,145,
naoki_(2rzmcaizerails6),1,504,
naoki_(endofcentury102),1,133,
naoki_eguchi,1,139,
naoko_(naonocoto),1,153,
naokomama,1,423,
naomi_(fantasia),1,193,
naop_(anything),1,153,
naotin3333,1,145,
naoto_(tulip),1,450,
naoto_(yandereheaven),1,138,
naotosi,1,157,
naoyama_masaru,1,115,
napo,1,189,
narae,1,133,
nardack,1,873,
narisokonai,1,117,
narodenden,1,127,
naru_(andante),1,194,
naru_(wish_field),1,488,
naru_0,1,108,
narue,1,559,
naruko_hanaharu,1,440,
narumi_arata,1,608,
narumi_nanami,1,187,
narumi_yuu_(bunbukudou),1,123,
narumiya_(empty_cafe),1,200,
narumiya_(narumiya),1,287,
narusan_beam2,1,123,
naruse_chisato,1,268,
naruse_hirofumi,1,361,
naruse_mai,1,509,
naruse_mamoru,1,157,
narushima_kanna,1,275,
narutaki_shin,1,387,
narynn,1,322,
nasakixoc,1,111,
nasaniliu,1,192,
nase,1,303,
nash_(na-si),1,118,
nashidrop,1,379,
nasii,1,270,
naso4,1,539,
nassss,1,120,
nassukun,1,715,
nasubin_(nasubisamurai15),1,150,
nasuna,1,172,
nasuno_(nasuno42),1,427,
nat_the_lich,1,465,
nathaniel_pennel,1,374,
natori_(natorism),1,162,
natori_youkai,1,293,
natsu_(927013),1,116,
natsu_(anta_tte_hitoha),1,659,
natsu_(rodysanp),1,169,
natsu_(sinker8c),1,131,
natsu_hotaru,1,149,
natsu_narumi,1,136,
natsu_natsuna,1,122,
natsu_no_koucha,1,422,
natsuba002,1,132,
natsugu72,1,121,
natsuhiko,1,167,
natsui_tuna,1,127,
natsuiro_xx,1,129,
natsuishi_nana,1,162,
natsuk,1,135,
natsukawa_sarasa,1,133,
natsuki_(gedo),1,144,
natsuki_(natukituki),1,175,
natsuki_(silent_selena),1,167,
natsuki_(ukiwakudasai),1,212,
natsuki_coco,1,111,
natsuki_marina,1,226,
natsuki_shuri,1,130,
natsuki_teru,1,785,
natsuki_yuu_(amemizu),1,140,
natsuko_(bluecandy),1,113,
natsuko_(summer_525528),1,126,
natsume_(menthol),1,121,
natsume_eri,1,588,
natsume_suzuri,1,110,
natsumekinoko,1,195,
natsumi_(ragtime),1,108,
natsumi_akira,1,287,
natsumiya_yuzu,1,190,
natsunagi_takaki,1,110,
natsupa,1,178,
natsushi,1,138,
natsushiro,1,139,
natsuya_(kuttuki),1,675,
natsuya_(natuya777),1,127,
natto_soup,1,191,
nattororo,1,137,
natuna_natu,1,413,
naufaldreamer,1,405,
nauribon,1,215,
nav_(itsnav),1,448,
navy_(navy.blue),1,459,
nawakena,1,142,
nayoshi_(r-744),1,153,
nayozane_(worker7),1,126,
nayu_tundora,1,112,
nayuhi_(yukimuu14),1,120,
nayuta_ggg,1,181,
naz_(garyuuya),1,395,
nazal,1,125,
nazo_(mystery),1,117,
nazu-na,1,228,
nazuka_(mikkamisaki),1,170,
nb_(pixiv594732),1,157,
nbo,1,124,
nc731,1,193,
ncontrail_(mgax7527),1,285,
ndgd,1,665,
ndtwofives,1,310,
ne-on,1,262,
ne_an_ito,1,273,
neal_d._anderson,1,124,
nebusoku,1,379,
neco,1,389,
neco_meito,1,152,
necomi,1,521,
necono_(nyu6poko),1,161,
necro_(nekurodayo),1,656,
nectar_(fujiya),1,118,
nedia_(nedia_region),1,674,
neekosiah,1,133,
neet_co.,1,266,
neg_(101neg),1,148,
negahami,1,350,
negi_(liquidu),1,107,
negi_(ulog'be),1,308,
negija,1,205,
negiwo,1,143,
negom,1,1329,
negresco,1,526,
neichiru,1,127,
neit_ni_sei,1,537,
nejikirio,1,336,
nejikyuu,1,391,
nejime,1,370,
neki-t,1,148,
neki_(wakiko),1,812,
neko-san_(dim.dream),1,170,
neko_(ganecooo),1,296,
neko_(yanshoujie),1,300,
neko_danshaku,1,169,
neko_daruma,1,217,
neko_lu_(wofud453),1,131,
neko_majin,1,683,
neko_neko_koneko,1,457,
neko_ni_chikyuu,1,157,
neko_no_youchuu,1,166,
neko_sensha,1,159,
neko_yume,1,111,
nekobaka,1,540,
nekobatake,1,114,
nekobayashi,1,162,
nekobell,1,260,
nekobungi_sumire,1,623,
nekoda_(maoda),1,639,
nekofish666,1,266,
nekoguchi,1,238,
nekoguruma,1,474,
nekoi_hikaru,1,135,
nekoi_mie,1,292,
nekoita,1,128,
nekojira,1,270,
nekokobushi,1,111,
nekokotei,1,142,
nekokun,1,146,
nekokyun,1,233,
nekolina,1,207,
nekololisama,1,111,
nekoma_hikaru,1,120,
nekomamire,1,462,
nekomata_naomi,1,454,
nekometaru,1,362,
nekomimi_kanon,1,110,
nekomimipunks,1,110,
nekominase,1,379,
nekomu,1,173,
nekomugiharu,1,229,
nekoneko,1,110,
nekono_matatabi,1,495,
nekono_rin,1,308,
nekonyan,1,169,
nekonyan_(inaba31415),1,115,
nekopantsu_(blt),1,134,
nekopuchi,1,396,
nekoreito,1,126,
nekoshoko,1,385,
nekosugi_(hoshi),1,168,
nekosuke_(oxo),1,183,
nekota_susumu,1,206,
nekotewi,1,150,
nekotokage,1,142,
nekotoufu,1,1730,
nekoume,1,581,
nekoya_(liu),1,764,
nekoyama,1,158,
nekoyashiki_pushio,1,243,
nekozuki_yuki,1,376,
neku_(neku_draw),1,308,
neku_oneneko,1,111,
nel-c,1,198,
nel_dcm,1,117,
neme,1,166,
nemo_(leafnight),1,260,
nemo_ringo,1,110,
nemoto_yuuma,1,331,
nemu_(nebusokugimi),1,369,
nemu_(nora),1,137,
nemu_mohu,1,271,
nemuaki,1,127,
nemui333,1,213,
nemunemu_(candy_paddle),1,186,
nemunemu_semi,1,166,
nemuri_nemu,1,249,
nemusuke,1,111,
nenbuta,1,165,
nenchi,1,244,
nendo23,1,118,
neneneji,1,346,
neneru,1,181,
nengoro,1,111,
nennen,1,126,
nenobi_(nenorium),1,410,
nenosame,1,213,
neoartcore,1,857,
neocoill,1,2038,
neon-tetora,1,666,
neon_(hhs9444),1,107,
neon_(pixiv_31150749),1,110,
neonbeat,1,251,
neone,1,239,
neonfloyd,1,185,
neopure,1,237,
nephlite,1,296,
nephthys2356,1,176,
neps-l,1,269,
nero_augustus,1,312,
neropaso,1,452,
nerotarou,1,165,
nerukichikatafukuma,1,285,
neruzou,1,274,
neshia_(tsaqif0309),1,163,
nestkeeper,1,184,
netamaru,1,107,
netarou,1,128,
netural,1,189,
neukkom,1,123,
neumo,1,170,
nev_(nevblindarts),1,257,
nevakuma_(fanfanas),1,116,
neve_(morris-minicooper),1,338,
newo_(shinra-p),1,486,
nexas,1,116,
nextoad,1,304,
neytirix,1,117,
neyuki_rei,1,190,
nez-box,1,417,
nezuko,1,255,
nezumidoshi,1,137,
ng_(kimjae737),1,156,
nga_(ray_ray),1,113,
ngayope,1,136,
ngetyan,1,243,
nhadraw,1,258,
nhaliz,1,302,
nhim,1,128,
ni_(221),1,309,
ni_tamago_sando,1,114,
nia_(nia4294),1,512,
niac,1,139,
nian_(zhanian),1,363,
nibiiro_shizuka,1,330,
nibo_(att_130),1,148,
nibosi,1,218,
nicchi,1,198,
nicetack,1,245,
nicetea_(tsurishi),1,111,
nichibotsu_(kitaziman),1,130,
nichijo,1,112,
nichika_(nitikapo),1,471,
nichiru,1,119,
nicky_w,1,318,
nico-mo,1,221,
nico-neko,1,122,
nicoby,1,307,
nicole_pmonachi,1,126,
nicoq_(koikoihaihai),1,171,
nicorima,1,219,
nicutoka,1,250,
nidaime_(doronbo),1,321,
nidy,1,388,
nig_18,1,114,
nigari_(ngari_0115),1,668,
nigelungdayo,1,135,
nightcat,1,305,
nightea,1,139,
nightmare77zx,1,301,
nightmare_cat,1,116,
nigiri_(ngr24),1,233,
nigo_(aozoragarou),1,600,
nigori_(keydoor),1,107,
nigou,1,460,
nihei_tsutomu,1,135,
nihimaru,1,149,
nihohohi,1,132,
nii_manabu,1,946,
niichi_(komorebi-palette),1,1010,
niii_(memstapak),1,168,
niiko_(gonnzou),1,1346,
niina_ryou,1,556,
niiya,1,504,
niizuka_(c-drop),1,142,
niji_(nijioki),1,112,
nijihashi_sora,1,213,
nijihayashi,1,173,
nijiko_(c2cs4q),1,139,
nijimaarc,1,118,
nijimoto_hirok,1,172,
nijitama_shiyushiyu,1,164,
nik_ibi,1,131,
nikaidou_kou,1,474,
nikame,1,222,
nike_(0306),1,223,
nike_(nike1060),1,131,
nikichen,1,446,
nikishiko,1,147,
nikism,1,169,
nikka_(cryptomeria),1,132,
nikke_(cherish),1,147,
nikki_kyousuke,1,422,
nikku_(ra),1,298,
niko_(tama),1,404,
niko_p,1,107,
nikomi_(nikomix),1,194,
nikoo,1,492,
nikorashi-ka,1,1483,
niku-name,1,273,
niku114514810,1,121,
niku_(hamuchang),1,197,
niku_(ni23ku),1,437,
nikuku_(kazedesune),1,298,
nikumaru,1,114,
nikusenpai,1,116,
nilitsu,1,524,
niliu_chahui,1,1242,
nills,1,133,
nima_(niru54),1,324,
nimbus_goldbrum,1,118,
nimirom,1,116,
nimura_yuuji,1,315,
nin_(nin_0088),1,237,
nin_nakajima,1,125,
nina_(pastime),1,170,
ninai,1,597,
ninamo,1,181,
nine_(kanine41),1,223,
nine_(liuyuhao1992),1,162,
nineo,1,269,
ningen_(ningen96),1,382,
ningen_gokko,1,155,
ningen_mame,1,355,
nini_tw99,1,167,
niniidawns,1,129,
ninimo_nimo,1,440,
ninjin_(ne_f_g_o),1,171,
ninjin_nouka,1,119,
ninniku_(ninnniku105),1,197,
ninnin_(shishitou),1,143,
nino_(shira),1,113,
ninoko,1,474,
ninomae_ina'nis_(artist),1,185,
ninomotonino,1,218,
ninoude_(ninoude44),1,194,
nip_to_chip,1,117,
nipi27,1,294,
nippori_honsha,1,130,
nira_(vira),1,171,
nirako_mona,1,111,
nirap,1,277,
nironiro,1,879,
nise_(basilsis),1,110,
nise_nanatsura,1,121,
nisego,1,140,
niseneko_(mofumofu_ga_ienai),1,145,
nisetanaka,1,229,
nishi_(count2.4),1,158,
nishi_iori,1,172,
nishi_itsumi,1,112,
nishi_koutarou,1,1298,
nishi_yasuaki,1,134,
nishida_asako,1,390,
nishida_megane,1,327,
nishieda,1,996,
nishigori_atsushi,1,170,
nishihara_isao,1,578,
nishii_(damnedrive),1,629,
nishiide_kengorou,1,342,
nishiii26miii,1,126,
nishiki_areku,1,197,
nishiki_kazue,1,192,
nishiki_koi,1,237,
nishikino_kee,1,119,
nishikujic,1,649,
nishimata_aoi,1,635,
nishimi_shin,1,145,
nishimura_(nianiamu),1,142,
nishimura_eri,1,323,
nishimura_kinu,1,200,
nishino_eri,1,156,
nishino_hikoji,1,111,
nishiumi_yuuta,1,194,
nishiuri,1,344,
nishiuri_warito,1,205,
nishiya_futoshi,1,164,
nishiyama_(whatsoy),1,180,
nishizawa,1,435,
nishizuki_shino,1,325,
nishuu_miri,1,114,
nisi_ki_no,1,117,
nisino2222,1,126,
nisshisshi,1,116,
nita_(onakatohoppe),1,182,
nitaka_(fujikichi),1,132,
nitako,1,261,
nitamako_(sakamalh),1,527,
nito_(nshtntr),1,214,
nitoya_00630a,1,110,
nitro_(mugityaoisii),1,170,
niwabuki,1,118,
niwaka_potato,1,115,
niwako,1,106,
niwarhythm,1,1084,
niwasane_(saneatsu03),1,107,
niwatazumi,1,1384,
niwatori_kokezou,1,443,
nixeu,1,232,
nixour,1,161,
niy_(nenenoa),1,416,
niyororinpayamaru,1,122,
nksk,1,326,
nkymyura,1,161,
nn_(eogks),1,152,
nns_(sobchan),1,348,
nnyara,1,425,
no+bi=,1,883,
no-kan,1,891,
no_(xpxz7347),1,112,
noa_(nagareboshi),1,284,
noah_(tettsui-sole),1,514,
noai_nioshi,1,1151,
noamem,1,145,
noba,1,290,
nobamo_pieruda,1,129,
nobicco,1,177,
nobile1031,1,152,
nobita_(makoto7060355),1,573,
nobori_ranzu,1,251,
nobuchi,1,112,
nobusawa_osamu,1,177,
nobuyoshi-zamurai,1,148,
noccu,1,203,
nochita_shin,1,346,
noco_(adamas),1,562,
nocopyrightgirl,1,244,
nodachi_(artist),1,276,
nodoameyatou,1,251,
nodoguro_(phi-tan),1,196,
noe_(ppppriver),1,213,
noe_noel,1,196,
noeejang,1,110,
noel_(noel-gunso),1,195,
noeomi,1,191,
noeru,1,255,
noeru_(noellemonade),1,145,
noeyebrow_(mauve),1,330,
nofuture,1,197,
nogami_takeshi,1,140,
nogi_(acclima),1,118,
nogi_lief,1,118,
nogi_takayoshi,1,768,
nogi_yasuhito,1,187,
nogiguchi_kohiro,1,108,
nogisaka_kushio,1,201,
nogoodlife,1,160,
nohhun,1,203,
nohito,1,412,
nohtuy,1,115,
noi_mine,1,297,
noill,1,157,
noir_(ibaraki),1,120,
noiretox,1,170,
noise_(lesion949),1,258,
noise_(mokusei),1,115,
noise_(tsuzuki),1,238,
noise_tanker,1,189,
noixen,1,210,
nojima_minami,1,243,
nokachoco114,1,142,
noki_(affabile),1,182,
nokishita,1,247,
nokishita_kumoemon,1,209,
nokoppa,1,404,
nokoru_sora,1,239,
nokuhashi,1,364,
nolia,1,212,
nollety,1,586,
nomayo,1,125,
nome_(nnoommee),1,281,
nomio,1,122,
nompang,1,212,
nomura_tetsuya,1,167,
non_(kumakawayusu),1,169,
non_(nobu),1,182,
non_(nuebako),1,320,
non_(wednesday-classic),1,190,
non_(z-art),1,975,
non_tarou,1,108,
nona,1,108,
nona_moth,1,108,
nonaka_ritsu,1,404,
noname_(nowhere),1,118,
nonamejd,1,375,
nonbire,1,307,
nonco,1,851,
nonddu,1,185,
none_(kameko227),1,227,
noneon319,1,141,
nono_(norabi),1,109,
nonohachi,1,293,
nonohara_miki,1,257,
nonon_(xenonbot),1,188,
nonono_(mino),1,489,
nonono_(nononotea),1,227,
nonono_nagata,1,108,
nonoririn,1,406,
nonosaki,1,124,
nonoyama,1,342,
nontao,1,124,
noomaru_(nomorepeople),1,159,
nootomo,1,158,
nopetroto,1,389,
nopeys,1,129,
nopinzo,1,232,
noppo,1,123,
nora_higuma,1,723,
nora_wanko,1,302,
norada,1,114,
norakura_(nr_kura),1,190,
norasame_(dagako),1,134,
norasuko,1,795,
norazura,1,160,
nori20170709,1,198,
nori_(akusei_shinseibutsu),1,150,
nori_(norimakigumo),1,156,
nori_(norinori_yrl),1,114,
nori_chazuke,1,190,
nori_gorou,1,216,
nori_senbei,1,169,
nori_tamago,1,1379,
norigure18,1,132,
noriko_(ni_noriko),1,118,
norimaki_(haru_koubou),1,134,
norio_(noriosub),1,109,
noripachi,1,687,
norita,1,191,
noritama_(gozen),1,144,
noriuma,1,268,
norizc,1,335,
norizou_type-r,1,523,
normaland,1,252,
norman_maggot,1,713,
noroi_(rnatataki),1,206,
north_abyssor,1,244,
nortuet,1,160,
norue,1,110,
norza,1,464,
noshima,1,108,
noshimurin,1,235,
nosuku,1,376,
not_on_shana,1,114,
note2000,1,195,
note_nii,1,124,
notgustiarp,1,116,
noto_(soranoto),1,234,
noto_kurumi,1,425,
notora,1,295,
notte,1,196,
nottytiffy,1,771,
nou_(nounknown),1,326,
nougat_(73r1r1),1,139,
noukatu,1,217,
noumen,1,492,
noumin,1,135,
noumiso,1,110,
noumu_(pixiv),1,141,
novady,1,146,
novcel,1,227,
noveske_n4,1,115,
noy,1,116,
noya_makoto,1,539,
noyama_takenoko,1,262,
noyomidx,1,182,
noyu_(noyu23386566),1,192,
nozaki_tsubata,1,208,
nozo_(hitomiz),1,694,
nozomi_fuuten,1,211,
nozomi_tsubame,1,331,
nozz177,1,147,
npa_(sirokurokuma),1,118,
nploser,1,575,
nr_(cmnrr),1,139,
nr_noir,1,179,
nsfwolf,1,111,
nt00,1,947,
nu_(plastic_eraser),1,268,
nu_(qjqmfqjqmf02),1,162,
nucomas,1,476,
nuda,1,179,
nudiedoodles,1,131,
nueco,1,255,
nuezou,1,479,
nuguri444,1,125,
nui_(nuinui0300),1,207,
nujima,1,114,
nuka_(nukamochi),1,133,
nuka_(nvkka),1,306,
nukaji_(kuromahou_kenkyuujo),1,263,
nukkoru,1,202,
nuko_(mikupantu),1,185,
nuko_0108,1,165,
nukoyarou,1,200,
null_(nyanpyoun),1,1855,
null_(skev7724),1,125,
null_suke,1,119,
nullken,1,184,
nullma,1,421,
numae_kaeru,1,114,
numaguro_(tomokun0808),1,114,
numako,1,117,
numbers_(pigpenandpaper),1,118,
numenoko,1,132,
nuneno,1,122,
nuno_(pppompon),1,219,
nunucco,1,353,
nuppunuppu,1,146,
nuqura,1,142,
nura_(oaaaaaa),1,183,
nurami_(shouji),1,150,
nurikabe_(mictlan-tecuhtli),1,111,
nuriko-kun,1,308,
nurugamer-kouyouju,1,127,
nuruko_(nuru55555),1,130,
nut_megu,1,127,
nutkingcall,1,178,
nuu_(nu-nyu),1,630,
nuudoru,1,158,
nvl,1,314,
nyaa_(nnekoron),1,265,
nyaasechan,1,120,
nyagakiya,1,219,
nyahu_(nyahu_77),1,210,
nyakelap,1,133,
nyakonro_(nekonro),1,154,
nyama,1,511,
nyamaso,1,138,
nyamo,1,257,
nyamota,1,392,
nyan_(reinyan_007),1,350,
nyanmaru,1,254,
nyanmilla,1,135,
nyansky,1,117,
nyantcha,1,2223,
nyantiu,1,126,
nyanya,1,297,
nyanzai-sensei,1,117,
nyaou,1,112,
nyaroon,1,143,
nyaru_(nyaru_4126),1,664,
nyasunyadoora,1,148,
nyatabe,1,218,
nyatrix,1,156,
nyazui,1,135,
nyifu,1,311,
nylon_(nylon_100%),1,219,
nyoijizai,1,228,
nyome991,1,130,
nyong_nyong,1,693,
nyonn24,1,276,
nyonyonba_tarou,1,205,
nyori,1,310,
nyoripoke,1,223,
nyoro_(nyoronyoro000),1,445,
nyororiso_(muyaa),1,337,
nyorotono,1,123,
nys,1,171,
nyucha,1,113,
nyum,1,257,
nyuu_(manekin-eko),1,613,
nyuu_(pixiv12143565),1,137,
nyuunzi,1,116,
nyxerebos,1,190,
nyztsune,1,116,
nzeneee,1,225,
o-los,1,176,
o-nashi_neko,1,146,
o22no,1,188,
o_(crazyoton46),1,181,
o_(jshn3457),1,151,
o_(rakkasei),1,435,
oasis_(magnitude711),1,110,
obaoba_(monkeyix),1,179,
obazzotto,1,134,
obiwan,1,1113,
obj_shep,1,305,
obmas,1,142,
oboro_keisuke,1,110,
oborofu,1,185,
oborotsuki_kakeru,1,202,
observerz,1,373,
obui,1,392,
ocha_(ochappie),1,153,
ocha_(popopogg),1,250,
ochakai_shin'ya,1,120,
ochazuke,1,132,
ochiai_miyabi,1,142,
ochinsama,1,373,
octodeco,1,142,
ocza,1,187,
oda_eiichirou,1,134,
oda_ken'ichi,1,598,
oda_non,1,491,
oda_takayuki,1,488,
odachu,1,235,
odawara_hakone,1,1028,
odayan,1,207,
odd_(hin_yari),1,206,
odeko_yma,1,127,
oden_(th-inaba),1,154,
odmised,1,154,
oekakiboya,1,118,
oekakiism,1,240,
oekakizuki,1,1066,
oeyama,1,113,
offbeat,1,446,
oga_raito,1,142,
ogami,1,134,
ogami_kazuki,1,1284,
ogami_ren,1,163,
ogata_tei,1,313,
ogata_tomio,1,117,
ogawa_maiko,1,118,
ogawa_shou,1,338,
ogera_okera,1,114,
oggu_(neoguloliko),1,121,
oggy_(oggyoggy),1,118,
ogihara_mach,1,243,
ogino_(oginogino),1,239,
ogino_jun,1,177,
ogipote,1,477,
ogre_(illustogre),1,276,
ogros,1,346,
ogry_ching,1,225,
oguchi,1,170,
ogura_eisuke,1,193,
ogura_tubuan,1,144,
oh_(aung_ae),1,133,
ohagi1010,1,182,
ohako_(ohako1818),1,201,
ohara_hiroki,1,279,
ohara_tometa,1,158,
oharu-chan,1,294,
ohasi,1,509,
ohgi910,1,156,
ohhhhhhtsu,1,154,
ohigetan,1,118,
ohihil,1,171,
ohisashiburi,1,1484,
ohitashi_netsurou,1,316,
ohland,1,333,
ohlia,1,359,
ohoho,1,131,
ohse,1,135,
ohta_yuichi,1,638,
ohyo,1,137,
oimanji,1,944,
oimo_(imoyoukan),1,172,
oimo_(oimkimn),1,146,
oimo_kenpi,1,126,
oimoto_jirou,1,206,
oinari_(tensaizoku),1,116,
oirin,1,127,
oito_(bowstringsmall),1,113,
oiun,1,200,
ojay_tkym,1,164,
ojipon,1,3042,
ojo_(dfreak),1,144,
ojo_aa,1,334,
ojyomu,1,110,
ok-ray,1,169,
ok_ko19,1,114,
oka_(bananashoe),1,191,
oka_(umanihiki),1,121,
oka_kojiro,1,123,
oka_mochi,1,280,
okada_(hoooojicha),1,248,
okakasushi,1,109,
okama,1,466,
okame_nin,1,375,
okanoyuno,1,187,
okaya_(blackjokecompany),1,118,
okayado,1,338,
okayparium,1,259,
okazaki_oka,1,145,
okazaki_takeshi,1,154,
okazuwa_shake,1,124,
okera,1,168,
okiautumn,1,115,
okina_ika,1,981,
okiq,1,123,
okiraku_nikku,1,557,
okiru,1,235,
okitafuji,1,120,
okitakung,1,546,
okitsugu,1,430,
okiura,1,144,
okiyumi_kase,1,208,
okoge_senbei,1,117,
okomeuma,1,118,
okonon_(kado_colda),1,107,
okota_mikan,1,521,
okpriko,1,432,
oku_(okumen),1,160,
oku_tamamushi,1,250,
okuba,1,238,
okuda_yasuhiro,1,510,
okuma707,1,145,
okuma_mai,1,234,
okumari,1,163,
okunin,1,198,
okura-chan_(at_nya5),1,261,
okuragon,1,161,
okuri_banto,1,496,
okuto,1,212,
okyao,1,133,
okyou,1,204,
olchas,1,316,
oldlim,1,166,
oldsickkim,1,139,
olys,1,205,
om_(nk2007),1,413,
omachi_(slabco),1,775,
omar_dogan,1,328,
omaru_gyuunyuu,1,596,
omarumaru,1,111,
omelet_tomato,1,272,
ominaeshi_(takenoko),1,963,
omiya_(louise-louis-lucille),1,144,
omiza_somi,1,123,
omizu_(h2o),1,114,
omizu_(omz),1,241,
ommmyoh,1,163,
omocat,1,144,
omochi_(mochi_skymega),1,134,
omochi_(omotimotittona3),1,191,
omochishiki,1,177,
omone_hokoma_agm,1,708,
omoomomo,1,272,
ompf,1,192,
omucchan_(omutyuan),1,207,
omuretsu,1,279,
omutatsu,1,302,
omyo_(myomyomyo22),1,209,
on_(isk1812),1,120,
onabe_no_shime,1,163,
onaji_(sokudo_seigen),1,131,
onao,1,131,
onaya_masakazu,1,145,
onboro_(clunker),1,109,
once_11h,1,147,
onceskylark,1,126,
onedoo,1,336,
oneirio,1,114,
oneroom-disco,1,167,
oni-noboru,1,857,
oni_gini,1,111,
onibi_(foxhound4185),1,216,
onigiri_(ginseitou),1,155,
onigiri_(ocelot),1,109,
onigirikun,1,548,
onigunsou,1,166,
oniilus,1,279,
onija_tarou,1,770,
onikobe_rin,1,1326,
onikokko,1,421,
oniku_(oishii_oniku),1,145,
oniku_(shimofuri-ke),1,247,
onimaru_(onimal7802),1,232,
onimaru_gonpei,1,154,
oninamako,1,119,
onineko,1,316,
onineko-chan,1,411,
onion_(lemlaml),1,172,
onionworkshop,1,157,
oniyama831,1,161,
onkn_sxkn,1,201,
online_neet,1,122,
onnaski,1,325,
ono_misao,1,331,
onoe,1,119,
onomekaman,1,128,
onomeshin,1,344,
onomiya,1,111,
onono_imoko,1,511,
onsen_tamago_(hs_egg),1,559,
onsen_tamago_(nurumayu_onsen),1,258,
onsoku_inu,1,813,
ontaros,1,141,
onyhakase,1,237,
ooba_wakako,1,141,
oobari_masami,1,198,
oofushi_ao,1,213,
oogure_ito,1,233,
oohara_kyuutarou,1,210,
oohira_sunset,1,291,
ooide_chousuke,1,253,
ooike_teru,1,110,
ooji,1,390,
ooji_cha,1,254,
ookami_maito,1,179,
ookami_ryousuke,1,154,
ookamiuo,1,176,
ookashippo,1,127,
ookuma_nekosuke,1,492,
oolay-tiger_(voice_actor),1,173,
oomabiblogo2,1,122,
oomasa_teikoku,1,176,
oomori_(kswmr),1,162,
oomura_karasu,1,144,
oonaka_ito,1,143,
oono_imo,1,116,
oono_tetsuya,1,178,
oono_tsutomu,1,240,
oopartz_yang,1,292,
ooranokohaku,1,338,
oosaka_kanagawa,1,504,
oosaki_shin'ya,1,350,
oosaki_takahito,1,169,
oosawara_sadao,1,169,
ooshima_ryou,1,170,
ooshima_tomo,1,218,
oota_youjo,1,179,
ootani_mikoto,1,127,
ootani_nonno,1,118,
ootato,1,121,
ootomo_takuji,1,457,
ootori_(kyoya-ohtori),1,201,
ootori_subaru,1,138,
ootsuka_mahiro,1,127,
ootsuka_shin'ichirou,1,281,
ootsuki_momiji,1,239,
ootsuki_wataru,1,1394,
oouso,1,1559,
ooyama_imo,1,131,
ooyama_kina,1,192,
ooyun,1,307,
oozon_(ozon),1,149,
oozora_itsuki,1,182,
op_na_yarou,1,560,
opagi,1,288,
opalu_(voice_actor),1,113,
opanchu_(hakusen),1,150,
opossumachine,1,367,
optionaltypo,1,1269,
ora_(oraora_oekaki),1,115,
orange_(bibiko),1,107,
orange_bullet,1,119,
orange_sekaii,1,165,
oratoza,1,168,
orchid_(orukido),1,189,
orenji_(wholesomeorenji),1,243,
oreshika,1,116,
orga,1,140,
organ_derwald,1,188,
orie_h,1,136,
origami_aya,1,236,
origami_gyokuo,1,111,
orihi_chihiro,1,227,
orikuchi_hirata,1,137,
orimiya_mai,1,132,
orion_(orionproject),1,318,
oritako,1,110,
oriue_wato,1,120,
orizen,1,688,
orlek,1,112,
ormille,1,521,
orniflop,1,117,
oro9,1,140,
oro_(sumakaita),1,390,
oro_(zetsubou_girl),1,158,
oroborus,1,587,
orobou,1,233,
orochi_itto,1,258,
orphen_(pink_seito),1,554,
ors_anime_renders,1,248,
oruka_(kamituki0827),1,258,
orushibu,1,332,
oruto_(ort+),1,151,
oryo_(oryo04),1,1195,
orz_(kagewaka),1,222,
osa_(osaosa),1,181,
osafune_kairi,1,147,
osakana_(denpa_yun'yun),1,450,
osamada_meika,1,192,
osame,1,307,
osamu_(jagabata),1,196,
osamu_yagi,1,155,
osananajimi_neko,1,484,
osanpo02,1,141,
osaragi_mitama,1,114,
osashin_(osada),1,712,
osg_pk,1,145,
oshage_(osyage921),1,242,
oshake,1,119,
oshi_taberu,1,150,
oshiaki,1,273,
oshiki_hitoshi,1,339,
oshinomiya,1,150,
oshio_(dayo),1,222,
oshiri_(o4ritarou),1,173,
oshiri_seijin,1,142,
oshiruko_(oshiruco_212048),1,129,
oshiruko_(oshiruko_s2),1,126,
oshiruko_(tsume),1,249,
oshiruko_(uminekotei),1,334,
osiimi,1,762,
osisio,1,388,
oskar_vega,1,113,
oslight,1,139,
oso_(toolate),1,598,
osobachan,1,144,
osora_(judithandlilith),1,212,
osterei,1,217,
ostwindprojekt,1,214,
osu_(osumankokuou),1,138,
osuman_toruko,1,235,
osumoto1,1,308,
otabe_sakura,1,188,
otakummm,1,244,
otama_(atama_ohanabatake),1,203,
otemoto_(baaaaloooo),1,170,
oteruko_(wanabeee),1,271,
othel_(hatimorris),1,162,
otimusyairoha,1,123,
otintin,1,112,
otogi_kyouka,1,129,
otohime_(youngest_princess),1,925,
otoi_rekomaru,1,606,
otokamu,1,379,
otoki_raku,1,193,
otokucha,1,184,
otokuyou,1,1258,
otomeza_ryuseigun,1,194,
otonoha_aika,1,147,
otoo_(izanagi),1,111,
otosama,1,513,
otosume_ruiko,1,113,
ototobe,1,144,
ototsu_kei,1,174,
otou_(otou_san),1,245,
otoufu_(wddkq314band),1,109,
otoutogimi,1,150,
otowa_(otoha4634),1,134,
otsudou,1,212,
otsukare,1,108,
otsukemono,1,164,
otsukimi,1,144,
otsumami_(02mami),1,145,
otsumami_(bu-bu-heaven),1,204,
otton,1,130,
ottosfoxhole,1,231,
ouchi_kaeru,1,111,
ouge_dz,1,119,
ougi_(ihayasaka),1,113,
ougi_hina,1,542,
ougiikun,1,197,
ouhara_lolong,1,317,
ouhashi,1,252,
ouka_(ra-raradan),1,159,
oukawa_yuu,1,332,
ouma_tokiichi,1,634,
oumi_neneha,1,146,
ouno_(nounai_disintegration),1,558,
ouri_(aya_pine),1,289,
ousaka_nozomi,1,212,
ouse_(otussger),1,206,
outo_eguchi,1,308,
owa_(ishtail),1,315,
owafu,1,179,
owasaki,1,270,
oweee,1,162,
owler,1,245,
ox_(baallore),1,137,
oxcoxa,1,118,
oxxo_(dlengur),1,178,
oxygen_(0220),1,109,
oyabuli,1,131,
oyabun_(higashi),1,113,
oyaji-sou,1,333,
oyama_yoihaya,1,154,
oyaman,1,212,
oyari_ashito,1,1166,
oyasuminjyutsu,1,134,
oyatsu_(mk2),1,376,
oyatu_potage,1,135,
oyu_udon,1,341,
oyuwari,1,177,
oyuyu,1,110,
oz_ma33,1,205,
oza_osuwari,1,294,
oza_watto,1,158,
ozaki_(tsukiko3),1,176,
ozaneko,1,155,
ozawa_akifumi,1,179,
oze_(xyz_go_go11),1,173,
ozeu0916,1,108,
ozkh,1,161,
ozu_(oz_yarimasu),1,126,
ozu_yugurou,1,132,
ozzingo,1,201,
p-nekoe,1,107,
p-nekor,1,239,
p.i.t.d,1,141,
p19,1,378,
p_(pppppppppq),1,147,
p_(tidoriashi),1,255,
p_answer,1,153,
pachio_(patioglass),1,109,
packge,1,285,
paco,1,124,
paddy_field,1,341,
padoruu,1,187,
pageratta,1,1525,
pagong,1,204,
painpa,1,161,
paint_musume,1,305,
paintale,1,130,
paintedmike,1,122,
painter-lhb,1,132,
painterliuhao,1,175,
paintrfiend,1,269,
pairan,1,562,
pak_ce,1,117,
pako_(pakosun),1,537,
pako_(pousse-cafe),1,448,
pallad,1,646,
paloma_piquet,1,244,
pan_(mimi),1,571,
pan_korokorosuke,1,126,
pan_koujou,1,111,
panbai,1,148,
pandain,1,239,
pandarou,1,119,
pandea_work,1,434,
pankichi_anko,1,110,
panna444,1,123,
panoramango,1,117,
panpa,1,178,
panqlao,1,392,
pantheon_eve,1,186,
panties_(pantsu-pirate),1,444,
pantsu-ripper,1,293,
panzer_(p.z),1,203,
panzuban,1,150,
paopa_ship,1,119,
paopao,1,345,
papa_(shimeguru),1,584,
papajay_(jennygin2),1,516,
paperfinger,1,114,
papi_(papiron100),1,232,
papino,1,293,
paprika_shikiso,1,165,
paraffin,1,172,
paragasu_(parags112),1,538,
parari_(parari000),1,525,
parasite_oyatsu,1,135,
paravene,1,125,
parfaitlate,1,148,
parka_(summersketch),1,186,
parkgee,1,127,
parororo,1,335,
parsley-f,1,868,
partner_(kprtnr),1,211,
paru_rari,1,500,
parum39,1,153,
pas_(paxiti),1,962,
pasdar,1,192,
pasharuu,1,125,
pasikon,1,134,
pasoputi,1,153,
pastime774,1,154,
pasutel,1,218,
patanda,1,117,
pataneet,1,629,
patch_oxxo,1,144,
patipat_asavasena,1,139,
patricia_(stylish_marunage),1,205,
paundo2,1,184,
payama,1,203,
pc_fworks,1,124,
pd_(pdpdlv1),1,134,
pdxen,1,147,
peach-cup,1,110,
peach11_01,1,395,
peach88,1,675,
peachyp,1,116,
peanut_(shokan),1,173,
peargor,1,121,
pearl7,1,122,
pearlgang_e,1,198,
pechika,1,176,
pecopecosupipi,1,138,
peg,1,163,
pegashi,1,154,
pei_(sumurai),1,134,
pei_iriya,1,147,
pekeko_(pepekekeko),1,788,
pekoneko,1,118,
pekoni_(peconi),1,151,
pekopokox,1,212,
pekuchin_(pekuchin_3),1,111,
pelican_(s030),1,131,
pellas_(panix2383),1,148,
pemu,1,134,
pen_(pen3),1,197,
pen_guin15,1,114,
penguin_frontier,1,163,
penguin_maru_(penginmaru),1,137,
penguintake,1,151,
pension_z,1,141,
pensuke,1,280,
pentagon_(railgun_ky1206),1,1188,
penti,1,122,
pepatiku,1,198,
pepe_(jonasan),1,396,
pepoyo,1,136,
pepper0,1,369,
pepper_fever,1,109,
pepq,1,118,
pepsi2330,1,176,
pepushi_drow,1,123,
peragura,1,111,
perepere-kun,1,289,
period_(anony_83),1,149,
peroncho,1,153,
peroponesosu.,1,543,
persocon93,1,193,
personal_ami,1,1376,
pertex_777,1,133,
peso_(cheese_company),1,522,
petagon,1,184,
petenshi_(dr._vermilion),1,819,
peterhl,1,193,
peteron,1,148,
petoka,1,107,
petosu_(sunoco),1,107,
pettan_p,1,484,
pf,1,169,
pg_(pgouwoderen),1,117,
pgm300,1,134,
ph.,1,109,
phamoz,1,301,
phantom_ix_row,1,1453,
pharamacom,1,129,
phat_smash,1,133,
phdpigeon,1,173,
phenne,1,112,
philipp_urlich,1,150,
philomelalilium,1,177,
pi_tayuko,1,138,
pia_(botamochinjufu),1,110,
piaki,1,122,
pic_postcard,1,195,
pico_(picollector79),1,148,
picoli1313,1,189,
picpicgram,1,209,
picter,1,328,
pienahenggou,1,121,
pierorabu,1,109,
pierre_norano,1,170,
pig_ggul,1,117,
pigeon666,1,590,
piikeisandaa,1,165,
piiko_(aa_doushiyou),1,119,
pija_(pianiishimo),1,353,
pika_(kai9464),1,152,
pikacchi,1,232,
pikachi,1,126,
pikaole,1,387,
pikazo,1,197,
pikomarie,1,247,
piku,1,245,
pikurusu,1,175,
pikuson,1,117,
pila-pela,1,268,
pillosopi,1,147,
pillow_(nutsfool),1,121,
pilokey,1,187,
pin.s,1,187,
pinakes,1,295,
pinb,1,164,
pinch_(nesume),1,232,
pinchi,1,137,
pine_(pine-box),1,235,
pingke_box,1,117,
pingo,1,126,
pinguinkotak,1,139,
pink_lady_mage,1,206,
pink_mousse,1,128,
pink_ocean,1,251,
pinkcap,1,238,
pinkgermy,1,267,
pinki_(shounenkakuseiya),1,162,
pinki_o64,1,136,
pinnn,1,169,
pinocchio-p,1,129,
pinoko_(pnk623),1,138,
pinoli_(pinoli66),1,248,
pinta_(ayashii_bochi),1,421,
pipi,1,145,
pipidan,1,151,
pippi_(pixiv_1922055),1,125,
piratescat01,1,129,
piripun,1,435,
piro_(orip),1,225,
pirohi_(pirohi214),1,138,
piromizu,1,1094,
piroshiky,1,107,
pirukusu,1,107,
pisagi,1,111,
pisoshi,1,113,
pistachiocream,1,151,
piston_ring,1,120,
pisuke,1,285,
pito_(sh02327),1,283,
piukute062,1,417,
pixel_(yuxian),1,164,
pixie_willow_(voice_actor),1,411,
piyo_(pixiv_2308057),1,121,
piyodera_mucha,1,551,
piyodesu,1,446,
piyokichi,1,655,
piyopoyo,1,271,
pizza_(pizzania_company),1,389,
pizza_man,1,119,
pizzasi,1,391,
pjmiyo,1,125,
pkpkpppk,1,145,
pkpokopoko3,1,157,
plan_(planhaplalan),1,275,
planeptune,1,149,
platunoy_787,1,372,
plentyofempty,1,119,
plover,1,115,
pltnm_ghost,1,140,
plum0o0,1,175,
plum_(arch),1,370,
plus_step,1,158,
pmlial,1,114,
pn_(wnsl216),1,174,
pnatsu,1,161,
pnpk_1013,1,109,
po-ju,1,546,
po0000000000,1,152,
po_fu,1,178,
po_musubi,1,108,
po_ppe,1,121,
poa_mellhen,1,292,
poaro,1,370,
pocari66,1,219,
pocari_(sq551),1,159,
pocche-ex,1,183,
poch4n,1,276,
pochadon,1,139,
pochi_(pochi-goya),1,731,
pochi_(poti1990),1,106,
pochimaru_(marumaru_wanwan),1,758,
pochincoff,1,740,
poco24,1,113,
poco_(asahi_age),1,438,
poco_(backboa),1,293,
poechan_chan,1,123,
poharo,1,291,
poho,1,112,
poin_(hidsuki),1,234,
poinia,1,140,
poipoi_purin,1,320,
pokachu,1,503,
pokan_(xz1128),1,108,
pokarii_zuu,1,139,
poke200,1,108,
pokemoa,1,1447,
pokimari,1,316,
pokkora,1,128,
poko_(mammypoko),1,143,
poko_chin,1,130,
pokopi,1,115,
pokoten_(pokoten718),1,724,
polarityplus,1,304,
pole_(ppp1409),1,351,
poligon_(046),1,273,
polilla,1,263,
polki,1,121,
polorinken,1,114,
polpol,1,154,
polyle,1,209,
pome_charo,1,109,
pomelomelon,1,289,
pomesaurus,1,195,
pomodorosa,1,252,
pompmaker1,1,189,
pomu_(joynet),1,341,
pon_(ponidrop),1,216,
pon_(shind_997),1,162,
pon_yui,1,287,
poncho_s,1,158,
poncocchan,1,186,
pondel,1,175,
pongldr,1,184,
poni_(poni_arknights),1,116,
ponkan_8,1,226,
ponkotsu_(ayarosu),1,146,
ponnetsu,1,113,
pononozo,1,674,
ponpon,1,220,
ponpon_(ponpon62126),1,108,
ponpon_(tosico),1,157,
ponponmaru,1,473,
ponpu_(pumpkinsinclair),1,353,
ponsuke_(pon00000),1,355,
ponta_(1859ysmssstsp),1,154,
ponta_(velmar),1,152,
pontaro18,1,149,
pontasu,1,125,
pony_r,1,124,
ponytail_korosuke,1,473,
ponzu_(catponz),1,107,
ponzu_rui,1,259,
pop_(electromagneticwave),1,445,
popcorn_91,1,107,
poper_(arin_sel),1,189,
popman3580,1,210,
popoin,1,167,
popoman,1,228,
popon_ta,1,331,
poponko,1,111,
popopoka,1,453,
poppy_(poppykakaka),1,220,
popqn,1,752,
poprication,1,589,
popuru,1,116,
porary,1,113,
porforever,1,775,
pori_(kmt_pori),1,244,
poriuretan,1,220,
porkjinta,1,124,
poronegi,1,702,
porqueloin,1,405,
porupurucha,1,166,
porurin,1,811,
poruserin,1,114,
pos_(shiratama-ya),1,126,
poshi_(ginmokusei),1,181,
pot-de,1,304,
potaaju,1,135,
potato_pot,1,325,
potatomochii,1,122,
pote-mm,1,172,
pote_(pote_39),1,234,
pote_(ptkan),1,1221,
potechi_norisio,1,107,
potekite,1,146,
potemki11,1,128,
potetos7,1,121,
potg_(piotegu),1,364,
potion_(moudamepo),1,131,
potto,1,188,
pottsness,1,582,
powerlesssong,1,411,
powzin76,1,126,
poyo_(hellmayuge),1,544,
ppshex,1,293,
prab,1,151,
prat_rat,1,241,
pretty-purin720,1,193,
pretty_mundane,1,117,
preview_(preview0),1,119,
primamiya,1,203,
primary_stage,1,157,
prime,1,287,
primsla,1,239,
pro-p,1,127,
profitshame,1,177,
profnote,1,219,
project.c.k.,1,153,
project_pochama,1,202,
projecttiger,1,107,
prophecy_(rakuichimonji),1,155,
prophet_chu,1,114,
prophosphere,1,115,
prtn_(ttnx),1,116,
prywinko,1,522,
psd_(psdgai),1,198,
psyche3313,1,187,
psychopath_idiot,1,114,
ptal,1,175,
pu-en,1,330,
puchiman,1,411,
puchirisu,1,144,
pudding_(skymint_028),1,356,
puddinghomhom,1,119,
pudelmudel,1,153,
pudgeruffian,1,565,
puge,1,304,
puk_(puk_2020),1,150,
pukara,1,378,
pukonuu,1,137,
pulp_piroshi,1,115,
pump_(pumpqmuq),1,134,
pumpkinpan,1,319,
pumpkinspicelatte,1,342,
pun2,1,359,
punished_pigeon,1,108,
punto,1,117,
pupi_(rain_prophet),1,251,
puppeteer7777,1,269,
pupps,1,434,
puracotte,1,252,
purasu_(puni101010),1,119,
puriketsu_corgy,1,114,
purin_a_la_mode_(popup),1,301,
purin_jiisan,1,428,
purinpurin,1,271,
puripuri_jet,1,139,
puririn,1,292,
purrlucii,1,184,
puru_(ex-150),1,218,
purunyara,1,228,
putama,1,295,
putcher,1,387,
puti_devil,1,130,
putimaxi,1,151,
puton,1,106,
putong_xiao_gou,1,201,
puuakachan,1,385,
puuzaki_puuna,1,567,
puyo_(puyotopia),1,324,
puzenketsu,1,130,
pyon-kichi,1,285,
pyonpyonmaru,1,165,
pyonsuke_(pyon2_mfg),1,194,
pyz_(cath_x_tech),1,286,
pzkpfwi,1,166,
q-gaku,1,152,
q_(ed69),1,313,
q_(oshikuraq),1,108,
q_azieru,1,301,
qblade,1,270,
qi7pi,1,280,
qian_wu_atai,1,328,
qiandaiyiyu,1,263,
qianlou_(qianlou12374),1,107,
qianqianjie,1,111,
qin_(7833198),1,270,
qing_wu,1,330,
qing_yan_xia,1,123,
qingmingtongzi,1,169,
qinshi-ji,1,137,
qiongsheng,1,131,
qiu_ju,1,164,
qixia,1,322,
qizhu,1,140,
qkat_(arikawa-dou),1,322,
qkracho_(thesdroz),1,128,
qlakwnd,1,109,
qm,1,146,
qosic,1,438,
qp:flapper,1,795,
qqqrinkappp,1,1006,
qtian,1,239,
qtonagi,1,213,
quan_(kurisu_tina),1,295,
quarterlift,1,164,
quasarcake,1,285,
quasimodox,1,212,
quatthro,1,123,
queasy_s,1,247,
queen_complex,1,109,
quick_waipa,1,594,
quinny_il,1,115,
qunqing,1,145,
quro_(black_river),1,151,
quuni,1,165,
qy73,1,121,
qys3,1,563,
r-binon,1,378,
r-e-l-o-a-d,1,153,
r-king,1,316,
r-man,1,143,
r.l_(2089184064),1,108,
r0g0b0,1,198,
r1,1,174,
r123,1,124,
r3dfive,1,408,
r_o_ha,1,161,
ra_mun5239,1,126,
rabb_horn,1,125,
rabbit_(tukenitian),1,176,
rabbit_(wlsdnjs950),1,218,
raberu_ruru,1,151,
rabiiandrain,1,195,
raburebo,1,170,
racchi.,1,410,
racer_(magnet),1,357,
radioneet,1,188,
radiostarkiller,1,197,
radish_p,1,496,
radishkek,1,131,
rafaelaaa,1,298,
ragecndy,1,139,
ragho_no_erika,1,1025,
ragi_san_(ononokomachiimo),1,128,
rahato,1,123,
rai_(newtype_xm-x1),1,109,
rai_(sakuranbo_sugar),1,167,
raichi_(ddq0246),1,129,
raichiyo33,1,278,
raiden_(raiden_labo),1,206,
raidon,1,158,
raigou,1,290,
raijuu_(bakanara),1,180,
raika9,1,464,
raikoart,1,329,
rain_lan,1,212,
raindrop746079,1,120,
raine_(acke2445),1,362,
raineru_(gryffindor131),1,127,
raiou,1,422,
raitho,1,230,
raito_taisha,1,118,
raiya_atelier,1,177,
raiz_art_works,1,127,
rakeemspoon,1,510,
raki_kr,1,257,
rakkidei,1,120,
rakko_(r2),1,165,
rakugaki-biyori,1,819,
rakugakiraid,1,193,
rakujin,1,108,
rakuni,1,214,
rakurakutei_ramen,1,343,
ram_hachimin,1,339,
rama_(yu-light8),1,289,
ramanda,1,437,
ramb_chop,1,137,
ramchi,1,1273,
ramen_(ooishi_kou),1,106,
ramie_(ramie541),1,233,
ramiya_ryou,1,180,
ramochi_(auti),1,123,
rampart1028,1,228,
ramuda_(guilty931),1,119,
ramudia_(lamyun),1,604,
ran'ou_(tamago_no_kimi),1,570,
ran_(9ens2000),1,117,
ran_(bukeranwu),1,209,
ran_system,1,150,
rancidronin,1,119,
randomboobguy,1,545,
randou,1,318,
ranf,1,367,
rangen,1,197,
rangu,1,337,
rangycrow,1,280,
ranhatu,1,147,
rankasei,1,118,
ranko_no_ane,1,167,
ranma_(kamenrideroz),1,358,
ranran_3939,1,118,
ransusan,1,611,
rantana_(lalalalackluster),1,390,
rantia,1,119,
ranyu,1,214,
rapa_(heisei_strawberry),1,147,
rapa_rachi,1,127,
rappa_(rappaya),1,1620,
raptor7,1,852,
rariatto_(ganguri),1,2351,
rariemonn,1,220,
raru_(nanaharararu),1,176,
rasahan,1,352,
rascal_(feuille),1,162,
rasen_manga,1,173,
raseruta,1,135,
rassie_s,1,126,
rasukaru,1,524,
rasukusekai,1,115,
rasusurasu,1,421,
rat_huang,1,316,
rata_(norahasu),1,250,
ratatatat74,1,434,
rateratte,1,177,
ratise,1,118,
rato,1,118,
ratsuku_kinoko,1,210,
rauto,1,228,
ray-akila,1,181,
ray-k,1,409,
ray.s,1,501,
ray_(pixiv9514208),1,234,
raya_(uk_0128),1,245,
raybar,1,153,
rayno,1,148,
raythalosm,1,151,
rayvon,1,190,
razalor,1,360,
razy_(skuroko),1,107,
rbfnrbf_(mandarin),1,111,
rbx_lamen,1,137,
rcs_4,1,115,
re:rin,1,107,
re:shimashima,1,467,
re_(re_09),1,310,
re_ghotion,1,592,
rea_loixacra,1,302,
reagan_long,1,129,
realmbw,1,236,
reammara,1,216,
rean_(r_ean),1,110,
rebe11,1,655,
rebecca_(keinelove),1,2985,
rebis,1,184,
rebutsu,1,137,
recare,1,112,
recklessdraw,1,165,
red-eyes_macadamiachoco,1,115,
red-p,1,124,
red-rum,1,165,
red_cucumber,1,196,
red_hayao,1,187,
red_leopard,1,107,
red_medicine,1,221,
red_star_(toranecomet),1,188,
redcomet,1,612,
reddizen,1,302,
redgart,1,108,
redi_(rasec_asdjh),1,440,
redjet,1,402,
redjuice,1,418,
redlhzz,1,589,
redlight,1,122,
rednian,1,166,
redol,1,142,
redpoke,1,111,
redrabbit44,1,347,
redrop,1,858,
redum4,1,114,
redundant-cat,1,155,
ree_(re-19),1,491,
reeh_(yukuri130),1,444,
reel_(riru),1,360,
refeia,1,367,
regdic,1,135,
regition,1,116,
regular_mow,1,454,
rei_(ilust9999),1,127,
rei_(rei's_room),1,763,
rei_(rei_rr),1,210,
rei_(sanbonzakura),1,586,
rei_(tdn_ng),1,166,
rei_(tonbo0430),1,422,
rei_hinketsu,1,179,
rei_kun,1,424,
reia,1,212,
reia_76,1,636,
reia_hana,1,183,
reibun_(raven1119),1,129,
reido_(reido_c),1,130,
reiei_8,1,130,
reiesu_(reis),1,192,
reiga_(act000),1,240,
reiha_(penetrate),1,161,
reihou19,1,174,
reijing_etrn,1,157,
reika_(clovia_studio),1,179,
reimei_(r758120518),1,215,
reina_(black_spider),1,137,
reinama,1,381,
reio_reio,1,115,
reiq,1,266,
reitou_mikan,1,236,
reizou,1,120,
rejean_dubois,1,363,
rekaerb_maerd,1,417,
reki_(user_rcrd4534),1,189,
rekka,1,164,
reku,1,580,
relaxjon,1,264,
relio_db318,1,176,
rella,1,389,
rem_(eyes_410),1,185,
remi_(mozzaremi),1,169,
remora180,1,114,
remotaro,1,121,
remsor076,1,258,
remsrar,1,436,
ren_(endscape20),1,112,
ren_san,1,275,
rena_(renasight),1,111,
renakobonb,1,117,
renatus.z,1,116,
rend,1,117,
renetan,1,319,
renew_vivi,1,128,
renge_(730),1,184,
renka_(cloudsaikou),1,130,
renka_(renkas),1,108,
renka_(sutegoma25),1,155,
rensei,1,142,
renshirenji,1,181,
renshiu,1,123,
renshu_usodayo,1,278,
rensyu,1,287,
renta_(deja-vu),1,179,
rento_(rukeai),1,549,
renxzd,1,150,
renzu_(lens_02),1,132,
reo_(mmocc123),1,203,
reoen,1,302,
reon_(saikyou),1,116,
reowocchi,1,112,
repi,1,154,
reri,1,189,
rero_(bigdoorbig2),1,143,
reroi,1,120,
rerrere,1,343,
ress,1,254,
retorillo,1,237,
retri,1,201,
retsumaru,1,377,
retsuna,1,143,
retsuto,1,123,
reulem,1,203,
revenantart,1,115,
reverinth,1,148,
reverse_(bluefencer),1,458,
revian_samuel_dani,1,116,
revolverwing,1,327,
revtilian,1,108,
rex_k,1,470,
rexlent,1,188,
rezi,1,237,
rezodwel,1,297,
rff_(3_percent),1,158,
rhasta,1,131,
ri-net,1,628,
ri_(qrcode),1,310,
ria_(rilpoppo),1,114,
rias-coast,1,130,
rib:y(uhki),1,327,
ribao,1,128,
ribero,1,143,
ribi,1,165,
ribiadan,1,316,
ribucci,1,256,
rice_(okome_no_naru_ki),1,142,
rice_(rice8p),1,121,
ricegnat,1,710,
richard-kun,1,197,
richard_(richaball),1,136,
richou_(zerozero1101),1,140,
ricochet-gou,1,325,
rido_(ridograph),1,128,
ridy_(ri_sui),1,282,
rie_(reverie),1,189,
riffraffhellyea,1,167,
riftgarret,1,127,
rifu_(643763873),1,140,
rifufu,1,179,
rifyu,1,645,
rihito_(usazukin),1,262,
riho,1,206,
rii_abrego,1,124,
riichu,1,1035,
rikatan,1,796,
riki6,1,118,
rikiddo_(tise_00),1,216,
rikihana_momo,1,122,
riko-m,1,185,
riko_(k_riko),1,116,
rikoma,1,184,
rikose,1,176,
riku_(melty_drop),1,124,
riku_(rikkuru),1,344,
riku_(wana),1,141,
rikudou_inuhiko,1,285,
rikugou_(rikugou-dou),1,236,
rikuguma,1,276,
rikui_(rella2930),1,143,
rikumaru,1,303,
rikume,1,302,
rikumoto_yoshiyuki,1,122,
rikuwo,1,113,
rilex_lenov,1,111,
rima_(0136),1,120,
rimo,1,180,
rimo.,1,1,
rimu_(kingyo_origin),1,171,
rimukoro,1,227,
rimuu,1,376,
rin-sin,1,329,
rin2008,1,240,
rin31153336,1,116,
rin_(fuwarin),1,114,
rin_(rin_niji),1,109,
rin_(royal),1,155,
rin_ateria,1,137,
rin_yuu,1,670,
rinarisa,1,151,
rindoriko,1,116,
rindou_(awoshakushi),1,177,
rindou_(p41neko),1,367,
rindou_(radical_dream),1,370,
rindou_(rindou_annon),1,115,
rindou_ringdong,1,107,
ringeko-chan,1,524,
ringo_sui,1,409,
ringobatake,1,160,
ringopan,1,122,
ringouulu,1,194,
ringozaka_mariko,1,331,
ringsel,1,228,
rinhee,1,168,
rinka_(rinka0912),1,106,
rinko_(mg54),1,118,
rinndouk,1,355,
rino_cnc,1,166,
rinotuna,1,691,
rinrinne39_(artist),1,147,
rinto_(rint_rnt),1,302,
rinx,1,122,
rinyamame,1,285,
rinzo,1,304,
rio_(rio773),1,158,
rio_(rio_067),1,150,
rioka_(southern_blue_sky),1,362,
riokasen,1,107,
rion_(glayjirobass),1,110,
rioshi,1,704,
ripe.c,1,174,
ripu_(lipi),1,308,
rirene_rn,1,127,
ririko_(fhnngririko),1,189,
ririko_(zhuoyandesailaer),1,1293,
ririkuto,1,180,
ririmon,1,177,
riru,1,261,
rise_(rise19851203),1,163,
riseno,1,160,
risshu,1,118,
risui_(suzu_rks),1,464,
risumi_(taka-fallcherryblossom),1,315,
risutaru,1,202,
rita_ya,1,187,
ritao_kamo,1,147,
ritateo,1,128,
rito453,1,270,
ritsu_(roboroboro),1,162,
ritsuki,1,119,
rituyama1,1,141,
rity,1,236,
riuichi,1,114,
riv_(rivleaf),1,282,
riyo_(aokiwazumi),1,135,
riyo_(lyomsnpmp),1,1024,
riyo_(riyontoko),1,126,
riyun_(halodark),1,160,
riz,1,607,
rizento,1,280,
rizu033,1,142,
rizu_(rizunm),1,199,
rizzl,1,238,
rj_(lingshih10),1,114,
rko_(a470350510),1,144,
rkp,1,217,
rkrk,1,476,
rkrk12,1,268,
rla13753,1,232,
rnna,1,187,
rnuyvm,1,246,
ro_g_(oowack),1,409,
roadi3,1,134,
roang,1,130,
roarke_(lavenderincubus),1,277,
rob_ishi,1,367,
robaato,1,814,
robaco,1,426,
robina,1,140,
robinson_(day_l_full),1,235,
robo8,1,106,
robo_mikan,1,314,
robodumpling,1,139,
robographer,1,126,
robot_cat_(robotcatart),1,124,
robou_no_stone,1,149,
rocha_(aloha_ro_cha),1,152,
rock_zinc,1,127,
rockthebull,1,204,
roco_(rocoroco1115),1,122,
rococo,1,119,
rocomani,1,191,
rod_(rod4817),1,259,
rodney_(melagal),1,129,
roena,1,113,
roh_nam_kyung,1,234,
rohitsuka,1,452,
roi_(liu_tian),1,130,
roido_(taniko-t-1218),1,214,
roina_(effj7473),1,239,
roitz_(_roitz_),1,108,
rojiko,1,154,
roke_(taikodon),1,856,
roki_(hirokix),1,604,
rokita,1,234,
rokko,1,266,
rokkotsu,1,255,
roko_roko_(doradorazz),1,118,
roku_(gansuns),1,113,
roku_6,1,118,
rokugatsu_t,1,143,
rokugou_daisuke,1,903,
rokuichi,1,248,
rokushaku_neko,1,110,
rokushou,1,143,
rokuwata_tomoe,1,1085,
rokuya_(68_zusao),1,158,
rolua,1,213,
rom_(20),1,651,
romana,1,187,
rome_romedo,1,173,
romi_(346_ura),1,375,
rondo_bell,1,179,
rong_yi_tan,1,114,
ronindude,1,163,
ronopu,1,110,
roonhee,1,141,
rooru_kyaabetsu,1,132,
roresu,1,206,
rorobomb,1,157,
roropull,1,536,
rororo,1,747,
rororogi_mogera,1,166,
rorosuke,1,164,
roru_(lol_dessin),1,146,
rose_neru,1,145,
rosette_(roze-ko),1,293,
roshiakouji-chan,1,123,
roshin,1,133,
rosmino,1,111,
ross_tran,1,145,
rossciaco,1,112,
rosumerii,1,203,
rosuuri,1,535,
roswell_ss,1,192,
rotix,1,337,
rotomdocs,1,143,
rotroto,1,132,
rotte_(1109),1,773,
rou_(rou22),1,284,
rougetsu_(eclipse),1,301,
rouka_(akatyann),1,609,
roura,1,178,
rourou_ill,1,202,
routo,1,120,
rowya,1,152,
roxxxan,1,223,
royalwatts,1,118,
royboy,1,207,
rozea_(graphmelt),1,128,
rozu_ki,1,115,
rpameri,1,115,
rr_(suisse200),1,130,
rrr_(reason),1,227,
rryiup,1,183,
rsef,1,197,
rsk_(tbhono),1,123,
rtil,1,1089,
ru-pe_(gstm_0915),1,131,
ru_zhai,1,911,
ruan_chen_yue,1,141,
ruberule,1,165,
rubi-sama,1,196,
rucaco,1,202,
rucchiifu,1,529,
ruchi,1,227,
ruda_(ruda_e),1,180,
rudoni,1,323,
rugo,1,135,
ruhee,1,119,
ruhika,1,369,
rui_(rei_leyi),1,133,
rui_(sugar3),1,793,
rui_shi_(rayze_ray),1,681,
ruien_(wu_jui-en),1,120,
ruin_re_birth,1,161,
ruka_(piyopiyopu),1,193,
rukinya_(nyanko_mogumogu),1,232,
rukitsura,1,296,
ruku_(alicecreation),1,217,
rum_raisin_(chihiromakita19),1,315,
rumenia_(ao2is),1,149,
rumie,1,213,
rumiko_(rmeco),1,124,
rumiya9i,1,225,
rumo,1,187,
rumoon,1,229,
rumwik,1,128,
run_p_(aveton),1,248,
runa_(nori31291404),1,203,
runamonet,1,152,
runaru,1,111,
rune_(dualhart),1,486,
rune_xiao,1,208,
runlan_0329,1,185,
ruo19,1,111,
ruo_(tariki_hongan),1,190,
ruo_zhishi_chu_jian,1,130,
ruohire9,1,116,
rupinesu,1,121,
ruri_rarako,1,400,
ruriri,1,157,
ruriwo_(ruriwo1894),1,126,
ruru_(gi_xxy),1,161,
ruru_(rurumagi),1,236,
rurudo,1,189,
rururaroru,1,120,
rururiaru,1,248,
ruschuto,1,296,
rusellunt,1,130,
rushian,1,169,
rusky,1,230,
rustle,1,364,
ruteko_(ruko220),1,320,
ruten_(onakasukusuku),1,177,
ruton-niki,1,524,
ruu_(tksymkw),1,3807,
ruukii_drift,1,649,
ruuto_(sorufu),1,322,
ry_(yagoyago),1,441,
ry_thae,1,179,
ryakusun,1,128,
ryanreos,1,106,
ryara,1,254,
rybiok,1,272,
ryeon_(bluetom1),1,209,
ryker,1,110,
rylaera,1,113,
ryle,1,121,
rynn_(darknescorez),1,119,
rynzfrancis,1,196,
ryo-suzuki,1,118,
ryo_(botugo),1,516,
ryo_(liver_sashi_daisuki!),1,301,
ryo_(tg290),1,642,
ryochan96154,1,133,
ryochapu,1,282,
ryogo,1,483,
ryoji_(nomura_ryouji),1,1043,
ryoku_sui,1,235,
ryokucha_michi,1,237,
ryokushiki_(midori-ya),1,193,
ryoma_(rym_369),1,161,
ryosios,1,586,
ryota-h,1,255,
ryota_(ry_o_ta),1,464,
ryota_tentei,1,167,
ryou-san,1,429,
ryou@ryou,1,215,
ryou_(ponpgo),1,122,
ryou_(shirotsumesou),1,160,
ryou_sakai,1,120,
ryouka_(suzuya),1,819,
ryouma_(galley),1,641,
ryouta_(ryouta335),1,240,
ryoutan,1,292,
ryouya,1,120,
ryouzou,1,176,
ryp,1,112,
ryu-akt,1,226,
ryu_(ryu's_form_site),1,356,
ryu_genshin77,1,220,
ryu_shou,1,111,
ryudraw,1,147,
ryuinu,1,274,
ryuji_(ikeriu),1,271,
ryuji_(red-truth),1,232,
ryuki@maguro-ex,1,200,
ryuki_(ryukisukune),1,577,
ryunnu,1,403,
ryuno,1,133,
ryuntack,1,135,
ryusei_(ryusei_b),1,132,
ryusei_hashida,1,881,
ryuu.,1,617,
ryuu_(multitask),1,120,
ryuu_(ryuraconis),1,114,
ryuu_(tsukinoyuki),1,122,
ryuu_ryuu,1,137,
ryuu_tou,1,132,
ryuuforkaf,1,138,
ryuuga_shou,1,148,
ryuuichi_(f_dragon),1,757,
ryuuji_teitoku,1,118,
ryuuka_sane,1,232,
ryuuki_(hydrangea),1,126,
ryuuneart,1,262,
ryuuno6,1,186,
ryuunosuke_(luckyneco),1,145,
ryuusei_(mark_ii),1,764,
ryuushou,1,177,
ryuusui_arumo,1,182,
ryuuta_(cure_ryuuta),1,187,
ryuuta_(msxtr),1,226,
ryuuzaki_ichi,1,446,
ryuya,1,125,
s-a-murai,1,370,
s-goon,1,111,
s-now,1,280,
s10021,1,209,
s_(happycolor_329),1,108,
s_(hdru2332),1,189,
s_gentian,1,210,
s_sho_mkrn,1,183,
s_zenith_lee,1,169,
sa-dui,1,186,
sa-ya2,1,269,
saaal653,1,196,
saadiya74,1,160,
sabachiyo_land,1,216,
sabakan_(iizuka48),1,146,
sabaku_chitai,1,386,
sabakuomoto,1,146,
sabamen,1,481,
sabamori,1,234,
sabana,1,214,
saberiii,1,201,
sabet_(young_ouo),1,181,
saboten_mushi,1,232,
saboten_teishoku,1,227,
sabujiroko,1,161,
saburou_(hgmg),1,492,
sacanahen,1,126,
sacha,1,138,
sachito,1,593,
sacraneco,1,318,
sadahiro_(chicken_nugget_gyuuniku_aji),1,291,
sadakage,1,206,
sadamatsu_ryuuichi,1,182,
sadamoto_yoshiyuki,1,542,
sade_abyss,1,172,
saebashi,1,149,
saejin_oh,1,148,
saeki_hokuto,1,416,
saeki_nao,1,155,
saeki_shun,1,128,
saeki_sora,1,366,
saeki_tatsuya,1,383,
saeki_touma,1,228,
saekiya_sabou,1,113,
saemon_(tonpura),1,287,
safi,1,314,
safutsuguon,1,147,
sag_(karehabase),1,173,
saga_inu,1,123,
sagami_jon,1,336,
sagamimok,1,174,
sagamiso,1,256,
sagara_riri,1,124,
sagas293,1,111,
sage_joh,1,426,
sagemaru-br,1,256,
sahara1127,1,201,
sahara386,1,212,
sahata_saba,1,252,
sahau228,1,107,
sahuyaiya,1,143,
sai-go,1,282,
saiba_(henrietta),1,273,
saibashi,1,140,
saigado,1,669,
saiguchi_otoufu,1,1864,
saihate_(d3),1,327,
saijo1201,1,115,
saijou_haruki,1,187,
saikawa_yusa,1,395,
saiki_yuzuri,1,142,
saiko_(saisaka),1,127,
saiko_dagashi,1,123,
saiku_(zvlku),1,219,
sailen0,1,242,
sailorclef,1,170,
saine,1,164,
saino_misaki,1,162,
sainohikari,1,194,
sainome_(imveryfinethx),1,114,
saintshiro,1,213,
saipaco,1,557,
saipin,1,147,
saishosaisekojo,1,663,
saiste,1,570,
saitou_(lynx-shrike),1,316,
saitou_kakkou,1,140,
saitou_kengo,1,124,
saitou_masatsugu,1,634,
saitou_naoki,1,422,
saitou_piyoko,1,138,
saiwo_(saiwoproject),1,148,
saizu_nitou_gunsou,1,311,
sajittari,1,140,
sak1_01,1,162,
sak_(lemondisk),1,639,
sakai_(motomei),1,269,
sakai_eri_(illustratoreri),1,176,
sakai_hamachi,1,142,
sakai_kyuuta,1,403,
sakai_waka,1,190,
sakaki_(noi-gren),1,331,
sakaki_(utigi),1,163,
sakaki_imasato,1,611,
sakaki_maki,1,258,
sakakiba_misogi,1,393,
sakakidani,1,166,
sakakura_(sariri),1,106,
sakamata_(sakamata4),1,253,
sakamoto_mineji,1,290,
sakamuke,1,199,
sakana_(flame_sakana),1,228,
sakana_(ryuusui-tei),1,226,
sakana_(saka11205),1,219,
sakanaya_(sakanaya952),1,299,
sakanomachico,1,145,
sakari_(pear_8_ll),1,147,
sakatsuki_yakumo,1,110,
sakaya313,1,136,
sakayaki_(burning_soul),1,113,
sakayama_shinta,1,479,
sakazaki_freddy,1,1070,
sakazakinchan,1,181,
sakebuotoko,1,116,
sakeharasu,1,268,
saki_(hxaxcxk),1,158,
saki_(saki_paint),1,134,
saki_chisuzu,1,747,
sakieko,1,657,
sakifox,1,162,
sakikumo_(sakumo),1,223,
sakimichan,1,1010,
sakimiya_(inschool),1,711,
sakimori_(hououbds),1,767,
sakimori_dan,1,782,
sakino_shingetsu,1,923,
sakiryo_kanna,1,405,
sakiyamama,1,1080,
sakiyo_cake,1,413,
sakizaki_saki-p,1,417,
sakkan,1,195,
sako_(35s_00),1,225,
sako_(bosscoffee),1,664,
sakofu,1,140,
sakon04,1,147,
saku_(kudrove),1,474,
saku_(osake_love),1,451,
saku_(saku1151),1,108,
saku_anna,1,427,
saku_nosuke,1,157,
saku_usako_(rabbit),1,1307,
sakuma_tsukasa,1,106,
sakumichi,1,135,
sakupanp,1,132,
sakura_(39ra),1,122,
sakura_(doors),1,108,
sakura_(medilore),1,261,
sakura_ab,1,117,
sakura_ani,1,341,
sakura_chiyo_(konachi000),1,409,
sakura_hanatsumi,1,128,
sakura_hanpen,1,181,
sakura_hiyori,1,443,
sakura_kanawo,1,111,
sakura_koharu,1,187,
sakura_kotetsu,1,252,
sakura_moyon,1,193,
sakura_no_tomoru_hi_e,1,387,
sakura_no_yoru,1,109,
sakura_oriko,1,1126,
sakura_ran,1,257,
sakura_romu,1,204,
sakura_ryuuken,1,292,
sakura_shiho,1,131,
sakura_shiori,1,117,
sakura_sora,1,192,
sakura_szm,1,125,
sakura_tsubame,1,205,
sakura_yuki_(clochette),1,518,
sakuraba_hikaru_(loveindog),1,511,
sakuraba_yuuki,1,1001,
sakurabe_notos,1,161,
sakuradou,1,127,
sakuragi_kei,1,136,
sakuragi_ren,1,459,
sakuragi_rian,1,126,
sakurai_energy,1,325,
sakurai_makoto_(custom_size),1,400,
sakurai_nana_(moshichi),1,118,
sakurai_unan,1,158,
sakuraihum,1,155,
sakurajima_saromako,1,181,
sakuramarusan,1,194,
sakurame,1,393,
sakurami_sumi,1,127,
sakuramochi1003,1,128,
sakuramochi_(sakura_frappe),1,513,
sakuramori_sumomo,1,107,
sakurano_ru,1,261,
sakurasaka,1,136,
sakurasawa_yukino,1,118,
sakurato_ototo_shizuku,1,311,
sakurato_remi,1,125,
sakurato_tsuguhi,1,116,
sakurazawa_izumi,1,1022,
sakurea,1,196,
sakuremi,1,272,
sakuro,1,154,
sakusakusakurai,1,157,
sakusyo,1,231,
sakutaishi,1,164,
sakutake_(ue3sayu),1,175,
sakuya_(liao_kj),1,172,
sakuya_tsuitachi,1,570,
sakuyu,1,341,
salamander_(hop-step),1,318,
salanchu,1,151,
sally_(luna-arts),1,193,
salmon88,1,335,
salpin,1,293,
salt_(salty),1,213,
salt_(seasoning),1,144,
saltydanshark,1,234,
saltyicecream,1,113,
saltyxodium,1,122,
sam_yang,1,280,
sama_samasa,1,402,
samart,1,173,
same_(sendai623),1,130,
same_anko,1,262,
sameda_koban,1,311,
samegami,1,401,
sameha_ikuya,1,531,
samei_ikusa,1,224,
sameya,1,141,
sameyama_jiro,1,238,
sami_(object_dump),1,260,
samidare_(hoshi),1,339,
samip,1,909,
samneco,1,1228,
samoore,1,204,
samsara_(shuukeura),1,204,
samuimu,1,174,
san-pon,1,502,
san_(harutuki_3),1,200,
sana!rpg,1,192,
sana_(37pisana),1,301,
sana_(sanamaru_0w0),1,153,
sanada_keisui,1,110,
sanae_(satansanae),1,123,
sanagi_torajirou,1,174,
sanari_(quarter_iceshop),1,307,
sanazura_hiroyuki,1,149,
sanbasou,1,289,
sandcasks,1,126,
sandragh,1,111,
sane-person,1,178,
sanemichi_hajime,1,249,
sanjiro_(tenshin_anman),1,259,
sankaku,1,147,
sankakusui,1,572,
sankomichi,1,179,
sankuma,1,613,
sankuro_(agoitei),1,467,
sankyaku_tako,1,154,
sankyo_(821-scoville),1,132,
sanmoto_gorouzaemon,1,125,
sanninme_no_haru,1,146,
sano_(hospital_0434),1,165,
sano_br,1,122,
sano_sanoko,1,115,
sano_toshihide,1,905,
sanom,1,153,
sanotsuki,1,222,
sanpachishiki_(gyokusai-jima),1,371,
sansan_(dongfangzhong111),1,116,
sanshita,1,314,
sanshoku_amido,1,411,
santa_(sunflower),1,237,
santa_matsuri,1,282,
sanuki_(kyoudashya),1,203,
sanwari_(aruji_yume),1,193,
sao_(0060),1,121,
sao_satoru,1,213,
saolin_(wudangx),1,126,
sape_(saperon_black),1,195,
sapphire_(nine),1,531,
sapphire_(sapphire25252),1,227,
sara_(kurome1127),1,161,
saraki,1,521,
sarasadou_dan,1,287,
sarashina_kau,1,145,
sarcophage,1,165,
sarena,1,178,
sarfata,1,191,
sarhce,1,192,
saru,1,946,
saruanu,1,212,
saruchitan,1,194,
saruei,1,178,
sarukaiwolf,1,399,
sarukana,1,186,
saruno_(eyesonly712),1,172,
saryuu_(iriomote),1,139,
sas_(ls08b),1,113,
sasa_kichi,1,303,
sasa_onigiri,1,368,
sasaame,1,517,
sasabunecafe,1,191,
sasachin_(k+w),1,231,
sasagawa_(haikaiki),1,117,
sasago_kaze,1,189,
sasahara_wakaba,1,374,
sasahara_yuuki,1,428,
sasahiro,1,142,
sasai_saji,1,416,
sasairebun,1,422,
sasakama_(sasagaki01),1,127,
sasaki_(dkenpisss),1,139,
sasaki_(glass1138),1,128,
sasaki_akira_(ugc),1,368,
sasaki_fumi,1,124,
sasaki_mutsumi,1,217,
sasaki_sakiko,1,181,
sasaki_tatsuya,1,179,
sasaki_tomomi,1,330,
sasakichi_(ssk_chi),1,229,
sasakuma_kyouta,1,150,
sasakura,1,288,
sasakura_(calicchio),1,210,
sasakura_momiji,1,143,
sasamaru_chimaki,1,133,
sasamashin,1,141,
sasamori_tomoe,1,505,
sasanomesi,1,203,
sasanon_(sasapoliton),1,387,
sasanoneko,1,175,
sasaoka_gungu,1,238,
sasasi,1,127,
sasayuki,1,484,
sasetsu,1,186,
sashima,1,131,
sashiyu,1,207,
sashizume_soutarou,1,313,
sasi_mozzi1,1,166,
sasorigatame,1,239,
sasoura,1,156,
sasucchi95,1,305,
sasuga_kei,1,115,
sasuke_(sasuke_no_sato),1,110,
sasurai_susuki,1,122,
sat-c,1,282,
sataen,1,136,
satchely,1,162,
satelyte,1,148,
sato-pon,1,178,
sato_ame,1,400,
sato_art,1,216,
satogo,1,199,
satoimo_(3311_mi),1,107,
satoimo_chika,1,146,
satomachi,1,227,
satome_setsuko,1,136,
satomi_(black_scarecrow),1,333,
satomi_yoshitaka,1,295,
satomura_kyou,1,385,
satori_(aosky9077),1,303,
satosi,1,126,
satou_(3366_s),1,170,
satou_(kuso-neet),1,143,
satou_aji,1,278,
satou_atsuki,1,503,
satou_daiji,1,944,
satou_kibi,1,1336,
satou_kuuki,1,724,
satou_memeko,1,141,
satou_rin_(gobugabuge),1,173,
satou_samu,1,152,
satou_satoru,1,115,
satou_shouji,1,718,
satou_toshiyuki,1,247,
satou_yasu,1,131,
satou_yuuki,1,1193,
satoupote,1,401,
satoyasu,1,107,
satsuki_(miicat),1,172,
satsuki_imonet,1,263,
satsuki_kei,1,140,
satsuki_mayuri,1,149,
satsuki_mei_(sakuramochi),1,150,
satsuki_misuzu,1,136,
satsuki_neko,1,407,
satsuki_yukimi,1,207,
satsuma_age,1,132,
satsumapotato,1,448,
satsumi,1,170,
satsuyo,1,161,
saturndxy,1,121,
sauvignon,1,194,
savan,1,196,
savi_(byakushimc),1,220,
sawa_(snack_yoshie),1,159,
sawa_jaaji,1,152,
sawada_yuusuke,1,340,
sawamura_aoi,1,124,
sawamura_hikaru,1,126,
sawao,1,557,
sawara65,1,193,
sawara_noa,1,126,
sawarabi_(sawarabi725),1,116,
sawarakajin,1,177,
sawasa,1,111,
sawatari_(sado),1,215,
sawati,1,186,
sawaya_(mizukazu),1,409,
sawayaka_samehada,1,460,
sawch_cls,1,125,
sawitou_mizuki,1,149,
sawkm,1,236,
say_hana,1,222,
saya_(mychristian2),1,357,
saya_(sayaya),1,122,
saya_pr,1,258,
sayakata_katsumi,1,357,
sayama_yoshiki,1,108,
sayika,1,249,
sayo_tanku,1,146,
sayori_(neko_works),1,1918,
sayousuke,1,133,
sayoyonsayoyo,1,162,
sayuwan,1,112,
sazaki_ichiri,1,754,
sazamiso_rx,1,304,
sazanami_(ripple1996),1,111,
sazanami_konami,1,575,
sazanami_mio,1,649,
sazanami_shione,1,121,
sb_(coco1),1,144,
sb_lama,1,178,
sbbs,1,124,
sbel02,1,282,
sbgu,1,219,
sbs,1,369,
sc_naru,1,132,
scarlet_(studioscr),1,193,
scarlet_(wv0102),1,194,
scathegrapes,1,152,
scavia10,1,229,
sch,1,280,
scharfschutze,1,146,
schreibe_shura,1,226,
sciamano240,1,899,
scorpion5050,1,125,
scott_malin,1,487,
scottie_(phantom2),1,1068,
scruffyturtles,1,186,
sd_bigpie,1,140,
sdz_(inazuma),1,268,
se-u-ra,1,166,
sea_nami,1,146,
sea_scorpion_(umisasori),1,141,
sebas_murasaki,1,163,
seboneko,1,112,
sebu_illust,1,305,
sebunsu,1,109,
secon,1,135,
secretbusiness,1,112,
seeker,1,250,
seele0907,1,132,
seero,1,186,
segamark,1,177,
segami_daisuke,1,548,
segawa_luna,1,113,
sei000,1,106,
sei_(kaien_kien),1,959,
sei_shoujo,1,493,
seicoh,1,204,
seihekiog,1,672,
seijun,1,724,
seika_okawari,1,138,
seinen,1,165,
seiran_(mousouchiku),1,552,
seiru_(prairie),1,769,
seisui_bar,1,181,
seitei_(04seitei),1,195,
seizou_hidzuke,1,164,
sekai_saisoku_no_panda,1,434,
seki_(red_shine),1,740,
seki_suzume,1,110,
sekiguchi_miiru,1,326,
sekihan,1,228,
sekihara_umina,1,186,
sekijaku,1,165,
sekimo,1,109,
sekina,1,1418,
sekino_takehiro,1,115,
sekira_ame,1,457,
sekisei_(superego51),1,136,
sekitaku,1,112,
sekiya_asami,1,410,
sekiyu_(spartan),1,198,
selcky,1,402,
sema_(vivaviva_02),1,186,
semikichi,1,120,
sempon_(doppio_note),1,479,
sen'yuu_yuuji,1,308,
sen1986,1,336,
sen_(astronomy),1,770,
sen_(daydream_53),1,119,
sen_(sansui),1,462,
sen_(sen0910),1,173,
senano-yu,1,240,
senbei_(avocadochaya),1,166,
senbei_(senbe_i),1,221,
senbon_tsuki,1,179,
sencha_(senchat),1,185,
sencha_(senta_10),1,180,
senchan_7,1,115,
sendo_(sendrawz),1,358,
seneto,1,652,
sengoku_aky,1,199,
sengoku_chidori,1,115,
sengwaa,1,126,
senhappyaku,1,173,
senji_(tegone_spike),1,364,
senju_(snz0),1,419,
senmu_(0107),1,374,
senmu_(senmudayo),1,205,
senmura,1,236,
seno_(senohime),1,272,
senomoto_hisashi,1,646,
senri_gan,1,627,
sensen,1,254,
senshiya,1,155,
senta_(ysk_0218),1,184,
sentape,1,113,
sentter,1,143,
senya_fuurin,1,110,
senzaicha_kasukadoki,1,191,
senzoc,1,138,
senzzang,1,247,
seo_jaiil,1,295,
seo_kouji,1,154,
seo_tatsuya,1,1076,
seoji,1,137,
seorang,1,171,
septet_(zrca_janne),1,155,
sera_(serappi),1,181,
serafleur,1,111,
seramikku,1,701,
seraphim_throne,1,113,
seraziel,1,1197,
serebi_ryousangata,1,1057,
seren_(staphy),1,344,
sereneandsilent,1,224,
seri_(vyrlw),1,205,
seri_(yuukasakura),1,190,
serika,1,122,
serike_w,1,126,
serin199,1,151,
serino_itsuki,1,233,
serizawa_(serizawaroom),1,445,
serizawa_mutsuki,1,214,
servachok,1,112,
sese_nagi,1,155,
sesena_yau,1,217,
seseren,1,288,
sesield,1,467,
set7,1,166,
sethkiel,1,154,
sethxzoe,1,136,
setmen,1,306,
seto_(asils),1,110,
setona_(daice),1,110,
setta_shu,1,127,
settyaro,1,109,
setu_kurokawa,1,250,
setz,1,994,
seuga,1,196,
seungju_lee,1,298,
seura_isago,1,139,
sevie,1,122,
sewenan,1,128,
sezok,1,263,
sg_(esujii),1,134,
sg_(satoumogumogu),1,144,
sgk,1,370,
sgt-jz,1,122,
sh_(shinh),1,471,
sha2mo,1,264,
shaa,1,110,
shabana_may,1,461,
shacho_(ko_no_ha),1,237,
shachoo.,1,222,
shachoo_(poco_poco),1,127,
shadman,1,177,
shadowgrave,1,129,
shadowsinking,1,194,
shaggy_susu,1,246,
shaka_(staito0515),1,140,
shake-o,1,339,
shake_sawa,1,108,
shakemi_(sake_mgmgmg),1,473,
shamakho,1,466,
shamisen_(syami_sen),1,129,
shamo_(koumakantv),1,477,
shamonabe,1,293,
shan,1,492,
shanguier,1,240,
shangurira,1,161,
shangzi,1,118,
shano_hiyori,1,163,
shanyao_jiang_tororo,1,291,
shao_(shaorouhong),1,107,
shaojiang,1,176,
shapam_(zeepgalae),1,183,
shapoco,1,183,
sharekoube,1,138,
sharpffffff,1,140,
sharumon,1,239,
shashaki,1,784,
sheepd,1,236,
shefu,1,285,
shei99,1,149,
sheita,1,349,
shellvi,1,515,
shenaidi,1,117,
shenanimation,1,112,
shenbei_xiaoqiu,1,276,
shengtian,1,923,
shennai_misha,1,500,
shenqi_(toid310),1,159,
shenqi_de_(9),1,149,
shenqi_xiao_hong_zai_nali,1,124,
shepherd0821,1,598,
sherryqq,1,133,
sherumaru_(korcht06),1,108,
sheska_xue,1,176,
shexyo,1,625,
sheya,1,1367,
sheyona,1,120,
shi646,1,132,
shi_chimi,1,271,
shia_job,1,186,
shian_(my_lonly_life.),1,298,
shiao,1,154,
shiawase_hougan,1,112,
shiba_(s_hi_ba_),1,114,
shiba_(zudha),1,178,
shiba_itsuki,1,430,
shiba_nanasei,1,167,
shiba_yuuji,1,165,
shiba_yuuki,1,111,
shibacha,1,652,
shibaebi_(yasaip_game),1,131,
shibafu_(glock23),1,560,
shibainu,1,125,
shibainu_niki,1,257,
shibakame,1,198,
shibanme_tekikumo,1,130,
shibano_kaito,1,123,
shibasaki_shouji,1,961,
shibata_masahiro,1,137,
shibata_rai,1,214,
shiben_(ugvu5784),1,243,
shibi,1,179,
shibori_kasu,1,555,
shibuhiko,1,120,
shibuki_kamone,1,137,
shiburingaru,1,189,
shibusun,1,227,
shibuya_(kurokamishain),1,187,
shichibee_(stm_mimi),1,111,
shichigatsu,1,474,
shichimenchou,1,1044,
shichinose,1,179,
shichouson,1,150,
shida_kazuhiro,1,191,
shideboo_(shideboh),1,118,
shiden_(sashimi_no_wife),1,337,
shiduki_eku,1,191,
shift_(shiftillust),1,135,
shift_(waage),1,459,
shifumame,1,204,
shigaraki_(strobe_blue),1,228,
shigatake,1,530,
shigatsu_shizuki,1,120,
shigehiro_(hiroi_heya),1,222,
shigekikkusu,1,300,
shigemitsu_jun,1,173,
shigemiya_kyouhei,1,211,
shigenobu,1,154,
shigetake_(buroira),1,380,
shigino_sohuzi,1,882,
shiguma_(signalmass),1,228,
shigunyan,1,283,
shigure_(sigre),1,154,
shigure_ryuunosuke,1,489,
shigure_s,1,247,
shigure_ui,1,359,
shigureru,1,217,
shigureteki,1,136,
shiguri,1,116,
shigurio,1,106,
shihou_(g-o-s),1,333,
shihou_haru,1,123,
shii_(kairi-t-k0317),1,134,
shiika_sadamasa,1,122,
shiika_yuno,1,222,
shiiki_(love-saber),1,129,
shiimai,1,113,
shiina_aoi,1,114,
shiina_excel,1,534,
shiina_kuro,1,285,
shiino_sera,1,197,
shiitake_nabe_tsukami,1,298,
shiitake_taishi,1,348,
shijima_(sjmr02),1,210,
shika_(s1ka),1,182,
shika_miso,1,202,
shikano_sumiaki,1,186,
shikaya,1,129,
shikei,1,417,
shiki_(catbox230123),1,260,
shiki_(psychedelic_g2),1,461,
shiki_(shiki1230),1,213,
shiki_(shikki46),1,300,
shikido_(khf),1,255,
shikimi_(yurakuru),1,205,
shikino_yuki,1,328,
shikitani_asuka,1,568,
shikito,1,605,
shikniful,1,141,
shikou_sakugo_(qqap9gt9k),1,130,
shikushiku_(amamori_weekly),1,667,
shikuta_maru,1,258,
shima-shuu,1,326,
shima_(wansyon144),1,617,
shimada_fumikane,1,1372,
shimadoriru,1,403,
shimadouma,1,109,
shimaji,1,168,
shimakaze_(soundz_of_bell),1,210,
shimakoma,1,106,
shimana_(cs-ts-az),1,165,
shimano_natsume,1,235,
shimanoji,1,119,
shimashiro_itsuki,1,217,
shimatani_azu,1,463,
shimatori_(sanyyyy),1,191,
shimazaki1152,1,159,
shimazaki_mujirushi,1,1595,
shimejinameko,1,506,
shimesaba_kohada,1,113,
shimetta_seiya,1,109,
shimhaq,1,318,
shiming_liangjing,1,315,
shimizu_akina,1,272,
shimizu_megumi_(m_acquerello),1,108,
shimizu_pem,1,212,
shimmer,1,819,
shimo_(depthbomb),1,393,
shimo_(shimo332215),1,115,
shimoda_masaya,1,148,
shimofuri_kaeru,1,139,
shimogamo_(shimomo_12),1,277,
shimoguchi_tomohiro,1,113,
shimomoto,1,169,
shimon_(31426784),1,107,
shimotsuki_eight,1,176,
shimotsuki_keisuke,1,106,
shimotsuki_shio,1,211,
shimouki_izui,1,518,
shimure_(460),1,312,
shin'en_(gyokuro_company),1,332,
shin'ya_(nanp),1,461,
shin'ya_(shin'yanchi),1,464,
shin'yashiki,1,545,
shin_(highest1192),1,243,
shin_(new),1,842,
shin_(shin_k009),1,177,
shin_no_tenpii,1,209,
shina_shina,1,237,
shinae,1,117,
shinama,1,856,
shinano_yura,1,124,
shinanoya_(satanicad),1,230,
shinapuu,1,727,
shinburu,1,145,
shindol,1,144,
shindou_kamichi,1,107,
shinekalta,1,332,
shingetsu_takehito,1,109,
shingo_(missing_link),1,322,
shingyou_(alexander-13),1,571,
shingyouji_tatsuya,1,469,
shinia,1,188,
shinigami_kiraki,1,111,
shinishi_chiho,1,257,
shinjiro,1,225,
shinjitsu,1,227,
shinjitsu_(true_ride),1,142,
shinkuukan_(tetsuo3),1,210,
shinmai_(kyata),1,424,
shinmon_akika,1,396,
shinnasuka025,1,131,
shino-o,1,110,
shino_(comic_penguin_club),1,274,
shino_(eefy),1,401,
shino_(ponjiyuusu),1,2057,
shino_(r_shughart),1,129,
shino_(syllable),1,162,
shino_(yaruki_nai_yatsu),1,136,
shino_duka,1,143,
shino_sto,1,108,
shinoasa,1,651,
shinomiya_shino_(sinosino141),1,150,
shinomu_(cinomoon),1,409,
shinonoko,1,136,
shinonoko_(tubamecider),1,134,
shinonome_asu,1,335,
shinonome_sakura,1,183,
shinori,1,196,
shinovi,1,144,
shinozuka_atsuto,1,421,
shinozuka_jouji,1,563,
shinozuki_takumi,1,130,
shinryou_rei,1,114,
shinsaku_(stan-art),1,143,
shinshin,1,658,
shinsono_shiroko,1,115,
shintani_tsushiya,1,159,
shintarou,1,521,
shinzui_(fantasysky7),1,217,
shio_(futatsumami),1,282,
shio_(shiofeifei),1,190,
shio_kouji_(shiokojii),1,141,
shiodome_oji,1,316,
shiohachi,1,129,
shiokonbu,1,439,
shiomi_(lowrise),1,142,
shiomizu_(swat),1,165,
shion1350,1,144,
shion_(mirudakemann),1,140,
shiona_(siona0625),1,112,
shiono_(0303),1,118,
shionootsu,1,116,
shiontaso,1,278,
shionty,1,161,
shiori_(moechin),1,111,
shiory,1,153,
shiosoda,1,300,
shiozaki_yuji,1,129,
shipii_(jigglypuff),1,421,
shipu_(gassyumaron),1,185,
shira_(sirairo116),1,232,
shira_jun,1,154,
shira_yu_ki,1,136,
shirabi,1,996,
shirafuji_ene,1,109,
shiraha_maru,1,489,
shirahama_kamome,1,127,
shirahane_nao,1,340,
shirai_tanuki,1,113,
shirai_yu,1,129,
shiraishi_(siraisi00),1,115,
shirakawako,1,211,
shiraki_shiori,1,128,
shirako_(kirupi),1,465,
shirako_miso,1,272,
shiramori_yuse,1,208,
shiranagi,1,309,
shirane_koitsu,1,162,
shirane_taito,1,109,
shirase_(shirose),1,310,
shirasu_uni,1,372,
shirasu_youichi,1,235,
shirasumato,1,135,
shirataki_kaiseki,1,222,
shiratakiseaice,1,113,
shiratama_(hockey),1,543,
shiratama_(shiratamaco),1,836,
shiratama_(siratama_ll),1,117,
shiratama_dango,1,117,
shiratama_mochi,1,180,
shiratsuki_shiori,1,376,
shiraue_yuu,1,402,
shirayuiii,1,137,
shirayuki_towa,1,286,
shiren_(ourboy83),1,319,
shirihime,1,150,
shirinda_fureiru,1,203,
shiro9jira,1,264,
shiro_(octet),1,142,
shiro_(reptil),1,299,
shiro_albino,1,166,
shiro_font,1,126,
shiro_kuma_shake,1,489,
shiro_maru,1,157,
shiro_wa_(shiroshironix),1,186,
shiro_youduki,1,193,
shiroaisa,1,111,
shirocha_tei,1,129,
shirogami_seisho,1,119,
shirogane_(cufsser),1,190,
shirogane_(platinum),1,465,
shirogane_hina,1,399,
shiroi_karasu,1,262,
shiroimaru,1,224,
shiroino_(shirayuki_mutsuki),1,153,
shirokitsune,1,441,
shirokujira,1,207,
shirokuma_(nankyoku),1,280,
shirokuma_(zeroillya),1,155,
shirokuma_a,1,579,
shiroma_(mamiko),1,201,
shiromako,1,147,
shiromanta,1,1636,
shiromaru_(maniado),1,150,
shiromikan,1,145,
shiromiso,1,142,
shiromoca,1,146,
shiromochi_sakura,1,144,
shiromoru_(yozakura_rety),1,191,
shiron_(shiro_n),1,119,
shirone_(coxo_ii),1,167,
shironeko_haru,1,198,
shironeko_sanbou,1,171,
shironeko_yuuki,1,386,
shironekokfp,1,152,
shirono,1,283,
shirosaba,1,191,
shirosaki_london,1,118,
shirosame,1,107,
shirosato,1,1538,
shiroshi_(denpa_eshidan),1,618,
shiroshisu,1,320,
shirosu,1,158,
shirosuzu,1,386,
shirota69,1,123,
shirotategosha,1,139,
shirotsuki_shirone,1,140,
shirotsumekusa,1,614,
shirousagi_uyu,1,153,
shirouzu_myuuta,1,134,
shirow_(mha03133),1,135,
shirow_masamune,1,961,
shiroyukimajima,1,132,
shirubaa,1,136,
shirubaburu,1,112,
shiruko,1,107,
shirushiki,1,311,
shisantian,1,235,
shisei_(kyuushoku_banchou),1,330,
shiseki_hirame,1,2394,
shishanmo,1,158,
shishi_juuroku,1,380,
shishigami_(sunagimo),1,241,
shishimaru_ken'ya,1,146,
shishin_(shishintei),1,123,
shishinon,1,176,
shishou_(doragyurosu),1,113,
shisoneri,1,296,
shisshou_senkoku,1,142,
shitacemayo,1,280,
shitappa,1,182,
shitou_(4h),1,136,
shiwa_(siwaa0419),1,313,
shiwasu_horio,1,510,
shiwasu_no_okina,1,481,
shiwasu_takashi,1,154,
shiwo,1,187,
shiwo_(siwosi),1,189,
shize_(coletti),1,108,
shizuki_michiru,1,161,
shizuma_yoshinori,1,431,
shizuna_kaede,1,356,
shnva,1,676,
sho-n-d,1,432,
sho_(runatic_moon),1,242,
sho_(sumika),1,152,
sho_bu_1116,1,222,
shocho_(shaojiujiu),1,120,
shoe-ji,1,147,
shoeguy,1,125,
shogo_(4274732),1,157,
shogo_(shogo70449442),1,108,
shoichi_(ekakijin),1,117,
shoji_sakura,1,153,
shokugyo,1,135,
shokupan_(slvk12),1,196,
shokushi_yuu,1,130,
shokuyou_koori,1,164,
shokuyou_mogura,1,501,
shone,1,608,
shoochiku_bai,1,115,
shoohee,1,110,
shooko,1,183,
shoori_(migiha),1,215,
shopyun,1,135,
shotgunman,1,161,
shou937,1,224,
shougun_(chuckni1),1,366,
shouhei,1,153,
shouhou-san_daisuki_teitoku,1,173,
shouji_ayumu,1,441,
shouji_nigou,1,540,
shoujo_donburi,1,338,
shoukaki_(earthean),1,232,
shouma_(bravespiritya),1,129,
shouma_keito,1,160,
shoumaru_(gadget_box),1,284,
shouna_mitsuishi,1,254,
shounen_(hogehoge),1,449,
shouni_(sato3),1,151,
shouno_kotarou,1,125,
shourou_kanna,1,170,
shousan_(hno3syo),1,180,
shouu-kun,1,293,
shovelwell,1,153,
show_chiku-by,1,122,
shpo,1,518,
shu-mai,1,433,
shu-z,1,229,
shuffle_(songdatiankong),1,149,
shuga_(soranote),1,495,
shugao,1,396,
shukinuko,1,236,
shukurin,1,110,
shukusuri,1,241,
shumiko_(kamenokoueki),1,203,
shun_(rokudena-shi),1,449,
shundou_heishirou,1,405,
shungikuten,1,198,
shunichi,1,443,
shunsei_(muratou),1,211,
shunsuke,1,325,
shuragyoku_mami,1,129,
shuri_(84k),1,734,
shuri_(syurigame),1,191,
shuri_yasuyuki,1,168,
shutou_mq,1,165,
shuu-0208,1,154,
shuu_illust,1,118,
shuucream_(syuichi),1,189,
shuuichi_(gothics),1,126,
shuuji_(shumi),1,171,
shuuko_(s_h_uuko),1,379,
shuutou_haruka,1,143,
shuuzo3,1,288,
shuvi_(shuvi1125),1,243,
shuz_(dodidu),1,202,
shycocoa,1,116,
sian,1,240,
sibata_maru,1,138,
sibyl,1,257,
sicky_(pit-bull),1,178,
sidarim,1,133,
sido_(slipknot),1,529,
siera_(sieracitrus),1,238,
sifserf,1,108,
sigama,1,260,
sigm@,1,292,
signal_1120,1,132,
signalviolet,1,280,
signo_aaa,1,194,
sigurd_hosenfeld,1,181,
siguya,1,111,
siino,1,250,
siirakannu,1,539,
sikijou77o,1,243,
sikorsky,1,164,
sila_(carpen),1,333,
silanduqiaocui,1,123,
silence_girl,1,769,
sills,1,265,
silly_(marinkomoe),1,568,
silver_(chenwen),1,489,
silver_bell,1,184,
silver_bullet_(ecc12_8),1,283,
silvercandy_gum,1,126,
silveroid,1,254,
silvertsuki,1,331,
silverxp,1,450,
sima_(startwitch),1,120,
sima_naoteng,1,189,
simao_(x_x36131422),1,391,
simon_(n.s_craft),1,130,
simosi,1,177,
simoyuki,1,496,
sin-go,1,243,
sin11111,1,122,
sin_(sin52y),1,158,
sin_(sintrybest),1,133,
sin_seishun,1,115,
sinakyo,1,166,
sinaooo,1,187,
sincos,1,1937,
sinensian,1,341,
sinkai,1,245,
sinko,1,143,
sinlaire,1,169,
sinnra_art,1,127,
sino42,1,227,
sino_(sionori),1,305,
sinobi_illust,1,126,
sinzan,1,324,
sinzen,1,169,
siokazunoko,1,237,
siqi_(miharuu),1,110,
sirachi,1,242,
siraha,1,444,
sirakaro,1,142,
sirataki_umauma,1,173,
sirills,1,177,
sirokohi,1,284,
sironora,1,198,
sirosoil,1,108,
sirurabbit,1,118,
sishenfan,1,132,
siu_(siu0207),1,581,
siun,1,259,
siva_(executor),1,165,
siw0n,1,175,
siwasunohige,1,117,
sixten,1,486,
siy_(shengxiu760722),1,146,
siya_ho,1,126,
sizma,1,112,
sjw_kazuya,1,117,
sk02,1,113,
sk_jynx,1,115,
ska.harumi,1,188,
skade,1,209,
skai_kun,1,396,
skeptycally,1,550,
skj,1,288,
skull573,1,169,
skullchimes,1,146,
sky-freedom,1,1275,
sky_above_me,1,153,
sky_cappuccino,1,230,
skylader,1,158,
skym_(kumei),1,127,
skyrail,1,138,
skyrain315,1,112,
skyrick9413,1,240,
skysign_ft,1,119,
skywalker0610,1,228,
slash-ex,1,145,
sleepy_frippy,1,231,
sleepyowl_(jobkung15),1,132,
sleepypudding,1,173,
slm,1,123,
slugbox,1,2298,
smewed,1,151,
smgold,1,156,
smile_(qd4nsvik),1,217,
smile_(rz),1,139,
smilesmile1312,1,113,
smjim1986,1,120,
smlltb,1,112,
smokerichi,1,137,
snale,1,121,
snapagi,1,159,
snatti,1,193,
snegovski,1,372,
snm_(sunimi),1,429,
snoozaga,1,142,
snow_is,1,194,
snowball22,1,376,
snowcie,1,177,
snozaki,1,195,
so-bin,1,340,
so-taro,1,151,
so_dasui1,1,132,
soap_(user_kghh4755),1,116,
sob_(submar1089),1,224,
soba_(saz),1,363,
soba_(sobaya1938),1,112,
soba_chatarou_(tita),1,120,
soborou,1,171,
socha,1,699,
sodapop_(iemaki),1,199,
sody,1,382,
soejima_shigenori,1,506,
sofa_(enogunomu),1,109,
sofra,1,2161,
softhanten,1,141,
softmode,1,507,
sofusan1526,1,113,
sofy,1,260,
sogabe_shuuji,1,127,
sogabe_toshinori,1,298,
sogawa,1,294,
sogaya,1,311,
sohin,1,361,
sohn_woohyoung,1,199,
sokona_(sosokona),1,124,
soku_(bluerule-graypray),1,132,
sokura_(mochichitose),1,296,
sola7764,1,220,
sola_(solo0730),1,115,
solar_(happymonk),1,406,
solcha,1,173,
soleil_(soleilmtfbwy03),1,148,
solidus_(sword_cube),1,117,
sollyz,1,262,
solokitsune,1,277,
solokov_(okb-999),1,204,
solopipb,1,251,
solru,1,191,
some1else45,1,320,
somebody_(leiking00),1,330,
somechime_(sometime1209),1,425,
somehira_katsu,1,190,
somei_ooo,1,135,
somejima,1,114,
someyaya,1,135,
somray,1,214,
sonao,1,336,
sonchi,1,149,
songchuan_li,1,226,
songjikyo,1,235,
sonikey0_0,1,151,
sonjow4,1,136,
sonoda_ken'ichi,1,205,
sonomi,1,137,
sonri,1,175,
sonson_(eleven),1,636,
sonsoso,1,131,
sookmo,1,366,
soon_(c-u-soon),1,260,
sooon,1,712,
sooru0720,1,153,
soosaresu,1,128,
sora_(efr),1,229,
sora_(men0105),1,209,
sora_(silent_square),1,115,
sora_(sky_s04),1,153,
sora_72-iro,1,533,
sora_mame_(princess_0sora),1,131,
sora_no_amagumo,1,237,
sora_to_umi,1,322,
soraao0322,1,154,
soragane_(banisinngurei),1,152,
sorai_shin'ya,1,452,
sorairo_len,1,115,
soramame_(corndog),1,132,
soramuko,1,395,
soranagi,1,185,
soranagi_yuki,1,151,
soranamae,1,581,
soraneko_hino,1,267,
sorani_(kaeru0768),1,594,
sorano_(12gou),1,168,
sorano_eika,1,123,
sorapoi,1,381,
sorashima_(117),1,118,
sorato_(astllatte),1,203,
soreeyu_(sore-yu),1,130,
soresaki,1,266,
sorimachi-doufu,1,1386,
sorimura_youji,1,356,
sorono,1,131,
sorotu,1,128,
soso_(chlgksk110),1,223,
sotcho,1,108,
soto,1,255,
sou_(kanade_3344),1,204,
sou_(pale_1080),1,134,
sou_(soutennkouchi),1,358,
sou_(tuhut),1,319,
soubi,1,152,
sougetsu_(yosinoya35),1,309,
sougetsu_izuki,1,174,
sougishi_ego,1,151,
soukitsu,1,114,
soukou_makura,1,330,
soukuu_kizuna,1,216,
soul_(tamashii),1,160,
souma_(ordures),1,266,
soumendaze,1,120,
souno_kazuki,1,112,
souryu,1,553,
souryuu_(double_dragon),1,129,
sousakubito,1,151,
sousou_(sousouworks),1,751,
sousouman,1,1024,
sousui_hani,1,149,
souta_(karasu_no_ouchi),1,287,
south_ac,1,164,
sowel_(sk3),1,328,
sowon,1,204,
soya_(torga),1,217,
soybean_(hisoybean),1,127,
soyoong_jun,1,282,
soyosoyo,1,274,
sozan,1,266,
sp0i0ppp,1,349,
sp123,1,146,
spacecolonie,1,178,
spacelongcat,1,142,
spacezin,1,1127,
spade-m,1,124,
spaghe,1,173,
spam_(spamham4506),1,512,
spareribs,1,162,
spark621,1,213,
sparks_summer,1,133,
sparrowl,1,459,
spawnfoxy,1,249,
special_cat,1,258,
speckticuls,1,236,
speedl00ver,1,418,
speedoru,1,173,
speh,1,375,
spencer_sais,1,147,
spice_mega,1,115,
spicy_bardo,1,263,
spicy_moo,1,350,
spider_apple,1,284,
spidu,1,292,
spindle_(aidenr0),1,286,
spirytus_tarou,1,329,
spl8ya,1,109,
splashbrush,1,355,
splush_wave,1,228,
spring2013,1,169,
spykeee,1,267,
squchan,1,518,
squeezable_(squeezabledraws),1,517,
srpzk,1,197,
srro_yo,1,112,
ssalbulre,1,554,
ssambatea,1,304,
sseopik,1,400,
sskitaco,1,152,
ssn_(sasa8u9r),1,132,
sstthei,1,114,
st.germain-sal,1,397,
st.kuma,1,157,
st_(youx1119),1,302,
stack_(sack_b7),1,120,
stank,1,182,
stanley_lau,1,607,
star741,1,191,
starfox1015,1,176,
starheart,1,254,
starkamisan,1,186,
starmilk,1,229,
starraisins,1,697,
starshadowmagician,1,811,
steamed_egg,1,113,
steb,1,134,
steeb,1,173,
steed_(steed_enterprise),1,362,
stellarspin,1,133,
stem_(roam),1,127,
step_arts,1,139,
stick_jitb,1,117,
stiel,1,142,
stigma1101,1,175,
stmast,1,276,
stoic_seraphim,1,278,
stone_(ksorede),1,251,
stopu,1,118,
stormcow,1,305,
strelka_belca,1,146,
stroma,1,168,
sts,1,253,
stu_dts,1,279,
studio_sunadokei,1,111,
studiolg,1,177,
studiopokotan,1,121,
studiozombie,1,376,
stup-jam,1,116,
stupa13a,1,290,
su_(sajo_su5),1,125,
su_xiao_jei,1,190,
suan_ringo,1,207,
sub-res,1,301,
subachi,1,507,
subaru_(subachoco),1,153,
subaru_(yachika),1,253,
submashell,1,205,
substance20,1,192,
succuboos,1,166,
suda_(yuunagi_enikki),1,222,
suda_ayaka,1,162,
sudachi_(calendar),1,168,
sudachips,1,162,
sudou_noboru,1,116,
sue_(bg-bros),1,170,
suehiroch0,1,125,
suenari_(peace),1,310,
suerte,1,339,
suesan,1,153,
suetake_(kinrui),1,313,
suga_hideo,1,191,
sugaishi,1,161,
sugamo,1,141,
sugamo_(rainysnowy108),1,153,
sugano_manami,1,583,
sugapi,1,131,
sugar_(dndi888),1,290,
sugarbeat,1,154,
sugi,1,230,
sugi87,1,147,
sugi_214,1,117,
sugimeno,1,148,
sugimori_ken,1,244,
sugimoto_isao,1,207,
sugimura_tomokazu,1,873,
sugina_miki,1,300,
sugisaki_yuu,1,117,
sugiura,1,141,
sugiyama_genshou,1,172,
sugiyama_ichirou,1,106,
sugiyuu,1,593,
sugo6969,1,161,
sugue_tettou,1,469,
sui._(ayase),1,252,
sui_(camellia),1,250,
sui_(petit_comet),1,109,
sui_(suizilla),1,259,
sui_(tsuruhibiki),1,117,
suicabar72,1,161,
suicchonsuisui,1,250,
suichuu_hanabi,1,433,
suien,1,414,
suigetsu_(watermoon-910),1,142,
suihei_sen,1,181,
suihi,1,166,
suikaels,1,122,
suikakitsu_shiro,1,155,
suikamaru,1,142,
suimya,1,325,
suinose,1,111,
suiren_yurei,1,515,
suiroh_(shideoukami),1,248,
suisa_(mizsai),1,142,
suisai_(suisao),1,279,
suisen-21,1,168,
suisen_toire_(moko924),1,117,
suishin_tenra,1,109,
suishougensou,1,198,
suiso_(owp),1,117,
suisogenshi,1,413,
suito,1,429,
suka,1,252,
sukabu,1,207,
sukage,1,445,
suke_(momijigari),1,191,
suke_(share_koube),1,140,
suke_(singekijyosei),1,556,
sukebewe,1,186,
sukemyon,1,440,
sukesan,1,159,
sukima_(crie),1,130,
sukiyo,1,131,
sukja,1,621,
sukkirito_(rangusan),1,139,
sukoyaka93,1,205,
sukoyaka_(100hituzi),1,704,
sukumo_(kemutai),1,181,
sukuna136,1,111,
sulcate,1,213,
sumaki_shungo,1,221,
sumapan,1,232,
sumeragi_hamao,1,217,
sumeragi_kohaku,1,691,
sumeragi_seisuke,1,203,
sumeragi_tomo,1,135,
sumi_(gfgf_045),1,145,
sumi_keiichi,1,178,
sumi_wo_hakuneko,1,167,
sumii,1,110,
suminagashi,1,654,
sumire_shisei,1,113,
sumisaki_yuzuna,1,317,
sumisu_(mondo),1,456,
sumisumii,1,121,
sumiya_nadateru,1,254,
sumiyao_(amam),1,1875,
summer_tail720,1,147,
sumoffu,1,141,
sun-3,1,130,
sun_iiinu,1,311,
suna_(s73d),1,426,
suna_(sandworks),1,303,
suna_(sunaipu),1,226,
sunaba_(nczd5875),1,168,
sunaba_suzume,1,499,
sunafuki_tabito,1,152,
sunagimo_(nagimo),1,157,
sunahara_wataru,1,171,
sunakumo,1,176,
sunameri_oishii,1,263,
sunanuko_(ramuneko),1,277,
sunao_(souis),1,119,
sunaya_yanokura,1,117,
sunday31,1,143,
sunday_aki,1,304,
sune_(mugendai),1,356,
sunege_(hp0715),1,132,
sunfight0201,1,143,
sunga2usagi,1,218,
sungwon,1,122,
sunhyun,1,675,
sunkeun,1,138,
sunna_(nilsunna),1,416,
sunny_(20597521),1,188,
sunnysideup,1,741,
sunset_skyline,1,171,
sunsun2812,1,138,
sunsun69,1,173,
suntail,1,171,
suo_bu_ye_feng,1,163,
suoiresnu,1,323,
suoni_(deeperocean),1,193,
suou-sensei,1,386,
suou_(sdurorhr),1,261,
suou_sakura,1,131,
super-mu,1,115,
super_masara,1,596,
super_nagoyaka,1,135,
super_zombie,1,405,
superbusty,1,206,
supernew,1,128,
superpig,1,273,
supersatanson,1,145,
supershiruco,1,296,
supershrimpcakes,1,116,
supobi,1,112,
supon,1,265,
suprii,1,274,
supurai,1,116,
sura_sura,1,141,
suraimu_(suraimuraimu),1,185,
surfing_orange,1,111,
surio,1,675,
surippa1010,1,199,
suru_(ksoo420),1,139,
suruga_(xsurugax),1,505,
suruga_dbh,1,157,
suruga_kanade,1,192,
suruga_kreuz,1,248,
surume_aburi,1,114,
surumeri_(baneiro),1,136,
susagane,1,129,
sushi_(sashimise),1,155,
sushi_pizza_rrr,1,171,
sushikuugo_(suisen),1,206,
sushimekabu,1,229,
sushio,1,289,
sushoartworks,1,142,
sushoyushi,1,172,
suta_(clusta),1,126,
suta_furachina,1,167,
sutahiro_(donta),1,822,
sutei_(giru),1,126,
suterii,1,428,
sutokame,1,197,
sutora_binsuke,1,292,
sutoroa,1,197,
sutorora,1,164,
suujiniku,1,548,
suurin_(ksyaro),1,580,
suuru,1,174,
suv_(suv032),1,205,
suwa_yasai,1,350,
suwakana,1,143,
suwaneko,1,498,
suyasuyabi,1,620,
suyohara,1,269,
suzaku_(zaku6584),1,275,
suzu_(tg_390),1,155,
suzuame_yatsumi,1,229,
suzubotan,1,117,
suzugahama,1,147,
suzuharu_toufu,1,149,
suzuhira_hiro,1,1397,
suzuho_hotaru,1,440,
suzuka_(rekkyo),1,152,
suzuki24,1,202,
suzuki_jirou,1,121,
suzuki_kyoutarou,1,327,
suzuki_moeko,1,113,
suzuki_nene,1,163,
suzuki_puramo,1,107,
suzuki_rika,1,192,
suzuki_toto,1,1222,
suzumaru,1,131,
suzume_inui,1,317,
suzume_miku,1,299,
suzumeko,1,200,
suzumetarou,1,132,
suzumi_(fallxalice),1,196,
suzumori,1,155,
suzumori_521,1,183,
suzumori_uina,1,174,
suzune_hapinesu,1,218,
suzune_rai,1,107,
suzuneko_(yume_no_kyoukai),1,106,
suzuno_(bookshelf),1,168,
suzuno_naru,1,160,
suzunone_rena,1,601,
suzunosuke_(sagula),1,181,
suzuragi_karin,1,195,
suzuri_(tennenseki),1,153,
suzushi_moruto,1,115,
suzushina,1,112,
suzushiro_(gripen39),1,132,
suzushiro_(suzushiro333),1,294,
suzushiro_atsushi,1,112,
suzushiro_kurumi,1,489,
suzushiro_yukari,1,167,
suzutarou_gunsou,1,181,
suzutsuki_kurara,1,452,
svet_yomi,1,144,
svveetberry,1,111,
sw_(taco),1,500,
swav,1,395,
swd3e2,1,1309,
sweetonedollar,1,156,
switch01,1,190,
swkl:d,1,442,
swordsouls,1,706,
sy4,1,220,
syandega,1,187,
syatey,1,314,
sydus,1,613,
syhan,1,939,
sylph_kim,1,112,
sylphine,1,117,
sylvia_(huajiuhuajiu),1,235,
synchroaki,1,184,
synchroman,1,163,
synecdoche,1,610,
syokuuuuuuuuumura,1,146,
syooooyoooo,1,189,
syope,1,850,
syroh,1,411,
sysen,1,124,
sytokun,1,124,
syunzou,1,420,
syuri22,1,818,
syurimp,1,114,
t-asama,1,145,
t-hou,1,197,
t-okada,1,171,
t-ray,1,174,
t2r,1,818,
t3x,1,116,
t@ke-g,1,281,
t_k_g,1,385,
ta_(tama20150125),1,137,
taa_(acid),1,293,
taachika,1,147,
taaru_(taru),1,112,
tab_head,1,589,
tabao,1,109,
tabata_hisayuki,1,329,
tabayashi,1,173,
tabe_koji,1,162,
tabi_(tabisumika),1,197,
tabibitowayo,1,197,
tabigarasu,1,454,
tabletorgy,1,212,
tabuchi_(tabuchisanchi),1,134,
tabun_(osoracu),1,122,
tabunshake,1,162,
tacco_(tikeworld),1,188,
tachibana_omina,1,156,
tachibana_roku,1,447,
tachibana_shiori_(suica_112),1,113,
tachibana_yuu,1,173,
tachikawa_mushimaro,1,210,
tachikoma_(mousou_teikoku),1,396,
tachimi_(basue),1,472,
tachitsu_teto,1,474,
tada_no_nasu,1,274,
tadano_akira,1,255,
tadano_kagekichi,1,455,
tadano_magu,1,462,
tadano_natsu,1,184,
tadano_yukiko,1,132,
tadanoshi_kabane,1,253,
tadashi,1,185,
tadokoro_nurikabe,1,238,
tadokoro_teppei,1,130,
taedu,1,145,
taesi,1,331,
tafuto,1,160,
tagame_(tagamecat),1,165,
taguchi_kenji_(omaep),1,211,
tahita1874,1,185,
tahra,1,151,
tahya,1,189,
tai_(nazutai),1,266,
taiga_(ryukyu-6102-8),1,187,
taiga_hiroyuki,1,192,
taiki_(6240taiki),1,332,
taiki_(luster),1,150,
taikyokuturugi,1,547,
tainosuke,1,130,
taira_tsukune,1,257,
taira_yuuki,1,515,
taisa_(kari),1,1960,
taisa_(lovemokunae),1,231,
taishi_(picchiridou),1,576,
taisho_(gumiyuki),1,292,
taisinkoku,1,108,
taitai,1,120,
taiyaki_(astre),1,111,
taji_(crowview),1,218,
tajima_ryuushi,1,579,
tajima_yoshikazu,1,281,
tajima_yukie,1,148,
tajima_yuuki,1,578,
taka-michi,1,262,
taka_(taka_wo_kukuru),1,133,
taka_(takahirokun),1,572,
taka_(tsmix),1,161,
taka_t,1,264,
takada_akemi,1,129,
takada_kazuhiro,1,155,
takadoya,1,106,
takafumi,1,2007,
takahan,1,111,
takaharu,1,663,
takahashi_(k2ta7),1,146,
takahashi_kino,1,282,
takahashi_kurage,1,269,
takahashi_masaki,1,120,
takahashi_meishin,1,110,
takahashi_mugi,1,175,
takahashi_ren,1,122,
takahashi_tetsuya,1,378,
takahashi_umori,1,111,
takahata_yuki,1,248,
takahero,1,445,
takai_isshiki,1,110,
takaku_toshihiko,1,202,
takamachiya,1,107,
takaman_(gaffe),1,621,
takami_masahiro,1,302,
takamichi,1,397,
takamine_nadare,1,378,
takamiya_ren,1,131,
takamoto_akisa,1,124,
takamura,1,170,
takamura_kazuhiro,1,243,
takamura_wamu,1,234,
takana_(nanao),1,193,
takana_shinno,1,702,
takanae_kyourin,1,149,
takanaga_kouhei,1,140,
takanaru,1,111,
takanashi-a,1,179,
takanashi_akihito,1,120,
takanashi_hiyori,1,121,
takanashi_kei_(hitsujikan),1,692,
takanashi_ringo,1,561,
takani_yoshiyuki,1,107,
takano_itsuki,1,196,
takano_natsuki,1,296,
takano_yuki_(allegro_mistic),1,355,
takapiko,1,116,
takara_akihito,1,424,
takara_joney,1,147,
takarai_shunsuke,1,107,
takaraizu,1,107,
takase_asagiri,1,243,
takase_kanan,1,188,
takase_muh,1,575,
takashi_(huzakenna),1,201,
takashia_(akimototakashia),1,325,
takashima_shoa,1,107,
takasugi_heppu,1,173,
takasugi_kou,1,148,
takasuma_hiro,1,754,
takatisakana,1,394,
takato_kurosuke,1,1161,
takatora,1,377,
takatsu_keita,1,130,
takatsukasa_yue,1,112,
takatsuki_akira,1,290,
takatsuki_ichi,1,649,
takatsuki_kahiro,1,113,
takatsuki_nato,1,504,
takatsuki_p,1,176,
takatun223,1,108,
takaya_n,1,447,
takayaki,1,773,
takayama_kisai,1,121,
takayama_toshiaki,1,208,
takayama_toshinori,1,549,
take_(draghignazzo),1,130,
take_(illustrator),1,141,
take_(shokumu-taiman),1,322,
take_(trude1945oneetyan),1,330,
take_shinobu,1,358,
take_tonbo,1,113,
take_toshiaki,1,121,
takeashiro,1,298,
takebi,1,108,
takecha,1,338,
takeda_aranobu,1,340,
takeda_hiromitsu,1,453,
takeda_kanryuusai,1,139,
takeda_yukimura,1,396,
takeda_yuuko,1,106,
takefu_jiin,1,108,
takehana_note,1,438,
takei_ooki,1,168,
takeko_spla,1,113,
takemori_shintarou,1,449,
takemura_kou,1,200,
takemura_sessyu,1,463,
takena-c,1,113,
takenaka,1,131,
takenashi_eri,1,170,
takenoko_mgrc,1,115,
takenoko_no_you,1,364,
takepoison,1,433,
takepon,1,115,
takepon1123,1,177,
takeponi,1,139,
taker_(flamestorm),1,158,
takeshima_eku,1,488,
takeshisu,1,159,
taketora_suzume,1,679,
takeu,1,124,
takeuchi_aya,1,130,
takeuchi_kou,1,149,
takeuchi_ryousuke,1,629,
takeuchi_takashi,1,1645,
takeuma,1,121,
takeya_masami,1,176,
takeya_yuuki,1,261,
takeyuu,1,317,
taki_minashika,1,230,
takigawa_geenito,1,126,
takigawa_yuu,1,132,
takiki,1,1301,
takimoto_yukari,1,244,
takio_(kani_sama),1,143,
takishima_asaka,1,280,
takisou_sou,1,228,
takita_(takita3411),1,147,
takitarou,1,534,
tako_(plastic_protein),1,308,
tako_seijin,1,141,
takom,1,171,
takomeshi,1,232,
takoneru,1,203,
takoongyi,1,125,
takorice,1,352,
takoyaki_(roast),1,397,
takoyaki_neko-san,1,127,
taku1122,1,213,
taku_michi,1,168,
takuan_(taku1219oekaki),1,153,
takubon,1,158,
takumi_(rozen_garten),1,179,
takumi_(scya),1,234,
takunomi,1,523,
takurada,1,108,
takurowo,1,197,
takutaku12364,1,112,
takuyarawr,1,121,
takuzui,1,201,
talesofmea,1,157,
talgi,1,202,
tallgeese_(lgeesel),1,119,
talnory,1,137,
tam-u,1,245,
tama_(hiroshige_36),1,153,
tama_(songe),1,321,
tama_(soon32281),1,294,
tama_(tama-s),1,284,
tama_(tamago),1,747,
tama_(tamatamo),1,740,
tama_launcher,1,192,
tama_satou,1,111,
tama_yu,1,145,
tamachi_kuwa,1,150,
tamada_heijun,1,230,
tamafurin,1,107,
tamagawa_yukimaru,1,201,
tamago_(eva1314056),1,248,
tamago_(yotsumi_works),1,567,
tamago_sando,1,143,
tamago_tomato,1,106,
tamagogayu1998,1,345,
tamagogogo,1,120,
tamagoroo,1,267,
tamahana,1,261,
tamahiyo,1,186,
tamakaga,1,160,
tamaki.,1,117,
tamakorogashi,1,138,
tamamoice,1,145,
tamamon,1,279,
tamanegiinyo,1,201,
tamano_nae,1,112,
tamanoi_peromekuri,1,138,
tamaoki_benkyou,1,222,
tamaru_tokihiko,1,113,
tamayan,1,459,
tamayume,1,175,
tamezou,1,108,
tami_(joemanyodw),1,161,
tamiku_(shisyamo609),1,157,
tamiya_akito,1,219,
tamtamdi,1,619,
tamu_(mad_works),1,307,
tamukoro,1,125,
tamura_hiro,1,175,
tamute_(2580rs),1,203,
tan_(inka),1,364,
tan_(tangent),1,361,
tanabe_(fueisei),1,1011,
tanabe_(studio_tiamat),1,111,
tanabe_kyou,1,230,
tanaji,1,125,
tanaka_ahiru,1,203,
tanaka_ginji,1,110,
tanaka_hirotaka,1,121,
tanaka_io_(craftstudio),1,262,
tanaka_kaori,1,228,
tanaka_ken'ichi,1,131,
tanaka_kunihiko,1,128,
tanaka_kusao,1,1199,
tanaka_masayoshi,1,116,
tanaka_rikimaru,1,299,
tanaka_ryou,1,641,
tanaka_shoutarou,1,386,
tanaka_yuuichi,1,154,
tanakara,1,163,
tanashi_(mk2),1,619,
tanasuke,1,270,
tandohark,1,958,
taneda_yuuta,1,340,
tanemura_arina,1,144,
tangerine_(dudu),1,112,
tango_(tn500),1,108,
tani_takeshi,1,3411,
taniguchi_jun'ichirou,1,177,
tanihara_natsuki,1,406,
tanikake_yoku,1,133,
tanishi_(tani4),1,178,
tanjiu,1,136,
tansan_daisuki,1,108,
tansho,1,125,
tansuan_(ensj3875),1,180,
tansui_san_(tcjp4784),1,109,
tansuke,1,385,
tantaka,1,301,
tantan_men_(dragon),1,266,
tantanmen72,1,280,
tanuki_yousuke,1,134,
tanupo,1,109,
tanyatonya,1,113,
tao_(kadoya),1,241,
taotao,1,121,
taowu_(20809),1,158,
tapioka_(oekakitapioka),1,300,
tapioka_chaso,1,149,
tapisuke,1,174,
tappa_(esperanza),1,475,
tara_(szzj7733),1,170,
tarachine,1,303,
taragraphika,1,108,
tarakanovich,1,459,
tarayama,1,125,
tarayuki,1,111,
tarbo_(exxxpiation),1,250,
tare_(tonikaku_magaru),1,238,
tareko,1,160,
tariah_furlow,1,180,
tarmo,1,313,
taro-k,1,119,
taro_(peach_taro51),1,176,
taro_(tontaro),1,313,
taro_(ultrataro),1,161,
taroimo_(00120014),1,115,
tarou2,1,129,
tarou_(komekueyo),1,160,
tarte_(hodarake),1,120,
taru_neko,1,122,
taruhi,1,151,
tarutaru_yamaoka,1,125,
tarutoru,1,161,
taruya,1,183,
tasaka_shinnosuke,1,773,
task_(s_task80),1,427,
task_owner,1,121,
tasora,1,197,
tasutekete,1,109,
tata_(tataice),1,212,
tatahai,1,246,
tataki_tuna,1,159,
tatami_to_hinoki,1,430,
tatapopo,1,194,
tatara_(alnath_may),1,151,
tatata,1,133,
tateha_(marvelous_grace),1,500,
tateishi_kureha,1,324,
tatejima_uri,1,114,
tatekawa_mako,1,305,
tatsumi_(psmhbpiuczn),1,174,
tatsumi_ray,1,497,
tatsumiya_kagari,1,217,
tatsunami_youtoku,1,317,
tatsuno_newo,1,144,
tatsunokosso,1,164,
tatsuya_(atelier_road),1,111,
tatsuya_(guild_plus),1,257,
tatsuya_(trypaint),1,124,
tatuhiro,1,125,
tatutaniyuuto,1,141,
taurine_8000mg,1,349,
tautiki,1,147,
tawapo,1,140,
tawashi1623,1,163,
taya_oco,1,251,
tazuma_(u283),1,111,
tb_(spr1110),1,118,
tbocart,1,121,
tcb,1,268,
tdk,1,163,
te_toga,1,117,
tea_(nakenashi),1,456,
tebi_(tbd11),1,588,
techi_(techi35499),1,429,
tedain,1,254,
teddy_(khanshin),1,487,
teemu_taiga,1,167,
teeta_j,1,111,
teffish,1,253,
teikoku_jokyoku,1,169,
teisuu,1,136,
tekehiro,1,422,
tekona0,1,112,
tekuho_no_habo,1,138,
tekuteku_(yuuhodou),1,120,
tel,1,111,
tel-o,1,189,
telaform,1,120,
telepurte,1,138,
teletelo,1,134,
tellzeta,1,121,
telomere,1,128,
teltelhousi,1,262,
tem10,1,405,
temachii,1,196,
temari_rin,1,246,
temmie_chang,1,139,
templus,1,164,
temu,1,152,
temu_(temp_mumu),1,340,
ten-chan_(eternal_s),1,213,
ten_(lu2948d),1,131,
ten_(tenchan_man),1,232,
ten_no_hoshi,1,139,
tenacitysaho,1,190,
tenako_(mugu77),1,486,
tenbin_gashira,1,150,
tenchisouha,1,427,
tendoshi,1,112,
tengu_(tetuo_kun),1,365,
tengxiang_lingnai,1,178,
tenhiro_naoto,1,129,
tenjin_hidetaka,1,233,
tenjou_ryuka,1,353,
tenk,1,155,
tenken_(gotannda),1,991,
tenkey2022,1,153,
tenko_(gintenko),1,253,
tenkuu_nozora,1,234,
tenkuu_sphere,1,184,
tenmaso,1,595,
tenmiyakiyo,1,140,
tenmu_shinryuusai,1,137,
tenneko_yuuri,1,378,
tennohi,1,218,
tenobe,1,394,
tenoo12,1,226,
tenpa_(tenpa2190),1,289,
tenpesuto,1,243,
tenpura_(tenpura621),1,124,
tenrai,1,288,
tenroy,1,173,
tensaitou_tou,1,187,
tenseiani,1,134,
tenshin_amaguri_(inobeeto),1,708,
tensugi_takashi,1,256,
tenteko_mai51,1,108,
tenten_(chan4545),1,335,
tentsuu_(tentwo),1,134,
tenzeru,1,153,
teo_(teorekka),1,120,
teoi_(good_chaos),1,318,
teoshiguruma,1,161,
tepen_(tptptpn),1,202,
ter_(otokoter),1,272,
tera_hiroshi,1,185,
terada_ochiko,1,210,
terada_tera,1,484,
terai_(teraimorimori),1,112,
terakoya,1,346,
teramoto_kaoru,1,206,
teranekosu,1,386,
teranen,1,345,
terasu_mc,1,139,
terayamaden,1,110,
terazip,1,407,
tere_douga,1,111,
terebi_(shimizu1996),1,220,
teri_terio,1,136,
teriibol,1,156,
terimayo,1,213,
teroru,1,123,
terra_bose,1,125,
terrajin,1,586,
terras,1,186,
terry_(pixiv3274443),1,137,
terufuu,1,121,
terujirou_(masateruteru),1,168,
teruki_kuma,1,269,
terumii,1,201,
terupancake,1,352,
teruru,1,217,
teruui,1,397,
teruya_(6w6y),1,140,
teshima_nari,1,482,
tesin_(7aehyun),1,160,
tesshii_(riza4828),1,242,
testa,1,402,
tesun_(g_noh),1,254,
tetetsu_(yuns4877),1,110,
teti,1,107,
tetopetesone,1,116,
tetora_(oudonoishiize),1,189,
tetori_(tetolisto),1,144,
tetrodotoxin,1,239,
tetsu_(kimuchi),1,859,
tetsu_(teppei),1,146,
tetsu_tissue,1,116,
tetsua_rei,1,107,
tetsubuta,1,266,
tetsujin_momoko,1,391,
tetsukuzu_(yajirushi_shita),1,124,
tetsukuzu_tetsuko,1,197,
tetsuo_(tashirosu),1,203,
tetsurou_(fe+),1,421,
tetsuwan_woopie,1,130,
tetto_(onnoveltet),1,225,
tetuw,1,230,
teu_(navy),1,214,
tevit_(tevit15),1,137,
tewarusa,1,152,
tf_cafe,1,1152,
tft_(tft7822),1,258,
thanabis,1,265,
the-sinner,1,206,
the0neulost,1,148,
the_atko,1,274,
the_golden_smurf,1,506,
the_hermit,1,109,
the_olphy,1,187,
the_only_shoe,1,370,
themaestronoob,1,688,
thenintlichen96,1,151,
theobrobine,1,147,
theta_(ponkotsu_works),1,135,
thin_(suzuneya),1,343,
thirty_8ght,1,258,
thisuserisalive,1,122,
thkani,1,156,
thomas_(aoakumasan),1,107,
thomas_8000,1,584,
thomason366,1,108,
thomasz,1,451,
thor_(deep_rising),1,350,
throat_(artist),1,127,
throtem,1,352,
thundergotch,1,218,
thupoppo,1,180,
thxzmgn,1,189,
tia_(4017342),1,108,
tia_(cocorosso),1,126,
tiamat_(momokuri_mannen),1,122,
tian_(my_dear),1,145,
tian_kazuki,1,192,
tianel_ent,1,157,
tiankong_pie_ai,1,136,
tiankong_yiji,1,139,
tianliang_duohe_fangdongye,1,126,
tianzhong_zhongtian,1,187,
tibino,1,116,
ticcy,1,205,
tidsean,1,386,
tiemu_(man190),1,515,
tight_(ohmygod),1,122,
tiler_(tiler00),1,164,
tilm,1,216,
tilt-shift_(azalanz),1,442,
tima,1,1156,
timbougami,1,611,
timmyyen,1,152,
timo_wei95,1,114,
tina_(tinafya),1,130,
tina_fate,1,393,
tinker_bell_(pixiv_10956015),1,463,
tinnies,1,361,
tipii,1,269,
tirarizun,1,206,
tiri_man,1,115,
tirofinire,1,134,
tirotata,1,217,
titiduki_(manman-ya),1,184,
tiv,1,359,
tj-type1,1,293,
tk31,1,159,
tk4,1,121,
tk8d32,1,1396,
tkbn_r,1,126,
tkgsize,1,346,
tkhs,1,300,
tks_(526tks),1,150,
tksand,1,511,
tladpwl03,1,186,
tlandolt69,1,134,
tm_(hanamakisan),1,168,
tmo-cat,1,115,
tnolize,1,267,
tnr_(horiko1525),1,311,
to@st,1,129,
to_(tototo_tk),1,187,
toaruocha,1,136,
toasty_scones,1,130,
toastytoast,1,191,
toba_hiyoko,1,180,
toba_kuti,1,113,
tobacco_(tabakokobata),1,177,
tobi_(discharge_cycle),1,164,
tobi_(kotetsu),1,196,
tobi_(nekomata_homara),1,200,
tobi_(one),1,480,
tobimura,1,366,
tobisawa,1,256,
tochi_keisuke,1,151,
tocky,1,241,
toda_kazuki,1,110,
todding,1,353,
tof,1,317,
tofuubear,1,917,
togekk0,1,232,
togemaru34,1,133,
togo_(korlsj1235),1,145,
togusa_masamu,1,116,
togutogu,1,282,
toho10min,1,252,
tohoho_(hoshinoyami),1,174,
tohoyuukarin,1,213,
toi1et_paper,1,127,
toi8,1,335,
toi_(number8),1,116,
toichi,1,108,
toin_(iitoin),1,133,
tojo_aoi,1,176,
toka_(marchlizard),1,532,
toketou,1,109,
toki_(toki_ship8),1,139,
tokiame,1,325,
tokiani,1,510,
tokihama_jirou,1,217,
tokio_(okt0w0),1,360,
tokio_neo,1,189,
tokiomi_tsubasa,1,355,
tokira_nozumi,1,186,
tokita_(jyabarachan),1,544,
tokita_monta,1,384,
tokiti,1,219,
tokitsu_sousaku,1,167,
tokiwa_(mukoku),1,211,
tokiwa_midori_(kyokutou_funamushi),1,364,
tokiwa_senkei,1,119,
tokiwata_soul,1,148,
tokkakyou,1,112,
tokki,1,225,
tokkyu,1,503,
tokoi,1,166,
tokomichi,1,175,
tokoni_fusu,1,127,
tokonone,1,445,
tokoroten_(hmmuk),1,433,
toku_(yhpv8752),1,150,
toku_sonchou,1,119,
tokufumi,1,123,
tokumaro,1,162,
tokumei_wombat,1,120,
tokumi_yuiko,1,450,
tokunaga_akimasa,1,140,
tokunaga_aoi,1,111,
tokuno_yuika,1,300,
tokunou_shoutarou,1,484,
tokuura,1,493,
tokyo_(great_akuta),1,501,
tokyo_yamane,1,211,
tokyogenso,1,287,
tom-neko_(zamudo_akiyuki),1,218,
tom_q_(tomtoq),1,115,
toma_(asagayatei),1,154,
toma_(shinozaki),1,125,
toma_tokage,1,122,
tomajiyama,1,454,
tomamatto,1,241,
tomari_(veryberry00),1,408,
tomas_(kaosu22),1,227,
tomatika,1,123,
tomato_(lsj44867),1,191,
tomato_rice,1,310,
tomatolover16,1,198,
tomatto_(@ma!),1,382,
tomid,1,138,
tomidoron,1,175,
tomifumi,1,116,
tomioka_jirou,1,212,
tomiokasena,1,267,
tomiwo,1,135,
tommer,1,123,
tommy_(kingdukeee),1,307,
tomo-graphy,1,191,
tomo_(ryo_i_so_),1,122,
tomo_(sjim),1,364,
tomo_(tmtm_mf_mf),1,212,
tomobe_kinuko,1,569,
tomochi_(tmc_tmc8),1,143,
tomodachi_(tomofanart),1,153,
tomoeri,1,148,
tomohiro_kai,1,468,
tomokichi,1,506,
tomomimi_shimon,1,142,
tomono_rui,1,111,
tomoo_(tomo),1,306,
tomoruka_mr,1,164,
tomose_shunsaku,1,1763,
tomoshibi_hidekazu,1,356,
tomosuke,1,166,
tomotsuka_haruomi,1,291,
tomoya_kankurou,1,175,
tomoyuki_hino,1,139,
tomoyuki_kotani,1,301,
tomozero,1,458,
tomozo_kaoru,1,177,
tomu_(tomubobu),1,580,
tomura2maru,1,119,
tomusooya,1,207,
tomyoo,1,108,
ton_(ton39342104),1,123,
tonami_kanji,1,308,
tonari_(ichinichime_azuma),1,136,
tonarikeru,1,571,
tonbi,1,411,
tonchamon_san,1,290,
tonchan,1,172,
tonchinkan,1,292,
tonda,1,1484,
tondamanuke,1,126,
tonee,1,1309,
tonmoh,1,132,
tono_(rt0no),1,336,
tonomiya68,1,255,
tonotyama,1,175,
tonpuu,1,534,
tonta_(tonta1231),1,151,
tonton_(tonz159),1,113,
tony_guisado,1,639,
tony_kuusisto,1,148,
tony_taka,1,3129,
tooboshoo,1,149,
tooi_aoiro,1,147,
tooku_nomura_(artist),1,138,
tooo,1,361,
tooru_(jux),1,139,
toosaka_asagi,1,1874,
tooya_daisuke,1,106,
top-exerou,1,191,
topia,1,259,
toplow,1,209,
topu,1,713,
tora_d,1,109,
tora_jun,1,123,
torahime_(roland00),1,229,
toraishi_666,1,642,
torajimaneko,1,106,
torajirou_(toraneko_zirou),1,151,
torako_(toramaru),1,253,
toraneko,1,115,
toraneko_2,1,170,
torano,1,122,
toranoe,1,110,
toranosuke,1,168,
torathi,1,106,
toratora_(nanahaba),1,120,
tori_(10ri),1,127,
tori_(minamopa),1,650,
tori_udon,1,249,
toriatto_gununu,1,280,
toriburi,1,114,
torichamaru,1,504,
toridamono,1,327,
toriga_naku,1,222,
torigoe_takumi,1,378,
torii_sumi,1,439,
torii_yoshitsuna,1,142,
torimaru,1,513,
torinari_(dtvisu),1,292,
toriniku29,1,291,
toriniku_senshi_chikinman,1,394,
torino_aqua,1,518,
torino_sasami,1,159,
torinoko_(miiko_draw),1,126,
torinone,1,886,
torinosukei,1,118,
toriny,1,243,
torisan,1,804,
toriseru_(rare_stone),1,184,
toritora,1,564,
toriyama_akira,1,220,
toriyarou,1,110,
toriyoshi,1,187,
toro3,1,219,
toro_(konirio),1,243,
toromera,1,147,
toron_(mino106),1,135,
tororo_(toriaezu),1,172,
tororo_ten,1,262,
torotei,1,1368,
torpedo_(gad3757),1,133,
torriet,1,791,
torso_(hjk098),1,112,
toru_k,1,130,
toru_nagase,1,239,
toruneko,1,224,
tosakaoil,1,126,
toshi_(1-147),1,161,
toshifumi,1,251,
toshimichi_yukari,1,332,
toshinoshin,1,238,
toshishikisai,1,572,
toshizou_(0714),1,306,
tostantan,1,335,
tostos,1,186,
tosura-ayato,1,207,
tosyeo,1,227,
tota_(sizukurubiks),1,198,
totaku_(musha_prune),1,150,
totatokeke,1,529,
toten_(der_fuhrer),1,252,
totesfleisch8,1,124,
toto_(hitori_othello),1,221,
toto_nemigi,1,319,
totoharu_(kujirai_minato),1,283,
totoki86,1,314,
totokichi,1,700,
totonii_(totogoya),1,107,
totte,1,187,
tottoto_tomekichi,1,311,
tottotonero,1,719,
toucailao,1,175,
touchika,1,126,
touchuu_kasou,1,180,
toudori,1,474,
toufu_mentaru_zabuton,1,181,
tougarashi_hideyu,1,158,
touge_hiro,1,117,
tougetsu_gou,1,206,
toujou_(toujou_ramen),1,184,
toujou_sakana,1,536,
toukaairab,1,659,
toukan,1,121,
touki_matsuri,1,156,
touko_(toko12_tooko),1,111,
touma_kisa,1,123,
touma_rui,1,108,
touon,1,208,
touryou,1,129,
tousaki_shiina,1,182,
tousaki_umiko,1,133,
tousen,1,334,
toushi_ryoku,1,178,
toushirou_(sugarwhite1046),1,186,
tousok,1,149,
toutenkou,1,590,
touya_(konpekitou),1,198,
touya_(the-moon),1,239,
touyama_soboro,1,119,
touyarokii,1,228,
touzai_(poppin_phl95),1,158,
tovio_rogers,1,123,
towako_(10wk0),1,124,
toxxy,1,130,
toyasu_aina,1,197,
toyoi_yuuta,1,116,
toyoman,1,247,
toyosaki_shu,1,278,
toyota_saori,1,150,
tp_(kido_94),1,126,
tpi_ri,1,112,
tr-6,1,118,
train_90,1,127,
trefle_r,1,459,
trente,1,392,
trevo_(trevoshere),1,181,
tri,1,139,
tribute_(tributism),1,131,
tridisart,1,309,
trimbil,1,166,
tripdancer,1,297,
triple-q,1,129,
trista_(makkoivenus),1,106,
tro,1,575,
truejekart,1,198,
try_(lsc),1,424,
ts422,1,111,
tsa,1,151,
tsengyun,1,127,
tsu_(lovesick1964),1,315,
tsuaii,1,275,
tsubaki_(tatajd),1,270,
tsubaki_tsubaru,1,139,
tsubasa_(abchipika),1,536,
tsubasa_tsubasa,1,479,
tsubasaki,1,149,
tsubobot,1,468,
tsubonari,1,131,
tsubsa_syaoin,1,129,
tsuchibayashi_makoto,1,215,
tsuchifumazu,1,140,
tsuchii_(ramakifrau),1,234,
tsuchikure,1,217,
tsuchimiya,1,211,
tsuda_nanafushi,1,1960,
tsudero,1,248,
tsuduya_(knt31),1,234,
tsuezu,1,281,
tsugutoku,1,138,
tsuina,1,174,
tsuji_kazuho,1,312,
tsuji_santa,1,780,
tsujii_ruki,1,137,
tsujizen,1,119,
tsuka,1,157,
tsukamoto_kensuke,1,166,
tsukamoto_minori,1,302,
tsukana_(saba_mizore),1,231,
tsukareta_san,1,871,
tsukasa_(tukasa_br),1,159,
tsukasa_jun,1,213,
tsukasa_yuuki,1,150,
tsukasawa_takamatsu,1,574,
tsukemon,1,476,
tsuki-shigure,1,114,
tsuki_no_i-min,1,243,
tsuki_suigetsu,1,137,
tsuki_tokage,1,413,
tsukigami_runa,1,286,
tsukigi,1,381,
tsukiji,1,110,
tsukikage_nemu,1,180,
tsukikage_oyama,1,369,
tsukikanade,1,119,
tsukikusa,1,211,
tsukiman,1,857,
tsukimi_(ryouiki_ridatsu),1,112,
tsukimi_(xiaohuasan),1,162,
tsukimi_50,1,108,
tsukimirin,1,287,
tsukimochikuriko_(tsukimochi_k),1,111,
tsukimori_hiro,1,136,
tsukimori_usako,1,404,
tsukimoto_aoi,1,123,
tsukimoto_kizuki,1,327,
tsukinami_kousuke,1,379,
tsukineko,1,296,
tsukino_(nakajimaseiki),1,319,
tsukino_wagamo,1,247,
tsukioka_kirio,1,120,
tsukioka_tsukiho,1,280,
tsukiori,1,193,
tsukira_(amayadori),1,108,
tsukiriran,1,261,
tsukise_miwa,1,114,
tsukishiro_saika,1,2257,
tsukiyo_(skymint),1,681,
tsukiyo_no_ribbon,1,246,
tsukiyono_aroe,1,163,
tsukko_(3ki2ne10),1,173,
tsukuda0310,1,181,
tsukuda_hayato,1,164,
tsukudani_(coke-buta),1,2121,
tsukudani_norio,1,551,
tsukui_kachou,1,568,
tsukumiya_amane,1,533,
tsukumizu_yuu,1,340,
tsukumo_(soar99),1,735,
tsukuno_tsuki,1,213,
tsukuru_(seki_sabato),1,130,
tsukushi_akihito,1,322,
tsumayouji_(tumayog),1,220,
tsumetai_(tsurunoka),1,154,
tsumetsume_zerii,1,122,
tsumitani_daisuke,1,168,
tsun'ichi_(tsun1),1,145,
tsunako,1,2005,
tsunamayo,1,216,
tsunashima_shirou,1,233,
tsunbeji,1,253,
tsune_(tune),1,582,
tsunemi_aosa,1,227,
tsunemoku,1,200,
tsunenorip,1,123,
tsunko_(9v2_q),1,149,
tsuno_no_hito,1,206,
tsunoji,1,304,
tsunsuki_(naobe009),1,129,
tsuru_(clainman),1,244,
tsurugi_(the_horizon),1,156,
tsurugi_hagane,1,316,
tsurugi_hikaru,1,157,
tsurui,1,759,
tsurukame,1,473,
tsurumi_kazane,1,118,
tsurupy,1,114,
tsurusaki_takahiro,1,477,
tsurusaki_yuu,1,332,
tsuruse,1,1294,
tsuseki,1,106,
tsushi,1,174,
tsuta_no_ha,1,175,
tsuti,1,119,
tsuttsu,1,179,
tsuuhan,1,213,
tsuutenkaaku,1,414,
tsuyadashi_shuuji,1,298,
tsuyomaru,1,197,
tsuyuka_(sunny_spot),1,143,
tsuzuri_(tu-san_house),1,216,
tsuzuri_(tuzuri),1,479,
ttanuu.,1,321,
ttk_(kirinottk),1,244,
ttn_(239_239),1,134,
ttomm,1,337,
ttosom,1,177,
tucana,1,141,
tuda6,1,113,
tudurimike,1,118,
tugmix,1,116,
tugo,1,135,
tugumi0w0,1,206,
tukino_neru,1,553,
tukiwani,1,1546,
tun,1,202,
tunamayo_(dsasd751),1,286,
tunamayochan,1,119,
tunapon01,1,169,
tuoer,1,115,
turbulence,1,196,
turewindwalker,1,280,
turiganesou800,1,106,
turisasu,1,304,
turnip_eh,1,161,
turnip_kabura,1,187,
tusia,1,525,
tuskryo,1,129,
tussy,1,245,
tuteurfars_shin,1,360,
tutinako,1,115,
tutou_jiang,1,177,
tutsucha_illust,1,151,
tuxedo_de_cat,1,306,
tuze111,1,115,
tuzhate,1,115,
twin_(tt_lsh),1,584,
twinpoo,1,282,
twistedgrim,1,150,
twistedscarlett60,1,259,
twoframe,1,107,
twogie,1,165,
twomoon,1,112,
twrlare,1,626,
twumi,1,288,
tyako_089,1,395,
tyakomes,1,341,
tyenka7728,1,117,
tyone,1,384,
tyouseki,1,190,
tyouya,1,127,
type-dog,1,124,
typehatena,1,119,
tyrnickleback,1,117,
tyrone,1,341,
tyuga,1,124,
u-joe,1,120,
u-non_(annon'an),1,333,
u2_(5798239),1,222,
u35,1,356,
u_(the_unko),1,254,
u_jie,1,251,
u_rin,1,166,
u_ronnta,1,186,
u_u_(mooooooou),1,185,
u_u_ki_u_u,1,345,
u_u_zan,1,766,
u_yuz_xx,1,309,
ub1mo,1,213,
ubanis,1,449,
ubizo,1,144,
ubo_(ubo_tales),1,142,
uccow,1,1233,
uchida_shou,1,136,
uchimura_(rino0525),1,142,
uchisaki_himari,1,215,
uchiu_kazuma,1,223,
uchiuchi_keyaki,1,135,
uchuu_ika,1,133,
uchuuneko,1,298,
ucmm,1,824,
udaruyo,1,130,
udon_(shiratama),1,750,
udon_(udonalium),1,166,
udon_entertainment,1,291,
udppagen,1,176,
udukikosuke,1,299,
ueauwa,1,238,
uechin_ewokaku,1,175,
ueda_katsuhito,1,116,
ueda_metawo,1,123,
ueda_ryou,1,397,
ueda_torini,1,110,
uehiro,1,250,
uekura_eku,1,179,
uemukai_dai,1,227,
ueng,1,107,
uenomigi,1,362,
uenoryoma,1,519,
uewtsol,1,153,
ueyama_michirou,1,2073,
ug333333,1,142,
ug_(nekonekodou),1,127,
uganda_(ugandam_00),1,216,
ugatsu_matsuki,1,512,
ugeppa,1,157,
ugif,1,217,
uguisu_kagura,1,106,
uguisu_mochi_(ykss35),1,301,
ugume,1,324,
ugwa,1,212,
uhouhogorigori,1,125,
uhyoko,1,180,
ui_frara,1,305,
uiri-na,1,196,
uiroutsuji_yumihiko,1,127,
uisu_(noguchipint),1,224,
uka_(color_noise),1,124,
ukai_saki,1,135,
ukami,1,178,
ukan_muri,1,133,
ukata,1,625,
uki_atsuya,1,165,
ukimukai,1,206,
ukita_uuko,1,117,
ukitaryu,1,108,
ukokkei,1,421,
ukumo_uichi,1,140,
ukyo_rst,1,334,
ulrich_(tagaragakuin),1,880,
ultra-13,1,131,
ultrabinou,1,204,
umagenzin,1,150,
umakuchi_shouyu,1,412,
umanosuke,1,954,
umarutsufuri,1,248,
umasan,1,112,
umberblack,1,166,
ume_(326310),1,111,
ume_(datsuryokugen),1,107,
ume_(noraneko),1,371,
ume_(pickled_plum),1,223,
ume_(plumblossom),1,495,
umeboshitora,1,147,
umedama_nabu,1,189,
umekichi,1,824,
umekko,1,240,
umemaro_(siona0908),1,220,
umeno,1,110,
umeno_ryuuji,1,112,
umenodo,1,123,
umetsu_yasuomi,1,133,
umezawa_itte,1,224,
umi_(_oneinchswing),1,127,
umi_(srtm07),1,106,
umi_suzume,1,123,
umibouzu_(niito),1,253,
umibudou,1,268,
umigarasu_(kitsune1963),1,904,
umigraphics,1,232,
umihal,1,112,
umihio,1,202,
umihotaru_harumare,1,233,
umikochannart,1,388,
umino_mokuzu_(shizumisou),1,338,
uminotacos,1,122,
umiroku,1,317,
umirororo,1,107,
umiru,1,112,
umishima_senbon,1,689,
umitonakai,1,221,
umiu_geso,1,181,
umonebi,1,234,
umou_(may65879),1,153,
umxzo,1,112,
umyonge_(lkakeu),1,391,
un-known_(ninesix),1,107,
un_do,1,149,
unacchi_(nyusankin),1,409,
unadare,1,203,
unadon,1,333,
unadon_(unadoom),1,124,
unagi_(kobucha_blaster),1,312,
unagi_sango,1,113,
unagiman,1,256,
unagimaru,1,165,
unapoppo,1,308,
unasaka_ryou,1,831,
unbalance,1,126,
uncle_rabbit_ii,1,123,
uneg,1,485,
unel,1,230,
unexistarts,1,129,
unfairr,1,898,
uni8,1,642,
uni_(melm),1,211,
uni_(nico02),1,137,
uni_(oni_unicorn),1,129,
uni_(plastic_girl),1,314,
uni_ikura,1,160,
uni_mate,1,622,
uni_souchou,1,252,
unidentified_nk,1,153,
unime_seaflower,1,304,
unimon_e,1,163,
uninori,1,150,
unique_(pixiv12704744),1,142,
unitedunti,1,123,
uniunimikan,1,110,
unizou,1,169,
unknown03162,1,187,
unname,1,212,
uno_makoto,1,247,
uno_ryoku,1,341,
uno_usaya,1,131,
unomiki,1,175,
unowen,1,830,
unpale,1,146,
uns_(sdsxsoverlord),1,171,
unsfrau,1,355,
unsomnus,1,257,
unspoken_(firebreath110),1,133,
unstableboiler,1,113,
untue,1,988,
unu_(unucence),1,143,
unxi,1,188,
unya,1,1218,
unya_(unya-unya),1,186,
unyon,1,124,
uo_denim,1,283,
uochandayo,1,152,
uon_taraku,1,163,
uona_telepin,1,292,
uonuma_yuu,1,139,
uosaasou,1,149,
uouokuma,1,157,
uousa-ou,1,399,
upanishi_mariko,1,267,
uppi,1,210,
ura_(05131),1,143,
ura_(hamburg_oniku),1,284,
ura_illust,1,199,
ura_menu,1,145,
ura_tomomi,1,198,
urabi_(tomatohouse),1,387,
uraharukon,1,257,
uraichishi,1,173,
uraki,1,148,
uraki_(tetsu420),1,175,
urako,1,139,
uramakaron,1,252,
urami0310,1,149,
uran_(uran-factory),1,111,
uranaishi_(miraura),1,641,
urara_(ckt),1,301,
urara_(sumairuclover),1,151,
urasanmyaku,1,127,
urata_asao,1,126,
urayama_(backmountain),1,144,
urayamashiro_(artist),1,117,
urec,1,336,
urim_(paintur),1,141,
urin,1,904,
uro_(urotanc),1,273,
urode,1,141,
uroko_(mnr),1,155,
urokogaran,1,182,
urokong,1,112,
urokozuki,1,124,
urotan,1,268,
urrrt,1,128,
ursica,1,234,
uru_(uru0000),1,184,
uruha_(yw1109),1,121,
uruo,1,120,
urushi,1,302,
urushihara_satoshi,1,1138,
uruti_2388,1,112,
urutsu_sahari,1,426,
uruu_gekka,1,186,
usa37107692,1,473,
usa_(dai9c_carnival),1,129,
usa_b,1,157,
usagi_(786113654),1,146,
usagi_koushaku,1,235,
usagi_nagomu,1,273,
usagi_nui,1,346,
usagi_poi,1,131,
usagihime,1,375,
usagimiko,1,186,
usagino_suzu,1,139,
usaka_ray,1,233,
usamata,1,335,
usamochi.,1,138,
usape0kyun,1,140,
usapenpen2019,1,127,
usashiro_mani,1,1390,
usatarou,1,341,
usatsuka_eiji,1,310,
ushas,1,124,
ushi_(newrein),1,146,
ushiki_yoshitaka,1,353,
ushimittsu,1,205,
ushimochi,1,158,
ushiro_muki,1,117,
ushiyama_ame,1,354,
uso_(ameuzaki),1,174,
usoneko,1,460,
usuba_(hatomugip),1,176,
usugiri_bacon,1,209,
usui_harusame,1,135,
usuke_(u_skeeep),1,115,
usuki_(graygreed),1,143,
usuki_(usukine1go),1,136,
usume_shirou,1,306,
uta_(kuroneko),1,253,
utahane,1,264,
utakata_(azaka00),1,135,
utakata_(kochou_no_yume),1,236,
utamaro,1,200,
utano,1,1191,
utatane_hiroyuki,1,134,
utatanecocoa,1,127,
utomo,1,119,
utopia,1,341,
utsugi_(skydream),1,119,
utsuhostoria,1,154,
utsunomiya_tsumire,1,192,
utsurogi_akira,1,220,
utsurogi_angu,1,454,
utsusumi_kio,1,507,
utu_(ldnsft),1,230,
uu-tan_(hushigi10),1,169,
uumaru,1,294,
uut,1,262,
uxco0,1,157,
uyama_hajime,1,328,
uza_(hellme),1,123,
uzaki_(jiro),1,265,
uzu_(uzusio55),1,145,
uzuki_aki,1,159,
uzuki_mei,1,195,
uzuki_tsukuyo,1,114,
uzura_kazuhisa,1,148,
v-mag,1,611,
vahn_yourdoom,1,840,
vakaosciosa,1,121,
valefal_coneri,1,306,
valentine_(02140314c),1,237,
valitran,1,282,
valtor,1,494,
vane_(vane0),1,160,
vani_(hisha_04),1,110,
vania600,1,185,
vanilla_(miotanntann),1,303,
vanripper,1,295,
vardan,1,284,
varniskarnis,1,855,
vashperado,1,310,
vayneeeee,1,212,
vectorek,1,154,
veilrain,1,121,
velahka,1,115,
velia,1,124,
velinxi,1,120,
velzhe,1,244,
vent_arbre,1,431,
vento,1,320,
vergil_mon,1,153,
vergolophus,1,152,
verta_(verlaine),1,112,
vertigris,1,354,
veryhardloco,1,149,
vesperia,1,120,
vetania,1,114,
vetina,1,106,
vialnite,1,176,
vibrantrida,1,110,
vice_(kuronekohadokoheiku),1,285,
vickie_(cryingrobot),1,218,
vient,1,127,
vierzeck,1,195,
vihua6,1,397,
vilde_loh_hocen,1,462,
villainchin,1,130,
villyane,1,230,
vilor,1,217,
vinhnyu,1,315,
vinny_(dingitydingus),1,128,
vins-mousseux,1,233,
viola_(seed),1,305,
violence_kumahina,1,124,
violetshit,1,133,
viperxtr,1,210,
viroa,1,205,
virus-g,1,207,
visket53,1,204,
vitaminechan,1,218,
viva!!,1,215,
vivi_(eve_no_hakoniwa),1,382,
vivinos,1,127,
vivivoovoo,1,268,
vivo_(vivo_sun_0222),1,328,
vmat,1,116,
vo1ez,1,149,
vococo,1,193,
vodka13,1,124,
vofan,1,226,
void_0,1,147,
volkor,1,378,
volyz,1,236,
voodoothur,1,170,
voruvoru,1,127,
vs0mr,1,109,
vyolfers,1,150,
vyragami,1,301,
w.k,1,200,
w55674570w,1,110,
w_(1999_kyu),1,133,
wa_(genryusui),1,1888,
waa153,1,121,
wabi_(wbsk),1,215,
wabimochi,1,161,
wacca005,1,131,
wacchi,1,465,
wachiwo,1,217,
wada_arco,1,631,
wada_kazu,1,509,
wada_sachiko,1,244,
wadani_hitonori,1,204,
wadante,1,152,
wadapen,1,143,
waero,1,1352,
waffuum,1,207,
wafu_(youzora_samo18),1,229,
wagashi928,1,229,
wagashi_(dagashiya),1,212,
wahiko_(black_bastard),1,486,
waira,1,211,
waisshu_(sougyokyuu),1,198,
waiwa_way,1,147,
wajuniorbox,1,206,
waka_(shark_waka),1,294,
waka_(wk4444),1,628,
wakaba_(945599620),1,162,
wakaba_sprout,1,221,
wakabayashi_toshiya,1,1298,
wakagi_repa,1,192,
wakamatsu372,1,484,
wakame,1,117,
wakame_(vhai26uhykmqb9k),1,144,
wakamepiza,1,211,
wakamesan,1,265,
wakamochi-ta,1,141,
wakataku,1,255,
wakie,1,112,
wakino_keibun,1,271,
wakku_kan,1,175,
waku2kitchen,1,108,
waku_(ayamix),1,226,
wakura_(gcdan),1,647,
wakuta_chisaki,1,132,
walfie,1,158,
walhee221,1,159,
waligner,1,241,
wallace_pires,1,149,
walluka,1,206,
waltz_(tram),1,116,
walzrj,1,598,
wamu_(chartreuse),1,239,
wamudraws,1,214,
wan'yan_aguda,1,346,
wanaata,1,485,
wanaca,1,182,
wancho,1,160,
wancozow,1,225,
wanderlucia,1,116,
wang-pac,1,117,
wangchuan_de_quanyan,1,335,
wangphing,1,267,
wangxiii,1,337,
wangyq,1,138,
wani_(mezo),1,107,
wani_(perfect_han),1,153,
wanimaru,1,385,
wanke,1,175,
wanko_(takohati8),1,159,
wanko_sora,1,125,
wanne,1,123,
wanpaku_pixels,1,143,
wanta_(futoshi),1,892,
wantan_meo,1,160,
wapokichi,1,144,
wara_(warapro),1,196,
warabi_mochi_(ehimedaisuki),1,151,
warabi_mochi_(w4rabimochi),1,109,
warabino_matsuri,1,166,
warainaku,1,162,
waramori_fuzuka,1,136,
warashi,1,310,
warubo,1,165,
warugaki_(sk-ii),1,2446,
wasabi60,1,428,
wasabi_(legemd),1,229,
wasabi_(sekai),1,309,
wasabi_(wasalongt),1,110,
wasabi_shoujo,1,114,
wasabijoyu76,1,182,
washin,1,151,
washiwa,1,130,
wasp_(anthyutena),1,118,
wass_nonnam,1,226,
wasted_m9,1,129,
wata_(attaka_towel),1,396,
wata_do_chinkuru,1,809,
wataame27,1,442,
wataboku,1,383,
watagashi_yui,1,235,
wataichi_meko,1,106,
watakarashi,1,231,
watanabe_akio,1,911,
watanabe_masafumi_(masafumi_127),1,143,
watanabe_tomari,1,186,
watanabe_yasuaki,1,172,
watanabe_yoshihiro,1,410,
watanon_(gakushokutei),1,585,
watanore,1,340,
watanuki_(enu),1,309,
watanuki_kaname,1,272,
watao,1,361,
watarabe_keiichi,1,183,
watarai_keiji,1,331,
watarase_piro,1,414,
wataru_(nextlevel),1,209,
wataru_(zazazazazazawa),1,140,
watarubou,1,126,
watarui,1,801,
watashiya_kaworu,1,149,
waterkuma,1,345,
waterring,1,944,
waterswing,1,123,
wato_(ko),1,169,
watosu,1,237,
watsuki_ayamo,1,291,
wawamachi_(wawamachis),1,211,
wazakita,1,173,
wazukani,1,110,
wb_yimo,1,135,
wboss,1,108,
wd_(1106592840),1,196,
weasel_(close-to-the-edge),1,128,
wedge_(tyrl_stride),1,159,
wednesday_108,1,151,
wee_(weeyy),1,203,
weed_(astarone),1,165,
weee_(raemz),1,593,
wei_(promise_0820),1,165,
wei_miao,1,115,
wei_xiao,1,258,
weidashming,1,372,
weisuoxin,1,248,
welchino,1,166,
welt_(kinsei_koutenkyoku),1,787,
wengwengchim,1,194,
wenny02,1,192,
weno,1,490,
wenquangua,1,127,
weri,1,181,
werkbau,1,230,
wersman,1,143,
weshika,1,112,
wet.elephant,1,209,
wewe,1,334,
weyowang,1,199,
whispering_for_nothing,1,121,
whistle_frog,1,227,
whistlerx,1,120,
white-paka,1,124,
white-stew,1,223,
white_gorilla_(okamoto),1,167,
white_ph,1,227,
whitem_(whiteemperor2020),1,154,
whoisshe,1,207,
whooo-ya,1,213,
whoopsatro,1,251,
whoosaku,1,791,
whoru,1,256,
wi-z_garage,1,125,
wildcard1_4,1,154,
windart,1,147,
windforcelan,1,221,
wing228,1,132,
wing_(aiastor),1,112,
wingedwasabi,1,181,
wingheart,1,184,
winn,1,340,
winter_(winterinkoakuma),1,130,
wisespeak,1,962,
witoi_(roa),1,343,
wittle_red,1,137,
wjs07,1,129,
wk_(low-f),1,112,
wl6yugi8go1,1,152,
wlop,1,364,
wnb_mark,1,145,
wokada,1,648,
wolffeld_price,1,114,
wolflong,1,161,
wolksheep,1,121,
womi,1,204,
won_(az_hybrid),1,203,
wonbin_lee,1,162,
wonnikon,1,121,
wood_cube,1,116,
woodonly,1,204,
woofycakes,1,443,
wool_(miwol),1,644,
wounds404,1,152,
wowoguni,1,154,
wsfw,1,165,
wsman,1,473,
wspread,1,177,
wss_(nicoseiga19993411),1,624,
wu_ganlan_cai,1,239,
wujurana,1,169,
wulazula,1,182,
wuliu_heihuo,1,253,
wumumu,1,149,
wusagi2,1,162,
wushier,1,129,
wuwusan,1,146,
x&x&x,1,210,
x-t3al,1,332,
x_xith_x,1,185,
xanax025,1,214,
xaxaxa,1,196,
xe_(execut3r),1,344,
xenon_(for_achieve),1,700,
xephonia,1,281,
xerbatt,1,174,
xero,1,153,
xes_(xes_5377),1,118,
xezeno,1,137,
xfate,1,264,
xi_xeong,1,154,
xia_(ryugo),1,350,
xiacheng_tatsuya,1,222,
xiaji,1,107,
xialuluo_(sharuro),1,123,
xian_qishui,1,109,
xiang_yu_pai,1,144,
xiangtu,1,129,
xiangzi_box,1,281,
xianyu314,1,122,
xiao_chichi,1,154,
xiao_lin_jiu,1,114,
xiao_rui_rui,1,136,
xiao_xiao_tian,1,108,
xiaobanbei_milk,1,145,
xiaodi,1,173,
xiaoluo_xl,1,133,
xiaosamiao,1,135,
xiaosan_ye,1,135,
xiaoshou_xiansheng,1,161,
xiaoxi0619,1,483,
xiaoyin_li,1,125,
xichii,1,220,
xiho_(xi_ho_),1,139,
xilmo,1,232,
ximsol182,1,106,
xin_(blueramen),1,225,
xin_yu_hua_yin,1,275,
xinaelle,1,263,
xingzhi_lv,1,702,
xintianou,1,107,
xinzoruo,1,1026,
xity,1,128,
xiu_kukkii,1,124,
xiujia_yihuizi,1,714,
xiumu_bianzhou,1,163,
xkirara39x,1,164,
xkit,1,134,
xkzan,1,115,
xlyami,1,161,
xo_(xo17800108),1,341,
xox_xxxxxx,1,184,
xretakex,1,285,
xter,1,503,
xude,1,152,
xue_lu,1,137,
xunyu_(manyu),1,171,
xuu_shi_times,1,128,
xuuikie_ashe,1,136,
xx_tk9,1,110,
xxzero,1,224,
xyanaid,1,178,
xyunx,1,205,
y.i._(lave2217),1,131,
y.ssanoha,1,825,
y2,1,624,
y_(036_yng),1,219,
y_(khakiyawn),1,122,
y_naf,1,195,
y_o_u_k_a,1,148,
y_y_(ysk_ygc),1,109,
ya-man,1,318,
ya_mari_6363,1,233,
ya_ta,1,187,
yaa-kun,1,120,
yabacha,1,124,
yabai_gorilla,1,280,
yabarn,1,123,
yabby,1,112,
yabuki_kentarou,1,1273,
yachima_tana,1,435,
yachimoto,1,112,
yaco_(nuitnotte),1,216,
yada_(xxxadaman),1,116,
yadapot,1,328,
yadokari_genpachirou,1,626,
yadokugaeru,1,144,
yadu_nadu,1,199,
yae_(mono110),1,535,
yaegashi_(muzzuleflash),1,115,
yaegashi_nan,1,3748,
yaekaidou,1,189,
yagami_(mukage),1,296,
yagami_hiroki,1,144,
yagi2013,1,195,
yagi_(ningen),1,417,
yagidon,1,137,
yagisaka_seto,1,932,
yagisawa_teru,1,108,
yagita_(astronomie),1,108,
yago8_pp3,1,116,
yagoro_kusuriya,1,138,
yaguo,1,319,
yahako,1,261,
yahan_(mctr5253),1,109,
yahiro_(epicopeiidae),1,145,
yai_(hachihito),1,108,
yaigi,1,139,
yaise,1,133,
yajiro_masaru,1,194,
yajirushi_(chanoma),1,540,
yajuu,1,420,
yakan_(kusogaki_teikoku),1,144,
yaki_apple,1,154,
yaki_mayu,1,126,
yakibuta_(shimapow),1,108,
yakihebi,1,566,
yakimi_27,1,146,
yakisobapan_tarou_&_negitoro-ko,1,562,
yakitomato,1,398,
yakka,1,162,
yako,1,142,
yako_noir_(kei-ne),1,113,
yakob_labo,1,681,
yakota_(usuk-yako),1,182,
yakou_(4507770),1,146,
yakousei_a,1,130,
yakumo_nanahara,1,129,
yakumora_n,1,149,
yama_tatsuo,1,147,
yamabuki_(yamabuki_xxxxx),1,120,
yamabuki_(yusuraume),1,376,
yamabukiiro,1,707,
yamacchi,1,224,
yamada_(gotyui),1,473,
yamada_ako,1,261,
yamada_auto,1,172,
yamada_ichizoku,1,140,
yamada_koutarou,1,171,
yamada_masaki,1,208,
yamada_naoko_(hideko1227),1,181,
yamada_ranga,1,110,
yamada_rei_(rou),1,564,
yamadori_ofuu,1,131,
yamadori_seika,1,112,
yamadori_yoshitomo,1,153,
yamaguchi_homupe,1,191,
yamaguchi_satoshi,1,129,
yamaguchi_shinnosuke,1,215,
yamaguchi_ugou,1,110,
yamaguchi_yuu,1,418,
yamaha_tsui,1,180,
yamahara,1,123,
yamai,1,167,
yamaioni_(sasakama),1,196,
yamaishi_(mukoubuti),1,211,
yamakawa,1,301,
yamakaze_ran,1,172,
yamako_(state_of_children),1,133,
yamamomo_(plank),1,458,
yamamori_kinako,1,318,
yamamoto_arifred,1,399,
yamamoto_kazue,1,275,
yamamoto_shuuhei,1,142,
yamamoto_souichirou,1,1818,
yamamura_le,1,169,
yamamura_umi,1,170,
yaman,1,421,
yamanakaume,1,169,
yamanashi_taiki,1,378,
yamane_akira,1,137,
yamane_masahiro,1,212,
yamaneko_(tkdrumsco),1,182,
yamano_(yamanoh),1,136,
yamano_rita,1,136,
yamano_rokamizu,1,238,
yamano_sachi,1,108,
yamanokami_eaka,1,396,
yamaori,1,234,
yamaori_(yamaorimon),1,234,
yamasaki_wataru,1,483,
yamasan,1,458,
yamase,1,153,
yamashichi_(mtseven),1,846,
yamashita_shun'ya,1,1189,
yamashita_takahiro,1,468,
yamasuta,1,219,
yamataka,1,180,
yamato_(muchuu_paradigm),1,247,
yamato_damashi,1,135,
yamato_junji,1,190,
yamato_koara,1,297,
yamato_nadeshiko,1,828,
yamato_tachibana,1,113,
yamauchi_(conan-comy),1,320,
yamauchi_noriyasu,1,352,
yamazaki_kazu,1,112,
yamazaki_tsukune,1,154,
yamcha_(cocololi),1,175,
yami_(m31),1,171,
yami_anko,1,162,
yami_ara,1,142,
yamigo,1,112,
yamiiv,1,141,
yamiko,1,137,
yamikota,1,110,
yamikyon,1,194,
yamiochi_umekichi,1,377,
yamori_(yamoooon21),1,169,
yampa,1,309,
yamu_(reverse_noise),1,778,
yan-baru,1,118,
yan-yam,1,285,
yan_(nicknikg),1,500,
yan_kodiac,1,241,
yan_pai,1,245,
yan_wan,1,227,
yana_(nekoarashi),1,478,
yana_mori,1,328,
yanagi_(nurikoboshi),1,662,
yanagi_hirohiko,1,140,
yanagi_marie,1,198,
yanagi_wakana,1,143,
yanagi_yuu,1,266,
yanagui,1,108,
yandr4hope,1,165,
yaneko_uta,1,793,
yanggaengwang,1,206,
yanglao_paopaoren,1,161,
yangsion,1,185,
yanje,1,227,
yanlingjinshilihuahua,1,282,
yanmarson,1,170,
yanmian_(printemps-noir),1,157,
yannn,1,169,
yano_mitsuki_(nanairo),1,559,
yano_toshinori,1,1255,
yanutorie,1,129,
yanyan_(shinken_gomi),1,260,
yanyo_(ogino_atsuki),1,1349,
yao_liao_wang,1,122,
yaomai,1,528,
yaosera,1,163,
yaoshi_jun,1,186,
yaoto,1,145,
yapo_(croquis_side),1,557,
yappa_muri,1,146,
yappariga,1,135,
yappen,1,722,
yarou_(0tyaro),1,221,
yaruku,1,390,
yas_(35373),1,120,
yasai_(getsu),1,201,
yasaikakiage,1,424,
yasaka_minato,1,222,
yasaka_shuu,1,126,
yasakani_an,1,229,
yasashii_naizou,1,253,
yasehattagi,1,160,
yashemao_qishi,1,130,
yashichii,1,108,
yashin_(yasinz),1,474,
yashiro_seika,1,215,
yaso_shigeru,1,269,
yasohachi_ryou,1,155,
yasoji_(16321578),1,165,
yasojima_nejiro,1,362,
yassy,1,237,
yasu_(pixiv),1,131,
yasu_(segawahiroyasu),1,107,
yasuda_akira,1,401,
yasuda_suzuhito,1,241,
yasuhara_roku,1,162,
yasuhiko_yoshikazu,1,195,
yasui_riosuke,1,149,
yasuihiruya,1,128,
yasume_yukito,1,615,
yasumo_(kuusouorbital),1,180,
yasutak1192,1,117,
yasutange,1,134,
yasuyuki,1,676,
yataneko_(echigo),1,122,
yatani_row,1,113,
yatanukikey,1,152,
yato_(yama0x1),1,115,
yatomi,1,164,
yatosaki_haru,1,144,
yatsuha_kanan,1,154,
yatsuhashi_kakera,1,138,
yatsuhashi_kyouto,1,307,
yatsuka_(846),1,182,
yatsuki_yura,1,124,
yatsune_rika,1,125,
yawaraka_black,1,166,
yaya_chan,1,119,
yaya_hiyayaka,1,130,
yayoi_(egoistic_realism),1,163,
yayoi_maka,1,540,
yayoichi_(yoruyoru108),1,146,
yaza,1,390,
yazaki_(yazakc),1,254,
yazawa_oke,1,198,
yazuki_gennojou,1,162,
ycco_(estrella),1,254,
ycyc,1,153,
yd_(orange_maru),1,1666,
ydpfa,1,146,
ye_fan,1,138,
ye_jji,1,161,
yeero,1,119,
yeklsa,1,234,
yelan_xing_xuan,1,188,
yellow_quokka,1,149,
yellowpaint.,1,259,
yellowroom,1,204,
yellowseeds,1,124,
yen-mi,1,176,
yeneny,1,126,
yeni1871,1,244,
yenkoes,1,130,
yeougui,1,112,
yepnean,1,342,
yetworldview_kaze,1,462,
yeun,1,118,
yeurei,1,115,
yewang19,1,309,
yi_lee,1,122,
yiduan_zhu,1,208,
yijian_ma,1,201,
yilx,1,187,
ying_yi,1,153,
yinpa_(wanone500511),1,149,
yisusjpl,1,129,
yizhirenben,1,134,
yk_(pixiv43531291),1,133,
ymd_(holudoun),1,108,
yn_red,1,223,
yo_mo,1,119,
yo_na,1,215,
yoako,1,717,
yoban,1,492,
yocchi_(tenyunkel),1,200,
yoclesh,1,143,
yodare_(3yami8),1,259,
yoekosukii,1,364,
yofukashi,1,138,
yogisya,1,168,
yogurt_pt,1,111,
yohane,1,2577,
yohane_shimizu,1,190,
yoi_naosuke,1,655,
yoicha,1,125,
yoichi_(umagoya),1,328,
yoimoriyoru,1,169,
yoiti,1,123,
yokai_(yokai0401),1,237,
yokawa_nagi,1,107,
yokaze_(yokajie),1,223,
yokaze_japan,1,165,
yokkora,1,113,
yoko.u,1,119,
yoko_juusuke,1,433,
yokochou,1,1282,
yokohachi,1,106,
yokoji_(kodai2015),1,108,
yokoshima_(euphoria),1,381,
yokota_mamoru,1,351,
yokota_takumi,1,117,
yokoyama_naoki,1,176,
yokoyari_mengo,1,182,
yokoyoko_(nazonazo),1,175,
yolanda,1,181,
yom_(ymayma00ss),1,163,
yomiya_sateko,1,178,
yomogi_(black-elf),1,318,
yomogi_dango,1,172,
yomosaka,1,557,
yomotsuki_road,1,129,
yomoyama_yotabanashi,1,187,
yomu_(sgt_epper),1,1357,
yon_(letter),1,203,
yonaga_(masa07240),1,240,
yonaga_san,1,274,
yonaki,1,136,
yonchan,1,108,
yone,1,132,
yone_kinji,1,708,
yonedatomo_mizu,1,606,
yonekura_hisaki,1,299,
yonekura_kengo,1,144,
yonema,1,176,
yonemuro,1,143,
yonerinoko_(banberabu),1,117,
yonesdraws,1,123,
yoneyama_mai,1,253,
yongsadragon,1,202,
yono_neie,1,147,
yonoisan,1,143,
yonoki,1,116,
yonu_(yonurime),1,572,
yoo_(tabi_no_shiori),1,163,
yoo_tenchi,1,667,
yoohi,1,256,
yooki_(winter_cakes),1,148,
yoon_(dmsco1803),1,311,
yoon_cook,1,400,
yoosai,1,196,
yopan_danshaku,1,184,
yoplait,1,199,
yopparai_oni,1,1232,
yoracrab,1,255,
yoriteruru,1,174,
yoriyuki_chiyo,1,140,
yorktown_cv-5,1,173,
yoropa,1,216,
yoru0409,1,142,
yoru_(yowuyoru),1,137,
yoru_aruki,1,125,
yoru_nai,1,434,
yorugami_rei,1,165,
yoruhachi,1,297,
yoruhoshi_owl,1,154,
yorukun,1,236,
yoruny,1,521,
yorurokujuu,1,126,
yosaku_(roach),1,183,
yoshi_tama,1,1244,
yoshida_akihiko,1,177,
yoshida_hajime,1,160,
yoshida_hideyuki,1,502,
yoshida_inuhito,1,167,
yoshida_iyo,1,188,
yoshida_keiji,1,426,
yoshida_nobuyoshi,1,161,
yoshida_on,1,197,
yoshida_seiji,1,182,
yoshiheihe,1,237,
yoshika_(music480069),1,202,
yoshikawa_hideaki,1,138,
yoshikawa_hiro,1,112,
yoshikawa_kazunori,1,148,
yoshikawa_tatsuya,1,130,
yoshiki,1,288,
yoshiki360,1,152,
yoshikita_popuri,1,110,
yoshiku_(oden-usagi),1,278,
yoshimizu_kagami,1,112,
yoshimo,1,274,
yoshimon,1,183,
yoshimoto_(carpsukidayo),1,203,
yoshimoto_(dear_life),1,358,
yoshinao_(yoshinao_0203),1,119,
yoshinari_you,1,213,
yoshino_(mfmfpng),1,113,
yoshino_momiji,1,119,
yoshino_norihito,1,250,
yoshino_ryou,1,203,
yoshio_(55level),1,1193,
yoshioka_mitsuko,1,109,
yoshioka_yoshiko,1,509,
yoshiron,1,140,
yoshitani_motoka,1,184,
yoshito,1,309,
yoshitomi_akihito,1,605,
yoshiwa_tomo,1,291,
yoshiwo,1,152,
yoshiwo_(kanikama),1,129,
yoshizaki_mine,1,767,
yoshizane_akihiro,1,112,
yoshizawa_hikoto,1,108,
yoshizawa_tsubaki,1,514,
yoshizoe_eiko,1,129,
yosola_pl,1,177,
yostar_pictures,1,130,
yostxxx,1,396,
yotaro,1,130,
yotsuboshi-imai,1,130,
yotsugi,1,110,
yotsumi_shiro,1,274,
yottan,1,117,
yotti,1,128,
yotubeya,1,209,
you06,1,144,
you2,1,188,
you_(noanoamoemoe),1,566,
you_guo_chaocai,1,176,
you_ni_ge_shaobing,1,181,
you_shimizu,1,201,
youchi123,1,120,
yougenko,1,139,
youhe_hino,1,156,
youhei_(testament),1,149,
youhei_64d,1,178,
youichi_(45_01),1,147,
youkai_ankake,1,140,
youkan,1,918,
youkan_(tako),1,116,
youko-shima,1,902,
youmicitrustea,1,182,
youmou_usagi,1,228,
youmu-kun,1,946,
yourfreakyneighbourh,1,410,
youshu_ohepe,1,136,
youshuu,1,250,
youta,1,428,
youtian_(youtiange),1,118,
youzaiyouzai112,1,326,
yowayowap,1,186,
yoye_(pastel_white),1,375,
yoyokkun,1,182,
yozora_(1wkdgusdn),1,235,
yqgkg,1,418,
ysk!,1,160,
yst,1,125,
ysys,1,614,
yt_(wai-tei),1,850,
ytoy,1,115,
yu-ri,1,269,
yu-ta,1,619,
yu-ves,1,202,
yu_(flowerbird3830),1,274,
yu_3,1,190,
yu_65026,1,388,
yu_hydra,1,161,
yu_ni_t,1,186,
yu_yanshu,1,168,
yu_yu,1,480,
yua_(argaoffroad),1,215,
yua_(checkmate),1,2210,
yuama_(drop),1,221,
yuanagae,1,140,
yuano,1,531,
yuasa_makoto,1,175,
yuasan,1,420,
yucblossom,1,119,
yuccoshi,1,275,
yuchi_(salmon-1000),1,205,
yudaoshan,1,106,
yude,1,316,
yudepii,1,531,
yue_(lov_n_n),1,108,
yue_(memento1113),1,144,
yue_(shemika98425261),1,242,
yue_(show-ei),1,243,
yue_(tada_no_saboten),1,150,
yueko_(jiayue_wu),1,198,
yuemanhuaikong,1,202,
yufou,1,222,
yufukiri,1,249,
yug_(ekaki),1,264,
yugaa,1,198,
yugen99,1,251,
yugo_(yugotme97),1,110,
yuhi_(hssh_6),1,196,
yui.h,1,132,
yui_(niikyouzou),1,195,
yui_(tamagohan),1,271,
yui_hiroshi,1,167,
yui_ko,1,124,
yui_toshiki,1,346,
yuichirou,1,1270,
yuiga_naoha,1,537,
yuihico,1,473,
yuihira_asu,1,300,
yuimari,1,151,
yuineko,1,145,
yuio58ok,1,198,
yuiofire,1,227,
yuizaki_kazuya,1,491,
yuj_(moemarket),1,123,
yuji_(fantasia),1,152,
yujin_(kanouyuuto-0423),1,109,
yujup,1,513,
yukaa,1,112,
yukari_(rihenara_doll),1,196,
yukari_(yukari21653710),1,191,
yukataro,1,879,
yukemuriganmo,1,185,
yuki00yo,1,785,
yuki18r,1,158,
yuki_(asayuki101),1,327,
yuki_(popopo),1,343,
yuki_(yukin0128),1,170,
yuki_arare,1,671,
yuki_flourish,1,131,
yuki_haru,1,131,
yuki_hime_haruka,1,139,
yuki_kawachi,1,117,
yuki_maccha_(yukimattya10),1,237,
yuki_maru_(yukimaru_1),1,159,
yuki_shuuka,1,145,
yuki_to_hana,1,265,
yuki_usagi_(mofurafu),1,175,
yuki_usagi_(snowcanvas),1,227,
yukia_(firstaid0),1,578,
yukia_(yukia_777),1,107,
yukiaka,1,129,
yukian,1,348,
yukibuster_z,1,138,
yukichi_(eikichi),1,685,
yukichi_(sukiyaki39),1,247,
yukichin,1,139,
yukie_(kusaka_shi),1,2134,
yukie_(peach_candy),1,475,
yukifuri_tsuyu,1,143,
yukiguni_yuu,1,224,
yukihama,1,124,
yukiharu,1,185,
yukiiti,1,114,
yukiko_(tesseract),1,223,
yukima_(yushika),1,187,
yukimaru217,1,179,
yukimaru_nun,1,149,
yukimasa_(nkk145),1,234,
yukimi,1,194,
yukimi_unagi,1,198,
yukimitsuki,1,215,
yukimiya_(parupunta),1,194,
yukimiya_yuge,1,117,
yukimoto_shuuji_(gurigura),1,1095,
yukimura_tsubame,1,108,
yukin_(es),1,201,
yukineko1018,1,405,
yukino_minato,1,299,
yukinojou_yakan,1,192,
yukinon_(tsuki_koubou),1,119,
yukinoshiro,1,140,
yukiri_(l_ii),1,157,
yukirin,1,177,
yukishiro_(hitsuji),1,160,
yukishiro_arte,1,269,
yukisiannn,1,139,
yukito_(dreamrider),1,1485,
yukitsuba_hina,1,107,
yukitsuki_kokoro,1,108,
yukiu_con,1,347,
yukiunag1,1,231,
yukiusagi_(gaballscreen&blaze),1,233,
yukiwo,1,462,
yukiyanagi,1,171,
yukiyanagi_raki,1,136,
yukiyoshi_mamizu,1,124,
yukiyuki_441,1,172,
yukizawa_xueze,1,177,
yukizen,1,153,
yukizuki_chikuba,1,240,
yukke,1,158,
yukkyon_kyon,1,107,
yuko_(uc_yuk),1,222,
yuksi,1,114,
yuku_(kiollion),1,301,
yulei_yuuuuu,1,137,
yuli_(yulipo),1,128,
yumaru_(marumarumaru),1,516,
yume_(454565427),1,114,
yume_no_owari,1,926,
yume_shokunin,1,895,
yumegiwa_(skgl_thx),1,150,
yumekamaborosh,1,137,
yumeko_(yumeyana_g),1,119,
yumekui,1,106,
yumenouchi_chiharu,1,127,
yumesaki_nana,1,225,
yumesato_makura,1,560,
yumi_(careca398),1,113,
yumi_xsh,1,113,
yumi_yumi,1,146,
yumibakama_meme,1,153,
yuming_li,1,245,
yumiya,1,553,
yun-yang,1,116,
yun_(dust-i1),1,240,
yun_(kbdenz9),1,215,
yun_cao_bing,1,172,
yunagi_amane,1,218,
yunamaro,1,1423,
yunar,1,154,
yunekoko,1,329,
yuniiho,1,197,
yunimaru,1,269,
yunioshi,1,178,
yunkaasu_(kakushiaji),1,110,
yunkaiming,1,159,
yunmi_0527,1,107,
yuno385,1,180,
yuno_(suke_yuno),1,284,
yunodon_(sugar_maple),1,168,
yunoki_itsugu,1,112,
yunoru,1,208,
yunouou10,1,116,
yunsang,1,211,
yunuki_uta,1,208,
yunweishukuang,1,165,
yupiteru,1,164,
yuran,1,493,
yuran_(kuen-hien),1,184,
yurano_(upao),1,159,
yuri_(fl0werspace),1,228,
yuri_kyanon,1,553,
yuria_(kittyluv),1,115,
yurichtofen,1,239,
yurigera_8959,1,178,
yurikawa,1,232,
yurikuta_tsukumi,1,270,
yuritamashi,1,117,
yuriwhale,1,246,
yuriyuri_(ccc),1,137,
yurumawari,1,181,
yurume_atsushi,1,277,
yururi_nano,1,220,
yuruto,1,219,
yusa_(yusa0751),1,140,
yusake_san,1,168,
yusano,1,208,
yusao,1,126,
yusha_m,1,446,
yushe_quetzalli,1,222,
yuta_agc,1,265,
yutakasan-love,1,582,
yutamaro,1,307,
yutapon,1,119,
yutarou,1,140,
yutazou,1,457,
yutian_alice,1,131,
yuto_(dialique),1,635,
yutohiroya,1,225,
yutoriko_(candy0905),1,110,
yutou_(yutou75),1,119,
yutsu,1,367,
yutsuka_(amyucca),1,158,
yutsuki_warabi,1,119,
yutsumoe,1,172,
yutuki_ame,1,571,
yutukicom,1,109,
yuu201023,1,130,
yuu_(1007yu),1,172,
yuu_(alsiel),1,142,
yuu_(arcadia),1,165,
yuu_(higashi_no_penguin),1,472,
yuu_(kfc),1,271,
yuu_(masarunomori),1,193,
yuu_(mboj_fdk),1,111,
yuu_(yumezakura),1,173,
yuu_(yuyukaikan),1,149,
yuubararin,1,134,
yuugatou_(yuuzutu),1,157,
yuugen,1,543,
yuugen_no_tei,1,109,
yuugiri_(u-slash),1,140,
yuugo_(atmosphere),1,255,
yuuhagi_(amaretto-no-natsu),1,1770,
yuuhi_(arcadia),1,270,
yuuhi_alpha,1,246,
yuuhi_homare,1,226,
yuui_hutabakirage,1,137,
yuuichi_(reductionblack),1,261,
yuuichi_(tareme_paradise),1,235,
yuuji_(and),1,1809,
yuuji_(yukimimi),1,938,
yuuji_overall,1,260,
yuujin_(yuzinn333),1,314,
yuuka_(o.t.kingdom),1,138,
yuuka_nonoko,1,495,
yuuka_seisen,1,149,
yuukauta,1,134,
yuuki1103,1,150,
yuuki_(irodo_rhythm),1,256,
yuuki_(yuyuki000),1,375,
yuuki_akira,1,284,
yuuki_eishi,1,236,
yuuki_hagure,1,961,
yuuki_hana_(jtnp5334),1,116,
yuuki_hb,1,162,
yuuki_keisuke,1,234,
yuuki_kira,1,270,
yuuki_makoto_(radiant),1,175,
yuuki_mix,1,237,
yuuki_nobuteru,1,124,
yuuki_rika,1,570,
yuuki_shin,1,142,
yuuki_shuri,1,209,
yuuki_sonisuke,1,136,
yuuki_tatsuya,1,531,
yuukichi,1,123,
yuuma_(skirthike),1,619,
yuuma_(u-ma),1,133,
yuumei,1,501,
yuumin,1,128,
yuunagi_(0217),1,179,
yuunamida_uyu,1,292,
yuuno_(yukioka),1,126,
yuura,1,288,
yuureidoushi_(yuurei6214),1,1646,
yuuri_(orz_commushows),1,142,
yuuri_nayuta,1,230,
yuurururun,1,117,
yuuryuu_nagare,1,112,
yuusa,1,156,
yuushiba,1,195,
yuusuke-kun,1,359,
yuuta_(monochrome),1,310,
yuutama2804,1,164,
yuutarou_(fukiiincho),1,184,
yuuya_(blue_scarab),1,127,
yuuyu_(777),1,447,
yuuyuu_(yuuki1771),1,306,
yuuzii,1,351,
yuuzuki_(re'ef),1,282,
yuuzuki_hijiri,1,204,
yuxian_youka,1,134,
yuya090602,1,256,
yuya_(night_lily),1,273,
yuya_(oshidori),1,128,
yuya_(yuya_illust),1,147,
yuyaiyaui,1,324,
yuyi,1,133,
yuyu5x,1,165,
yuyu_(00365676),1,321,
yuyu_(yuyuworks),1,245,
yuza,1,256,
yuzu-aki,1,220,
yuzu_modoki,1,171,
yuzu_momo,1,639,
yuzuki_(hmr813k),1,124,
yuzuki_(yuduame),1,150,
yuzuki_gao,1,455,
yuzuki_himuka,1,215,
yuzuki_karu,1,257,
yuzuki_kei,1,222,
yuzuki_kihiro,1,147,
yuzuki_tsuzuru,1,147,
yuzumiya_mono,1,243,
yuzuna99,1,667,
yuzuno_nana,1,519,
yuzuriha_(active_homing),1,312,
yuzuriha_(atelier_liang),1,124,
yuzuruka_(bougainvillea),1,361,
yuzutei,1,216,
yuzuyomogi,1,173,
yuzuyu_(hyui),1,135,
yuzuyunagi,1,114,
yuzuzukushi,1,135,
yyb,1,140,
yykuaixian,1,116,
yyy_(zelda10010),1,119,
yzpyn,1,148,
yzr_(yzr99),1,244,
z-epto_(chat-noir86),1,436,
z-ton,1,249,
z.i,1,307,
z.m._(zimin),1,195,
z.nov,1,110,
z.o.b,1,265,
z.taiga,1,452,
z282g,1,292,
z3zz4,1,166,
za1f0n,1,111,
zabudog777,1,260,
zack_(haiuinndo),1,124,
zaitsu,1,126,
zaki_(zaki_btw),1,252,
zakirsiz,1,143,
zakki,1,287,
zako_(arvinry),1,218,
zakozako_y,1,134,
zakusi,1,483,
zambiie,1,129,
zamius,1,447,
zamudelin,1,153,
zan_(harukahime),1,365,
zanamaoria,1,353,
zangemiya,1,159,
zanki,1,152,
zankuro,1,814,
zannen_na_hito,1,620,
zanntetu,1,1109,
zantyarz,1,110,
zanya_000,1,133,
zanzi,1,233,
zaofeng,1,160,
zaphn,1,570,
zarashi,1,122,
zaregoto_tsukai_no_deshi,1,213,
zarory,1,109,
zarutsu,1,107,
zasha,1,195,
zashima,1,176,
zaso,1,151,
zasshoku_ojisan,1,199,
zasshu,1,497,
zasshu_nigou,1,194,
zassyoku_dd,1,144,
zatsu,1,134,
zattape,1,196,
zawabug,1,110,
zawameki,1,421,
zawawa_(satoukibi1108),1,154,
zaxwu,1,545,
zb_(dawn-blue),1,116,
zbura,1,126,
zcune,1,152,
zd_(pixiv6210083),1,347,
zealyush,1,139,
zeatto,1,260,
zebrablack,1,129,
zeco,1,278,
zedd_(zedgawr),1,222,
zefrableu,1,242,
zekkyon,1,605,
zelitto,1,207,
zellam,1,360,
zen33n,1,700,
zen_(kamuro),1,1732,
zeniyan,1,107,
zenkou,1,339,
zenma_trang,1,144,
zenmaibook,1,133,
zenoo,1,126,
zenrakishi,1,312,
zenshin,1,253,
zenya,1,108,
zeon_(zzeeonn),1,113,
zepher_(makegumi_club),1,426,
zephid,1,253,
zephylyne,1,162,
zephyr164,1,109,
zero-go,1,138,
zero-theme,1,224,
zero_(miraichizu),1,258,
zero_a,1,145,
zero_hime,1,208,
zerocastle,1,122,
zerocat,1,536,
zerodiamonds_(voice_actor),1,213,
zerokosan,1,126,
zeronis,1,237,
zerosu_(take_out),1,216,
zeroyon_(yukkuri_remirya),1,175,
zeru_(wisel_army),1,121,
zetsuei_(zetto),1,130,
zetsumame,1,329,
zetsumu,1,184,
zetsuyo_chimayo,1,235,
zettai_yarumoni,1,111,
zhainan_s-jun,1,159,
zhanzhangzlw,1,151,
zhaofeng_yinyue,1,113,
zhaoyebai,1,127,
zhazhapao,1,148,
zhen_lu,1,194,
zheng,1,833,
zhi_zhi/zu_zu,1,111,
zhibuji_loom,1,316,
zhili_xingzou,1,150,
zhixie_jiaobu,1,124,
zhiyou_ruozhe,1,115,
zhongwu_chahui,1,136,
zhongye_yu,1,192,
zhou_huan_(dgpe2833),1,118,
zhu_fun,1,119,
zhudouzi,1,138,
zhuore_zhi_hen,1,140,
zhuxiao517,1,130,
zhvo,1,168,
zi_se,1,228,
zifu,1,287,
zigzagdb,1,166,
zihacheol,1,218,
zihad,1,139,
zijou,1,186,
ziling,1,174,
zinbei,1,158,
zinfyu,1,167,
zinno,1,302,
zipang_(zip@ng_works),1,154,
zippo_(3756c),1,287,
zipsunz,1,232,
zirba,1,322,
ziro_(zirorong),1,343,
zizi_(zz22),1,212,
zizi_niisan,1,178,
zk_(zk_gundan),1,117,
zky_(oekaky),1,113,
zlix0n,1,127,
zocehuy,1,202,
zoirun,1,149,
zol,1,230,
zombie_mogura,1,255,
zomzomzomsauce,1,147,
zonda_(solid_air),1,322,
zone_(artist),1,107,
zono_(inokura_syuzo029),1,413,
zonotaida,1,112,
zonzu,1,111,
zoo_(oukakumaku),1,109,
zooanime,1,233,
zootan,1,106,
zoruboi,1,146,
zoryc,1,123,
zounose,1,2488,
zovokia,1,119,
zoza,1,150,
zozozoshion,1,282,
zpolice,1,219,
zucchini,1,804,
zuharu,1,116,
zuho_(vega),1,108,
zuizi,1,467,
zuizou,1,144,
zuki,1,166,
zukki_(suzukio),1,131,
zukky,1,268,
zukky000,1,187,
zumi_(zumidraws),1,382,
zummy,1,131,
zun_(artist),1,269,
zundarepon,1,282,
zunkome,1,466,
zunta,1,187,
zunusama,1,1032,
zuo_daoxing,1,291,
zuo_wei_er,1,174,
zurikishi,1,393,
zuttokodomo,1,177,
zuwai_kani,1,620,
zuzuhashi,1,178,
zxpfer,1,113,
zy_(zyyyyyyy9),1,128,
zygocactus,1,126,
zynxy,1,161,
zyugoya,1,1080,
zzyzzyy,1,134,
